iteration,expanded_state,parent,action,generated_successors,frontier_before,frontier_after,explored,g,h,f
1,"(35, 1)",None,Start,"[((35, 2), 'North', 1, 0, 1), ((34, 1), 'West', 1, 0, 1)]",[],"['(35, 2)', '(34, 1)']","[(35, 1)]",0,0,0
2,"(35, 2)","(35, 1)",North,"[((35, 3), 'North', 2, 0, 2)]","['(34, 1)']","['(34, 1)', '(35, 3)']","[(35, 2), (35, 1)]",1,0,1
3,"(34, 1)","(35, 1)",West,"[((33, 1), 'West', 2, 0, 2)]","['(35, 3)']","['(35, 3)', '(33, 1)']","[(35, 2), (34, 1), (35, 1)]",1,0,1
4,"(35, 3)","(35, 2)",North,"[((35, 4), 'North', 3, 0, 3), ((34, 3), 'West', 3, 0, 3)]","['(33, 1)']","['(33, 1)', '(35, 4)', '(34, 3)']","[(35, 2), (35, 3), (34, 1), (35, 1)]",2,0,2
5,"(33, 1)","(34, 1)",West,[],"['(35, 4)', '(34, 3)']","['(35, 4)', '(34, 3)']","[(33, 1), (34, 1), (35, 1), (35, 3), (35, 2)]",2,0,2
6,"(35, 4)","(35, 3)",North,"[((35, 5), 'North', 4, 0, 4)]","['(34, 3)']","['(34, 3)', '(35, 5)']","[(33, 1), (35, 4), (34, 1), (35, 1), (35, 3), (35, 2)]",3,0,3
7,"(34, 3)","(35, 3)",West,"[((33, 3), 'West', 4, 0, 4)]","['(35, 5)']","['(35, 5)', '(33, 3)']","[(33, 1), (35, 4), (34, 1), (35, 1), (34, 3), (35, 3), (35, 2)]",3,0,3
8,"(35, 5)","(35, 4)",North,[],"['(33, 3)']","['(33, 3)']","[(33, 1), (35, 4), (34, 1), (35, 1), (34, 3), (35, 3), (35, 2), (35, 5)]",4,0,4
9,"(33, 3)","(34, 3)",West,"[((33, 4), 'North', 5, 0, 5), ((32, 3), 'West', 5, 0, 5)]",[],"['(33, 4)', '(32, 3)']","[(33, 1), (35, 4), (34, 1), (35, 1), (33, 3), (34, 3), (35, 3), (35, 2), (35, 5)]",4,0,4
10,"(33, 4)","(33, 3)",North,"[((33, 5), 'North', 6, 0, 6)]","['(32, 3)']","['(32, 3)', '(33, 5)']","[(33, 1), (35, 4), (34, 1), (35, 1), (33, 3), (34, 3), (35, 3), (35, 2), (35, 5), (33, 4)]",5,0,5
11,"(32, 3)","(33, 3)",West,"[((31, 3), 'West', 6, 0, 6)]","['(33, 5)']","['(33, 5)', '(31, 3)']","[(33, 1), (35, 4), (34, 1), (35, 1), (32, 3), (33, 3), (34, 3), (35, 3), (35, 2), (35, 5), (33, 4)]",5,0,5
12,"(33, 5)","(33, 4)",North,"[((33, 6), 'North', 7, 0, 7)]","['(31, 3)']","['(31, 3)', '(33, 6)']","[(33, 1), (35, 4), (34, 1), (35, 1), (32, 3), (33, 3), (34, 3), (35, 3), (33, 5), (35, 2), (35, 5), (33, 4)]",6,0,6
13,"(31, 3)","(32, 3)",West,"[((31, 4), 'North', 7, 0, 7), ((31, 2), 'South', 7, 0, 7)]","['(33, 6)']","['(33, 6)', '(31, 4)', '(31, 2)']","[(33, 1), (35, 4), (34, 1), (35, 1), (32, 3), (33, 3), (34, 3), (35, 3), (31, 3), (33, 5), (35, 2), (35, 5), (33, 4)]",6,0,6
14,"(33, 6)","(33, 5)",North,"[((33, 7), 'North', 8, 0, 8)]","['(31, 4)', '(31, 2)']","['(31, 4)', '(31, 2)', '(33, 7)']","[(33, 1), (35, 4), (34, 1), (35, 1), (32, 3), (33, 3), (34, 3), (33, 6), (35, 3), (31, 3), (33, 5), (35, 2), (35, 5), (33, 4)]",7,0,7
15,"(31, 4)","(31, 3)",North,"[((31, 5), 'North', 8, 0, 8)]","['(31, 2)', '(33, 7)']","['(31, 2)', '(33, 7)', '(31, 5)']","[(33, 1), (35, 4), (34, 1), (35, 1), (31, 4), (32, 3), (33, 3), (34, 3), (33, 6), (35, 3), (31, 3), (33, 5), (35, 2), (35, 5), (33, 4)]",7,0,7
16,"(31, 2)","(31, 3)",South,"[((31, 1), 'South', 8, 0, 8)]","['(33, 7)', '(31, 5)']","['(33, 7)', '(31, 5)', '(31, 1)']","[(33, 1), (35, 4), (34, 1), (35, 1), (31, 4), (31, 2), (32, 3), (33, 3), (34, 3), (33, 6), (35, 3), (31, 3), (33, 5), (35, 2), (35, 5), (33, 4)]",7,0,7
17,"(33, 7)","(33, 6)",North,"[((34, 7), 'East', 9, 0, 9)]","['(31, 5)', '(31, 1)']","['(31, 5)', '(31, 1)', '(34, 7)']","[(33, 1), (33, 7), (35, 4), (34, 1), (35, 1), (31, 4), (31, 2), (32, 3), (33, 3), (34, 3), (33, 6), (35, 3), (31, 3), (33, 5), (35, 2), (35, 5), (33, 4)]",8,0,8
18,"(31, 5)","(31, 4)",North,"[((31, 6), 'North', 9, 0, 9), ((30, 5), 'West', 9, 0, 9)]","['(31, 1)', '(34, 7)']","['(31, 1)', '(34, 7)', '(31, 6)', '(30, 5)']","[(31, 5), (33, 1), (33, 7), (35, 4), (34, 1), (35, 1), (31, 4), (31, 2), (32, 3), (33, 3), (34, 3), (33, 6), (35, 3), (31, 3), (33, 5), (35, 2), (35, 5), (33, 4)]",8,0,8
19,"(31, 1)","(31, 2)",South,[],"['(34, 7)', '(30, 5)', '(31, 6)']","['(34, 7)', '(30, 5)', '(31, 6)']","[(31, 5), (34, 1), (33, 5), (32, 3), (35, 2), (35, 5), (31, 4), (31, 1), (34, 3), (33, 4), (33, 1), (33, 7), (35, 4), (35, 1), (31, 3), (33, 3), (33, 6), (35, 3), (31, 2)]",8,0,8
20,"(34, 7)","(33, 7)",East,"[((35, 7), 'East', 10, 0, 10)]","['(31, 6)', '(30, 5)']","['(31, 6)', '(30, 5)', '(35, 7)']","[(31, 5), (34, 1), (34, 7), (33, 5), (32, 3), (35, 2), (35, 5), (31, 4), (31, 1), (34, 3), (33, 4), (33, 1), (33, 7), (35, 4), (35, 1), (31, 3), (33, 3), (33, 6), (35, 3), (31, 2)]",9,0,9
21,"(31, 6)","(31, 5)",North,"[((31, 7), 'North', 10, 0, 10)]","['(30, 5)', '(35, 7)']","['(30, 5)', '(35, 7)', '(31, 7)']","[(31, 5), (34, 1), (34, 7), (33, 5), (32, 3), (35, 2), (35, 5), (31, 4), (31, 1), (34, 3), (33, 4), (33, 1), (33, 7), (35, 4), (35, 1), (31, 6), (31, 3), (33, 3), (33, 6), (35, 3), (31, 2)]",9,0,9
22,"(30, 5)","(31, 5)",West,"[((29, 5), 'West', 10, 0, 10)]","['(35, 7)', '(31, 7)']","['(35, 7)', '(31, 7)', '(29, 5)']","[(31, 5), (34, 1), (34, 7), (33, 5), (32, 3), (35, 2), (35, 5), (31, 4), (31, 1), (34, 3), (30, 5), (33, 4), (33, 1), (33, 7), (35, 4), (35, 1), (31, 6), (31, 3), (33, 3), (33, 6), (35, 3), (31, 2)]",9,0,9
23,"(35, 7)","(34, 7)",East,[],"['(31, 7)', '(29, 5)']","['(31, 7)', '(29, 5)']","[(31, 5), (34, 1), (34, 7), (33, 5), (32, 3), (35, 2), (35, 5), (31, 4), (31, 1), (34, 3), (30, 5), (33, 4), (33, 1), (33, 7), (35, 4), (35, 1), (35, 7), (31, 6), (31, 3), (33, 3), (33, 6), (35, 3), (31, 2)]",10,0,10
24,"(31, 7)","(31, 6)",North,"[((31, 8), 'North', 11, 0, 11)]","['(29, 5)']","['(29, 5)', '(31, 8)']","[(31, 5), (34, 1), (34, 7), (33, 5), (32, 3), (35, 2), (35, 5), (31, 4), (31, 1), (31, 7), (34, 3), (30, 5), (33, 4), (33, 1), (33, 7), (35, 4), (35, 1), (35, 7), (31, 6), (31, 3), (33, 3), (33, 6), (35, 3), (31, 2)]",10,0,10
25,"(29, 5)","(30, 5)",West,"[((29, 4), 'South', 11, 0, 11)]","['(31, 8)']","['(31, 8)', '(29, 4)']","[(31, 5), (34, 1), (34, 7), (33, 5), (32, 3), (35, 2), (35, 5), (31, 4), (31, 1), (31, 7), (34, 3), (30, 5), (33, 4), (33, 1), (33, 7), (35, 4), (35, 1), (35, 7), (31, 6), (31, 3), (33, 3), (33, 6), (35, 3), (29, 5), (31, 2)]",10,0,10
26,"(31, 8)","(31, 7)",North,"[((31, 9), 'North', 12, 0, 12)]","['(29, 4)']","['(29, 4)', '(31, 9)']","[(31, 5), (34, 1), (34, 7), (31, 8), (33, 5), (32, 3), (35, 2), (35, 5), (31, 4), (31, 1), (31, 7), (34, 3), (30, 5), (33, 4), (33, 1), (33, 7), (35, 4), (35, 1), (35, 7), (31, 6), (31, 3), (33, 3), (33, 6), (35, 3), (29, 5), (31, 2)]",11,0,11
27,"(29, 4)","(29, 5)",South,"[((29, 3), 'South', 12, 0, 12)]","['(31, 9)']","['(31, 9)', '(29, 3)']","[(31, 5), (34, 1), (34, 7), (31, 8), (33, 5), (32, 3), (35, 2), (35, 5), (29, 4), (31, 4), (31, 1), (31, 7), (34, 3), (30, 5), (33, 4), (33, 1), (33, 7), (35, 4), (35, 1), (35, 7), (31, 6), (31, 3), (33, 3), (33, 6), (35, 3), (29, 5), (31, 2)]",11,0,11
28,"(31, 9)","(31, 8)",North,"[((31, 10), 'North', 13, 0, 13), ((32, 9), 'East', 13, 0, 13)]","['(29, 3)']","['(29, 3)', '(31, 10)', '(32, 9)']","[(31, 5), (34, 1), (34, 7), (31, 8), (33, 5), (32, 3), (35, 2), (35, 5), (29, 4), (31, 4), (31, 1), (31, 7), (34, 3), (30, 5), (33, 4), (33, 1), (33, 7), (35, 4), (35, 1), (35, 7), (31, 6), (31, 3), (31, 9), (33, 3), (33, 6), (35, 3), (29, 5), (31, 2)]",12,0,12
29,"(29, 3)","(29, 4)",South,"[((28, 3), 'West', 13, 0, 13)]","['(31, 10)', '(32, 9)']","['(31, 10)', '(32, 9)', '(28, 3)']","[(31, 5), (34, 1), (34, 7), (31, 8), (33, 5), (32, 3), (35, 2), (35, 5), (29, 4), (31, 4), (31, 1), (31, 7), (34, 3), (30, 5), (33, 4), (33, 1), (33, 7), (35, 4), (35, 1), (35, 7), (29, 3), (31, 6), (31, 3), (31, 9), (33, 3), (33, 6), (35, 3), (29, 5), (31, 2)]",12,0,12
30,"(31, 10)","(31, 9)",North,"[((31, 11), 'North', 14, 0, 14)]","['(32, 9)', '(28, 3)']","['(32, 9)', '(28, 3)', '(31, 11)']","[(31, 5), (34, 1), (34, 7), (31, 8), (33, 5), (32, 3), (35, 2), (35, 5), (29, 4), (31, 4), (31, 1), (31, 7), (34, 3), (31, 10), (30, 5), (33, 4), (33, 1), (33, 7), (35, 4), (35, 1), (35, 7), (29, 3), (31, 6), (31, 3), (31, 9), (33, 3), (33, 6), (35, 3), (29, 5), (31, 2)]",13,0,13
31,"(32, 9)","(31, 9)",East,"[((33, 9), 'East', 14, 0, 14)]","['(28, 3)', '(31, 11)']","['(28, 3)', '(31, 11)', '(33, 9)']","[(31, 5), (34, 1), (34, 7), (31, 8), (33, 5), (32, 3), (35, 2), (32, 9), (35, 5), (29, 4), (31, 4), (31, 1), (31, 7), (34, 3), (31, 10), (30, 5), (33, 4), (33, 1), (33, 7), (35, 4), (35, 1), (35, 7), (29, 3), (31, 6), (31, 3), (31, 9), (33, 3), (33, 6), (35, 3), (29, 5), (31, 2)]",13,0,13
32,"(28, 3)","(29, 3)",West,"[((27, 3), 'West', 14, 0, 14)]","['(31, 11)', '(33, 9)']","['(31, 11)', '(33, 9)', '(27, 3)']","[(31, 5), (34, 1), (34, 7), (31, 8), (28, 3), (33, 5), (32, 3), (35, 2), (32, 9), (35, 5), (29, 4), (31, 4), (31, 1), (31, 7), (34, 3), (31, 10), (30, 5), (33, 4), (33, 1), (33, 7), (35, 4), (35, 1), (35, 7), (29, 3), (31, 6), (31, 3), (31, 9), (33, 3), (33, 6), (35, 3), (29, 5), (31, 2)]",13,0,13
33,"(31, 11)","(31, 10)",North,"[((30, 11), 'West', 15, 0, 15)]","['(33, 9)', '(27, 3)']","['(33, 9)', '(27, 3)', '(30, 11)']","[(31, 5), (31, 11), (34, 1), (34, 7), (31, 8), (28, 3), (33, 5), (32, 3), (35, 2), (32, 9), (35, 5), (29, 4), (31, 4), (31, 1), (31, 7), (34, 3), (31, 10), (30, 5), (33, 4), (33, 1), (33, 7), (35, 4), (35, 1), (35, 7), (29, 3), (31, 6), (31, 3), (31, 9), (33, 3), (33, 6), (35, 3), (29, 5), (31, 2)]",14,0,14
34,"(33, 9)","(32, 9)",East,"[((33, 10), 'North', 15, 0, 15), ((34, 9), 'East', 15, 0, 15)]","['(27, 3)', '(30, 11)']","['(27, 3)', '(30, 11)', '(33, 10)', '(34, 9)']","[(31, 5), (31, 11), (34, 1), (34, 7), (31, 8), (28, 3), (33, 5), (32, 3), (35, 2), (32, 9), (35, 5), (29, 4), (31, 4), (31, 1), (31, 7), (34, 3), (31, 10), (30, 5), (33, 4), (33, 1), (33, 7), (35, 4), (35, 1), (35, 7), (29, 3), (31, 6), (31, 3), (31, 9), (33, 3), (33, 9), (33, 6), (35, 3), (29, 5), (31, 2)]",14,0,14
35,"(27, 3)","(28, 3)",West,"[((27, 4), 'North', 15, 0, 15), ((27, 2), 'South', 15, 0, 15), ((26, 3), 'West', 15, 0, 15)]","['(30, 11)', '(34, 9)', '(33, 10)']","['(30, 11)', '(34, 9)', '(33, 10)', '(27, 4)', '(27, 2)', '(26, 3)']","[(31, 5), (31, 11), (34, 1), (34, 7), (31, 8), (28, 3), (33, 5), (32, 3), (35, 2), (32, 9), (35, 5), (29, 4), (31, 4), (31, 1), (31, 7), (34, 3), (31, 10), (27, 3), (30, 5), (33, 4), (33, 1), (33, 7), (35, 4), (35, 1), (35, 7), (29, 3), (31, 6), (31, 3), (31, 9), (33, 3), (33, 9), (33, 6), (35, 3), (29, 5), (31, 2)]",14,0,14
36,"(30, 11)","(31, 11)",West,"[((29, 11), 'West', 16, 0, 16)]","['(33, 10)', '(34, 9)', '(26, 3)', '(27, 4)', '(27, 2)']","['(33, 10)', '(34, 9)', '(26, 3)', '(27, 4)', '(27, 2)', '(29, 11)']","[(31, 5), (31, 11), (34, 1), (34, 7), (31, 8), (28, 3), (33, 5), (32, 3), (35, 2), (32, 9), (35, 5), (29, 4), (31, 4), (31, 1), (31, 7), (34, 3), (31, 10), (27, 3), (30, 5), (33, 4), (30, 11), (33, 1), (33, 7), (35, 4), (35, 1), (35, 7), (29, 3), (31, 6), (31, 3), (31, 9), (33, 3), (33, 9), (33, 6), (35, 3), (29, 5), (31, 2)]",15,0,15
37,"(33, 10)","(33, 9)",North,"[((33, 11), 'North', 16, 0, 16)]","['(34, 9)', '(27, 4)', '(26, 3)', '(29, 11)', '(27, 2)']","['(34, 9)', '(27, 4)', '(26, 3)', '(29, 11)', '(27, 2)', '(33, 11)']","[(31, 5), (31, 11), (34, 1), (34, 7), (31, 8), (28, 3), (33, 5), (32, 3), (35, 2), (32, 9), (35, 5), (29, 4), (31, 4), (31, 1), (31, 7), (34, 3), (31, 10), (27, 3), (30, 5), (33, 4), (30, 11), (33, 1), (33, 7), (35, 4), (35, 1), (35, 7), (33, 10), (29, 3), (31, 6), (31, 3), (31, 9), (33, 3), (33, 9), (33, 6), (35, 3), (29, 5), (31, 2)]",15,0,15
38,"(34, 9)","(33, 9)",East,"[((35, 9), 'East', 16, 0, 16)]","['(27, 4)', '(27, 2)', '(26, 3)', '(29, 11)', '(33, 11)']","['(27, 4)', '(27, 2)', '(26, 3)', '(29, 11)', '(33, 11)', '(35, 9)']","[(31, 5), (31, 11), (34, 1), (34, 7), (31, 8), (28, 3), (33, 5), (32, 3), (35, 2), (32, 9), (35, 5), (29, 4), (31, 4), (31, 1), (31, 7), (34, 3), (31, 10), (34, 9), (27, 3), (30, 5), (33, 4), (30, 11), (33, 1), (33, 7), (35, 4), (35, 1), (35, 7), (33, 10), (29, 3), (31, 6), (31, 3), (31, 9), (33, 3), (33, 9), (33, 6), (35, 3), (29, 5), (31, 2)]",15,0,15
39,"(27, 4)","(27, 3)",North,"[((27, 5), 'North', 16, 0, 16)]","['(27, 2)', '(29, 11)', '(26, 3)', '(35, 9)', '(33, 11)']","['(27, 2)', '(29, 11)', '(26, 3)', '(35, 9)', '(33, 11)', '(27, 5)']","[(31, 5), (31, 11), (34, 1), (34, 7), (31, 8), (27, 4), (28, 3), (33, 5), (32, 3), (35, 2), (32, 9), (35, 5), (29, 4), (31, 4), (31, 1), (31, 7), (34, 3), (31, 10), (34, 9), (27, 3), (30, 5), (33, 4), (30, 11), (33, 1), (33, 7), (35, 4), (35, 1), (35, 7), (33, 10), (29, 3), (31, 6), (31, 3), (31, 9), (33, 3), (33, 9), (33, 6), (35, 3), (29, 5), (31, 2)]",15,0,15
40,"(27, 2)","(27, 3)",South,"[((27, 1), 'South', 16, 0, 16)]","['(26, 3)', '(29, 11)', '(27, 5)', '(35, 9)', '(33, 11)']","['(26, 3)', '(29, 11)', '(27, 5)', '(35, 9)', '(33, 11)', '(27, 1)']","[(31, 5), (31, 11), (34, 1), (34, 7), (31, 8), (27, 4), (28, 3), (33, 5), (32, 3), (35, 2), (32, 9), (35, 5), (29, 4), (31, 4), (31, 1), (31, 7), (34, 3), (31, 10), (34, 9), (27, 3), (30, 5), (33, 4), (30, 11), (33, 1), (33, 7), (35, 4), (35, 1), (35, 7), (33, 10), (29, 3), (31, 6), (31, 3), (31, 9), (27, 2), (33, 3), (33, 9), (33, 6), (35, 3), (29, 5), (31, 2)]",15,0,15
41,"(26, 3)","(27, 3)",West,"[((25, 3), 'West', 16, 0, 16)]","['(29, 11)', '(33, 11)', '(27, 5)', '(35, 9)', '(27, 1)']","['(29, 11)', '(33, 11)', '(27, 5)', '(35, 9)', '(27, 1)', '(25, 3)']","[(31, 5), (31, 11), (34, 1), (34, 7), (31, 8), (27, 4), (28, 3), (33, 5), (32, 3), (35, 2), (32, 9), (35, 5), (29, 4), (31, 4), (31, 1), (31, 7), (34, 3), (31, 10), (34, 9), (27, 3), (30, 5), (33, 4), (30, 11), (33, 1), (33, 7), (35, 4), (35, 1), (35, 7), (33, 10), (29, 3), (31, 6), (31, 3), (31, 9), (27, 2), (33, 3), (33, 9), (33, 6), (35, 3), (26, 3), (29, 5), (31, 2)]",15,0,15
42,"(29, 11)","(30, 11)",West,[],"['(33, 11)', '(35, 9)', '(27, 5)', '(25, 3)', '(27, 1)']","['(33, 11)', '(35, 9)', '(27, 5)', '(25, 3)', '(27, 1)']","[(31, 5), (31, 11), (34, 1), (34, 7), (31, 8), (27, 4), (28, 3), (33, 5), (32, 3), (35, 2), (32, 9), (35, 5), (29, 4), (31, 4), (31, 1), (31, 7), (34, 3), (31, 10), (34, 9), (27, 3), (29, 11), (30, 5), (33, 4), (30, 11), (33, 1), (33, 7), (35, 4), (35, 1), (35, 7), (33, 10), (29, 3), (31, 6), (31, 3), (31, 9), (27, 2), (33, 3), (33, 9), (33, 6), (35, 3), (26, 3), (29, 5), (31, 2)]",16,0,16
43,"(33, 11)","(33, 10)",North,[],"['(35, 9)', '(27, 1)', '(27, 5)', '(25, 3)']","['(35, 9)', '(27, 1)', '(27, 5)', '(25, 3)']","[(31, 5), (31, 11), (34, 1), (34, 7), (31, 8), (27, 4), (28, 3), (33, 5), (32, 3), (35, 2), (32, 9), (33, 11), (35, 5), (29, 4), (31, 4), (31, 1), (31, 7), (34, 3), (31, 10), (34, 9), (27, 3), (29, 11), (30, 5), (33, 4), (30, 11), (33, 1), (33, 7), (35, 4), (35, 1), (35, 7), (33, 10), (29, 3), (31, 6), (31, 3), (31, 9), (27, 2), (33, 3), (33, 9), (33, 6), (35, 3), (26, 3), (29, 5), (31, 2)]",16,0,16
44,"(35, 9)","(34, 9)",East,"[((35, 10), 'North', 17, 0, 17)]","['(27, 5)', '(27, 1)', '(25, 3)']","['(27, 5)', '(27, 1)', '(25, 3)', '(35, 10)']","[(31, 5), (31, 11), (34, 1), (34, 7), (31, 8), (27, 4), (28, 3), (33, 5), (32, 3), (35, 2), (32, 9), (33, 11), (35, 5), (29, 4), (31, 4), (31, 1), (31, 7), (34, 3), (31, 10), (34, 9), (27, 3), (29, 11), (30, 5), (33, 4), (30, 11), (33, 1), (33, 7), (35, 4), (35, 1), (35, 7), (33, 10), (29, 3), (31, 6), (31, 3), (31, 9), (27, 2), (33, 3), (33, 9), (33, 6), (35, 3), (35, 9), (26, 3), (29, 5), (31, 2)]",16,0,16
45,"(27, 5)","(27, 4)",North,"[((27, 6), 'North', 17, 0, 17)]","['(27, 1)', '(35, 10)', '(25, 3)']","['(27, 1)', '(35, 10)', '(25, 3)', '(27, 6)']","[(31, 5), (31, 11), (34, 1), (34, 7), (31, 8), (27, 4), (28, 3), (33, 5), (32, 3), (35, 2), (32, 9), (33, 11), (35, 5), (29, 4), (31, 4), (31, 1), (31, 7), (34, 3), (31, 10), (34, 9), (27, 3), (29, 11), (30, 5), (33, 4), (30, 11), (33, 1), (33, 7), (35, 4), (35, 1), (35, 7), (33, 10), (29, 3), (31, 6), (31, 3), (31, 9), (27, 2), (27, 5), (33, 3), (33, 9), (33, 6), (35, 3), (35, 9), (26, 3), (29, 5), (31, 2)]",16,0,16
46,"(27, 1)","(27, 2)",South,"[((28, 1), 'East', 17, 0, 17)]","['(25, 3)', '(35, 10)', '(27, 6)']","['(25, 3)', '(35, 10)', '(27, 6)', '(28, 1)']","[(31, 5), (31, 11), (34, 1), (34, 7), (31, 8), (27, 1), (27, 4), (28, 3), (33, 5), (32, 3), (35, 2), (32, 9), (33, 11), (35, 5), (29, 4), (31, 4), (31, 1), (31, 7), (34, 3), (31, 10), (34, 9), (27, 3), (29, 11), (30, 5), (33, 4), (30, 11), (33, 1), (33, 7), (35, 4), (35, 1), (35, 7), (33, 10), (29, 3), (31, 6), (31, 3), (31, 9), (27, 2), (27, 5), (33, 3), (33, 9), (33, 6), (35, 3), (35, 9), (26, 3), (29, 5), (31, 2)]",16,0,16
47,"(25, 3)","(26, 3)",West,"[((25, 4), 'North', 17, 0, 17), ((24, 3), 'West', 17, 0, 17)]","['(35, 10)', '(28, 1)', '(27, 6)']","['(35, 10)', '(28, 1)', '(27, 6)', '(25, 4)', '(24, 3)']","[(31, 5), (31, 11), (34, 1), (34, 7), (31, 8), (27, 1), (27, 4), (28, 3), (33, 5), (32, 3), (35, 2), (32, 9), (33, 11), (35, 5), (29, 4), (31, 4), (31, 1), (31, 7), (34, 3), (31, 10), (34, 9), (27, 3), (29, 11), (30, 5), (33, 4), (30, 11), (33, 1), (33, 7), (35, 4), (25, 3), (35, 1), (35, 7), (33, 10), (29, 3), (31, 6), (31, 3), (31, 9), (27, 2), (27, 5), (33, 3), (33, 9), (33, 6), (35, 3), (35, 9), (26, 3), (29, 5), (31, 2)]",16,0,16
48,"(35, 10)","(35, 9)",North,"[((35, 11), 'North', 18, 0, 18)]","['(27, 6)', '(28, 1)', '(24, 3)', '(25, 4)']","['(27, 6)', '(28, 1)', '(24, 3)', '(25, 4)', '(35, 11)']","[(31, 5), (31, 11), (34, 1), (34, 7), (31, 8), (27, 1), (27, 4), (28, 3), (33, 5), (32, 3), (35, 2), (32, 9), (33, 11), (35, 5), (29, 4), (31, 4), (31, 1), (31, 7), (34, 3), (31, 10), (34, 9), (27, 3), (29, 11), (30, 5), (33, 4), (30, 11), (33, 1), (33, 7), (35, 4), (25, 3), (35, 1), (35, 7), (33, 10), (35, 10), (29, 3), (31, 6), (31, 3), (31, 9), (27, 2), (27, 5), (33, 3), (33, 9), (33, 6), (35, 3), (35, 9), (26, 3), (29, 5), (31, 2)]",17,0,17
49,"(27, 6)","(27, 5)",North,"[((27, 7), 'North', 18, 0, 18)]","['(28, 1)', '(25, 4)', '(24, 3)', '(35, 11)']","['(28, 1)', '(25, 4)', '(24, 3)', '(35, 11)', '(27, 7)']","[(31, 5), (31, 11), (34, 1), (34, 7), (31, 8), (27, 1), (27, 4), (28, 3), (33, 5), (32, 3), (35, 2), (32, 9), (33, 11), (35, 5), (29, 4), (31, 4), (31, 1), (31, 7), (34, 3), (31, 10), (34, 9), (27, 6), (27, 3), (29, 11), (30, 5), (33, 4), (30, 11), (33, 1), (33, 7), (35, 4), (25, 3), (35, 1), (35, 7), (33, 10), (35, 10), (29, 3), (31, 6), (31, 3), (31, 9), (27, 2), (27, 5), (33, 3), (33, 9), (33, 6), (35, 3), (35, 9), (26, 3), (29, 5), (31, 2)]",17,0,17
50,"(28, 1)","(27, 1)",East,"[((29, 1), 'East', 18, 0, 18)]","['(25, 4)', '(35, 11)', '(24, 3)', '(27, 7)']","['(25, 4)', '(35, 11)', '(24, 3)', '(27, 7)', '(29, 1)']","[(31, 5), (31, 11), (34, 1), (34, 7), (31, 8), (27, 1), (27, 4), (28, 3), (33, 5), (32, 3), (35, 2), (32, 9), (33, 11), (35, 5), (29, 4), (31, 4), (31, 1), (31, 7), (34, 3), (31, 10), (34, 9), (27, 6), (27, 3), (29, 11), (30, 5), (33, 4), (30, 11), (33, 1), (33, 7), (35, 4), (25, 3), (35, 1), (35, 7), (33, 10), (35, 10), (29, 3), (31, 6), (31, 3), (31, 9), (27, 2), (28, 1), (27, 5), (33, 3), (33, 9), (33, 6), (35, 3), (35, 9), (26, 3), (29, 5), (31, 2)]",17,0,17
51,"(25, 4)","(25, 3)",North,"[((25, 5), 'North', 18, 0, 18)]","['(24, 3)', '(35, 11)', '(29, 1)', '(27, 7)']","['(24, 3)', '(35, 11)', '(29, 1)', '(27, 7)', '(25, 5)']",[51 states],17,0,17
52,"(24, 3)","(25, 3)",West,"[((23, 3), 'West', 18, 0, 18)]","['(35, 11)', '(27, 7)', '(29, 1)', '(25, 5)']","['(35, 11)', '(27, 7)', '(29, 1)', '(25, 5)', '(23, 3)']",[52 states],17,0,17
53,"(35, 11)","(35, 10)",North,[],"['(27, 7)', '(25, 5)', '(29, 1)', '(23, 3)']","['(27, 7)', '(25, 5)', '(29, 1)', '(23, 3)']",[53 states],18,0,18
54,"(27, 7)","(27, 6)",North,"[((28, 7), 'East', 19, 0, 19)]","['(29, 1)', '(25, 5)', '(23, 3)']","['(29, 1)', '(25, 5)', '(23, 3)', '(28, 7)']",[54 states],18,0,18
55,"(29, 1)","(28, 1)",East,[],"['(25, 5)', '(28, 7)', '(23, 3)']","['(25, 5)', '(28, 7)', '(23, 3)']",[55 states],18,0,18
56,"(25, 5)","(25, 4)",North,"[((25, 6), 'North', 19, 0, 19), ((24, 5), 'West', 19, 0, 19)]","['(23, 3)', '(28, 7)']","['(23, 3)', '(28, 7)', '(25, 6)', '(24, 5)']",[56 states],18,0,18
57,"(23, 3)","(24, 3)",West,"[((23, 2), 'South', 19, 0, 19), ((22, 3), 'West', 19, 0, 19)]","['(28, 7)', '(24, 5)', '(25, 6)']","['(28, 7)', '(24, 5)', '(25, 6)', '(23, 2)', '(22, 3)']",[57 states],18,0,18
58,"(28, 7)","(27, 7)",East,"[((29, 7), 'East', 20, 0, 20)]","['(25, 6)', '(24, 5)', '(22, 3)', '(23, 2)']","['(25, 6)', '(24, 5)', '(22, 3)', '(23, 2)', '(29, 7)']",[58 states],19,0,19
59,"(25, 6)","(25, 5)",North,"[((25, 7), 'North', 20, 0, 20)]","['(24, 5)', '(23, 2)', '(22, 3)', '(29, 7)']","['(24, 5)', '(23, 2)', '(22, 3)', '(29, 7)', '(25, 7)']",[59 states],19,0,19
60,"(24, 5)","(25, 5)",West,"[((23, 5), 'West', 20, 0, 20)]","['(23, 2)', '(29, 7)', '(22, 3)', '(25, 7)']","['(23, 2)', '(29, 7)', '(22, 3)', '(25, 7)', '(23, 5)']",[60 states],19,0,19
61,"(23, 2)","(23, 3)",South,"[((23, 1), 'South', 20, 0, 20)]","['(22, 3)', '(29, 7)', '(23, 5)', '(25, 7)']","['(22, 3)', '(29, 7)', '(23, 5)', '(25, 7)', '(23, 1)']",[61 states],19,0,19
62,"(22, 3)","(23, 3)",West,"[((21, 3), 'West', 20, 0, 20)]","['(29, 7)', '(25, 7)', '(23, 5)', '(23, 1)']","['(29, 7)', '(25, 7)', '(23, 5)', '(23, 1)', '(21, 3)']",[62 states],19,0,19
63,"(29, 7)","(28, 7)",East,"[((29, 8), 'North', 21, 0, 21)]","['(25, 7)', '(23, 1)', '(23, 5)', '(21, 3)']","['(25, 7)', '(23, 1)', '(23, 5)', '(21, 3)', '(29, 8)']",[63 states],20,0,20
64,"(25, 7)","(25, 6)",North,"[((24, 7), 'West', 21, 0, 21)]","['(23, 5)', '(23, 1)', '(29, 8)', '(21, 3)']","['(23, 5)', '(23, 1)', '(29, 8)', '(21, 3)', '(24, 7)']",[64 states],20,0,20
65,"(23, 5)","(24, 5)",West,[],"['(23, 1)', '(21, 3)', '(29, 8)', '(24, 7)']","['(23, 1)', '(21, 3)', '(29, 8)', '(24, 7)']",[65 states],20,0,20
66,"(23, 1)","(23, 2)",South,"[((24, 1), 'East', 21, 0, 21), ((22, 1), 'West', 21, 0, 21)]","['(21, 3)', '(24, 7)', '(29, 8)']","['(21, 3)', '(24, 7)', '(29, 8)', '(24, 1)', '(22, 1)']",[66 states],20,0,20
67,"(21, 3)","(22, 3)",West,"[((20, 3), 'West', 21, 0, 21)]","['(29, 8)', '(24, 7)', '(22, 1)', '(24, 1)']","['(29, 8)', '(24, 7)', '(22, 1)', '(24, 1)', '(20, 3)']",[67 states],20,0,20
68,"(29, 8)","(29, 7)",North,"[((29, 9), 'North', 22, 0, 22)]","['(24, 7)', '(24, 1)', '(22, 1)', '(20, 3)']","['(24, 7)', '(24, 1)', '(22, 1)', '(20, 3)', '(29, 9)']",[68 states],21,0,21
69,"(24, 7)","(25, 7)",West,"[((23, 7), 'West', 22, 0, 22)]","['(24, 1)', '(20, 3)', '(22, 1)', '(29, 9)']","['(24, 1)', '(20, 3)', '(22, 1)', '(29, 9)', '(23, 7)']",[69 states],21,0,21
70,"(24, 1)","(23, 1)",East,"[((25, 1), 'East', 22, 0, 22)]","['(22, 1)', '(20, 3)', '(23, 7)', '(29, 9)']","['(22, 1)', '(20, 3)', '(23, 7)', '(29, 9)', '(25, 1)']",[70 states],21,0,21
71,"(22, 1)","(23, 1)",West,"[((21, 1), 'West', 22, 0, 22)]","['(20, 3)', '(29, 9)', '(23, 7)', '(25, 1)']","['(20, 3)', '(29, 9)', '(23, 7)', '(25, 1)', '(21, 1)']",[71 states],21,0,21
72,"(20, 3)","(21, 3)",West,"[((19, 3), 'West', 22, 0, 22)]","['(29, 9)', '(25, 1)', '(23, 7)', '(21, 1)']","['(29, 9)', '(25, 1)', '(23, 7)', '(21, 1)', '(19, 3)']",[72 states],21,0,21
73,"(29, 9)","(29, 8)",North,[],"['(23, 7)', '(25, 1)', '(19, 3)', '(21, 1)']","['(23, 7)', '(25, 1)', '(19, 3)', '(21, 1)']",[73 states],22,0,22
74,"(23, 7)","(24, 7)",West,"[((23, 8), 'North', 23, 0, 23), ((22, 7), 'West', 23, 0, 23)]","['(25, 1)', '(21, 1)', '(19, 3)']","['(25, 1)', '(21, 1)', '(19, 3)', '(23, 8)', '(22, 7)']",[74 states],22,0,22
75,"(25, 1)","(24, 1)",East,[],"['(21, 1)', '(23, 8)', '(19, 3)', '(22, 7)']","['(21, 1)', '(23, 8)', '(19, 3)', '(22, 7)']",[75 states],22,0,22
76,"(21, 1)","(22, 1)",West,"[((20, 1), 'West', 23, 0, 23)]","['(19, 3)', '(23, 8)', '(22, 7)']","['(19, 3)', '(23, 8)', '(22, 7)', '(20, 1)']",[76 states],22,0,22
77,"(19, 3)","(20, 3)",West,"[((18, 3), 'West', 23, 0, 23)]","['(23, 8)', '(20, 1)', '(22, 7)']","['(23, 8)', '(20, 1)', '(22, 7)', '(18, 3)']",[77 states],22,0,22
78,"(23, 8)","(23, 7)",North,"[((23, 9), 'North', 24, 0, 24)]","['(22, 7)', '(20, 1)', '(18, 3)']","['(22, 7)', '(20, 1)', '(18, 3)', '(23, 9)']",[78 states],23,0,23
79,"(22, 7)","(23, 7)",West,"[((21, 7), 'West', 24, 0, 24)]","['(20, 1)', '(23, 9)', '(18, 3)']","['(20, 1)', '(23, 9)', '(18, 3)', '(21, 7)']",[79 states],23,0,23
80,"(20, 1)","(21, 1)",West,"[((19, 1), 'West', 24, 0, 24)]","['(18, 3)', '(23, 9)', '(21, 7)']","['(18, 3)', '(23, 9)', '(21, 7)', '(19, 1)']",[80 states],23,0,23
81,"(18, 3)","(19, 3)",West,"[((17, 3), 'West', 24, 0, 24)]","['(23, 9)', '(19, 1)', '(21, 7)']","['(23, 9)', '(19, 1)', '(21, 7)', '(17, 3)']",[81 states],23,0,23
82,"(23, 9)","(23, 8)",North,"[((24, 9), 'East', 25, 0, 25)]","['(21, 7)', '(19, 1)', '(17, 3)']","['(21, 7)', '(19, 1)', '(17, 3)', '(24, 9)']",[82 states],24,0,24
83,"(21, 7)","(22, 7)",West,"[((21, 8), 'North', 25, 0, 25), ((21, 6), 'South', 25, 0, 25)]","['(19, 1)', '(24, 9)', '(17, 3)']","['(19, 1)', '(24, 9)', '(17, 3)', '(21, 8)', '(21, 6)']",[83 states],24,0,24
84,"(19, 1)","(20, 1)",West,[],"['(17, 3)', '(24, 9)', '(21, 6)', '(21, 8)']","['(17, 3)', '(24, 9)', '(21, 6)', '(21, 8)']",[84 states],24,0,24
85,"(17, 3)","(18, 3)",West,"[((16, 3), 'West', 25, 0, 25)]","['(24, 9)', '(21, 8)', '(21, 6)']","['(24, 9)', '(21, 8)', '(21, 6)', '(16, 3)']",[85 states],24,0,24
86,"(24, 9)","(23, 9)",East,"[((25, 9), 'East', 26, 0, 26)]","['(21, 8)', '(16, 3)', '(21, 6)']","['(21, 8)', '(16, 3)', '(21, 6)', '(25, 9)']",[86 states],25,0,25
87,"(21, 8)","(21, 7)",North,"[((21, 9), 'North', 26, 0, 26)]","['(21, 6)', '(16, 3)', '(25, 9)']","['(21, 6)', '(16, 3)', '(25, 9)', '(21, 9)']",[87 states],25,0,25
88,"(21, 6)","(21, 7)",South,"[((21, 5), 'South', 26, 0, 26)]","['(16, 3)', '(21, 9)', '(25, 9)']","['(16, 3)', '(21, 9)', '(25, 9)', '(21, 5)']",[88 states],25,0,25
89,"(16, 3)","(17, 3)",West,"[((15, 3), 'West', 26, 0, 26)]","['(25, 9)', '(21, 9)', '(21, 5)']","['(25, 9)', '(21, 9)', '(21, 5)', '(15, 3)']",[89 states],25,0,25
90,"(25, 9)","(24, 9)",East,[],"['(21, 9)', '(15, 3)', '(21, 5)']","['(21, 9)', '(15, 3)', '(21, 5)']",[90 states],26,0,26
91,"(21, 9)","(21, 8)",North,[],"['(21, 5)', '(15, 3)']","['(21, 5)', '(15, 3)']",[91 states],26,0,26
92,"(21, 5)","(21, 6)",South,[],"['(15, 3)']","['(15, 3)']",[92 states],26,0,26
93,"(15, 3)","(16, 3)",West,"[((15, 4), 'North', 27, 0, 27), ((15, 2), 'South', 27, 0, 27), ((14, 3), 'West', 27, 0, 27)]",[],"['(15, 4)', '(15, 2)', '(14, 3)']",[93 states],26,0,26
94,"(15, 4)","(15, 3)",North,"[((15, 5), 'North', 28, 0, 28)]","['(15, 2)', '(14, 3)']","['(15, 2)', '(14, 3)', '(15, 5)']",[94 states],27,0,27
95,"(15, 2)","(15, 3)",South,"[((15, 1), 'South', 28, 0, 28)]","['(14, 3)', '(15, 5)']","['(14, 3)', '(15, 5)', '(15, 1)']",[95 states],27,0,27
96,"(14, 3)","(15, 3)",West,"[((13, 3), 'West', 28, 0, 28)]","['(15, 5)', '(15, 1)']","['(15, 5)', '(15, 1)', '(13, 3)']",[96 states],27,0,27
97,"(15, 5)","(15, 4)",North,"[((16, 5), 'East', 29, 0, 29)]","['(15, 1)', '(13, 3)']","['(15, 1)', '(13, 3)', '(16, 5)']",[97 states],28,0,28
98,"(15, 1)","(15, 2)",South,"[((16, 1), 'East', 29, 0, 29)]","['(13, 3)', '(16, 5)']","['(13, 3)', '(16, 5)', '(16, 1)']",[98 states],28,0,28
99,"(13, 3)","(14, 3)",West,"[((13, 4), 'North', 29, 0, 29)]","['(16, 5)', '(16, 1)']","['(16, 5)', '(16, 1)', '(13, 4)']",[99 states],28,0,28
100,"(16, 5)","(15, 5)",East,"[((17, 5), 'East', 30, 0, 30)]","['(16, 1)', '(13, 4)']","['(16, 1)', '(13, 4)', '(17, 5)']",[100 states],29,0,29
101,"(16, 1)","(15, 1)",East,"[((17, 1), 'East', 30, 0, 30)]","['(13, 4)', '(17, 5)']","['(13, 4)', '(17, 5)', '(17, 1)']",[101 states],29,0,29
102,"(13, 4)","(13, 3)",North,"[((13, 5), 'North', 30, 0, 30)]","['(17, 5)', '(17, 1)']","['(17, 5)', '(17, 1)', '(13, 5)']",[102 states],29,0,29
103,"(17, 5)","(16, 5)",East,"[((17, 6), 'North', 31, 0, 31), ((18, 5), 'East', 31, 0, 31)]","['(17, 1)', '(13, 5)']","['(17, 1)', '(13, 5)', '(17, 6)', '(18, 5)']",[103 states],30,0,30
104,"(17, 1)","(16, 1)",East,[],"['(13, 5)', '(18, 5)', '(17, 6)']","['(13, 5)', '(18, 5)', '(17, 6)']",[104 states],30,0,30
105,"(13, 5)","(13, 4)",North,[],"['(17, 6)', '(18, 5)']","['(17, 6)', '(18, 5)']",[105 states],30,0,30
106,"(17, 6)","(17, 5)",North,"[((17, 7), 'North', 32, 0, 32)]","['(18, 5)']","['(18, 5)', '(17, 7)']",[106 states],31,0,31
107,"(18, 5)","(17, 5)",East,"[((19, 5), 'East', 32, 0, 32)]","['(17, 7)']","['(17, 7)', '(19, 5)']",[107 states],31,0,31
108,"(17, 7)","(17, 6)",North,"[((16, 7), 'West', 33, 0, 33)]","['(19, 5)']","['(19, 5)', '(16, 7)']",[108 states],32,0,32
109,"(19, 5)","(18, 5)",East,[],"['(16, 7)']","['(16, 7)']",[109 states],32,0,32
110,"(16, 7)","(17, 7)",West,"[((15, 7), 'West', 34, 0, 34)]",[],"['(15, 7)']",[110 states],33,0,33
111,"(15, 7)","(16, 7)",West,"[((15, 8), 'North', 35, 0, 35), ((14, 7), 'West', 35, 0, 35)]",[],"['(15, 8)', '(14, 7)']",[111 states],34,0,34
112,"(15, 8)","(15, 7)",North,"[((15, 9), 'North', 36, 0, 36)]","['(14, 7)']","['(14, 7)', '(15, 9)']",[112 states],35,0,35
113,"(14, 7)","(15, 7)",West,"[((13, 7), 'West', 36, 0, 36)]","['(15, 9)']","['(15, 9)', '(13, 7)']",[113 states],35,0,35
114,"(15, 9)","(15, 8)",North,"[((15, 10), 'North', 37, 0, 37)]","['(13, 7)']","['(13, 7)', '(15, 10)']",[114 states],36,0,36
115,"(13, 7)","(14, 7)",West,[],"['(15, 10)']","['(15, 10)']",[115 states],36,0,36
116,"(15, 10)","(15, 9)",North,"[((15, 11), 'North', 38, 0, 38)]",[],"['(15, 11)']",[116 states],37,0,37
117,"(15, 11)","(15, 10)",North,"[((15, 12), 'North', 39, 0, 39)]",[],"['(15, 12)']",[117 states],38,0,38
118,"(15, 12)","(15, 11)",North,"[((15, 13), 'North', 40, 0, 40)]",[],"['(15, 13)']",[118 states],39,0,39
119,"(15, 13)","(15, 12)",North,"[((16, 13), 'East', 41, 0, 41), ((14, 13), 'West', 41, 0, 41)]",[],"['(16, 13)', '(14, 13)']",[119 states],40,0,40
120,"(16, 13)","(15, 13)",East,"[((17, 13), 'East', 42, 0, 42)]","['(14, 13)']","['(14, 13)', '(17, 13)']",[120 states],41,0,41
121,"(14, 13)","(15, 13)",West,[],"['(17, 13)']","['(17, 13)']",[121 states],41,0,41
122,"(17, 13)","(16, 13)",East,"[((17, 12), 'South', 43, 0, 43), ((18, 13), 'East', 43, 0, 43)]",[],"['(17, 12)', '(18, 13)']",[122 states],42,0,42
123,"(17, 12)","(17, 13)",South,"[((17, 11), 'South', 44, 0, 44)]","['(18, 13)']","['(18, 13)', '(17, 11)']",[123 states],43,0,43
124,"(18, 13)","(17, 13)",East,"[((19, 13), 'East', 44, 0, 44)]","['(17, 11)']","['(17, 11)', '(19, 13)']",[124 states],43,0,43
125,"(17, 11)","(17, 12)",South,"[((17, 10), 'South', 45, 0, 45)]","['(19, 13)']","['(19, 13)', '(17, 10)']",[125 states],44,0,44
126,"(19, 13)","(18, 13)",East,"[((19, 12), 'South', 45, 0, 45), ((20, 13), 'East', 45, 0, 45)]","['(17, 10)']","['(17, 10)', '(19, 12)', '(20, 13)']",[126 states],44,0,44
127,"(17, 10)","(17, 11)",South,"[((17, 9), 'South', 46, 0, 46)]","['(19, 12)', '(20, 13)']","['(19, 12)', '(20, 13)', '(17, 9)']",[127 states],45,0,45
128,"(19, 12)","(19, 13)",South,"[((19, 11), 'South', 46, 0, 46)]","['(20, 13)', '(17, 9)']","['(20, 13)', '(17, 9)', '(19, 11)']",[128 states],45,0,45
129,"(20, 13)","(19, 13)",East,"[((21, 13), 'East', 46, 0, 46)]","['(17, 9)', '(19, 11)']","['(17, 9)', '(19, 11)', '(21, 13)']",[129 states],45,0,45
130,"(17, 9)","(17, 10)",South,"[((18, 9), 'East', 47, 0, 47)]","['(19, 11)', '(21, 13)']","['(19, 11)', '(21, 13)', '(18, 9)']",[130 states],46,0,46
131,"(19, 11)","(19, 12)",South,[],"['(21, 13)', '(18, 9)']","['(21, 13)', '(18, 9)']",[131 states],46,0,46
132,"(21, 13)","(20, 13)",East,"[((21, 14), 'North', 47, 0, 47), ((21, 12), 'South', 47, 0, 47)]","['(18, 9)']","['(18, 9)', '(21, 14)', '(21, 12)']",[132 states],46,0,46
133,"(18, 9)","(17, 9)",East,"[((19, 9), 'East', 48, 0, 48)]","['(21, 14)', '(21, 12)']","['(21, 14)', '(21, 12)', '(19, 9)']",[133 states],47,0,47
134,"(21, 14)","(21, 13)",North,"[((21, 15), 'North', 48, 0, 48)]","['(21, 12)', '(19, 9)']","['(21, 12)', '(19, 9)', '(21, 15)']",[134 states],47,0,47
135,"(21, 12)","(21, 13)",South,"[((21, 11), 'South', 48, 0, 48)]","['(19, 9)', '(21, 15)']","['(19, 9)', '(21, 15)', '(21, 11)']",[135 states],47,0,47
136,"(19, 9)","(18, 9)",East,"[((19, 8), 'South', 49, 0, 49)]","['(21, 15)', '(21, 11)']","['(21, 15)', '(21, 11)', '(19, 8)']",[136 states],48,0,48
137,"(21, 15)","(21, 14)",North,"[((22, 15), 'East', 49, 0, 49)]","['(21, 11)', '(19, 8)']","['(21, 11)', '(19, 8)', '(22, 15)']",[137 states],48,0,48
138,"(21, 11)","(21, 12)",South,"[((22, 11), 'East', 49, 0, 49)]","['(19, 8)', '(22, 15)']","['(19, 8)', '(22, 15)', '(22, 11)']",[138 states],48,0,48
139,"(19, 8)","(19, 9)",South,"[((19, 7), 'South', 50, 0, 50)]","['(22, 15)', '(22, 11)']","['(22, 15)', '(22, 11)', '(19, 7)']",[139 states],49,0,49
140,"(22, 15)","(21, 15)",East,"[((23, 15), 'East', 50, 0, 50)]","['(22, 11)', '(19, 7)']","['(22, 11)', '(19, 7)', '(23, 15)']",[140 states],49,0,49
141,"(22, 11)","(21, 11)",East,"[((23, 11), 'East', 50, 0, 50)]","['(19, 7)', '(23, 15)']","['(19, 7)', '(23, 15)', '(23, 11)']",[141 states],49,0,49
142,"(19, 7)","(19, 8)",South,[],"['(23, 15)', '(23, 11)']","['(23, 15)', '(23, 11)']",[142 states],50,0,50
143,"(23, 15)","(22, 15)",East,"[((24, 15), 'East', 51, 0, 51)]","['(23, 11)']","['(23, 11)', '(24, 15)']",[143 states],50,0,50
144,"(23, 11)","(22, 11)",East,"[((23, 12), 'North', 51, 0, 51), ((24, 11), 'East', 51, 0, 51)]","['(24, 15)']","['(24, 15)', '(23, 12)', '(24, 11)']",[144 states],50,0,50
145,"(24, 15)","(23, 15)",East,"[((25, 15), 'East', 52, 0, 52)]","['(23, 12)', '(24, 11)']","['(23, 12)', '(24, 11)', '(25, 15)']",[145 states],51,0,51
146,"(23, 12)","(23, 11)",North,"[((23, 13), 'North', 52, 0, 52)]","['(24, 11)', '(25, 15)']","['(24, 11)', '(25, 15)', '(23, 13)']",[146 states],51,0,51
147,"(24, 11)","(23, 11)",East,"[((25, 11), 'East', 52, 0, 52)]","['(25, 15)', '(23, 13)']","['(25, 15)', '(23, 13)', '(25, 11)']",[147 states],51,0,51
148,"(25, 15)","(24, 15)",East,[],"['(23, 13)', '(25, 11)']","['(23, 13)', '(25, 11)']",[148 states],52,0,52
149,"(23, 13)","(23, 12)",North,"[((24, 13), 'East', 53, 0, 53)]","['(25, 11)']","['(25, 11)', '(24, 13)']",[149 states],52,0,52
150,"(25, 11)","(24, 11)",East,"[((26, 11), 'East', 53, 0, 53)]","['(24, 13)']","['(24, 13)', '(26, 11)']",[150 states],52,0,52
151,"(24, 13)","(23, 13)",East,"[((25, 13), 'East', 54, 0, 54)]","['(26, 11)']","['(26, 11)', '(25, 13)']",[151 states],53,0,53
152,"(26, 11)","(25, 11)",East,"[((27, 11), 'East', 54, 0, 54)]","['(25, 13)']","['(25, 13)', '(27, 11)']",[152 states],53,0,53
153,"(25, 13)","(24, 13)",East,"[((26, 13), 'East', 55, 0, 55)]","['(27, 11)']","['(27, 11)', '(26, 13)']",[153 states],54,0,54
154,"(27, 11)","(26, 11)",East,"[((27, 10), 'South', 55, 0, 55)]","['(26, 13)']","['(26, 13)', '(27, 10)']",[154 states],54,0,54
155,"(26, 13)","(25, 13)",East,"[((27, 13), 'East', 56, 0, 56)]","['(27, 10)']","['(27, 10)', '(27, 13)']",[155 states],55,0,55
156,"(27, 10)","(27, 11)",South,"[((27, 9), 'South', 56, 0, 56)]","['(27, 13)']","['(27, 13)', '(27, 9)']",[156 states],55,0,55
157,"(27, 13)","(26, 13)",East,"[((27, 14), 'North', 57, 0, 57)]","['(27, 9)']","['(27, 9)', '(27, 14)']",[157 states],56,0,56
158,"(27, 9)","(27, 10)",South,[],"['(27, 14)']","['(27, 14)']",[158 states],56,0,56
159,"(27, 14)","(27, 13)",North,"[((27, 15), 'North', 58, 0, 58)]",[],"['(27, 15)']",[159 states],57,0,57
160,"(27, 15)","(27, 14)",North,"[((28, 15), 'East', 59, 0, 59)]",[],"['(28, 15)']",[160 states],58,0,58
161,"(28, 15)","(27, 15)",East,"[((29, 15), 'East', 60, 0, 60)]",[],"['(29, 15)']",[161 states],59,0,59
162,"(29, 15)","(28, 15)",East,"[((29, 14), 'South', 61, 0, 61)]",[],"['(29, 14)']",[162 states],60,0,60
163,"(29, 14)","(29, 15)",South,"[((29, 13), 'South', 62, 0, 62)]",[],"['(29, 13)']",[163 states],61,0,61
164,"(29, 13)","(29, 14)",South,"[((30, 13), 'East', 63, 0, 63)]",[],"['(30, 13)']",[164 states],62,0,62
165,"(30, 13)","(29, 13)",East,"[((31, 13), 'East', 64, 0, 64)]",[],"['(31, 13)']",[165 states],63,0,63
166,"(31, 13)","(30, 13)",East,"[((31, 14), 'North', 65, 0, 65), ((32, 13), 'East', 65, 0, 65)]",[],"['(31, 14)', '(32, 13)']",[166 states],64,0,64
167,"(31, 14)","(31, 13)",North,"[((31, 15), 'North', 66, 0, 66)]","['(32, 13)']","['(32, 13)', '(31, 15)']",[167 states],65,0,65
168,"(32, 13)","(31, 13)",East,"[((33, 13), 'East', 66, 0, 66)]","['(31, 15)']","['(31, 15)', '(33, 13)']",[168 states],65,0,65
169,"(31, 15)","(31, 14)",North,"[((31, 16), 'North', 67, 0, 67)]","['(33, 13)']","['(33, 13)', '(31, 16)']",[169 states],66,0,66
170,"(33, 13)","(32, 13)",East,"[((34, 13), 'East', 67, 0, 67)]","['(31, 16)']","['(31, 16)', '(34, 13)']",[170 states],66,0,66
171,"(31, 16)","(31, 15)",North,"[((31, 17), 'North', 68, 0, 68)]","['(34, 13)']","['(34, 13)', '(31, 17)']",[171 states],67,0,67
172,"(34, 13)","(33, 13)",East,"[((35, 13), 'East', 68, 0, 68)]","['(31, 17)']","['(31, 17)', '(35, 13)']",[172 states],67,0,67
173,"(31, 17)","(31, 16)",North,"[((31, 18), 'North', 69, 0, 69)]","['(35, 13)']","['(35, 13)', '(31, 18)']",[173 states],68,0,68
174,"(35, 13)","(34, 13)",East,"[((35, 14), 'North', 69, 0, 69)]","['(31, 18)']","['(31, 18)', '(35, 14)']",[174 states],68,0,68
175,"(31, 18)","(31, 17)",North,"[((31, 19), 'North', 70, 0, 70)]","['(35, 14)']","['(35, 14)', '(31, 19)']",[175 states],69,0,69
176,"(35, 14)","(35, 13)",North,"[((35, 15), 'North', 70, 0, 70)]","['(31, 19)']","['(31, 19)', '(35, 15)']",[176 states],69,0,69
177,"(31, 19)","(31, 18)",North,"[((31, 20), 'North', 71, 0, 71), ((32, 19), 'East', 71, 0, 71)]","['(35, 15)']","['(35, 15)', '(31, 20)', '(32, 19)']",[177 states],70,0,70
178,"(35, 15)","(35, 14)",North,"[((34, 15), 'West', 71, 0, 71)]","['(31, 20)', '(32, 19)']","['(31, 20)', '(32, 19)', '(34, 15)']",[178 states],70,0,70
179,"(31, 20)","(31, 19)",North,"[((31, 21), 'North', 72, 0, 72)]","['(32, 19)', '(34, 15)']","['(32, 19)', '(34, 15)', '(31, 21)']",[179 states],71,0,71
180,"(32, 19)","(31, 19)",East,"[((33, 19), 'East', 72, 0, 72)]","['(34, 15)', '(31, 21)']","['(34, 15)', '(31, 21)', '(33, 19)']",[180 states],71,0,71
181,"(34, 15)","(35, 15)",West,"[((33, 15), 'West', 72, 0, 72)]","['(31, 21)', '(33, 19)']","['(31, 21)', '(33, 19)', '(33, 15)']",[181 states],71,0,71
182,"(31, 21)","(31, 20)",North,[],"['(33, 19)', '(33, 15)']","['(33, 19)', '(33, 15)']",[182 states],72,0,72
183,"(33, 19)","(32, 19)",East,"[((33, 20), 'North', 73, 0, 73), ((34, 19), 'East', 73, 0, 73)]","['(33, 15)']","['(33, 15)', '(33, 20)', '(34, 19)']",[183 states],72,0,72
184,"(33, 15)","(34, 15)",West,"[((33, 16), 'North', 73, 0, 73)]","['(33, 20)', '(34, 19)']","['(33, 20)', '(34, 19)', '(33, 16)']",[184 states],72,0,72
185,"(33, 20)","(33, 19)",North,"[((33, 21), 'North', 74, 0, 74)]","['(34, 19)', '(33, 16)']","['(34, 19)', '(33, 16)', '(33, 21)']",[185 states],73,0,73
186,"(34, 19)","(33, 19)",East,"[((35, 19), 'East', 74, 0, 74)]","['(33, 16)', '(33, 21)']","['(33, 16)', '(33, 21)', '(35, 19)']",[186 states],73,0,73
187,"(33, 16)","(33, 15)",North,"[((33, 17), 'North', 74, 0, 74)]","['(33, 21)', '(35, 19)']","['(33, 21)', '(35, 19)', '(33, 17)']",[187 states],73,0,73
188,"(33, 21)","(33, 20)",North,[],"['(35, 19)', '(33, 17)']","['(35, 19)', '(33, 17)']",[188 states],74,0,74
189,"(35, 19)","(34, 19)",East,"[((35, 20), 'North', 75, 0, 75)]","['(33, 17)']","['(33, 17)', '(35, 20)']",[189 states],74,0,74
190,"(33, 17)","(33, 16)",North,"[((34, 17), 'East', 75, 0, 75)]","['(35, 20)']","['(35, 20)', '(34, 17)']",[190 states],74,0,74
191,"(35, 20)","(35, 19)",North,"[((35, 21), 'North', 76, 0, 76)]","['(34, 17)']","['(34, 17)', '(35, 21)']",[191 states],75,0,75
192,"(34, 17)","(33, 17)",East,"[((35, 17), 'East', 76, 0, 76)]","['(35, 21)']","['(35, 21)', '(35, 17)']",[192 states],75,0,75
193,"(35, 21)","(35, 20)",North,"[((35, 22), 'North', 77, 0, 77)]","['(35, 17)']","['(35, 17)', '(35, 22)']",[193 states],76,0,76
194,"(35, 17)","(34, 17)",East,[],"['(35, 22)']","['(35, 22)']",[194 states],76,0,76
195,"(35, 22)","(35, 21)",North,"[((35, 23), 'North', 78, 0, 78)]",[],"['(35, 23)']",[195 states],77,0,77
196,"(35, 23)","(35, 22)",North,"[((35, 24), 'North', 79, 0, 79), ((34, 23), 'West', 79, 0, 79)]",[],"['(35, 24)', '(34, 23)']",[196 states],78,0,78
197,"(35, 24)","(35, 23)",North,"[((35, 25), 'North', 80, 0, 80)]","['(34, 23)']","['(34, 23)', '(35, 25)']",[197 states],79,0,79
198,"(34, 23)","(35, 23)",West,"[((33, 23), 'West', 80, 0, 80)]","['(35, 25)']","['(35, 25)', '(33, 23)']",[198 states],79,0,79
199,"(35, 25)","(35, 24)",North,"[((35, 26), 'North', 81, 0, 81)]","['(33, 23)']","['(33, 23)', '(35, 26)']",[199 states],80,0,80
200,"(33, 23)","(34, 23)",West,[],"['(35, 26)']","['(35, 26)']",[200 states],80,0,80
201,"(35, 26)","(35, 25)",North,"[((35, 27), 'North', 82, 0, 82)]",[],"['(35, 27)']",[201 states],81,0,81
202,"(35, 27)","(35, 26)",North,"[((35, 28), 'North', 83, 0, 83)]",[],"['(35, 28)']",[202 states],82,0,82
203,"(35, 28)","(35, 27)",North,"[((35, 29), 'North', 84, 0, 84)]",[],"['(35, 29)']",[203 states],83,0,83
204,"(35, 29)","(35, 28)",North,"[((35, 30), 'North', 85, 0, 85), ((34, 29), 'West', 85, 0, 85)]",[],"['(35, 30)', '(34, 29)']",[204 states],84,0,84
205,"(35, 30)","(35, 29)",North,"[((35, 31), 'North', 86, 0, 86)]","['(34, 29)']","['(34, 29)', '(35, 31)']",[205 states],85,0,85
206,"(34, 29)","(35, 29)",West,"[((33, 29), 'West', 86, 0, 86)]","['(35, 31)']","['(35, 31)', '(33, 29)']",[206 states],85,0,85
207,"(35, 31)","(35, 30)",North,"[((34, 31), 'West', 87, 0, 87)]","['(33, 29)']","['(33, 29)', '(34, 31)']",[207 states],86,0,86
208,"(33, 29)","(34, 29)",West,"[((33, 28), 'South', 87, 0, 87)]","['(34, 31)']","['(34, 31)', '(33, 28)']",[208 states],86,0,86
209,"(34, 31)","(35, 31)",West,"[((33, 31), 'West', 88, 0, 88)]","['(33, 28)']","['(33, 28)', '(33, 31)']",[209 states],87,0,87
210,"(33, 28)","(33, 29)",South,"[((33, 27), 'South', 88, 0, 88)]","['(33, 31)']","['(33, 31)', '(33, 27)']",[210 states],87,0,87
211,"(33, 31)","(34, 31)",West,"[((33, 32), 'North', 89, 0, 89)]","['(33, 27)']","['(33, 27)', '(33, 32)']",[211 states],88,0,88
212,"(33, 27)","(33, 28)",South,"[((33, 26), 'South', 89, 0, 89), ((32, 27), 'West', 89, 0, 89)]","['(33, 32)']","['(33, 32)', '(33, 26)', '(32, 27)']",[212 states],88,0,88
213,"(33, 32)","(33, 31)",North,"[((33, 33), 'North', 90, 0, 90)]","['(33, 26)', '(32, 27)']","['(33, 26)', '(32, 27)', '(33, 33)']",[213 states],89,0,89
214,"(33, 26)","(33, 27)",South,"[((33, 25), 'South', 90, 0, 90)]","['(32, 27)', '(33, 33)']","['(32, 27)', '(33, 33)', '(33, 25)']",[214 states],89,0,89
215,"(32, 27)","(33, 27)",West,"[((31, 27), 'West', 90, 0, 90)]","['(33, 33)', '(33, 25)']","['(33, 33)', '(33, 25)', '(31, 27)']",[215 states],89,0,89
216,"(33, 33)","(33, 32)",North,"[((33, 34), 'North', 91, 0, 91), ((34, 33), 'East', 91, 0, 91)]","['(33, 25)', '(31, 27)']","['(33, 25)', '(31, 27)', '(33, 34)', '(34, 33)']",[216 states],90,0,90
217,"(33, 25)","(33, 26)",South,[],"['(31, 27)', '(34, 33)', '(33, 34)']","['(31, 27)', '(34, 33)', '(33, 34)']",[217 states],90,0,90
218,"(31, 27)","(32, 27)",West,"[((31, 28), 'North', 91, 0, 91), ((30, 27), 'West', 91, 0, 91)]","['(33, 34)', '(34, 33)']","['(33, 34)', '(34, 33)', '(31, 28)', '(30, 27)']",[218 states],90,0,90
219,"(33, 34)","(33, 33)",North,"[((33, 35), 'North', 92, 0, 92)]","['(34, 33)', '(30, 27)', '(31, 28)']","['(34, 33)', '(30, 27)', '(31, 28)', '(33, 35)']",[219 states],91,0,91
220,"(34, 33)","(33, 33)",East,"[((35, 33), 'East', 92, 0, 92)]","['(31, 28)', '(30, 27)', '(33, 35)']","['(31, 28)', '(30, 27)', '(33, 35)', '(35, 33)']",[220 states],91,0,91
221,"(31, 28)","(31, 27)",North,"[((31, 29), 'North', 92, 0, 92)]","['(30, 27)', '(35, 33)', '(33, 35)']","['(30, 27)', '(35, 33)', '(33, 35)', '(31, 29)']",[221 states],91,0,91
222,"(30, 27)","(31, 27)",West,"[((29, 27), 'West', 92, 0, 92)]","['(33, 35)', '(35, 33)', '(31, 29)']","['(33, 35)', '(35, 33)', '(31, 29)', '(29, 27)']",[222 states],91,0,91
223,"(33, 35)","(33, 34)",North,"[((32, 35), 'West', 93, 0, 93)]","['(35, 33)', '(29, 27)', '(31, 29)']","['(35, 33)', '(29, 27)', '(31, 29)', '(32, 35)']",[223 states],92,0,92
224,"(35, 33)","(34, 33)",East,"[((35, 34), 'North', 93, 0, 93)]","['(31, 29)', '(29, 27)', '(32, 35)']","['(31, 29)', '(29, 27)', '(32, 35)', '(35, 34)']",[224 states],92,0,92
225,"(31, 29)","(31, 28)",North,"[((31, 30), 'North', 93, 0, 93)]","['(29, 27)', '(35, 34)', '(32, 35)']","['(29, 27)', '(35, 34)', '(32, 35)', '(31, 30)']",[225 states],92,0,92
226,"(29, 27)","(30, 27)",West,"[((29, 28), 'North', 93, 0, 93), ((29, 26), 'South', 93, 0, 93)]","['(32, 35)', '(35, 34)', '(31, 30)']","['(32, 35)', '(35, 34)', '(31, 30)', '(29, 28)', '(29, 26)']",[226 states],92,0,92
227,"(32, 35)","(33, 35)",West,"[((31, 35), 'West', 94, 0, 94)]","['(35, 34)', '(29, 28)', '(31, 30)', '(29, 26)']","['(35, 34)', '(29, 28)', '(31, 30)', '(29, 26)', '(31, 35)']",[227 states],93,0,93
228,"(35, 34)","(35, 33)",North,"[((35, 35), 'North', 94, 0, 94)]","['(31, 30)', '(29, 28)', '(31, 35)', '(29, 26)']","['(31, 30)', '(29, 28)', '(31, 35)', '(29, 26)', '(35, 35)']",[228 states],93,0,93
229,"(31, 30)","(31, 29)",North,"[((31, 31), 'North', 94, 0, 94)]","['(29, 28)', '(29, 26)', '(31, 35)', '(35, 35)']","['(29, 28)', '(29, 26)', '(31, 35)', '(35, 35)', '(31, 31)']",[229 states],93,0,93
230,"(29, 28)","(29, 27)",North,"[((29, 29), 'North', 94, 0, 94)]","['(29, 26)', '(35, 35)', '(31, 35)', '(31, 31)']","['(29, 26)', '(35, 35)', '(31, 35)', '(31, 31)', '(29, 29)']",[230 states],93,0,93
231,"(29, 26)","(29, 27)",South,"[((29, 25), 'South', 94, 0, 94)]","['(31, 35)', '(35, 35)', '(29, 29)', '(31, 31)']","['(31, 35)', '(35, 35)', '(29, 29)', '(31, 31)', '(29, 25)']",[231 states],93,0,93
232,"(31, 35)","(32, 35)",West,"[((30, 35), 'West', 95, 0, 95)]","['(35, 35)', '(31, 31)', '(29, 29)', '(29, 25)']","['(35, 35)', '(31, 31)', '(29, 29)', '(29, 25)', '(30, 35)']",[232 states],94,0,94
233,"(35, 35)","(35, 34)",North,[],"['(31, 31)', '(29, 25)', '(29, 29)', '(30, 35)']","['(31, 31)', '(29, 25)', '(29, 29)', '(30, 35)']",[233 states],94,0,94
234,"(31, 31)","(31, 30)",North,"[((31, 32), 'North', 95, 0, 95)]","['(29, 29)', '(29, 25)', '(30, 35)']","['(29, 29)', '(29, 25)', '(30, 35)', '(31, 32)']",[234 states],94,0,94
235,"(29, 29)","(29, 28)",North,[],"['(29, 25)', '(31, 32)', '(30, 35)']","['(29, 25)', '(31, 32)', '(30, 35)']",[235 states],94,0,94
236,"(29, 25)","(29, 26)",South,"[((29, 24), 'South', 95, 0, 95)]","['(30, 35)', '(31, 32)']","['(30, 35)', '(31, 32)', '(29, 24)']",[236 states],94,0,94
237,"(30, 35)","(31, 35)",West,"[((29, 35), 'West', 96, 0, 96)]","['(31, 32)', '(29, 24)']","['(31, 32)', '(29, 24)', '(29, 35)']",[237 states],95,0,95
238,"(31, 32)","(31, 31)",North,"[((31, 33), 'North', 96, 0, 96)]","['(29, 24)', '(29, 35)']","['(29, 24)', '(29, 35)', '(31, 33)']",[238 states],95,0,95
239,"(29, 24)","(29, 25)",South,"[((29, 23), 'South', 96, 0, 96)]","['(29, 35)', '(31, 33)']","['(29, 35)', '(31, 33)', '(29, 23)']",[239 states],95,0,95
240,"(29, 35)","(30, 35)",West,[],"['(31, 33)', '(29, 23)']","['(31, 33)', '(29, 23)']",[240 states],96,0,96
241,"(31, 33)","(31, 32)",North,[],"['(29, 23)']","['(29, 23)']",[241 states],96,0,96
242,"(29, 23)","(29, 24)",South,"[((29, 22), 'South', 97, 0, 97), ((30, 23), 'East', 97, 0, 97)]",[],"['(29, 22)', '(30, 23)']",[242 states],96,0,96
243,"(29, 22)","(29, 23)",South,"[((29, 21), 'South', 98, 0, 98)]","['(30, 23)']","['(30, 23)', '(29, 21)']",[243 states],97,0,97
244,"(30, 23)","(29, 23)",East,"[((31, 23), 'East', 98, 0, 98)]","['(29, 21)']","['(29, 21)', '(31, 23)']",[244 states],97,0,97
245,"(29, 21)","(29, 22)",South,"[((29, 20), 'South', 99, 0, 99), ((28, 21), 'West', 99, 0, 99)]","['(31, 23)']","['(31, 23)', '(29, 20)', '(28, 21)']",[245 states],98,0,98
246,"(31, 23)","(30, 23)",East,"[((31, 24), 'North', 99, 0, 99)]","['(29, 20)', '(28, 21)']","['(29, 20)', '(28, 21)', '(31, 24)']",[246 states],98,0,98
247,"(29, 20)","(29, 21)",South,"[((29, 19), 'South', 100, 0, 100)]","['(28, 21)', '(31, 24)']","['(28, 21)', '(31, 24)', '(29, 19)']",[247 states],99,0,99
248,"(28, 21)","(29, 21)",West,"[((27, 21), 'West', 100, 0, 100)]","['(31, 24)', '(29, 19)']","['(31, 24)', '(29, 19)', '(27, 21)']",[248 states],99,0,99
249,"(31, 24)","(31, 23)",North,"[((31, 25), 'North', 100, 0, 100)]","['(29, 19)', '(27, 21)']","['(29, 19)', '(27, 21)', '(31, 25)']",[249 states],99,0,99
250,"(29, 19)","(29, 20)",South,[],"['(27, 21)', '(31, 25)']","['(27, 21)', '(31, 25)']",[250 states],100,0,100
251,"(27, 21)","(28, 21)",West,"[((27, 20), 'South', 101, 0, 101)]","['(31, 25)']","['(31, 25)', '(27, 20)']",[251 states],100,0,100
252,"(31, 25)","(31, 24)",North,[],"['(27, 20)']","['(27, 20)']",[252 states],100,0,100
253,"(27, 20)","(27, 21)",South,"[((27, 19), 'South', 102, 0, 102)]",[],"['(27, 19)']",[253 states],101,0,101
254,"(27, 19)","(27, 20)",South,"[((27, 18), 'South', 103, 0, 103)]",[],"['(27, 18)']",[254 states],102,0,102
255,"(27, 18)","(27, 19)",South,"[((27, 17), 'South', 104, 0, 104)]",[],"['(27, 17)']",[255 states],103,0,103
256,"(27, 17)","(27, 18)",South,"[((28, 17), 'East', 105, 0, 105), ((26, 17), 'West', 105, 0, 105)]",[],"['(28, 17)', '(26, 17)']",[256 states],104,0,104
257,"(28, 17)","(27, 17)",East,"[((29, 17), 'East', 106, 0, 106)]","['(26, 17)']","['(26, 17)', '(29, 17)']",[257 states],105,0,105
258,"(26, 17)","(27, 17)",West,"[((25, 17), 'West', 106, 0, 106)]","['(29, 17)']","['(29, 17)', '(25, 17)']",[258 states],105,0,105
259,"(29, 17)","(28, 17)",East,[],"['(25, 17)']","['(25, 17)']",[259 states],106,0,106
260,"(25, 17)","(26, 17)",West,"[((25, 18), 'North', 107, 0, 107)]",[],"['(25, 18)']",[260 states],106,0,106
261,"(25, 18)","(25, 17)",North,"[((25, 19), 'North', 108, 0, 108)]",[],"['(25, 19)']",[261 states],107,0,107
262,"(25, 19)","(25, 18)",North,"[((25, 20), 'North', 109, 0, 109), ((24, 19), 'West', 109, 0, 109)]",[],"['(25, 20)', '(24, 19)']",[262 states],108,0,108
263,"(25, 20)","(25, 19)",North,"[((25, 21), 'North', 110, 0, 110)]","['(24, 19)']","['(24, 19)', '(25, 21)']",[263 states],109,0,109
264,"(24, 19)","(25, 19)",West,"[((23, 19), 'West', 110, 0, 110)]","['(25, 21)']","['(25, 21)', '(23, 19)']",[264 states],109,0,109
265,"(25, 21)","(25, 20)",North,"[((25, 22), 'North', 111, 0, 111)]","['(23, 19)']","['(23, 19)', '(25, 22)']",[265 states],110,0,110
266,"(23, 19)","(24, 19)",West,"[((22, 19), 'West', 111, 0, 111)]","['(25, 22)']","['(25, 22)', '(22, 19)']",[266 states],110,0,110
267,"(25, 22)","(25, 21)",North,"[((25, 23), 'North', 112, 0, 112)]","['(22, 19)']","['(22, 19)', '(25, 23)']",[267 states],111,0,111
268,"(22, 19)","(23, 19)",West,"[((21, 19), 'West', 112, 0, 112)]","['(25, 23)']","['(25, 23)', '(21, 19)']",[268 states],111,0,111
269,"(25, 23)","(25, 22)",North,"[((25, 24), 'North', 113, 0, 113), ((26, 23), 'East', 113, 0, 113), ((24, 23), 'West', 113, 0, 113)]","['(21, 19)']","['(21, 19)', '(25, 24)', '(26, 23)', '(24, 23)']",[269 states],112,0,112
270,"(21, 19)","(22, 19)",West,"[((21, 20), 'North', 113, 0, 113), ((21, 18), 'South', 113, 0, 113), ((20, 19), 'West', 113, 0, 113)]","['(25, 24)', '(24, 23)', '(26, 23)']","['(25, 24)', '(24, 23)', '(26, 23)', '(21, 20)', '(21, 18)', '(20, 19)']",[270 states],112,0,112
271,"(25, 24)","(25, 23)",North,"[((25, 25), 'North', 114, 0, 114)]","['(26, 23)', '(24, 23)', '(20, 19)', '(21, 20)', '(21, 18)']","['(26, 23)', '(24, 23)', '(20, 19)', '(21, 20)', '(21, 18)', '(25, 25)']",[271 states],113,0,113
272,"(26, 23)","(25, 23)",East,"[((27, 23), 'East', 114, 0, 114)]","['(24, 23)', '(21, 20)', '(20, 19)', '(25, 25)', '(21, 18)']","['(24, 23)', '(21, 20)', '(20, 19)', '(25, 25)', '(21, 18)', '(27, 23)']",[272 states],113,0,113
273,"(24, 23)","(25, 23)",West,"[((23, 23), 'West', 114, 0, 114)]","['(21, 20)', '(21, 18)', '(20, 19)', '(25, 25)', '(27, 23)']","['(21, 20)', '(21, 18)', '(20, 19)', '(25, 25)', '(27, 23)', '(23, 23)']",[273 states],113,0,113
274,"(21, 20)","(21, 19)",North,"[((21, 21), 'North', 114, 0, 114)]","['(21, 18)', '(25, 25)', '(20, 19)', '(23, 23)', '(27, 23)']","['(21, 18)', '(25, 25)', '(20, 19)', '(23, 23)', '(27, 23)', '(21, 21)']",[274 states],113,0,113
275,"(21, 18)","(21, 19)",South,"[((21, 17), 'South', 114, 0, 114)]","['(20, 19)', '(25, 25)', '(21, 21)', '(23, 23)', '(27, 23)']","['(20, 19)', '(25, 25)', '(21, 21)', '(23, 23)', '(27, 23)', '(21, 17)']",[275 states],113,0,113
276,"(20, 19)","(21, 19)",West,"[((19, 19), 'West', 114, 0, 114)]","['(25, 25)', '(27, 23)', '(21, 21)', '(23, 23)', '(21, 17)']","['(25, 25)', '(27, 23)', '(21, 21)', '(23, 23)', '(21, 17)', '(19, 19)']",[276 states],113,0,113
277,"(25, 25)","(25, 24)",North,"[((25, 26), 'North', 115, 0, 115), ((26, 25), 'East', 115, 0, 115)]","['(27, 23)', '(23, 23)', '(21, 21)', '(19, 19)', '(21, 17)']","['(27, 23)', '(23, 23)', '(21, 21)', '(19, 19)', '(21, 17)', '(25, 26)', '(26, 25)']",[277 states],114,0,114
278,"(27, 23)","(26, 23)",East,[],"['(23, 23)', '(21, 17)', '(21, 21)', '(19, 19)', '(26, 25)', '(25, 26)']","['(23, 23)', '(21, 17)', '(21, 21)', '(19, 19)', '(26, 25)', '(25, 26)']",[278 states],114,0,114
279,"(23, 23)","(24, 23)",West,[],"['(21, 21)', '(21, 17)', '(25, 26)', '(19, 19)', '(26, 25)']","['(21, 21)', '(21, 17)', '(25, 26)', '(19, 19)', '(26, 25)']",[279 states],114,0,114
280,"(21, 21)","(21, 20)",North,"[((21, 22), 'North', 115, 0, 115), ((22, 21), 'East', 115, 0, 115), ((20, 21), 'West', 115, 0, 115)]","['(21, 17)', '(19, 19)', '(25, 26)', '(26, 25)']","['(21, 17)', '(19, 19)', '(25, 26)', '(26, 25)', '(21, 22)', '(22, 21)', '(20, 21)']",[280 states],114,0,114
281,"(21, 17)","(21, 18)",South,"[((22, 17), 'East', 115, 0, 115)]","['(19, 19)', '(26, 25)', '(25, 26)', '(20, 21)', '(21, 22)', '(22, 21)']","['(19, 19)', '(26, 25)', '(25, 26)', '(20, 21)', '(21, 22)', '(22, 21)', '(22, 17)']",[281 states],114,0,114
282,"(19, 19)","(20, 19)",West,"[((18, 19), 'West', 115, 0, 115)]","['(25, 26)', '(26, 25)', '(22, 21)', '(20, 21)', '(21, 22)', '(22, 17)']","['(25, 26)', '(26, 25)', '(22, 21)', '(20, 21)', '(21, 22)', '(22, 17)', '(18, 19)']",[282 states],114,0,114
283,"(25, 26)","(25, 25)",North,"[((25, 27), 'North', 116, 0, 116)]","['(26, 25)', '(21, 22)', '(22, 21)', '(20, 21)', '(18, 19)', '(22, 17)']","['(26, 25)', '(21, 22)', '(22, 21)', '(20, 21)', '(18, 19)', '(22, 17)', '(25, 27)']",[283 states],115,0,115
284,"(26, 25)","(25, 25)",East,"[((27, 25), 'East', 116, 0, 116)]","['(21, 22)', '(20, 21)', '(22, 21)', '(25, 27)', '(18, 19)', '(22, 17)']","['(21, 22)', '(20, 21)', '(22, 21)', '(25, 27)', '(18, 19)', '(22, 17)', '(27, 25)']",[284 states],115,0,115
285,"(21, 22)","(21, 21)",North,"[((21, 23), 'North', 116, 0, 116)]","['(22, 21)', '(20, 21)', '(22, 17)', '(25, 27)', '(18, 19)', '(27, 25)']","['(22, 21)', '(20, 21)', '(22, 17)', '(25, 27)', '(18, 19)', '(27, 25)', '(21, 23)']",[285 states],115,0,115
286,"(22, 21)","(21, 21)",East,"[((23, 21), 'East', 116, 0, 116)]","['(20, 21)', '(18, 19)', '(22, 17)', '(25, 27)', '(21, 23)', '(27, 25)']","['(20, 21)', '(18, 19)', '(22, 17)', '(25, 27)', '(21, 23)', '(27, 25)', '(23, 21)']",[286 states],115,0,115
287,"(20, 21)","(21, 21)",West,"[((19, 21), 'West', 116, 0, 116)]","['(22, 17)', '(18, 19)', '(27, 25)', '(25, 27)', '(21, 23)', '(23, 21)']","['(22, 17)', '(18, 19)', '(27, 25)', '(25, 27)', '(21, 23)', '(23, 21)', '(19, 21)']",[287 states],115,0,115
288,"(22, 17)","(21, 17)",East,"[((23, 17), 'East', 116, 0, 116)]","['(18, 19)', '(25, 27)', '(27, 25)', '(19, 21)', '(21, 23)', '(23, 21)']","['(18, 19)', '(25, 27)', '(27, 25)', '(19, 21)', '(21, 23)', '(23, 21)', '(23, 17)']",[288 states],115,0,115
289,"(18, 19)","(19, 19)",West,"[((17, 19), 'West', 116, 0, 116)]","['(25, 27)', '(21, 23)', '(27, 25)', '(19, 21)', '(23, 17)', '(23, 21)']","['(25, 27)', '(21, 23)', '(27, 25)', '(19, 21)', '(23, 17)', '(23, 21)', '(17, 19)']",[289 states],115,0,115
290,"(25, 27)","(25, 26)",North,"[((25, 28), 'North', 117, 0, 117), ((26, 27), 'East', 117, 0, 117)]","['(27, 25)', '(21, 23)', '(23, 21)', '(19, 21)', '(23, 17)', '(17, 19)']","['(27, 25)', '(21, 23)', '(23, 21)', '(19, 21)', '(23, 17)', '(17, 19)', '(25, 28)', '(26, 27)']",[290 states],116,0,116
291,"(27, 25)","(26, 25)",East,[],"['(21, 23)', '(19, 21)', '(23, 21)', '(26, 27)', '(23, 17)', '(17, 19)', '(25, 28)']","['(21, 23)', '(19, 21)', '(23, 21)', '(26, 27)', '(23, 17)', '(17, 19)', '(25, 28)']",[291 states],116,0,116
292,"(21, 23)","(21, 22)",North,"[((20, 23), 'West', 117, 0, 117)]","['(23, 21)', '(19, 21)', '(17, 19)', '(26, 27)', '(23, 17)', '(25, 28)']","['(23, 21)', '(19, 21)', '(17, 19)', '(26, 27)', '(23, 17)', '(25, 28)', '(20, 23)']",[292 states],116,0,116
293,"(23, 21)","(22, 21)",East,[],"['(19, 21)', '(23, 17)', '(17, 19)', '(26, 27)', '(20, 23)', '(25, 28)']","['(19, 21)', '(23, 17)', '(17, 19)', '(26, 27)', '(20, 23)', '(25, 28)']",[293 states],116,0,116
294,"(19, 21)","(20, 21)",West,[],"['(23, 17)', '(25, 28)', '(17, 19)', '(26, 27)', '(20, 23)']","['(23, 17)', '(25, 28)', '(17, 19)', '(26, 27)', '(20, 23)']",[294 states],116,0,116
295,"(23, 17)","(22, 17)",East,[],"['(17, 19)', '(25, 28)', '(20, 23)', '(26, 27)']","['(17, 19)', '(25, 28)', '(20, 23)', '(26, 27)']",[295 states],116,0,116
296,"(17, 19)","(18, 19)",West,"[((17, 20), 'North', 117, 0, 117), ((16, 19), 'West', 117, 0, 117)]","['(25, 28)', '(26, 27)', '(20, 23)']","['(25, 28)', '(26, 27)', '(20, 23)', '(17, 20)', '(16, 19)']",[296 states],116,0,116
297,"(25, 28)","(25, 27)",North,"[((25, 29), 'North', 118, 0, 118)]","['(26, 27)', '(17, 20)', '(20, 23)', '(16, 19)']","['(26, 27)', '(17, 20)', '(20, 23)', '(16, 19)', '(25, 29)']",[297 states],117,0,117
298,"(26, 27)","(25, 27)",East,"[((27, 27), 'East', 118, 0, 118)]","['(20, 23)', '(17, 20)', '(25, 29)', '(16, 19)']","['(20, 23)', '(17, 20)', '(25, 29)', '(16, 19)', '(27, 27)']",[298 states],117,0,117
299,"(20, 23)","(21, 23)",West,"[((19, 23), 'West', 118, 0, 118)]","['(17, 20)', '(16, 19)', '(25, 29)', '(27, 27)']","['(17, 20)', '(16, 19)', '(25, 29)', '(27, 27)', '(19, 23)']",[299 states],117,0,117
300,"(17, 20)","(17, 19)",North,"[((17, 21), 'North', 118, 0, 118)]","['(16, 19)', '(27, 27)', '(25, 29)', '(19, 23)']","['(16, 19)', '(27, 27)', '(25, 29)', '(19, 23)', '(17, 21)']",[300 states],117,0,117
301,"(16, 19)","(17, 19)",West,"[((15, 19), 'West', 118, 0, 118)]","['(25, 29)', '(27, 27)', '(17, 21)', '(19, 23)']","['(25, 29)', '(27, 27)', '(17, 21)', '(19, 23)', '(15, 19)']",[301 states],117,0,117
302,"(25, 29)","(25, 28)",North,"[((25, 30), 'North', 119, 0, 119), ((26, 29), 'East', 119, 0, 119), ((24, 29), 'West', 119, 0, 119)]","['(27, 27)', '(19, 23)', '(17, 21)', '(15, 19)']","['(27, 27)', '(19, 23)', '(17, 21)', '(15, 19)', '(25, 30)', '(26, 29)', '(24, 29)']",[302 states],118,0,118
303,"(27, 27)","(26, 27)",East,[],"['(19, 23)', '(15, 19)', '(17, 21)', '(24, 29)', '(25, 30)', '(26, 29)']","['(19, 23)', '(15, 19)', '(17, 21)', '(24, 29)', '(25, 30)', '(26, 29)']",[303 states],118,0,118
304,"(19, 23)","(20, 23)",West,"[((18, 23), 'West', 119, 0, 119)]","['(17, 21)', '(15, 19)', '(26, 29)', '(24, 29)', '(25, 30)']","['(17, 21)', '(15, 19)', '(26, 29)', '(24, 29)', '(25, 30)', '(18, 23)']",[304 states],118,0,118
305,"(17, 21)","(17, 20)",North,[],"['(15, 19)', '(25, 30)', '(26, 29)', '(24, 29)', '(18, 23)']","['(15, 19)', '(25, 30)', '(26, 29)', '(24, 29)', '(18, 23)']",[305 states],118,0,118
306,"(15, 19)","(16, 19)",West,"[((15, 18), 'South', 119, 0, 119), ((14, 19), 'West', 119, 0, 119)]","['(25, 30)', '(24, 29)', '(26, 29)', '(18, 23)']","['(25, 30)', '(24, 29)', '(26, 29)', '(18, 23)', '(15, 18)', '(14, 19)']",[306 states],118,0,118
307,"(25, 30)","(25, 29)",North,"[((25, 31), 'North', 120, 0, 120)]","['(26, 29)', '(24, 29)', '(14, 19)', '(18, 23)', '(15, 18)']","['(26, 29)', '(24, 29)', '(14, 19)', '(18, 23)', '(15, 18)', '(25, 31)']",[307 states],119,0,119
308,"(26, 29)","(25, 29)",East,"[((27, 29), 'East', 120, 0, 120)]","['(24, 29)', '(18, 23)', '(14, 19)', '(25, 31)', '(15, 18)']","['(24, 29)', '(18, 23)', '(14, 19)', '(25, 31)', '(15, 18)', '(27, 29)']",[308 states],119,0,119
309,"(24, 29)","(25, 29)",West,"[((23, 29), 'West', 120, 0, 120)]","['(18, 23)', '(15, 18)', '(14, 19)', '(25, 31)', '(27, 29)']","['(18, 23)', '(15, 18)', '(14, 19)', '(25, 31)', '(27, 29)', '(23, 29)']",[309 states],119,0,119
310,"(18, 23)","(19, 23)",West,"[((17, 23), 'West', 120, 0, 120)]","['(15, 18)', '(25, 31)', '(14, 19)', '(23, 29)', '(27, 29)']","['(15, 18)', '(25, 31)', '(14, 19)', '(23, 29)', '(27, 29)', '(17, 23)']",[310 states],119,0,119
311,"(15, 18)","(15, 19)",South,"[((15, 17), 'South', 120, 0, 120)]","['(14, 19)', '(25, 31)', '(17, 23)', '(23, 29)', '(27, 29)']","['(14, 19)', '(25, 31)', '(17, 23)', '(23, 29)', '(27, 29)', '(15, 17)']",[311 states],119,0,119
312,"(14, 19)","(15, 19)",West,"[((13, 19), 'West', 120, 0, 120)]","['(25, 31)', '(27, 29)', '(17, 23)', '(23, 29)', '(15, 17)']","['(25, 31)', '(27, 29)', '(17, 23)', '(23, 29)', '(15, 17)', '(13, 19)']",[312 states],119,0,119
313,"(25, 31)","(25, 30)",North,"[((25, 32), 'North', 121, 0, 121)]","['(27, 29)', '(23, 29)', '(17, 23)', '(13, 19)', '(15, 17)']","['(27, 29)', '(23, 29)', '(17, 23)', '(13, 19)', '(15, 17)', '(25, 32)']",[313 states],120,0,120
314,"(27, 29)","(26, 29)",East,"[((27, 30), 'North', 121, 0, 121)]","['(23, 29)', '(15, 17)', '(17, 23)', '(13, 19)', '(25, 32)']","['(23, 29)', '(15, 17)', '(17, 23)', '(13, 19)', '(25, 32)', '(27, 30)']",[314 states],120,0,120
315,"(23, 29)","(24, 29)",West,[],"['(17, 23)', '(15, 17)', '(27, 30)', '(13, 19)', '(25, 32)']","['(17, 23)', '(15, 17)', '(27, 30)', '(13, 19)', '(25, 32)']",[315 states],120,0,120
316,"(17, 23)","(18, 23)",West,[],"['(15, 17)', '(13, 19)', '(27, 30)', '(25, 32)']","['(15, 17)', '(13, 19)', '(27, 30)', '(25, 32)']",[316 states],120,0,120
317,"(15, 17)","(15, 18)",South,"[((16, 17), 'East', 121, 0, 121)]","['(13, 19)', '(25, 32)', '(27, 30)']","['(13, 19)', '(25, 32)', '(27, 30)', '(16, 17)']",[317 states],120,0,120
318,"(13, 19)","(14, 19)",West,"[((13, 20), 'North', 121, 0, 121), ((13, 18), 'South', 121, 0, 121), ((12, 19), 'West', 121, 0, 121)]","['(25, 32)', '(16, 17)', '(27, 30)']","['(25, 32)', '(16, 17)', '(27, 30)', '(13, 20)', '(13, 18)', '(12, 19)']",[318 states],120,0,120
319,"(25, 32)","(25, 31)",North,"[((25, 33), 'North', 122, 0, 122)]","['(27, 30)', '(16, 17)', '(12, 19)', '(13, 20)', '(13, 18)']","['(27, 30)', '(16, 17)', '(12, 19)', '(13, 20)', '(13, 18)', '(25, 33)']",[319 states],121,0,121
320,"(27, 30)","(27, 29)",North,"[((27, 31), 'North', 122, 0, 122)]","['(16, 17)', '(13, 20)', '(12, 19)', '(25, 33)', '(13, 18)']","['(16, 17)', '(13, 20)', '(12, 19)', '(25, 33)', '(13, 18)', '(27, 31)']",[320 states],121,0,121
321,"(16, 17)","(15, 17)",East,"[((17, 17), 'East', 122, 0, 122)]","['(13, 20)', '(13, 18)', '(12, 19)', '(25, 33)', '(27, 31)']","['(13, 20)', '(13, 18)', '(12, 19)', '(25, 33)', '(27, 31)', '(17, 17)']",[321 states],121,0,121
322,"(13, 20)","(13, 19)",North,"[((13, 21), 'North', 122, 0, 122)]","['(13, 18)', '(25, 33)', '(12, 19)', '(17, 17)', '(27, 31)']","['(13, 18)', '(25, 33)', '(12, 19)', '(17, 17)', '(27, 31)', '(13, 21)']",[322 states],121,0,121
323,"(13, 18)","(13, 19)",South,"[((13, 17), 'South', 122, 0, 122)]","['(12, 19)', '(25, 33)', '(13, 21)', '(17, 17)', '(27, 31)']","['(12, 19)', '(25, 33)', '(13, 21)', '(17, 17)', '(27, 31)', '(13, 17)']",[323 states],121,0,121
324,"(12, 19)","(13, 19)",West,"[((11, 19), 'West', 122, 0, 122)]","['(25, 33)', '(27, 31)', '(13, 21)', '(17, 17)', '(13, 17)']","['(25, 33)', '(27, 31)', '(13, 21)', '(17, 17)', '(13, 17)', '(11, 19)']",[324 states],121,0,121
325,"(25, 33)","(25, 32)",North,"[((25, 34), 'North', 123, 0, 123), ((26, 33), 'East', 123, 0, 123)]","['(27, 31)', '(17, 17)', '(13, 21)', '(11, 19)', '(13, 17)']","['(27, 31)', '(17, 17)', '(13, 21)', '(11, 19)', '(13, 17)', '(25, 34)', '(26, 33)']",[325 states],122,0,122
326,"(27, 31)","(27, 30)",North,"[((28, 31), 'East', 123, 0, 123)]","['(17, 17)', '(13, 17)', '(13, 21)', '(11, 19)', '(26, 33)', '(25, 34)']","['(17, 17)', '(13, 17)', '(13, 21)', '(11, 19)', '(26, 33)', '(25, 34)', '(28, 31)']",[326 states],122,0,122
327,"(17, 17)","(16, 17)",East,"[((18, 17), 'East', 123, 0, 123)]","['(13, 21)', '(13, 17)', '(25, 34)', '(11, 19)', '(26, 33)', '(28, 31)']","['(13, 21)', '(13, 17)', '(25, 34)', '(11, 19)', '(26, 33)', '(28, 31)', '(18, 17)']",[327 states],122,0,122
328,"(13, 21)","(13, 20)",North,"[((14, 21), 'East', 123, 0, 123), ((12, 21), 'West', 123, 0, 123)]","['(13, 17)', '(11, 19)', '(25, 34)', '(18, 17)', '(26, 33)', '(28, 31)']","['(13, 17)', '(11, 19)', '(25, 34)', '(18, 17)', '(26, 33)', '(28, 31)', '(14, 21)', '(12, 21)']",[328 states],122,0,122
329,"(13, 17)","(13, 18)",South,[],"['(11, 19)', '(26, 33)', '(25, 34)', '(18, 17)', '(12, 21)', '(28, 31)', '(14, 21)']","['(11, 19)', '(26, 33)', '(25, 34)', '(18, 17)', '(12, 21)', '(28, 31)', '(14, 21)']",[329 states],122,0,122
330,"(11, 19)","(12, 19)",West,"[((11, 18), 'South', 123, 0, 123), ((10, 19), 'West', 123, 0, 123)]","['(25, 34)', '(26, 33)', '(28, 31)', '(18, 17)', '(12, 21)', '(14, 21)']","['(25, 34)', '(26, 33)', '(28, 31)', '(18, 17)', '(12, 21)', '(14, 21)', '(11, 18)', '(10, 19)']",[330 states],122,0,122
331,"(25, 34)","(25, 33)",North,"[((25, 35), 'North', 124, 0, 124)]","['(26, 33)', '(18, 17)', '(28, 31)', '(10, 19)', '(12, 21)', '(14, 21)', '(11, 18)']","['(26, 33)', '(18, 17)', '(28, 31)', '(10, 19)', '(12, 21)', '(14, 21)', '(11, 18)', '(25, 35)']",[331 states],123,0,123
332,"(26, 33)","(25, 33)",East,"[((27, 33), 'East', 124, 0, 124)]","['(28, 31)', '(18, 17)', '(14, 21)', '(10, 19)', '(12, 21)', '(25, 35)', '(11, 18)']","['(28, 31)', '(18, 17)', '(14, 21)', '(10, 19)', '(12, 21)', '(25, 35)', '(11, 18)', '(27, 33)']",[332 states],123,0,123
333,"(28, 31)","(27, 31)",East,"[((29, 31), 'East', 124, 0, 124)]","['(18, 17)', '(12, 21)', '(14, 21)', '(10, 19)', '(27, 33)', '(25, 35)', '(11, 18)']","['(18, 17)', '(12, 21)', '(14, 21)', '(10, 19)', '(27, 33)', '(25, 35)', '(11, 18)', '(29, 31)']",[333 states],123,0,123
334,"(18, 17)","(17, 17)",East,"[((19, 17), 'East', 124, 0, 124)]","['(14, 21)', '(12, 21)', '(11, 18)', '(10, 19)', '(27, 33)', '(25, 35)', '(29, 31)']","['(14, 21)', '(12, 21)', '(11, 18)', '(10, 19)', '(27, 33)', '(25, 35)', '(29, 31)', '(19, 17)']",[334 states],123,0,123
335,"(14, 21)","(13, 21)",East,"[((15, 21), 'East', 124, 0, 124)]","['(12, 21)', '(10, 19)', '(11, 18)', '(19, 17)', '(27, 33)', '(25, 35)', '(29, 31)']","['(12, 21)', '(10, 19)', '(11, 18)', '(19, 17)', '(27, 33)', '(25, 35)', '(29, 31)', '(15, 21)']",[335 states],123,0,123
336,"(12, 21)","(13, 21)",West,"[((11, 21), 'West', 124, 0, 124)]","['(11, 18)', '(10, 19)', '(25, 35)', '(19, 17)', '(27, 33)', '(15, 21)', '(29, 31)']","['(11, 18)', '(10, 19)', '(25, 35)', '(19, 17)', '(27, 33)', '(15, 21)', '(29, 31)', '(11, 21)']",[336 states],123,0,123
337,"(11, 18)","(11, 19)",South,"[((11, 17), 'South', 124, 0, 124)]","['(10, 19)', '(27, 33)', '(25, 35)', '(19, 17)', '(11, 21)', '(15, 21)', '(29, 31)']","['(10, 19)', '(27, 33)', '(25, 35)', '(19, 17)', '(11, 21)', '(15, 21)', '(29, 31)', '(11, 17)']",[337 states],123,0,123
338,"(10, 19)","(11, 19)",West,"[((9, 19), 'West', 124, 0, 124)]","['(25, 35)', '(27, 33)', '(29, 31)', '(19, 17)', '(11, 21)', '(15, 21)', '(11, 17)']","['(25, 35)', '(27, 33)', '(29, 31)', '(19, 17)', '(11, 21)', '(15, 21)', '(11, 17)', '(9, 19)']",[338 states],123,0,123
339,"(25, 35)","(25, 34)",North,"[((26, 35), 'East', 125, 0, 125)]","['(27, 33)', '(19, 17)', '(29, 31)', '(9, 19)', '(11, 21)', '(15, 21)', '(11, 17)']","['(27, 33)', '(19, 17)', '(29, 31)', '(9, 19)', '(11, 21)', '(15, 21)', '(11, 17)', '(26, 35)']",[339 states],124,0,124
340,"(27, 33)","(26, 33)",East,"[((28, 33), 'East', 125, 0, 125)]","['(29, 31)', '(19, 17)', '(15, 21)', '(9, 19)', '(11, 21)', '(26, 35)', '(11, 17)']","['(29, 31)', '(19, 17)', '(15, 21)', '(9, 19)', '(11, 21)', '(26, 35)', '(11, 17)', '(28, 33)']",[340 states],124,0,124
341,"(29, 31)","(28, 31)",East,[],"['(19, 17)', '(11, 21)', '(15, 21)', '(9, 19)', '(28, 33)', '(26, 35)', '(11, 17)']","['(19, 17)', '(11, 21)', '(15, 21)', '(9, 19)', '(28, 33)', '(26, 35)', '(11, 17)']",[341 states],124,0,124
342,"(19, 17)","(18, 17)",East,"[((19, 16), 'South', 125, 0, 125)]","['(15, 21)', '(11, 21)', '(11, 17)', '(9, 19)', '(28, 33)', '(26, 35)']","['(15, 21)', '(11, 21)', '(11, 17)', '(9, 19)', '(28, 33)', '(26, 35)', '(19, 16)']",[342 states],124,0,124
343,"(15, 21)","(14, 21)",East,"[((15, 22), 'North', 125, 0, 125)]","['(11, 21)', '(9, 19)', '(11, 17)', '(19, 16)', '(28, 33)', '(26, 35)']","['(11, 21)', '(9, 19)', '(11, 17)', '(19, 16)', '(28, 33)', '(26, 35)', '(15, 22)']",[343 states],124,0,124
344,"(11, 21)","(12, 21)",West,[],"['(11, 17)', '(9, 19)', '(26, 35)', '(19, 16)', '(28, 33)', '(15, 22)']","['(11, 17)', '(9, 19)', '(26, 35)', '(19, 16)', '(28, 33)', '(15, 22)']",[344 states],124,0,124
345,"(11, 17)","(11, 18)",South,[],"['(9, 19)', '(28, 33)', '(26, 35)', '(19, 16)', '(15, 22)']","['(9, 19)', '(28, 33)', '(26, 35)', '(19, 16)', '(15, 22)']",[345 states],124,0,124
346,"(9, 19)","(10, 19)",West,"[((9, 20), 'North', 125, 0, 125)]","['(26, 35)', '(28, 33)', '(15, 22)', '(19, 16)']","['(26, 35)', '(28, 33)', '(15, 22)', '(19, 16)', '(9, 20)']",[346 states],124,0,124
347,"(26, 35)","(25, 35)",East,"[((27, 35), 'East', 126, 0, 126)]","['(28, 33)', '(19, 16)', '(15, 22)', '(9, 20)']","['(28, 33)', '(19, 16)', '(15, 22)', '(9, 20)', '(27, 35)']",[347 states],125,0,125
348,"(28, 33)","(27, 33)",East,"[((29, 33), 'East', 126, 0, 126)]","['(19, 16)', '(9, 20)', '(15, 22)', '(27, 35)']","['(19, 16)', '(9, 20)', '(15, 22)', '(27, 35)', '(29, 33)']",[348 states],125,0,125
349,"(19, 16)","(19, 17)",South,"[((19, 15), 'South', 126, 0, 126)]","['(15, 22)', '(9, 20)', '(29, 33)', '(27, 35)']","['(15, 22)', '(9, 20)', '(29, 33)', '(27, 35)', '(19, 15)']",[349 states],125,0,125
350,"(15, 22)","(15, 21)",North,"[((15, 23), 'North', 126, 0, 126)]","['(9, 20)', '(27, 35)', '(29, 33)', '(19, 15)']","['(9, 20)', '(27, 35)', '(29, 33)', '(19, 15)', '(15, 23)']",[350 states],125,0,125
351,"(9, 20)","(9, 19)",North,"[((9, 21), 'North', 126, 0, 126)]","['(27, 35)', '(19, 15)', '(29, 33)', '(15, 23)']","['(27, 35)', '(19, 15)', '(29, 33)', '(15, 23)', '(9, 21)']",[351 states],125,0,125
352,"(27, 35)","(26, 35)",East,[],"['(29, 33)', '(19, 15)', '(9, 21)', '(15, 23)']","['(29, 33)', '(19, 15)', '(9, 21)', '(15, 23)']",[352 states],126,0,126
353,"(29, 33)","(28, 33)",East,[],"['(19, 15)', '(15, 23)', '(9, 21)']","['(19, 15)', '(15, 23)', '(9, 21)']",[353 states],126,0,126
354,"(19, 15)","(19, 16)",South,[],"['(15, 23)', '(9, 21)']","['(15, 23)', '(9, 21)']",[354 states],126,0,126
355,"(15, 23)","(15, 22)",North,"[((15, 24), 'North', 127, 0, 127), ((14, 23), 'West', 127, 0, 127)]","['(9, 21)']","['(9, 21)', '(15, 24)', '(14, 23)']",[355 states],126,0,126
356,"(9, 21)","(9, 20)",North,"[((9, 22), 'North', 127, 0, 127)]","['(15, 24)', '(14, 23)']","['(15, 24)', '(14, 23)', '(9, 22)']",[356 states],126,0,126
357,"(15, 24)","(15, 23)",North,"[((15, 25), 'North', 128, 0, 128)]","['(14, 23)', '(9, 22)']","['(14, 23)', '(9, 22)', '(15, 25)']",[357 states],127,0,127
358,"(14, 23)","(15, 23)",West,"[((13, 23), 'West', 128, 0, 128)]","['(9, 22)', '(15, 25)']","['(9, 22)', '(15, 25)', '(13, 23)']",[358 states],127,0,127
359,"(9, 22)","(9, 21)",North,"[((9, 23), 'North', 128, 0, 128)]","['(15, 25)', '(13, 23)']","['(15, 25)', '(13, 23)', '(9, 23)']",[359 states],127,0,127
360,"(15, 25)","(15, 24)",North,"[((15, 26), 'North', 129, 0, 129)]","['(13, 23)', '(9, 23)']","['(13, 23)', '(9, 23)', '(15, 26)']",[360 states],128,0,128
361,"(13, 23)","(14, 23)",West,"[((13, 24), 'North', 129, 0, 129)]","['(9, 23)', '(15, 26)']","['(9, 23)', '(15, 26)', '(13, 24)']",[361 states],128,0,128
362,"(9, 23)","(9, 22)",North,"[((10, 23), 'East', 129, 0, 129), ((8, 23), 'West', 129, 0, 129)]","['(15, 26)', '(13, 24)']","['(15, 26)', '(13, 24)', '(10, 23)', '(8, 23)']",[362 states],128,0,128
363,"(15, 26)","(15, 25)",North,"[((15, 27), 'North', 130, 0, 130)]","['(13, 24)', '(8, 23)', '(10, 23)']","['(13, 24)', '(8, 23)', '(10, 23)', '(15, 27)']",[363 states],129,0,129
364,"(13, 24)","(13, 23)",North,"[((13, 25), 'North', 130, 0, 130)]","['(10, 23)', '(8, 23)', '(15, 27)']","['(10, 23)', '(8, 23)', '(15, 27)', '(13, 25)']",[364 states],129,0,129
365,"(10, 23)","(9, 23)",East,"[((11, 23), 'East', 130, 0, 130)]","['(8, 23)', '(13, 25)', '(15, 27)']","['(8, 23)', '(13, 25)', '(15, 27)', '(11, 23)']",[365 states],129,0,129
366,"(8, 23)","(9, 23)",West,"[((7, 23), 'West', 130, 0, 130)]","['(15, 27)', '(13, 25)', '(11, 23)']","['(15, 27)', '(13, 25)', '(11, 23)', '(7, 23)']",[366 states],129,0,129
367,"(15, 27)","(15, 26)",North,"[((16, 27), 'East', 131, 0, 131)]","['(13, 25)', '(7, 23)', '(11, 23)']","['(13, 25)', '(7, 23)', '(11, 23)', '(16, 27)']",[367 states],130,0,130
368,"(13, 25)","(13, 24)",North,[],"['(11, 23)', '(7, 23)', '(16, 27)']","['(11, 23)', '(7, 23)', '(16, 27)']",[368 states],130,0,130
369,"(11, 23)","(10, 23)",East,[],"['(7, 23)', '(16, 27)']","['(7, 23)', '(16, 27)']",[369 states],130,0,130
370,"(7, 23)","(8, 23)",West,"[((7, 22), 'South', 131, 0, 131)]","['(16, 27)']","['(16, 27)', '(7, 22)']",[370 states],130,0,130
371,"(16, 27)","(15, 27)",East,"[((17, 27), 'East', 132, 0, 132)]","['(7, 22)']","['(7, 22)', '(17, 27)']",[371 states],131,0,131
372,"(7, 22)","(7, 23)",South,"[((7, 21), 'South', 132, 0, 132)]","['(17, 27)']","['(17, 27)', '(7, 21)']",[372 states],131,0,131
373,"(17, 27)","(16, 27)",East,"[((17, 26), 'South', 133, 0, 133), ((18, 27), 'East', 133, 0, 133)]","['(7, 21)']","['(7, 21)', '(17, 26)', '(18, 27)']",[373 states],132,0,132
374,"(7, 21)","(7, 22)",South,"[((7, 20), 'South', 133, 0, 133)]","['(17, 26)', '(18, 27)']","['(17, 26)', '(18, 27)', '(7, 20)']",[374 states],132,0,132
375,"(17, 26)","(17, 27)",South,"[((17, 25), 'South', 134, 0, 134)]","['(18, 27)', '(7, 20)']","['(18, 27)', '(7, 20)', '(17, 25)']",[375 states],133,0,133
376,"(18, 27)","(17, 27)",East,"[((19, 27), 'East', 134, 0, 134)]","['(7, 20)', '(17, 25)']","['(7, 20)', '(17, 25)', '(19, 27)']",[376 states],133,0,133
377,"(7, 20)","(7, 21)",South,"[((7, 19), 'South', 134, 0, 134)]","['(17, 25)', '(19, 27)']","['(17, 25)', '(19, 27)', '(7, 19)']",[377 states],133,0,133
378,"(17, 25)","(17, 26)",South,[],"['(19, 27)', '(7, 19)']","['(19, 27)', '(7, 19)']",[378 states],134,0,134
379,"(19, 27)","(18, 27)",East,"[((19, 26), 'South', 135, 0, 135), ((20, 27), 'East', 135, 0, 135)]","['(7, 19)']","['(7, 19)', '(19, 26)', '(20, 27)']",[379 states],134,0,134
380,"(7, 19)","(7, 20)",South,[],"['(19, 26)', '(20, 27)']","['(19, 26)', '(20, 27)']",[380 states],134,0,134
381,"(19, 26)","(19, 27)",South,"[((19, 25), 'South', 136, 0, 136)]","['(20, 27)']","['(20, 27)', '(19, 25)']",[381 states],135,0,135
382,"(20, 27)","(19, 27)",East,"[((21, 27), 'East', 136, 0, 136)]","['(19, 25)']","['(19, 25)', '(21, 27)']",[382 states],135,0,135
383,"(19, 25)","(19, 26)",South,"[((20, 25), 'East', 137, 0, 137)]","['(21, 27)']","['(21, 27)', '(20, 25)']",[383 states],136,0,136
384,"(21, 27)","(20, 27)",East,"[((21, 28), 'North', 137, 0, 137)]","['(20, 25)']","['(20, 25)', '(21, 28)']",[384 states],136,0,136
385,"(20, 25)","(19, 25)",East,"[((21, 25), 'East', 138, 0, 138)]","['(21, 28)']","['(21, 28)', '(21, 25)']",[385 states],137,0,137
386,"(21, 28)","(21, 27)",North,"[((21, 29), 'North', 138, 0, 138)]","['(21, 25)']","['(21, 25)', '(21, 29)']",[386 states],137,0,137
387,"(21, 25)","(20, 25)",East,"[((22, 25), 'East', 139, 0, 139)]","['(21, 29)']","['(21, 29)', '(22, 25)']",[387 states],138,0,138
388,"(21, 29)","(21, 28)",North,"[((21, 30), 'North', 139, 0, 139), ((20, 29), 'West', 139, 0, 139)]","['(22, 25)']","['(22, 25)', '(21, 30)', '(20, 29)']",[388 states],138,0,138
389,"(22, 25)","(21, 25)",East,"[((23, 25), 'East', 140, 0, 140)]","['(21, 30)', '(20, 29)']","['(21, 30)', '(20, 29)', '(23, 25)']",[389 states],139,0,139
390,"(21, 30)","(21, 29)",North,"[((21, 31), 'North', 140, 0, 140)]","['(20, 29)', '(23, 25)']","['(20, 29)', '(23, 25)', '(21, 31)']",[390 states],139,0,139
391,"(20, 29)","(21, 29)",West,"[((19, 29), 'West', 140, 0, 140)]","['(23, 25)', '(21, 31)']","['(23, 25)', '(21, 31)', '(19, 29)']",[391 states],139,0,139
392,"(23, 25)","(22, 25)",East,"[((23, 26), 'North', 141, 0, 141)]","['(21, 31)', '(19, 29)']","['(21, 31)', '(19, 29)', '(23, 26)']",[392 states],140,0,140
393,"(21, 31)","(21, 30)",North,"[((21, 32), 'North', 141, 0, 141), ((22, 31), 'East', 141, 0, 141)]","['(19, 29)', '(23, 26)']","['(19, 29)', '(23, 26)', '(21, 32)', '(22, 31)']",[393 states],140,0,140
394,"(19, 29)","(20, 29)",West,[],"['(23, 26)', '(22, 31)', '(21, 32)']","['(23, 26)', '(22, 31)', '(21, 32)']",[394 states],140,0,140
395,"(23, 26)","(23, 25)",North,"[((23, 27), 'North', 142, 0, 142)]","['(21, 32)', '(22, 31)']","['(21, 32)', '(22, 31)', '(23, 27)']",[395 states],141,0,141
396,"(21, 32)","(21, 31)",North,"[((21, 33), 'North', 142, 0, 142)]","['(22, 31)', '(23, 27)']","['(22, 31)', '(23, 27)', '(21, 33)']",[396 states],141,0,141
397,"(22, 31)","(21, 31)",East,"[((23, 31), 'East', 142, 0, 142)]","['(23, 27)', '(21, 33)']","['(23, 27)', '(21, 33)', '(23, 31)']",[397 states],141,0,141
398,"(23, 27)","(23, 26)",North,[],"['(21, 33)', '(23, 31)']","['(21, 33)', '(23, 31)']",[398 states],142,0,142
399,"(21, 33)","(21, 32)",North,"[((21, 34), 'North', 143, 0, 143), ((22, 33), 'East', 143, 0, 143), ((20, 33), 'West', 143, 0, 143)]","['(23, 31)']","['(23, 31)', '(21, 34)', '(22, 33)', '(20, 33)']",[399 states],142,0,142
400,"(23, 31)","(22, 31)",East,[],"['(21, 34)', '(20, 33)', '(22, 33)']","['(21, 34)', '(20, 33)', '(22, 33)']",[400 states],142,0,142
401,"(21, 34)","(21, 33)",North,"[((21, 35), 'North', 144, 0, 144)]","['(22, 33)', '(20, 33)']","['(22, 33)', '(20, 33)', '(21, 35)']",[401 states],143,0,143
402,"(22, 33)","(21, 33)",East,"[((23, 33), 'East', 144, 0, 144)]","['(20, 33)', '(21, 35)']","['(20, 33)', '(21, 35)', '(23, 33)']",[402 states],143,0,143
403,"(20, 33)","(21, 33)",West,"[((19, 33), 'West', 144, 0, 144)]","['(21, 35)', '(23, 33)']","['(21, 35)', '(23, 33)', '(19, 33)']",[403 states],143,0,143
404,"(21, 35)","(21, 34)",North,"[((22, 35), 'East', 145, 0, 145), ((20, 35), 'West', 145, 0, 145)]","['(23, 33)', '(19, 33)']","['(23, 33)', '(19, 33)', '(22, 35)', '(20, 35)']",[404 states],144,0,144
405,"(23, 33)","(22, 33)",East,[],"['(19, 33)', '(20, 35)', '(22, 35)']","['(19, 33)', '(20, 35)', '(22, 35)']",[405 states],144,0,144
406,"(19, 33)","(20, 33)",West,"[((19, 32), 'South', 145, 0, 145)]","['(22, 35)', '(20, 35)']","['(22, 35)', '(20, 35)', '(19, 32)']",[406 states],144,0,144
407,"(22, 35)","(21, 35)",East,"[((23, 35), 'East', 146, 0, 146)]","['(20, 35)', '(19, 32)']","['(20, 35)', '(19, 32)', '(23, 35)']",[407 states],145,0,145
408,"(20, 35)","(21, 35)",West,"[((19, 35), 'West', 146, 0, 146)]","['(19, 32)', '(23, 35)']","['(19, 32)', '(23, 35)', '(19, 35)']",[408 states],145,0,145
409,"(19, 32)","(19, 33)",South,"[((19, 31), 'South', 146, 0, 146)]","['(23, 35)', '(19, 35)']","['(23, 35)', '(19, 35)', '(19, 31)']",[409 states],145,0,145
410,"(23, 35)","(22, 35)",East,[],"['(19, 35)', '(19, 31)']","['(19, 35)', '(19, 31)']",[410 states],146,0,146
411,"(19, 35)","(20, 35)",West,"[((18, 35), 'West', 147, 0, 147)]","['(19, 31)']","['(19, 31)', '(18, 35)']",[411 states],146,0,146
412,"(19, 31)","(19, 32)",South,[],"['(18, 35)']","['(18, 35)']",[412 states],146,0,146
413,"(18, 35)","(19, 35)",West,"[((17, 35), 'West', 148, 0, 148)]",[],"['(17, 35)']",[413 states],147,0,147
414,"(17, 35)","(18, 35)",West,"[((17, 34), 'South', 149, 0, 149), ((16, 35), 'West', 149, 0, 149)]",[],"['(17, 34)', '(16, 35)']",[414 states],148,0,148
415,"(17, 34)","(17, 35)",South,"[((17, 33), 'South', 150, 0, 150)]","['(16, 35)']","['(16, 35)', '(17, 33)']",[415 states],149,0,149
416,"(16, 35)","(17, 35)",West,"[((15, 35), 'West', 150, 0, 150)]","['(17, 33)']","['(17, 33)', '(15, 35)']",[416 states],149,0,149
417,"(17, 33)","(17, 34)",South,"[((17, 32), 'South', 151, 0, 151)]","['(15, 35)']","['(15, 35)', '(17, 32)']",[417 states],150,0,150
418,"(15, 35)","(16, 35)",West,"[((15, 34), 'South', 151, 0, 151), ((14, 35), 'West', 151, 0, 151)]","['(17, 32)']","['(17, 32)', '(15, 34)', '(14, 35)']",[418 states],150,0,150
419,"(17, 32)","(17, 33)",South,"[((17, 31), 'South', 152, 0, 152)]","['(15, 34)', '(14, 35)']","['(15, 34)', '(14, 35)', '(17, 31)']",[419 states],151,0,151
420,"(15, 34)","(15, 35)",South,"[((15, 33), 'South', 152, 0, 152)]","['(14, 35)', '(17, 31)']","['(14, 35)', '(17, 31)', '(15, 33)']",[420 states],151,0,151
421,"(14, 35)","(15, 35)",West,"[((13, 35), 'West', 152, 0, 152)]","['(17, 31)', '(15, 33)']","['(17, 31)', '(15, 33)', '(13, 35)']",[421 states],151,0,151
422,"(17, 31)","(17, 32)",South,[],"['(15, 33)', '(13, 35)']","['(15, 33)', '(13, 35)']",[422 states],152,0,152
423,"(15, 33)","(15, 34)",South,"[((15, 32), 'South', 153, 0, 153), ((14, 33), 'West', 153, 0, 153)]","['(13, 35)']","['(13, 35)', '(15, 32)', '(14, 33)']",[423 states],152,0,152
424,"(13, 35)","(14, 35)",West,[],"['(15, 32)', '(14, 33)']","['(15, 32)', '(14, 33)']",[424 states],152,0,152
425,"(15, 32)","(15, 33)",South,"[((15, 31), 'South', 154, 0, 154)]","['(14, 33)']","['(14, 33)', '(15, 31)']",[425 states],153,0,153
426,"(14, 33)","(15, 33)",West,"[((13, 33), 'West', 154, 0, 154)]","['(15, 31)']","['(15, 31)', '(13, 33)']",[426 states],153,0,153
427,"(15, 31)","(15, 32)",South,"[((15, 30), 'South', 155, 0, 155)]","['(13, 33)']","['(13, 33)', '(15, 30)']",[427 states],154,0,154
428,"(13, 33)","(14, 33)",West,"[((12, 33), 'West', 155, 0, 155)]","['(15, 30)']","['(15, 30)', '(12, 33)']",[428 states],154,0,154
429,"(15, 30)","(15, 31)",South,"[((15, 29), 'South', 156, 0, 156)]","['(12, 33)']","['(12, 33)', '(15, 29)']",[429 states],155,0,155
430,"(12, 33)","(13, 33)",West,"[((11, 33), 'West', 156, 0, 156)]","['(15, 29)']","['(15, 29)', '(11, 33)']",[430 states],155,0,155
431,"(15, 29)","(15, 30)",South,"[((16, 29), 'East', 157, 0, 157)]","['(11, 33)']","['(11, 33)', '(16, 29)']",[431 states],156,0,156
432,"(11, 33)","(12, 33)",West,"[((11, 34), 'North', 157, 0, 157), ((11, 32), 'South', 157, 0, 157), ((10, 33), 'West', 157, 0, 157)]","['(16, 29)']","['(16, 29)', '(11, 34)', '(11, 32)', '(10, 33)']",[432 states],156,0,156
433,"(16, 29)","(15, 29)",East,"[((17, 29), 'East', 158, 0, 158)]","['(11, 34)', '(10, 33)', '(11, 32)']","['(11, 34)', '(10, 33)', '(11, 32)', '(17, 29)']",[433 states],157,0,157
434,"(11, 34)","(11, 33)",North,"[((11, 35), 'North', 158, 0, 158)]","['(11, 32)', '(10, 33)', '(17, 29)']","['(11, 32)', '(10, 33)', '(17, 29)', '(11, 35)']",[434 states],157,0,157
435,"(11, 32)","(11, 33)",South,"[((11, 31), 'South', 158, 0, 158)]","['(10, 33)', '(11, 35)', '(17, 29)']","['(10, 33)', '(11, 35)', '(17, 29)', '(11, 31)']",[435 states],157,0,157
436,"(10, 33)","(11, 33)",West,"[((9, 33), 'West', 158, 0, 158)]","['(17, 29)', '(11, 35)', '(11, 31)']","['(17, 29)', '(11, 35)', '(11, 31)', '(9, 33)']",[436 states],157,0,157
437,"(17, 29)","(16, 29)",East,[],"['(11, 35)', '(9, 33)', '(11, 31)']","['(11, 35)', '(9, 33)', '(11, 31)']",[437 states],158,0,158
438,"(11, 35)","(11, 34)",North,[],"['(11, 31)', '(9, 33)']","['(11, 31)', '(9, 33)']",[438 states],158,0,158
439,"(11, 31)","(11, 32)",South,"[((11, 30), 'South', 159, 0, 159), ((12, 31), 'East', 159, 0, 159)]","['(9, 33)']","['(9, 33)', '(11, 30)', '(12, 31)']",[439 states],158,0,158
440,"(9, 33)","(10, 33)",West,"[((9, 34), 'North', 159, 0, 159)]","['(11, 30)', '(12, 31)']","['(11, 30)', '(12, 31)', '(9, 34)']",[440 states],158,0,158
441,"(11, 30)","(11, 31)",South,"[((11, 29), 'South', 160, 0, 160)]","['(12, 31)', '(9, 34)']","['(12, 31)', '(9, 34)', '(11, 29)']",[441 states],159,0,159
442,"(12, 31)","(11, 31)",East,"[((13, 31), 'East', 160, 0, 160)]","['(9, 34)', '(11, 29)']","['(9, 34)', '(11, 29)', '(13, 31)']",[442 states],159,0,159
443,"(9, 34)","(9, 33)",North,"[((9, 35), 'North', 160, 0, 160)]","['(11, 29)', '(13, 31)']","['(11, 29)', '(13, 31)', '(9, 35)']",[443 states],159,0,159
444,"(11, 29)","(11, 30)",South,"[((12, 29), 'East', 161, 0, 161), ((10, 29), 'West', 161, 0, 161)]","['(13, 31)', '(9, 35)']","['(13, 31)', '(9, 35)', '(12, 29)', '(10, 29)']",[444 states],160,0,160
445,"(13, 31)","(12, 31)",East,[],"['(9, 35)', '(10, 29)', '(12, 29)']","['(9, 35)', '(10, 29)', '(12, 29)']",[445 states],160,0,160
446,"(9, 35)","(9, 34)",North,[],"['(12, 29)', '(10, 29)']","['(12, 29)', '(10, 29)']",[446 states],160,0,160
447,"(12, 29)","(11, 29)",East,"[((13, 29), 'East', 162, 0, 162)]","['(10, 29)']","['(10, 29)', '(13, 29)']",[447 states],161,0,161
448,"(10, 29)","(11, 29)",West,"[((9, 29), 'West', 162, 0, 162)]","['(13, 29)']","['(13, 29)', '(9, 29)']",[448 states],161,0,161
449,"(13, 29)","(12, 29)",East,"[((13, 28), 'South', 163, 0, 163)]","['(9, 29)']","['(9, 29)', '(13, 28)']",[449 states],162,0,162
450,"(9, 29)","(10, 29)",West,"[((9, 30), 'North', 163, 0, 163)]","['(13, 28)']","['(13, 28)', '(9, 30)']",[450 states],162,0,162
451,"(13, 28)","(13, 29)",South,"[((13, 27), 'South', 164, 0, 164)]","['(9, 30)']","['(9, 30)', '(13, 27)']",[451 states],163,0,163
452,"(9, 30)","(9, 29)",North,"[((9, 31), 'North', 164, 0, 164)]","['(13, 27)']","['(13, 27)', '(9, 31)']",[452 states],163,0,163
453,"(13, 27)","(13, 28)",South,"[((12, 27), 'West', 165, 0, 165)]","['(9, 31)']","['(9, 31)', '(12, 27)']",[453 states],164,0,164
454,"(9, 31)","(9, 30)",North,[],"['(12, 27)']","['(12, 27)']",[454 states],164,0,164
455,"(12, 27)","(13, 27)",West,"[((11, 27), 'West', 166, 0, 166)]",[],"['(11, 27)']",[455 states],165,0,165
456,"(11, 27)","(12, 27)",West,"[((11, 26), 'South', 167, 0, 167), ((10, 27), 'West', 167, 0, 167)]",[],"['(11, 26)', '(10, 27)']",[456 states],166,0,166
457,"(11, 26)","(11, 27)",South,"[((11, 25), 'South', 168, 0, 168)]","['(10, 27)']","['(10, 27)', '(11, 25)']",[457 states],167,0,167
458,"(10, 27)","(11, 27)",West,"[((9, 27), 'West', 168, 0, 168)]","['(11, 25)']","['(11, 25)', '(9, 27)']",[458 states],167,0,167
459,"(11, 25)","(11, 26)",South,[],"['(9, 27)']","['(9, 27)']",[459 states],168,0,168
460,"(9, 27)","(10, 27)",West,"[((9, 26), 'South', 169, 0, 169), ((8, 27), 'West', 169, 0, 169)]",[],"['(9, 26)', '(8, 27)']",[460 states],168,0,168
461,"(9, 26)","(9, 27)",South,"[((9, 25), 'South', 170, 0, 170)]","['(8, 27)']","['(8, 27)', '(9, 25)']",[461 states],169,0,169
462,"(8, 27)","(9, 27)",West,"[((7, 27), 'West', 170, 0, 170)]","['(9, 25)']","['(9, 25)', '(7, 27)']",[462 states],169,0,169
463,"(9, 25)","(9, 26)",South,"[((8, 25), 'West', 171, 0, 171)]","['(7, 27)']","['(7, 27)', '(8, 25)']",[463 states],170,0,170
464,"(7, 27)","(8, 27)",West,"[((6, 27), 'West', 171, 0, 171)]","['(8, 25)']","['(8, 25)', '(6, 27)']",[464 states],170,0,170
465,"(8, 25)","(9, 25)",West,"[((7, 25), 'West', 172, 0, 172)]","['(6, 27)']","['(6, 27)', '(7, 25)']",[465 states],171,0,171
466,"(6, 27)","(7, 27)",West,"[((5, 27), 'West', 172, 0, 172)]","['(7, 25)']","['(7, 25)', '(5, 27)']",[466 states],171,0,171
467,"(7, 25)","(8, 25)",West,"[((6, 25), 'West', 173, 0, 173)]","['(5, 27)']","['(5, 27)', '(6, 25)']",[467 states],172,0,172
468,"(5, 27)","(6, 27)",West,"[((4, 27), 'West', 173, 0, 173)]","['(6, 25)']","['(6, 25)', '(4, 27)']",[468 states],172,0,172
469,"(6, 25)","(7, 25)",West,"[((5, 25), 'West', 174, 0, 174)]","['(4, 27)']","['(4, 27)', '(5, 25)']",[469 states],173,0,173
470,"(4, 27)","(5, 27)",West,"[((3, 27), 'West', 174, 0, 174)]","['(5, 25)']","['(5, 25)', '(3, 27)']",[470 states],173,0,173
471,"(5, 25)","(6, 25)",West,"[((5, 24), 'South', 175, 0, 175)]","['(3, 27)']","['(3, 27)', '(5, 24)']",[471 states],174,0,174
472,"(3, 27)","(4, 27)",West,"[((3, 28), 'North', 175, 0, 175), ((3, 26), 'South', 175, 0, 175), ((2, 27), 'West', 175, 0, 175)]","['(5, 24)']","['(5, 24)', '(3, 28)', '(3, 26)', '(2, 27)']",[472 states],174,0,174
473,"(5, 24)","(5, 25)",South,"[((5, 23), 'South', 176, 0, 176)]","['(3, 28)', '(2, 27)', '(3, 26)']","['(3, 28)', '(2, 27)', '(3, 26)', '(5, 23)']",[473 states],175,0,175
474,"(3, 28)","(3, 27)",North,"[((3, 29), 'North', 176, 0, 176)]","['(3, 26)', '(2, 27)', '(5, 23)']","['(3, 26)', '(2, 27)', '(5, 23)', '(3, 29)']",[474 states],175,0,175
475,"(3, 26)","(3, 27)",South,"[((3, 25), 'South', 176, 0, 176)]","['(2, 27)', '(3, 29)', '(5, 23)']","['(2, 27)', '(3, 29)', '(5, 23)', '(3, 25)']",[475 states],175,0,175
476,"(2, 27)","(3, 27)",West,"[((1, 27), 'West', 176, 0, 176)]","['(5, 23)', '(3, 29)', '(3, 25)']","['(5, 23)', '(3, 29)', '(3, 25)', '(1, 27)']",[476 states],175,0,175
477,"(5, 23)","(5, 24)",South,[],"['(3, 29)', '(1, 27)', '(3, 25)']","['(3, 29)', '(1, 27)', '(3, 25)']",[477 states],176,0,176
478,"(3, 29)","(3, 28)",North,"[((4, 29), 'East', 177, 0, 177), ((2, 29), 'West', 177, 0, 177)]","['(3, 25)', '(1, 27)']","['(3, 25)', '(1, 27)', '(4, 29)', '(2, 29)']",[478 states],176,0,176
479,"(3, 25)","(3, 26)",South,"[((3, 24), 'South', 177, 0, 177)]","['(1, 27)', '(2, 29)', '(4, 29)']","['(1, 27)', '(2, 29)', '(4, 29)', '(3, 24)']",[479 states],176,0,176
480,"(1, 27)","(2, 27)",West,"[((1, 26), 'South', 177, 0, 177)]","['(4, 29)', '(2, 29)', '(3, 24)']","['(4, 29)', '(2, 29)', '(3, 24)', '(1, 26)']",[480 states],176,0,176
481,"(4, 29)","(3, 29)",East,"[((5, 29), 'East', 178, 0, 178)]","['(2, 29)', '(1, 26)', '(3, 24)']","['(2, 29)', '(1, 26)', '(3, 24)', '(5, 29)']",[481 states],177,0,177
482,"(2, 29)","(3, 29)",West,"[((1, 29), 'West', 178, 0, 178)]","['(3, 24)', '(1, 26)', '(5, 29)']","['(3, 24)', '(1, 26)', '(5, 29)', '(1, 29)']",[482 states],177,0,177
483,"(3, 24)","(3, 25)",South,"[((3, 23), 'South', 178, 0, 178)]","['(1, 26)', '(1, 29)', '(5, 29)']","['(1, 26)', '(1, 29)', '(5, 29)', '(3, 23)']",[483 states],177,0,177
484,"(1, 26)","(1, 27)",South,"[((1, 25), 'South', 178, 0, 178)]","['(5, 29)', '(1, 29)', '(3, 23)']","['(5, 29)', '(1, 29)', '(3, 23)', '(1, 25)']",[484 states],177,0,177
485,"(5, 29)","(4, 29)",East,"[((5, 30), 'North', 179, 0, 179), ((6, 29), 'East', 179, 0, 179)]","['(1, 29)', '(1, 25)', '(3, 23)']","['(1, 29)', '(1, 25)', '(3, 23)', '(5, 30)', '(6, 29)']",[485 states],178,0,178
486,"(1, 29)","(2, 29)",West,"[((1, 30), 'North', 179, 0, 179)]","['(3, 23)', '(1, 25)', '(6, 29)', '(5, 30)']","['(3, 23)', '(1, 25)', '(6, 29)', '(5, 30)', '(1, 30)']",[486 states],178,0,178
487,"(3, 23)","(3, 24)",South,"[((3, 22), 'South', 179, 0, 179)]","['(1, 25)', '(5, 30)', '(6, 29)', '(1, 30)']","['(1, 25)', '(5, 30)', '(6, 29)', '(1, 30)', '(3, 22)']",[487 states],178,0,178
488,"(1, 25)","(1, 26)",South,"[((1, 24), 'South', 179, 0, 179)]","['(5, 30)', '(1, 30)', '(6, 29)', '(3, 22)']","['(5, 30)', '(1, 30)', '(6, 29)', '(3, 22)', '(1, 24)']",[488 states],178,0,178
489,"(5, 30)","(5, 29)",North,"[((5, 31), 'North', 180, 0, 180)]","['(6, 29)', '(1, 30)', '(1, 24)', '(3, 22)']","['(6, 29)', '(1, 30)', '(1, 24)', '(3, 22)', '(5, 31)']",[489 states],179,0,179
490,"(6, 29)","(5, 29)",East,"[((7, 29), 'East', 180, 0, 180)]","['(1, 30)', '(3, 22)', '(1, 24)', '(5, 31)']","['(1, 30)', '(3, 22)', '(1, 24)', '(5, 31)', '(7, 29)']",[490 states],179,0,179
491,"(1, 30)","(1, 29)",North,"[((1, 31), 'North', 180, 0, 180)]","['(3, 22)', '(5, 31)', '(1, 24)', '(7, 29)']","['(3, 22)', '(5, 31)', '(1, 24)', '(7, 29)', '(1, 31)']",[491 states],179,0,179
492,"(3, 22)","(3, 23)",South,"[((3, 21), 'South', 180, 0, 180)]","['(1, 24)', '(5, 31)', '(1, 31)', '(7, 29)']","['(1, 24)', '(5, 31)', '(1, 31)', '(7, 29)', '(3, 21)']",[492 states],179,0,179
493,"(1, 24)","(1, 25)",South,"[((1, 23), 'South', 180, 0, 180)]","['(5, 31)', '(7, 29)', '(1, 31)', '(3, 21)']","['(5, 31)', '(7, 29)', '(1, 31)', '(3, 21)', '(1, 23)']",[493 states],179,0,179
494,"(5, 31)","(5, 30)",North,"[((5, 32), 'North', 181, 0, 181)]","['(7, 29)', '(3, 21)', '(1, 31)', '(1, 23)']","['(7, 29)', '(3, 21)', '(1, 31)', '(1, 23)', '(5, 32)']",[494 states],180,0,180
495,"(7, 29)","(6, 29)",East,"[((7, 30), 'North', 181, 0, 181)]","['(1, 31)', '(3, 21)', '(5, 32)', '(1, 23)']","['(1, 31)', '(3, 21)', '(5, 32)', '(1, 23)', '(7, 30)']",[495 states],180,0,180
496,"(1, 31)","(1, 30)",North,"[((2, 31), 'East', 181, 0, 181)]","['(3, 21)', '(1, 23)', '(5, 32)', '(7, 30)']","['(3, 21)', '(1, 23)', '(5, 32)', '(7, 30)', '(2, 31)']",[496 states],180,0,180
497,"(3, 21)","(3, 22)",South,"[((3, 20), 'South', 181, 0, 181), ((4, 21), 'East', 181, 0, 181), ((2, 21), 'West', 181, 0, 181)]","['(1, 23)', '(7, 30)', '(5, 32)', '(2, 31)']","['(1, 23)', '(7, 30)', '(5, 32)', '(2, 31)', '(3, 20)', '(4, 21)', '(2, 21)']",[497 states],180,0,180
498,"(1, 23)","(1, 24)",South,[],"['(5, 32)', '(7, 30)', '(4, 21)', '(2, 31)', '(3, 20)', '(2, 21)']","['(5, 32)', '(7, 30)', '(4, 21)', '(2, 31)', '(3, 20)', '(2, 21)']",[498 states],180,0,180
499,"(5, 32)","(5, 31)",North,"[((5, 33), 'North', 182, 0, 182)]","['(7, 30)', '(2, 31)', '(4, 21)', '(2, 21)', '(3, 20)']","['(7, 30)', '(2, 31)', '(4, 21)', '(2, 21)', '(3, 20)', '(5, 33)']",[499 states],181,0,181
500,"(7, 30)","(7, 29)",North,"[((7, 31), 'North', 182, 0, 182)]","['(2, 31)', '(3, 20)', '(4, 21)', '(2, 21)', '(5, 33)']","['(2, 31)', '(3, 20)', '(4, 21)', '(2, 21)', '(5, 33)', '(7, 31)']",[500 states],181,0,181
501,"(2, 31)","(1, 31)",East,"[((3, 31), 'East', 182, 0, 182)]","['(3, 20)', '(2, 21)', '(4, 21)', '(7, 31)', '(5, 33)']","['(3, 20)', '(2, 21)', '(4, 21)', '(7, 31)', '(5, 33)', '(3, 31)']",[501 states],181,0,181
502,"(3, 20)","(3, 21)",South,"[((3, 19), 'South', 182, 0, 182)]","['(4, 21)', '(2, 21)', '(3, 31)', '(7, 31)', '(5, 33)']","['(4, 21)', '(2, 21)', '(3, 31)', '(7, 31)', '(5, 33)', '(3, 19)']",[502 states],181,0,181
503,"(4, 21)","(3, 21)",East,"[((5, 21), 'East', 182, 0, 182)]","['(2, 21)', '(5, 33)', '(3, 31)', '(7, 31)', '(3, 19)']","['(2, 21)', '(5, 33)', '(3, 31)', '(7, 31)', '(3, 19)', '(5, 21)']",[503 states],181,0,181
504,"(2, 21)","(3, 21)",West,"[((1, 21), 'West', 182, 0, 182)]","['(5, 33)', '(7, 31)', '(3, 31)', '(5, 21)', '(3, 19)']","['(5, 33)', '(7, 31)', '(3, 31)', '(5, 21)', '(3, 19)', '(1, 21)']",[504 states],181,0,181
505,"(5, 33)","(5, 32)",North,"[((6, 33), 'East', 183, 0, 183), ((4, 33), 'West', 183, 0, 183)]","['(7, 31)', '(3, 19)', '(3, 31)', '(5, 21)', '(1, 21)']","['(7, 31)', '(3, 19)', '(3, 31)', '(5, 21)', '(1, 21)', '(6, 33)', '(4, 33)']",[505 states],182,0,182
506,"(7, 31)","(7, 30)",North,[],"['(3, 31)', '(3, 19)', '(6, 33)', '(5, 21)', '(1, 21)', '(4, 33)']","['(3, 31)', '(3, 19)', '(6, 33)', '(5, 21)', '(1, 21)', '(4, 33)']",[506 states],182,0,182
507,"(3, 31)","(2, 31)",East,[],"['(3, 19)', '(5, 21)', '(6, 33)', '(4, 33)', '(1, 21)']","['(3, 19)', '(5, 21)', '(6, 33)', '(4, 33)', '(1, 21)']",[507 states],182,0,182
508,"(3, 19)","(3, 20)",South,"[((3, 18), 'South', 183, 0, 183)]","['(5, 21)', '(1, 21)', '(6, 33)', '(4, 33)']","['(5, 21)', '(1, 21)', '(6, 33)', '(4, 33)', '(3, 18)']",[508 states],182,0,182
509,"(5, 21)","(4, 21)",East,"[((5, 20), 'South', 183, 0, 183)]","['(1, 21)', '(4, 33)', '(6, 33)', '(3, 18)']","['(1, 21)', '(4, 33)', '(6, 33)', '(3, 18)', '(5, 20)']",[509 states],182,0,182
510,"(1, 21)","(2, 21)",West,"[((1, 20), 'South', 183, 0, 183)]","['(6, 33)', '(4, 33)', '(5, 20)', '(3, 18)']","['(6, 33)', '(4, 33)', '(5, 20)', '(3, 18)', '(1, 20)']",[510 states],182,0,182
511,"(6, 33)","(5, 33)",East,"[((7, 33), 'East', 184, 0, 184)]","['(4, 33)', '(3, 18)', '(5, 20)', '(1, 20)']","['(4, 33)', '(3, 18)', '(5, 20)', '(1, 20)', '(7, 33)']",[511 states],183,0,183
512,"(4, 33)","(5, 33)",West,"[((3, 33), 'West', 184, 0, 184)]","['(3, 18)', '(1, 20)', '(5, 20)', '(7, 33)']","['(3, 18)', '(1, 20)', '(5, 20)', '(7, 33)', '(3, 33)']",[512 states],183,0,183
513,"(3, 18)","(3, 19)",South,"[((3, 17), 'South', 184, 0, 184)]","['(5, 20)', '(1, 20)', '(3, 33)', '(7, 33)']","['(5, 20)', '(1, 20)', '(3, 33)', '(7, 33)', '(3, 17)']",[513 states],183,0,183
514,"(5, 20)","(5, 21)",South,"[((5, 19), 'South', 184, 0, 184)]","['(1, 20)', '(7, 33)', '(3, 33)', '(3, 17)']","['(1, 20)', '(7, 33)', '(3, 33)', '(3, 17)', '(5, 19)']",[514 states],183,0,183
515,"(1, 20)","(1, 21)",South,"[((1, 19), 'South', 184, 0, 184)]","['(7, 33)', '(3, 17)', '(3, 33)', '(5, 19)']","['(7, 33)', '(3, 17)', '(3, 33)', '(5, 19)', '(1, 19)']",[515 states],183,0,183
516,"(7, 33)","(6, 33)",East,[],"['(3, 33)', '(3, 17)', '(1, 19)', '(5, 19)']","['(3, 33)', '(3, 17)', '(1, 19)', '(5, 19)']",[516 states],184,0,184
517,"(3, 33)","(4, 33)",West,"[((2, 33), 'West', 185, 0, 185)]","['(3, 17)', '(5, 19)', '(1, 19)']","['(3, 17)', '(5, 19)', '(1, 19)', '(2, 33)']",[517 states],184,0,184
518,"(3, 17)","(3, 18)",South,"[((4, 17), 'East', 185, 0, 185), ((2, 17), 'West', 185, 0, 185)]","['(5, 19)', '(2, 33)', '(1, 19)']","['(5, 19)', '(2, 33)', '(1, 19)', '(4, 17)', '(2, 17)']",[518 states],184,0,184
519,"(5, 19)","(5, 20)",South,[],"['(1, 19)', '(2, 33)', '(2, 17)', '(4, 17)']","['(1, 19)', '(2, 33)', '(2, 17)', '(4, 17)']",[519 states],184,0,184
520,"(1, 19)","(1, 20)",South,[],"['(2, 33)', '(4, 17)', '(2, 17)']","['(2, 33)', '(4, 17)', '(2, 17)']",[520 states],184,0,184
521,"(2, 33)","(3, 33)",West,"[((1, 33), 'West', 186, 0, 186)]","['(4, 17)', '(2, 17)']","['(4, 17)', '(2, 17)', '(1, 33)']",[521 states],185,0,185
522,"(4, 17)","(3, 17)",East,"[((5, 17), 'East', 186, 0, 186)]","['(2, 17)', '(1, 33)']","['(2, 17)', '(1, 33)', '(5, 17)']",[522 states],185,0,185
523,"(2, 17)","(3, 17)",West,"[((1, 17), 'West', 186, 0, 186)]","['(1, 33)', '(5, 17)']","['(1, 33)', '(5, 17)', '(1, 17)']",[523 states],185,0,185
524,"(1, 33)","(2, 33)",West,"[((1, 34), 'North', 187, 0, 187)]","['(5, 17)', '(1, 17)']","['(5, 17)', '(1, 17)', '(1, 34)']",[524 states],186,0,186
525,"(5, 17)","(4, 17)",East,"[((5, 16), 'South', 187, 0, 187), ((6, 17), 'East', 187, 0, 187)]","['(1, 17)', '(1, 34)']","['(1, 17)', '(1, 34)', '(5, 16)', '(6, 17)']",[525 states],186,0,186
526,"(1, 17)","(2, 17)",West,[],"['(1, 34)', '(6, 17)', '(5, 16)']","['(1, 34)', '(6, 17)', '(5, 16)']",[526 states],186,0,186
527,"(1, 34)","(1, 33)",North,"[((1, 35), 'North', 188, 0, 188)]","['(5, 16)', '(6, 17)']","['(5, 16)', '(6, 17)', '(1, 35)']",[527 states],187,0,187
528,"(5, 16)","(5, 17)",South,"[((5, 15), 'South', 188, 0, 188)]","['(6, 17)', '(1, 35)']","['(6, 17)', '(1, 35)', '(5, 15)']",[528 states],187,0,187
529,"(6, 17)","(5, 17)",East,"[((7, 17), 'East', 188, 0, 188)]","['(1, 35)', '(5, 15)']","['(1, 35)', '(5, 15)', '(7, 17)']",[529 states],187,0,187
530,"(1, 35)","(1, 34)",North,"[((2, 35), 'East', 189, 0, 189)]","['(5, 15)', '(7, 17)']","['(5, 15)', '(7, 17)', '(2, 35)']",[530 states],188,0,188
531,"(5, 15)","(5, 16)",South,"[((5, 14), 'South', 189, 0, 189)]","['(7, 17)', '(2, 35)']","['(7, 17)', '(2, 35)', '(5, 14)']",[531 states],188,0,188
532,"(7, 17)","(6, 17)",East,"[((7, 16), 'South', 189, 0, 189)]","['(2, 35)', '(5, 14)']","['(2, 35)', '(5, 14)', '(7, 16)']",[532 states],188,0,188
533,"(2, 35)","(1, 35)",East,"[((3, 35), 'East', 190, 0, 190)]","['(5, 14)', '(7, 16)']","['(5, 14)', '(7, 16)', '(3, 35)']",[533 states],189,0,189
534,"(5, 14)","(5, 15)",South,"[((5, 13), 'South', 190, 0, 190)]","['(7, 16)', '(3, 35)']","['(7, 16)', '(3, 35)', '(5, 13)']",[534 states],189,0,189
535,"(7, 16)","(7, 17)",South,"[((7, 15), 'South', 190, 0, 190)]","['(3, 35)', '(5, 13)']","['(3, 35)', '(5, 13)', '(7, 15)']",[535 states],189,0,189
536,"(3, 35)","(2, 35)",East,"[((4, 35), 'East', 191, 0, 191)]","['(5, 13)', '(7, 15)']","['(5, 13)', '(7, 15)', '(4, 35)']",[536 states],190,0,190
537,"(5, 13)","(5, 14)",South,"[((5, 12), 'South', 191, 0, 191), ((4, 13), 'West', 191, 0, 191)]","['(7, 15)', '(4, 35)']","['(7, 15)', '(4, 35)', '(5, 12)', '(4, 13)']",[537 states],190,0,190
538,"(7, 15)","(7, 16)",South,"[((8, 15), 'East', 191, 0, 191)]","['(4, 35)', '(4, 13)', '(5, 12)']","['(4, 35)', '(4, 13)', '(5, 12)', '(8, 15)']",[538 states],190,0,190
539,"(4, 35)","(3, 35)",East,"[((5, 35), 'East', 192, 0, 192)]","['(5, 12)', '(4, 13)', '(8, 15)']","['(5, 12)', '(4, 13)', '(8, 15)', '(5, 35)']",[539 states],191,0,191
540,"(5, 12)","(5, 13)",South,"[((5, 11), 'South', 192, 0, 192)]","['(4, 13)', '(5, 35)', '(8, 15)']","['(4, 13)', '(5, 35)', '(8, 15)', '(5, 11)']",[540 states],191,0,191
541,"(4, 13)","(5, 13)",West,"[((3, 13), 'West', 192, 0, 192)]","['(8, 15)', '(5, 35)', '(5, 11)']","['(8, 15)', '(5, 35)', '(5, 11)', '(3, 13)']",[541 states],191,0,191
542,"(8, 15)","(7, 15)",East,"[((9, 15), 'East', 192, 0, 192)]","['(5, 35)', '(3, 13)', '(5, 11)']","['(5, 35)', '(3, 13)', '(5, 11)', '(9, 15)']",[542 states],191,0,191
543,"(5, 35)","(4, 35)",East,"[((6, 35), 'East', 193, 0, 193)]","['(5, 11)', '(3, 13)', '(9, 15)']","['(5, 11)', '(3, 13)', '(9, 15)', '(6, 35)']",[543 states],192,0,192
544,"(5, 11)","(5, 12)",South,"[((6, 11), 'East', 193, 0, 193)]","['(3, 13)', '(6, 35)', '(9, 15)']","['(3, 13)', '(6, 35)', '(9, 15)', '(6, 11)']",[544 states],192,0,192
545,"(3, 13)","(4, 13)",West,"[((3, 12), 'South', 193, 0, 193)]","['(9, 15)', '(6, 35)', '(6, 11)']","['(9, 15)', '(6, 35)', '(6, 11)', '(3, 12)']",[545 states],192,0,192
546,"(9, 15)","(8, 15)",East,"[((9, 16), 'North', 193, 0, 193), ((10, 15), 'East', 193, 0, 193)]","['(6, 35)', '(3, 12)', '(6, 11)']","['(6, 35)', '(3, 12)', '(6, 11)', '(9, 16)', '(10, 15)']",[546 states],192,0,192
547,"(6, 35)","(5, 35)",East,"[((7, 35), 'East', 194, 0, 194)]","['(6, 11)', '(3, 12)', '(10, 15)', '(9, 16)']","['(6, 11)', '(3, 12)', '(10, 15)', '(9, 16)', '(7, 35)']",[547 states],193,0,193
548,"(6, 11)","(5, 11)",East,"[((7, 11), 'East', 194, 0, 194)]","['(3, 12)', '(9, 16)', '(10, 15)', '(7, 35)']","['(3, 12)', '(9, 16)', '(10, 15)', '(7, 35)', '(7, 11)']",[548 states],193,0,193
549,"(3, 12)","(3, 13)",South,"[((3, 11), 'South', 194, 0, 194)]","['(9, 16)', '(7, 35)', '(10, 15)', '(7, 11)']","['(9, 16)', '(7, 35)', '(10, 15)', '(7, 11)', '(3, 11)']",[549 states],193,0,193
550,"(9, 16)","(9, 15)",North,"[((9, 17), 'North', 194, 0, 194)]","['(10, 15)', '(7, 35)', '(3, 11)', '(7, 11)']","['(10, 15)', '(7, 35)', '(3, 11)', '(7, 11)', '(9, 17)']",[550 states],193,0,193
551,"(10, 15)","(9, 15)",East,"[((11, 15), 'East', 194, 0, 194)]","['(7, 35)', '(7, 11)', '(3, 11)', '(9, 17)']","['(7, 35)', '(7, 11)', '(3, 11)', '(9, 17)', '(11, 15)']",[551 states],193,0,193
552,"(7, 35)","(6, 35)",East,[],"['(7, 11)', '(9, 17)', '(3, 11)', '(11, 15)']","['(7, 11)', '(9, 17)', '(3, 11)', '(11, 15)']",[552 states],194,0,194
553,"(7, 11)","(6, 11)",East,"[((7, 10), 'South', 195, 0, 195)]","['(3, 11)', '(9, 17)', '(11, 15)']","['(3, 11)', '(9, 17)', '(11, 15)', '(7, 10)']",[553 states],194,0,194
554,"(3, 11)","(3, 12)",South,"[((3, 10), 'South', 195, 0, 195)]","['(9, 17)', '(7, 10)', '(11, 15)']","['(9, 17)', '(7, 10)', '(11, 15)', '(3, 10)']",[554 states],194,0,194
555,"(9, 17)","(9, 16)",North,[],"['(11, 15)', '(7, 10)', '(3, 10)']","['(11, 15)', '(7, 10)', '(3, 10)']",[555 states],194,0,194
556,"(11, 15)","(10, 15)",East,"[((11, 14), 'South', 195, 0, 195), ((12, 15), 'East', 195, 0, 195)]","['(7, 10)', '(3, 10)']","['(7, 10)', '(3, 10)', '(11, 14)', '(12, 15)']",[556 states],194,0,194
557,"(7, 10)","(7, 11)",South,"[((7, 9), 'South', 196, 0, 196)]","['(3, 10)', '(12, 15)', '(11, 14)']","['(3, 10)', '(12, 15)', '(11, 14)', '(7, 9)']",[557 states],195,0,195
558,"(3, 10)","(3, 11)",South,"[((3, 9), 'South', 196, 0, 196)]","['(11, 14)', '(12, 15)', '(7, 9)']","['(11, 14)', '(12, 15)', '(7, 9)', '(3, 9)']",[558 states],195,0,195
559,"(11, 14)","(11, 15)",South,"[((11, 13), 'South', 196, 0, 196)]","['(12, 15)', '(3, 9)', '(7, 9)']","['(12, 15)', '(3, 9)', '(7, 9)', '(11, 13)']",[559 states],195,0,195
560,"(12, 15)","(11, 15)",East,"[((13, 15), 'East', 196, 0, 196)]","['(7, 9)', '(3, 9)', '(11, 13)']","['(7, 9)', '(3, 9)', '(11, 13)', '(13, 15)']",[560 states],195,0,195
561,"(7, 9)","(7, 10)",South,[],"['(3, 9)', '(13, 15)', '(11, 13)']","['(3, 9)', '(13, 15)', '(11, 13)']",[561 states],196,0,196
562,"(3, 9)","(3, 10)",South,"[((4, 9), 'East', 197, 0, 197)]","['(11, 13)', '(13, 15)']","['(11, 13)', '(13, 15)', '(4, 9)']",[562 states],196,0,196
563,"(11, 13)","(11, 14)",South,"[((11, 12), 'South', 197, 0, 197), ((12, 13), 'East', 197, 0, 197), ((10, 13), 'West', 197, 0, 197)]","['(13, 15)', '(4, 9)']","['(13, 15)', '(4, 9)', '(11, 12)', '(12, 13)', '(10, 13)']",[563 states],196,0,196
564,"(13, 15)","(12, 15)",East,"[((14, 15), 'East', 197, 0, 197)]","['(4, 9)', '(12, 13)', '(11, 12)', '(10, 13)']","['(4, 9)', '(12, 13)', '(11, 12)', '(10, 13)', '(14, 15)']",[564 states],196,0,196
565,"(4, 9)","(3, 9)",East,"[((5, 9), 'East', 198, 0, 198)]","['(11, 12)', '(12, 13)', '(14, 15)', '(10, 13)']","['(11, 12)', '(12, 13)', '(14, 15)', '(10, 13)', '(5, 9)']",[565 states],197,0,197
566,"(11, 12)","(11, 13)",South,"[((11, 11), 'South', 198, 0, 198)]","['(12, 13)', '(10, 13)', '(14, 15)', '(5, 9)']","['(12, 13)', '(10, 13)', '(14, 15)', '(5, 9)', '(11, 11)']",[566 states],197,0,197
567,"(12, 13)","(11, 13)",East,[],"['(10, 13)', '(5, 9)', '(14, 15)', '(11, 11)']","['(10, 13)', '(5, 9)', '(14, 15)', '(11, 11)']",[567 states],197,0,197
568,"(10, 13)","(11, 13)",West,"[((9, 13), 'West', 198, 0, 198)]","['(14, 15)', '(5, 9)', '(11, 11)']","['(14, 15)', '(5, 9)', '(11, 11)', '(9, 13)']",[568 states],197,0,197
569,"(14, 15)","(13, 15)",East,"[((15, 15), 'East', 198, 0, 198)]","['(5, 9)', '(9, 13)', '(11, 11)']","['(5, 9)', '(9, 13)', '(11, 11)', '(15, 15)']",[569 states],197,0,197
570,"(5, 9)","(4, 9)",East,"[((5, 8), 'South', 199, 0, 199)]","['(11, 11)', '(9, 13)', '(15, 15)']","['(11, 11)', '(9, 13)', '(15, 15)', '(5, 8)']",[570 states],198,0,198
571,"(11, 11)","(11, 12)",South,"[((11, 10), 'South', 199, 0, 199), ((12, 11), 'East', 199, 0, 199), ((10, 11), 'West', 199, 0, 199)]","['(9, 13)', '(5, 8)', '(15, 15)']","['(9, 13)', '(5, 8)', '(15, 15)', '(11, 10)', '(12, 11)', '(10, 11)']",[571 states],198,0,198
572,"(9, 13)","(10, 13)",West,"[((8, 13), 'West', 199, 0, 199)]","['(15, 15)', '(5, 8)', '(10, 11)', '(11, 10)', '(12, 11)']","['(15, 15)', '(5, 8)', '(10, 11)', '(11, 10)', '(12, 11)', '(8, 13)']",[572 states],198,0,198
573,"(15, 15)","(14, 15)",East,"[((16, 15), 'East', 199, 0, 199)]","['(5, 8)', '(11, 10)', '(10, 11)', '(8, 13)', '(12, 11)']","['(5, 8)', '(11, 10)', '(10, 11)', '(8, 13)', '(12, 11)', '(16, 15)']",[573 states],198,0,198
574,"(5, 8)","(5, 9)",South,"[((5, 7), 'South', 200, 0, 200)]","['(11, 10)', '(12, 11)', '(10, 11)', '(8, 13)', '(16, 15)']","['(11, 10)', '(12, 11)', '(10, 11)', '(8, 13)', '(16, 15)', '(5, 7)']",[574 states],199,0,199
575,"(11, 10)","(11, 11)",South,"[((11, 9), 'South', 200, 0, 200)]","['(12, 11)', '(8, 13)', '(10, 11)', '(5, 7)', '(16, 15)']","['(12, 11)', '(8, 13)', '(10, 11)', '(5, 7)', '(16, 15)', '(11, 9)']",[575 states],199,0,199
576,"(12, 11)","(11, 11)",East,"[((13, 11), 'East', 200, 0, 200)]","['(10, 11)', '(8, 13)', '(11, 9)', '(5, 7)', '(16, 15)']","['(10, 11)', '(8, 13)', '(11, 9)', '(5, 7)', '(16, 15)', '(13, 11)']",[576 states],199,0,199
577,"(10, 11)","(11, 11)",West,"[((9, 11), 'West', 200, 0, 200)]","['(8, 13)', '(16, 15)', '(11, 9)', '(5, 7)', '(13, 11)']","['(8, 13)', '(16, 15)', '(11, 9)', '(5, 7)', '(13, 11)', '(9, 11)']",[577 states],199,0,199
578,"(8, 13)","(9, 13)",West,"[((7, 13), 'West', 200, 0, 200)]","['(16, 15)', '(5, 7)', '(11, 9)', '(9, 11)', '(13, 11)']","['(16, 15)', '(5, 7)', '(11, 9)', '(9, 11)', '(13, 11)', '(7, 13)']",[578 states],199,0,199
579,"(16, 15)","(15, 15)",East,"[((17, 15), 'East', 200, 0, 200)]","['(5, 7)', '(13, 11)', '(11, 9)', '(9, 11)', '(7, 13)']","['(5, 7)', '(13, 11)', '(11, 9)', '(9, 11)', '(7, 13)', '(17, 15)']",[579 states],199,0,199
580,"(5, 7)","(5, 8)",South,"[((5, 6), 'South', 201, 0, 201), ((6, 7), 'East', 201, 0, 201), ((4, 7), 'West', 201, 0, 201)]","['(11, 9)', '(13, 11)', '(17, 15)', '(9, 11)', '(7, 13)']","['(11, 9)', '(13, 11)', '(17, 15)', '(9, 11)', '(7, 13)', '(5, 6)', '(6, 7)', '(4, 7)']",[580 states],200,0,200
581,"(11, 9)","(11, 10)",South,"[((10, 9), 'West', 201, 0, 201)]","['(13, 11)', '(9, 11)', '(17, 15)', '(4, 7)', '(7, 13)', '(5, 6)', '(6, 7)']","['(13, 11)', '(9, 11)', '(17, 15)', '(4, 7)', '(7, 13)', '(5, 6)', '(6, 7)', '(10, 9)']",[581 states],200,0,200
582,"(13, 11)","(12, 11)",East,"[((13, 10), 'South', 201, 0, 201)]","['(9, 11)', '(7, 13)', '(17, 15)', '(4, 7)', '(10, 9)', '(5, 6)', '(6, 7)']","['(9, 11)', '(7, 13)', '(17, 15)', '(4, 7)', '(10, 9)', '(5, 6)', '(6, 7)', '(13, 10)']",[582 states],200,0,200
583,"(9, 11)","(10, 11)",West,[],"['(7, 13)', '(4, 7)', '(17, 15)', '(13, 10)', '(10, 9)', '(5, 6)', '(6, 7)']","['(7, 13)', '(4, 7)', '(17, 15)', '(13, 10)', '(10, 9)', '(5, 6)', '(6, 7)']",[583 states],200,0,200
584,"(7, 13)","(8, 13)",West,[],"['(17, 15)', '(4, 7)', '(5, 6)', '(13, 10)', '(10, 9)', '(6, 7)']","['(17, 15)', '(4, 7)', '(5, 6)', '(13, 10)', '(10, 9)', '(6, 7)']",[584 states],200,0,200
585,"(17, 15)","(16, 15)",East,[],"['(5, 6)', '(4, 7)', '(6, 7)', '(13, 10)', '(10, 9)']","['(5, 6)', '(4, 7)', '(6, 7)', '(13, 10)', '(10, 9)']",[585 states],200,0,200
586,"(5, 6)","(5, 7)",South,"[((5, 5), 'South', 202, 0, 202)]","['(6, 7)', '(4, 7)', '(10, 9)', '(13, 10)']","['(6, 7)', '(4, 7)', '(10, 9)', '(13, 10)', '(5, 5)']",[586 states],201,0,201
587,"(6, 7)","(5, 7)",East,"[((7, 7), 'East', 202, 0, 202)]","['(4, 7)', '(13, 10)', '(10, 9)', '(5, 5)']","['(4, 7)', '(13, 10)', '(10, 9)', '(5, 5)', '(7, 7)']",[587 states],201,0,201
588,"(4, 7)","(5, 7)",West,"[((3, 7), 'West', 202, 0, 202)]","['(10, 9)', '(13, 10)', '(7, 7)', '(5, 5)']","['(10, 9)', '(13, 10)', '(7, 7)', '(5, 5)', '(3, 7)']",[588 states],201,0,201
589,"(10, 9)","(11, 9)",West,"[((9, 9), 'West', 202, 0, 202)]","['(13, 10)', '(5, 5)', '(7, 7)', '(3, 7)']","['(13, 10)', '(5, 5)', '(7, 7)', '(3, 7)', '(9, 9)']",[589 states],201,0,201
590,"(13, 10)","(13, 11)",South,"[((13, 9), 'South', 202, 0, 202)]","['(5, 5)', '(3, 7)', '(7, 7)', '(9, 9)']","['(5, 5)', '(3, 7)', '(7, 7)', '(9, 9)', '(13, 9)']",[590 states],201,0,201
591,"(5, 5)","(5, 6)",South,[],"['(7, 7)', '(3, 7)', '(13, 9)', '(9, 9)']","['(7, 7)', '(3, 7)', '(13, 9)', '(9, 9)']",[591 states],202,0,202
592,"(7, 7)","(6, 7)",East,[],"['(3, 7)', '(9, 9)', '(13, 9)']","['(3, 7)', '(9, 9)', '(13, 9)']",[592 states],202,0,202
593,"(3, 7)","(4, 7)",West,"[((3, 6), 'South', 203, 0, 203), ((2, 7), 'West', 203, 0, 203)]","['(9, 9)', '(13, 9)']","['(9, 9)', '(13, 9)', '(3, 6)', '(2, 7)']",[593 states],202,0,202
594,"(9, 9)","(10, 9)",West,"[((9, 8), 'South', 203, 0, 203)]","['(13, 9)', '(2, 7)', '(3, 6)']","['(13, 9)', '(2, 7)', '(3, 6)', '(9, 8)']",[594 states],202,0,202
595,"(13, 9)","(13, 10)",South,[],"['(3, 6)', '(2, 7)', '(9, 8)']","['(3, 6)', '(2, 7)', '(9, 8)']",[595 states],202,0,202
596,"(3, 6)","(3, 7)",South,"[((3, 5), 'South', 204, 0, 204)]","['(2, 7)', '(9, 8)']","['(2, 7)', '(9, 8)', '(3, 5)']",[596 states],203,0,203
597,"(2, 7)","(3, 7)",West,"[((1, 7), 'West', 204, 0, 204)]","['(9, 8)', '(3, 5)']","['(9, 8)', '(3, 5)', '(1, 7)']",[597 states],203,0,203
598,"(9, 8)","(9, 9)",South,"[((9, 7), 'South', 204, 0, 204)]","['(3, 5)', '(1, 7)']","['(3, 5)', '(1, 7)', '(9, 7)']",[598 states],203,0,203
599,"(3, 5)","(3, 6)",South,"[((3, 4), 'South', 205, 0, 205)]","['(1, 7)', '(9, 7)']","['(1, 7)', '(9, 7)', '(3, 4)']",[599 states],204,0,204
600,"(1, 7)","(2, 7)",West,"[((1, 8), 'North', 205, 0, 205)]","['(9, 7)', '(3, 4)']","['(9, 7)', '(3, 4)', '(1, 8)']",[600 states],204,0,204
601,"(9, 7)","(9, 8)",South,"[((10, 7), 'East', 205, 0, 205)]","['(3, 4)', '(1, 8)']","['(3, 4)', '(1, 8)', '(10, 7)']",[601 states],204,0,204
602,"(3, 4)","(3, 5)",South,"[((3, 3), 'South', 206, 0, 206)]","['(1, 8)', '(10, 7)']","['(1, 8)', '(10, 7)', '(3, 3)']",[602 states],205,0,205
603,"(1, 8)","(1, 7)",North,"[((1, 9), 'North', 206, 0, 206)]","['(10, 7)', '(3, 3)']","['(10, 7)', '(3, 3)', '(1, 9)']",[603 states],205,0,205
604,"(10, 7)","(9, 7)",East,"[((11, 7), 'East', 206, 0, 206)]","['(3, 3)', '(1, 9)']","['(3, 3)', '(1, 9)', '(11, 7)']",[604 states],205,0,205
605,"(3, 3)","(3, 4)",South,"[((3, 2), 'South', 207, 0, 207), ((2, 3), 'West', 207, 0, 207)]","['(1, 9)', '(11, 7)']","['(1, 9)', '(11, 7)', '(3, 2)', '(2, 3)']",[605 states],206,0,206
606,"(1, 9)","(1, 8)",North,"[((1, 10), 'North', 207, 0, 207)]","['(11, 7)', '(2, 3)', '(3, 2)']","['(11, 7)', '(2, 3)', '(3, 2)', '(1, 10)']",[606 states],206,0,206
607,"(11, 7)","(10, 7)",East,"[((11, 6), 'South', 207, 0, 207)]","['(3, 2)', '(2, 3)', '(1, 10)']","['(3, 2)', '(2, 3)', '(1, 10)', '(11, 6)']",[607 states],206,0,206
608,"(3, 2)","(3, 3)",South,"[((3, 1), 'South', 208, 0, 208)]","['(2, 3)', '(11, 6)', '(1, 10)']","['(2, 3)', '(11, 6)', '(1, 10)', '(3, 1)']",[608 states],207,0,207
609,"(2, 3)","(3, 3)",West,"[((1, 3), 'West', 208, 0, 208)]","['(1, 10)', '(11, 6)', '(3, 1)']","['(1, 10)', '(11, 6)', '(3, 1)', '(1, 3)']",[609 states],207,0,207
610,"(1, 10)","(1, 9)",North,"[((1, 11), 'North', 208, 0, 208)]","['(11, 6)', '(1, 3)', '(3, 1)']","['(11, 6)', '(1, 3)', '(3, 1)', '(1, 11)']",[610 states],207,0,207
611,"(11, 6)","(11, 7)",South,"[((11, 5), 'South', 208, 0, 208)]","['(3, 1)', '(1, 3)', '(1, 11)']","['(3, 1)', '(1, 3)', '(1, 11)', '(11, 5)']",[611 states],207,0,207
612,"(3, 1)","(3, 2)",South,[],"['(1, 3)', '(11, 5)', '(1, 11)']","['(1, 3)', '(11, 5)', '(1, 11)']",[612 states],208,0,208
613,"(1, 3)","(2, 3)",West,"[((1, 4), 'North', 209, 0, 209), ((1, 2), 'South', 209, 0, 209)]","['(1, 11)', '(11, 5)']","['(1, 11)', '(11, 5)', '(1, 4)', '(1, 2)']",[613 states],208,0,208
614,"(1, 11)","(1, 10)",North,"[((1, 12), 'North', 209, 0, 209)]","['(11, 5)', '(1, 2)', '(1, 4)']","['(11, 5)', '(1, 2)', '(1, 4)', '(1, 12)']",[614 states],208,0,208
615,"(11, 5)","(11, 6)",South,"[((11, 4), 'South', 209, 0, 209)]","['(1, 4)', '(1, 2)', '(1, 12)']","['(1, 4)', '(1, 2)', '(1, 12)', '(11, 4)']",[615 states],208,0,208
616,"(1, 4)","(1, 3)",North,"[((1, 5), 'North', 210, 0, 210)]","['(1, 2)', '(11, 4)', '(1, 12)']","['(1, 2)', '(11, 4)', '(1, 12)', '(1, 5)']",[616 states],209,0,209
617,"(1, 2)","(1, 3)",South,"[((1, 1), 'South', 210, 0, 210)]","['(1, 12)', '(11, 4)', '(1, 5)']","['(1, 12)', '(11, 4)', '(1, 5)', '(1, 1)']",[617 states],209,0,209
618,"(1, 12)","(1, 11)",North,"[((1, 13), 'North', 210, 0, 210)]","['(11, 4)', '(1, 1)', '(1, 5)']","['(11, 4)', '(1, 1)', '(1, 5)', '(1, 13)']",[618 states],209,0,209
619,"(11, 4)","(11, 5)",South,"[((11, 3), 'South', 210, 0, 210)]","['(1, 5)', '(1, 1)', '(1, 13)']","['(1, 5)', '(1, 1)', '(1, 13)', '(11, 3)']",[619 states],209,0,209
620,"(1, 5)","(1, 4)",North,[],"['(1, 1)', '(11, 3)', '(1, 13)']","['(1, 1)', '(11, 3)', '(1, 13)']",[620 states],210,0,210
621,"(1, 1)","(1, 2)",South,[],"['(1, 13)', '(11, 3)']","['(1, 13)', '(11, 3)']",[620 states],210,0,210
