iteration,expanded_state,parent,action,generated_successors,frontier_before,frontier_after,explored,g,h,f
1,"(35, 1)",None,Start,"[((35, 2), 'North', 1, 35, 36), ((34, 1), 'West', 1, 33, 34)]",[],"['(34, 1)', '(35, 2)']","[(35, 1)]",0,34,34
2,"(34, 1)","(35, 1)",West,"[((33, 1), 'West', 2, 32, 34)]","['(35, 2)']","['(33, 1)', '(35, 2)']","[(34, 1), (35, 1)]",1,33,34
3,"(33, 1)","(34, 1)",West,[],"['(35, 2)']","['(35, 2)']","[(33, 1), (34, 1), (35, 1)]",2,32,34
4,"(35, 2)","(35, 1)",North,"[((35, 3), 'North', 2, 36, 38)]",[],"['(35, 3)']","[(35, 2), (33, 1), (34, 1), (35, 1)]",1,35,36
5,"(35, 3)","(35, 2)",North,"[((35, 4), 'North', 3, 37, 40), ((34, 3), 'West', 3, 35, 38)]",[],"['(34, 3)', '(35, 4)']","[(33, 1), (34, 1), (35, 1), (35, 3), (35, 2)]",2,36,38
6,"(34, 3)","(35, 3)",West,"[((33, 3), 'West', 4, 34, 38)]","['(35, 4)']","['(33, 3)', '(35, 4)']","[(33, 1), (34, 1), (35, 1), (34, 3), (35, 3), (35, 2)]",3,35,38
7,"(33, 3)","(34, 3)",West,"[((33, 4), 'North', 5, 35, 40), ((32, 3), 'West', 5, 33, 38)]","['(35, 4)']","['(32, 3)', '(33, 4)', '(35, 4)']","[(33, 1), (34, 1), (35, 1), (33, 3), (34, 3), (35, 3), (35, 2)]",4,34,38
8,"(32, 3)","(33, 3)",West,"[((31, 3), 'West', 6, 32, 38)]","['(35, 4)', '(33, 4)']","['(31, 3)', '(33, 4)', '(35, 4)']","[(33, 1), (34, 1), (35, 1), (32, 3), (33, 3), (34, 3), (35, 3), (35, 2)]",5,33,38
9,"(31, 3)","(32, 3)",West,"[((31, 4), 'North', 7, 33, 40), ((31, 2), 'South', 7, 31, 38)]","['(35, 4)', '(33, 4)']","['(31, 2)', '(35, 4)', '(31, 4)', '(33, 4)']","[(33, 1), (34, 1), (35, 1), (32, 3), (33, 3), (34, 3), (35, 3), (31, 3), (35, 2)]",6,32,38
10,"(31, 2)","(31, 3)",South,"[((31, 1), 'South', 8, 30, 38)]","['(35, 4)', '(33, 4)', '(31, 4)']","['(31, 1)', '(35, 4)', '(31, 4)', '(33, 4)']","[(33, 1), (34, 1), (35, 1), (32, 3), (33, 3), (34, 3), (35, 3), (31, 3), (35, 2), (31, 2)]",7,31,38
11,"(31, 1)","(31, 2)",South,[],"['(35, 4)', '(33, 4)', '(31, 4)']","['(35, 4)', '(33, 4)', '(31, 4)']","[(33, 1), (34, 1), (35, 1), (32, 3), (31, 1), (33, 3), (34, 3), (35, 3), (31, 3), (35, 2), (31, 2)]",8,30,38
12,"(35, 4)","(35, 3)",North,"[((35, 5), 'North', 4, 38, 42)]","['(33, 4)', '(31, 4)']","['(33, 4)', '(31, 4)', '(35, 5)']","[(33, 1), (35, 4), (34, 1), (35, 1), (32, 3), (31, 1), (33, 3), (34, 3), (35, 3), (31, 3), (35, 2), (31, 2)]",3,37,40
13,"(33, 4)","(33, 3)",North,"[((33, 5), 'North', 6, 36, 42)]","['(31, 4)', '(35, 5)']","['(31, 4)', '(35, 5)', '(33, 5)']","[(33, 1), (35, 4), (34, 1), (35, 1), (32, 3), (31, 1), (33, 3), (34, 3), (35, 3), (31, 3), (35, 2), (31, 2), (33, 4)]",5,35,40
14,"(31, 4)","(31, 3)",North,"[((31, 5), 'North', 8, 34, 42)]","['(35, 5)', '(33, 5)']","['(35, 5)', '(33, 5)', '(31, 5)']","[(33, 1), (35, 4), (34, 1), (35, 1), (31, 4), (32, 3), (31, 1), (33, 3), (34, 3), (35, 3), (31, 3), (35, 2), (31, 2), (33, 4)]",7,33,40
15,"(35, 5)","(35, 4)",North,[],"['(33, 5)', '(31, 5)']","['(33, 5)', '(31, 5)']","[(33, 1), (35, 5), (35, 4), (34, 1), (35, 1), (31, 4), (32, 3), (31, 1), (33, 3), (34, 3), (35, 3), (31, 3), (35, 2), (31, 2), (33, 4)]",4,38,42
16,"(33, 5)","(33, 4)",North,"[((33, 6), 'North', 7, 37, 44)]","['(31, 5)']","['(31, 5)', '(33, 6)']","[(33, 1), (35, 5), (35, 4), (34, 1), (35, 1), (31, 4), (32, 3), (31, 1), (33, 3), (34, 3), (35, 3), (31, 3), (33, 5), (35, 2), (31, 2), (33, 4)]",6,36,42
17,"(31, 5)","(31, 4)",North,"[((31, 6), 'North', 9, 35, 44), ((30, 5), 'West', 9, 33, 42)]","['(33, 6)']","['(30, 5)', '(31, 6)', '(33, 6)']","[(31, 5), (33, 1), (35, 5), (35, 4), (34, 1), (35, 1), (31, 4), (32, 3), (31, 1), (33, 3), (34, 3), (35, 3), (31, 3), (33, 5), (35, 2), (31, 2), (33, 4)]",8,34,42
18,"(30, 5)","(31, 5)",West,"[((29, 5), 'West', 10, 32, 42)]","['(33, 6)', '(31, 6)']","['(29, 5)', '(31, 6)', '(33, 6)']","[(31, 5), (33, 1), (35, 5), (35, 4), (34, 1), (35, 1), (31, 4), (32, 3), (31, 1), (33, 3), (34, 3), (35, 3), (31, 3), (33, 5), (35, 2), (31, 2), (30, 5), (33, 4)]",9,33,42
19,"(29, 5)","(30, 5)",West,"[((29, 4), 'South', 11, 31, 42)]","['(33, 6)', '(31, 6)']","['(29, 4)', '(31, 6)', '(33, 6)']","[(31, 5), (34, 1), (33, 5), (32, 3), (35, 2), (35, 5), (31, 4), (31, 1), (34, 3), (30, 5), (33, 4), (33, 1), (35, 4), (35, 1), (31, 3), (33, 3), (35, 3), (29, 5), (31, 2)]",10,32,42
20,"(29, 4)","(29, 5)",South,"[((29, 3), 'South', 12, 30, 42)]","['(33, 6)', '(31, 6)']","['(29, 3)', '(31, 6)', '(33, 6)']","[(31, 5), (34, 1), (33, 5), (32, 3), (35, 2), (35, 5), (29, 4), (31, 4), (31, 1), (34, 3), (30, 5), (33, 4), (33, 1), (35, 4), (35, 1), (31, 3), (33, 3), (35, 3), (29, 5), (31, 2)]",11,31,42
21,"(29, 3)","(29, 4)",South,"[((28, 3), 'West', 13, 29, 42)]","['(33, 6)', '(31, 6)']","['(28, 3)', '(31, 6)', '(33, 6)']","[(31, 5), (34, 1), (33, 5), (32, 3), (35, 2), (35, 5), (29, 4), (31, 4), (31, 1), (34, 3), (30, 5), (33, 4), (33, 1), (35, 4), (35, 1), (29, 3), (31, 3), (33, 3), (35, 3), (29, 5), (31, 2)]",12,30,42
22,"(28, 3)","(29, 3)",West,"[((27, 3), 'West', 14, 28, 42)]","['(33, 6)', '(31, 6)']","['(27, 3)', '(31, 6)', '(33, 6)']","[(31, 5), (34, 1), (28, 3), (33, 5), (32, 3), (35, 2), (35, 5), (29, 4), (31, 4), (31, 1), (34, 3), (30, 5), (33, 4), (33, 1), (35, 4), (35, 1), (29, 3), (31, 3), (33, 3), (35, 3), (29, 5), (31, 2)]",13,29,42
23,"(27, 3)","(28, 3)",West,"[((27, 4), 'North', 15, 29, 44), ((27, 2), 'South', 15, 27, 42), ((26, 3), 'West', 15, 27, 42)]","['(33, 6)', '(31, 6)']","['(27, 2)', '(26, 3)', '(27, 4)', '(31, 6)', '(33, 6)']","[(31, 5), (34, 1), (28, 3), (33, 5), (32, 3), (35, 2), (35, 5), (29, 4), (31, 4), (31, 1), (34, 3), (27, 3), (30, 5), (33, 4), (33, 1), (35, 4), (35, 1), (29, 3), (31, 3), (33, 3), (35, 3), (29, 5), (31, 2)]",14,28,42
24,"(27, 2)","(27, 3)",South,"[((27, 1), 'South', 16, 26, 42)]","['(26, 3)', '(33, 6)', '(27, 4)', '(31, 6)']","['(26, 3)', '(27, 1)', '(27, 4)', '(31, 6)', '(33, 6)']","[(31, 5), (34, 1), (28, 3), (33, 5), (32, 3), (35, 2), (35, 5), (29, 4), (31, 4), (31, 1), (34, 3), (27, 3), (30, 5), (33, 4), (33, 1), (35, 4), (35, 1), (29, 3), (31, 3), (27, 2), (33, 3), (35, 3), (29, 5), (31, 2)]",15,27,42
25,"(26, 3)","(27, 3)",West,"[((25, 3), 'West', 16, 26, 42)]","['(27, 1)', '(33, 6)', '(27, 4)', '(31, 6)']","['(27, 1)', '(25, 3)', '(27, 4)', '(31, 6)', '(33, 6)']","[(31, 5), (34, 1), (28, 3), (33, 5), (32, 3), (35, 2), (35, 5), (29, 4), (31, 4), (31, 1), (34, 3), (27, 3), (30, 5), (33, 4), (33, 1), (35, 4), (35, 1), (29, 3), (31, 3), (27, 2), (33, 3), (35, 3), (26, 3), (29, 5), (31, 2)]",15,27,42
26,"(27, 1)","(27, 2)",South,"[((28, 1), 'East', 17, 27, 44)]","['(25, 3)', '(33, 6)', '(27, 4)', '(31, 6)']","['(25, 3)', '(33, 6)', '(27, 4)', '(31, 6)', '(28, 1)']","[(31, 5), (34, 1), (27, 1), (28, 3), (33, 5), (32, 3), (35, 2), (35, 5), (29, 4), (31, 4), (31, 1), (34, 3), (27, 3), (30, 5), (33, 4), (33, 1), (35, 4), (35, 1), (29, 3), (31, 3), (27, 2), (33, 3), (35, 3), (26, 3), (29, 5), (31, 2)]",16,26,42
27,"(25, 3)","(26, 3)",West,"[((25, 4), 'North', 17, 27, 44), ((24, 3), 'West', 17, 25, 42)]","['(33, 6)', '(31, 6)', '(27, 4)', '(28, 1)']","['(24, 3)', '(31, 6)', '(33, 6)', '(28, 1)', '(25, 4)', '(27, 4)']","[(31, 5), (34, 1), (27, 1), (28, 3), (33, 5), (32, 3), (35, 2), (35, 5), (29, 4), (31, 4), (31, 1), (34, 3), (27, 3), (30, 5), (33, 4), (33, 1), (35, 4), (25, 3), (35, 1), (29, 3), (31, 3), (27, 2), (33, 3), (35, 3), (26, 3), (29, 5), (31, 2)]",16,26,42
28,"(24, 3)","(25, 3)",West,"[((23, 3), 'West', 18, 24, 42)]","['(33, 6)', '(31, 6)', '(27, 4)', '(28, 1)', '(25, 4)']","['(23, 3)', '(31, 6)', '(33, 6)', '(28, 1)', '(25, 4)', '(27, 4)']","[(31, 5), (34, 1), (27, 1), (28, 3), (33, 5), (32, 3), (35, 2), (35, 5), (29, 4), (31, 4), (31, 1), (34, 3), (27, 3), (30, 5), (33, 4), (33, 1), (35, 4), (25, 3), (35, 1), (29, 3), (31, 3), (27, 2), (33, 3), (35, 3), (24, 3), (26, 3), (29, 5), (31, 2)]",17,25,42
29,"(23, 3)","(24, 3)",West,"[((23, 2), 'South', 19, 23, 42), ((22, 3), 'West', 19, 23, 42)]","['(33, 6)', '(31, 6)', '(27, 4)', '(28, 1)', '(25, 4)']","['(23, 2)', '(31, 6)', '(22, 3)', '(28, 1)', '(25, 4)', '(27, 4)', '(33, 6)']","[(31, 5), (34, 1), (27, 1), (28, 3), (33, 5), (32, 3), (35, 2), (35, 5), (29, 4), (31, 4), (31, 1), (23, 3), (34, 3), (27, 3), (30, 5), (33, 4), (33, 1), (35, 4), (25, 3), (35, 1), (29, 3), (31, 3), (27, 2), (33, 3), (35, 3), (24, 3), (26, 3), (29, 5), (31, 2)]",18,24,42
30,"(23, 2)","(23, 3)",South,"[((23, 1), 'South', 20, 22, 42)]","['(22, 3)', '(31, 6)', '(33, 6)', '(28, 1)', '(25, 4)', '(27, 4)']","['(22, 3)', '(31, 6)', '(23, 1)', '(28, 1)', '(25, 4)', '(27, 4)', '(33, 6)']","[(31, 5), (34, 1), (27, 1), (28, 3), (33, 5), (32, 3), (35, 2), (35, 5), (29, 4), (31, 4), (31, 1), (23, 3), (34, 3), (27, 3), (30, 5), (33, 4), (33, 1), (35, 4), (25, 3), (35, 1), (29, 3), (31, 3), (23, 2), (27, 2), (33, 3), (35, 3), (24, 3), (26, 3), (29, 5), (31, 2)]",19,23,42
31,"(22, 3)","(23, 3)",West,"[((21, 3), 'West', 20, 22, 42)]","['(23, 1)', '(31, 6)', '(33, 6)', '(28, 1)', '(25, 4)', '(27, 4)']","['(23, 1)', '(31, 6)', '(21, 3)', '(28, 1)', '(25, 4)', '(27, 4)', '(33, 6)']","[(31, 5), (34, 1), (27, 1), (28, 3), (33, 5), (32, 3), (35, 2), (35, 5), (29, 4), (31, 4), (31, 1), (23, 3), (34, 3), (27, 3), (30, 5), (33, 4), (33, 1), (35, 4), (25, 3), (35, 1), (29, 3), (31, 3), (23, 2), (22, 3), (27, 2), (33, 3), (35, 3), (24, 3), (26, 3), (29, 5), (31, 2)]",19,23,42
32,"(23, 1)","(23, 2)",South,"[((24, 1), 'East', 21, 23, 44), ((22, 1), 'West', 21, 21, 42)]","['(21, 3)', '(31, 6)', '(33, 6)', '(28, 1)', '(25, 4)', '(27, 4)']","['(21, 3)', '(22, 1)', '(33, 6)', '(31, 6)', '(25, 4)', '(27, 4)', '(24, 1)', '(28, 1)']","[(31, 5), (23, 1), (34, 1), (27, 1), (28, 3), (33, 5), (32, 3), (35, 2), (35, 5), (29, 4), (31, 4), (31, 1), (23, 3), (34, 3), (27, 3), (30, 5), (33, 4), (33, 1), (35, 4), (25, 3), (35, 1), (29, 3), (31, 3), (23, 2), (22, 3), (27, 2), (33, 3), (35, 3), (24, 3), (26, 3), (29, 5), (31, 2)]",20,22,42
33,"(21, 3)","(22, 3)",West,"[((20, 3), 'West', 21, 21, 42)]","['(22, 1)', '(31, 6)', '(33, 6)', '(28, 1)', '(25, 4)', '(27, 4)', '(24, 1)']","['(22, 1)', '(20, 3)', '(33, 6)', '(31, 6)', '(25, 4)', '(27, 4)', '(24, 1)', '(28, 1)']","[(31, 5), (23, 1), (34, 1), (27, 1), (28, 3), (33, 5), (32, 3), (35, 2), (35, 5), (29, 4), (31, 4), (21, 3), (31, 1), (23, 3), (34, 3), (27, 3), (30, 5), (33, 4), (33, 1), (35, 4), (25, 3), (35, 1), (29, 3), (31, 3), (23, 2), (22, 3), (27, 2), (33, 3), (35, 3), (24, 3), (26, 3), (29, 5), (31, 2)]",20,22,42
34,"(22, 1)","(23, 1)",West,"[((21, 1), 'West', 22, 20, 42)]","['(20, 3)', '(31, 6)', '(33, 6)', '(28, 1)', '(25, 4)', '(27, 4)', '(24, 1)']","['(20, 3)', '(21, 1)', '(33, 6)', '(31, 6)', '(25, 4)', '(27, 4)', '(24, 1)', '(28, 1)']","[(31, 5), (23, 1), (34, 1), (27, 1), (28, 3), (33, 5), (32, 3), (35, 2), (35, 5), (29, 4), (31, 4), (22, 1), (21, 3), (31, 1), (23, 3), (34, 3), (27, 3), (30, 5), (33, 4), (33, 1), (35, 4), (25, 3), (35, 1), (29, 3), (31, 3), (23, 2), (22, 3), (27, 2), (33, 3), (35, 3), (24, 3), (26, 3), (29, 5), (31, 2)]",21,21,42
35,"(20, 3)","(21, 3)",West,"[((19, 3), 'West', 22, 20, 42)]","['(21, 1)', '(31, 6)', '(33, 6)', '(28, 1)', '(25, 4)', '(27, 4)', '(24, 1)']","['(21, 1)', '(19, 3)', '(33, 6)', '(31, 6)', '(25, 4)', '(27, 4)', '(24, 1)', '(28, 1)']","[(31, 5), (23, 1), (34, 1), (27, 1), (28, 3), (33, 5), (32, 3), (35, 2), (35, 5), (29, 4), (31, 4), (22, 1), (21, 3), (31, 1), (23, 3), (34, 3), (27, 3), (30, 5), (33, 4), (33, 1), (35, 4), (25, 3), (35, 1), (29, 3), (31, 3), (23, 2), (20, 3), (22, 3), (27, 2), (33, 3), (35, 3), (24, 3), (26, 3), (29, 5), (31, 2)]",21,21,42
36,"(21, 1)","(22, 1)",West,"[((20, 1), 'West', 23, 19, 42)]","['(19, 3)', '(31, 6)', '(33, 6)', '(28, 1)', '(25, 4)', '(27, 4)', '(24, 1)']","['(19, 3)', '(20, 1)', '(33, 6)', '(31, 6)', '(25, 4)', '(27, 4)', '(24, 1)', '(28, 1)']","[(31, 5), (23, 1), (34, 1), (27, 1), (28, 3), (33, 5), (32, 3), (35, 2), (35, 5), (29, 4), (31, 4), (22, 1), (21, 3), (31, 1), (23, 3), (34, 3), (27, 3), (30, 5), (33, 4), (33, 1), (35, 4), (25, 3), (35, 1), (29, 3), (31, 3), (23, 2), (20, 3), (22, 3), (27, 2), (33, 3), (35, 3), (24, 3), (26, 3), (29, 5), (31, 2), (21, 1)]",22,20,42
37,"(19, 3)","(20, 3)",West,"[((18, 3), 'West', 23, 19, 42)]","['(20, 1)', '(31, 6)', '(33, 6)', '(28, 1)', '(25, 4)', '(27, 4)', '(24, 1)']","['(20, 1)', '(18, 3)', '(33, 6)', '(31, 6)', '(25, 4)', '(27, 4)', '(24, 1)', '(28, 1)']","[(31, 5), (23, 1), (34, 1), (27, 1), (28, 3), (19, 3), (33, 5), (32, 3), (35, 2), (35, 5), (29, 4), (31, 4), (22, 1), (21, 3), (31, 1), (23, 3), (34, 3), (27, 3), (30, 5), (33, 4), (33, 1), (35, 4), (25, 3), (35, 1), (29, 3), (31, 3), (23, 2), (20, 3), (22, 3), (27, 2), (33, 3), (35, 3), (24, 3), (26, 3), (29, 5), (31, 2), (21, 1)]",22,20,42
38,"(20, 1)","(21, 1)",West,"[((19, 1), 'West', 24, 18, 42)]","['(18, 3)', '(31, 6)', '(33, 6)', '(28, 1)', '(25, 4)', '(27, 4)', '(24, 1)']","['(18, 3)', '(19, 1)', '(33, 6)', '(31, 6)', '(25, 4)', '(27, 4)', '(24, 1)', '(28, 1)']","[(31, 5), (23, 1), (34, 1), (27, 1), (28, 3), (19, 3), (33, 5), (32, 3), (35, 2), (35, 5), (29, 4), (31, 4), (22, 1), (21, 3), (31, 1), (20, 1), (23, 3), (34, 3), (27, 3), (30, 5), (33, 4), (33, 1), (35, 4), (25, 3), (35, 1), (29, 3), (31, 3), (23, 2), (20, 3), (22, 3), (27, 2), (33, 3), (35, 3), (24, 3), (26, 3), (29, 5), (31, 2), (21, 1)]",23,19,42
39,"(18, 3)","(19, 3)",West,"[((17, 3), 'West', 24, 18, 42)]","['(19, 1)', '(31, 6)', '(33, 6)', '(28, 1)', '(25, 4)', '(27, 4)', '(24, 1)']","['(19, 1)', '(17, 3)', '(33, 6)', '(31, 6)', '(25, 4)', '(27, 4)', '(24, 1)', '(28, 1)']","[(31, 5), (23, 1), (34, 1), (27, 1), (28, 3), (19, 3), (33, 5), (32, 3), (35, 2), (35, 5), (29, 4), (31, 4), (22, 1), (21, 3), (31, 1), (20, 1), (23, 3), (34, 3), (27, 3), (30, 5), (33, 4), (33, 1), (35, 4), (25, 3), (35, 1), (18, 3), (29, 3), (31, 3), (23, 2), (20, 3), (22, 3), (27, 2), (33, 3), (35, 3), (24, 3), (26, 3), (29, 5), (31, 2), (21, 1)]",23,19,42
40,"(19, 1)","(20, 1)",West,[],"['(17, 3)', '(31, 6)', '(33, 6)', '(28, 1)', '(25, 4)', '(27, 4)', '(24, 1)']","['(17, 3)', '(31, 6)', '(33, 6)', '(28, 1)', '(25, 4)', '(27, 4)', '(24, 1)']","[(31, 5), (23, 1), (34, 1), (27, 1), (28, 3), (19, 3), (33, 5), (32, 3), (35, 2), (35, 5), (29, 4), (31, 4), (22, 1), (21, 3), (31, 1), (20, 1), (23, 3), (34, 3), (27, 3), (30, 5), (33, 4), (33, 1), (35, 4), (25, 3), (35, 1), (18, 3), (29, 3), (31, 3), (23, 2), (20, 3), (22, 3), (27, 2), (19, 1), (33, 3), (35, 3), (24, 3), (26, 3), (29, 5), (31, 2), (21, 1)]",24,18,42
41,"(17, 3)","(18, 3)",West,"[((16, 3), 'West', 25, 17, 42)]","['(33, 6)', '(31, 6)', '(27, 4)', '(28, 1)', '(25, 4)', '(24, 1)']","['(16, 3)', '(31, 6)', '(33, 6)', '(28, 1)', '(25, 4)', '(24, 1)', '(27, 4)']","[(31, 5), (23, 1), (34, 1), (27, 1), (28, 3), (17, 3), (19, 3), (33, 5), (32, 3), (35, 2), (35, 5), (29, 4), (31, 4), (22, 1), (21, 3), (31, 1), (20, 1), (23, 3), (34, 3), (27, 3), (30, 5), (33, 4), (33, 1), (35, 4), (25, 3), (35, 1), (18, 3), (29, 3), (31, 3), (23, 2), (20, 3), (22, 3), (27, 2), (19, 1), (33, 3), (35, 3), (24, 3), (26, 3), (29, 5), (31, 2), (21, 1)]",24,18,42
42,"(16, 3)","(17, 3)",West,"[((15, 3), 'West', 26, 16, 42)]","['(33, 6)', '(31, 6)', '(27, 4)', '(28, 1)', '(25, 4)', '(24, 1)']","['(15, 3)', '(31, 6)', '(33, 6)', '(28, 1)', '(25, 4)', '(24, 1)', '(27, 4)']","[(31, 5), (23, 1), (34, 1), (27, 1), (28, 3), (17, 3), (19, 3), (33, 5), (32, 3), (35, 2), (35, 5), (29, 4), (31, 4), (22, 1), (21, 3), (31, 1), (20, 1), (23, 3), (34, 3), (27, 3), (30, 5), (33, 4), (33, 1), (35, 4), (25, 3), (35, 1), (16, 3), (18, 3), (29, 3), (31, 3), (23, 2), (20, 3), (22, 3), (27, 2), (19, 1), (33, 3), (35, 3), (24, 3), (26, 3), (29, 5), (31, 2), (21, 1)]",25,17,42
43,"(15, 3)","(16, 3)",West,"[((15, 4), 'North', 27, 17, 44), ((15, 2), 'South', 27, 15, 42), ((14, 3), 'West', 27, 15, 42)]","['(33, 6)', '(31, 6)', '(27, 4)', '(28, 1)', '(25, 4)', '(24, 1)']","['(15, 2)', '(14, 3)', '(27, 4)', '(33, 6)', '(25, 4)', '(24, 1)', '(15, 4)', '(28, 1)', '(31, 6)']","[(31, 5), (23, 1), (34, 1), (27, 1), (28, 3), (17, 3), (19, 3), (33, 5), (32, 3), (35, 2), (35, 5), (29, 4), (31, 4), (22, 1), (21, 3), (31, 1), (20, 1), (23, 3), (34, 3), (27, 3), (30, 5), (33, 4), (33, 1), (35, 4), (25, 3), (35, 1), (16, 3), (18, 3), (29, 3), (31, 3), (23, 2), (20, 3), (22, 3), (27, 2), (19, 1), (33, 3), (35, 3), (24, 3), (26, 3), (15, 3), (29, 5), (31, 2), (21, 1)]",26,16,42
44,"(15, 2)","(15, 3)",South,"[((15, 1), 'South', 28, 14, 42)]","['(14, 3)', '(33, 6)', '(27, 4)', '(31, 6)', '(25, 4)', '(24, 1)', '(15, 4)', '(28, 1)']","['(14, 3)', '(15, 1)', '(27, 4)', '(33, 6)', '(25, 4)', '(24, 1)', '(15, 4)', '(28, 1)', '(31, 6)']","[(31, 5), (23, 1), (34, 1), (27, 1), (28, 3), (17, 3), (19, 3), (33, 5), (32, 3), (35, 2), (35, 5), (15, 2), (29, 4), (31, 4), (22, 1), (21, 3), (31, 1), (20, 1), (23, 3), (34, 3), (27, 3), (30, 5), (33, 4), (33, 1), (35, 4), (25, 3), (35, 1), (16, 3), (18, 3), (29, 3), (31, 3), (23, 2), (20, 3), (22, 3), (27, 2), (19, 1), (33, 3), (35, 3), (24, 3), (26, 3), (15, 3), (29, 5), (31, 2), (21, 1)]",27,15,42
45,"(14, 3)","(15, 3)",West,"[((13, 3), 'West', 28, 14, 42)]","['(15, 1)', '(33, 6)', '(27, 4)', '(31, 6)', '(25, 4)', '(24, 1)', '(15, 4)', '(28, 1)']","['(15, 1)', '(13, 3)', '(27, 4)', '(33, 6)', '(25, 4)', '(24, 1)', '(15, 4)', '(28, 1)', '(31, 6)']","[(31, 5), (23, 1), (34, 1), (27, 1), (28, 3), (17, 3), (19, 3), (33, 5), (32, 3), (35, 2), (35, 5), (15, 2), (29, 4), (31, 4), (22, 1), (21, 3), (31, 1), (20, 1), (23, 3), (34, 3), (14, 3), (27, 3), (30, 5), (33, 4), (33, 1), (35, 4), (25, 3), (35, 1), (16, 3), (18, 3), (29, 3), (31, 3), (23, 2), (20, 3), (22, 3), (27, 2), (19, 1), (33, 3), (35, 3), (24, 3), (26, 3), (15, 3), (29, 5), (31, 2), (21, 1)]",27,15,42
46,"(15, 1)","(15, 2)",South,"[((16, 1), 'East', 29, 15, 44)]","['(13, 3)', '(33, 6)', '(27, 4)', '(31, 6)', '(25, 4)', '(24, 1)', '(15, 4)', '(28, 1)']","['(13, 3)', '(33, 6)', '(27, 4)', '(31, 6)', '(25, 4)', '(24, 1)', '(15, 4)', '(28, 1)', '(16, 1)']","[(31, 5), (23, 1), (34, 1), (27, 1), (28, 3), (17, 3), (19, 3), (33, 5), (32, 3), (35, 2), (35, 5), (15, 2), (29, 4), (31, 4), (22, 1), (21, 3), (31, 1), (20, 1), (23, 3), (34, 3), (14, 3), (27, 3), (30, 5), (33, 4), (33, 1), (35, 4), (25, 3), (35, 1), (16, 3), (15, 1), (18, 3), (29, 3), (31, 3), (23, 2), (20, 3), (22, 3), (27, 2), (19, 1), (33, 3), (35, 3), (24, 3), (26, 3), (15, 3), (29, 5), (31, 2), (21, 1)]",28,14,42
47,"(13, 3)","(14, 3)",West,"[((13, 4), 'North', 29, 15, 44)]","['(33, 6)', '(31, 6)', '(27, 4)', '(28, 1)', '(25, 4)', '(24, 1)', '(15, 4)', '(16, 1)']","['(33, 6)', '(31, 6)', '(27, 4)', '(28, 1)', '(25, 4)', '(24, 1)', '(15, 4)', '(16, 1)', '(13, 4)']","[(31, 5), (23, 1), (34, 1), (27, 1), (28, 3), (17, 3), (19, 3), (33, 5), (32, 3), (35, 2), (35, 5), (15, 2), (29, 4), (31, 4), (22, 1), (21, 3), (31, 1), (20, 1), (23, 3), (34, 3), (14, 3), (27, 3), (30, 5), (33, 4), (33, 1), (35, 4), (25, 3), (35, 1), (16, 3), (15, 1), (18, 3), (29, 3), (31, 3), (23, 2), (20, 3), (22, 3), (27, 2), (19, 1), (33, 3), (35, 3), (24, 3), (13, 3), (26, 3), (15, 3), (29, 5), (31, 2), (21, 1)]",28,14,42
48,"(33, 6)","(33, 5)",North,"[((33, 7), 'North', 8, 38, 46)]","['(31, 6)', '(28, 1)', '(27, 4)', '(16, 1)', '(25, 4)', '(24, 1)', '(15, 4)', '(13, 4)']","['(31, 6)', '(28, 1)', '(27, 4)', '(16, 1)', '(25, 4)', '(24, 1)', '(15, 4)', '(13, 4)', '(33, 7)']","[(31, 5), (23, 1), (34, 1), (27, 1), (28, 3), (17, 3), (19, 3), (33, 5), (32, 3), (35, 2), (35, 5), (15, 2), (29, 4), (31, 4), (22, 1), (21, 3), (31, 1), (20, 1), (23, 3), (34, 3), (14, 3), (27, 3), (30, 5), (33, 4), (33, 1), (35, 4), (25, 3), (35, 1), (16, 3), (15, 1), (18, 3), (29, 3), (31, 3), (23, 2), (20, 3), (22, 3), (27, 2), (19, 1), (33, 3), (33, 6), (35, 3), (24, 3), (13, 3), (26, 3), (15, 3), (29, 5), (31, 2), (21, 1)]",7,37,44
49,"(31, 6)","(31, 5)",North,"[((31, 7), 'North', 10, 36, 46)]","['(27, 4)', '(28, 1)', '(24, 1)', '(16, 1)', '(25, 4)', '(33, 7)', '(15, 4)', '(13, 4)']","['(27, 4)', '(28, 1)', '(24, 1)', '(16, 1)', '(25, 4)', '(33, 7)', '(15, 4)', '(13, 4)', '(31, 7)']","[(31, 5), (23, 1), (34, 1), (27, 1), (28, 3), (17, 3), (19, 3), (33, 5), (32, 3), (35, 2), (35, 5), (15, 2), (29, 4), (31, 4), (22, 1), (21, 3), (31, 1), (20, 1), (23, 3), (34, 3), (14, 3), (27, 3), (30, 5), (33, 4), (33, 1), (35, 4), (25, 3), (35, 1), (16, 3), (15, 1), (18, 3), (29, 3), (31, 6), (31, 3), (23, 2), (20, 3), (22, 3), (27, 2), (19, 1), (33, 3), (33, 6), (35, 3), (24, 3), (13, 3), (26, 3), (15, 3), (29, 5), (31, 2), (21, 1)]",9,35,44
50,"(27, 4)","(27, 3)",North,"[((27, 5), 'North', 16, 30, 46)]","['(28, 1)', '(25, 4)', '(24, 1)', '(16, 1)', '(31, 7)', '(33, 7)', '(15, 4)', '(13, 4)']","['(28, 1)', '(25, 4)', '(24, 1)', '(16, 1)', '(31, 7)', '(33, 7)', '(15, 4)', '(13, 4)', '(27, 5)']","[(31, 5), (23, 1), (34, 1), (27, 1), (27, 4), (28, 3), (17, 3), (19, 3), (33, 5), (32, 3), (35, 2), (35, 5), (15, 2), (29, 4), (31, 4), (22, 1), (21, 3), (31, 1), (20, 1), (23, 3), (34, 3), (14, 3), (27, 3), (30, 5), (33, 4), (33, 1), (35, 4), (25, 3), (35, 1), (16, 3), (15, 1), (18, 3), (29, 3), (31, 6), (31, 3), (23, 2), (20, 3), (22, 3), (27, 2), (19, 1), (33, 3), (33, 6), (35, 3), (24, 3), (13, 3), (26, 3), (15, 3), (29, 5), (31, 2), (21, 1)]",15,29,44
51,"(28, 1)","(27, 1)",East,"[((29, 1), 'East', 18, 28, 46)]","['(25, 4)', '(16, 1)', '(24, 1)', '(13, 4)', '(31, 7)', '(33, 7)', '(15, 4)', '(27, 5)']","['(25, 4)', '(16, 1)', '(24, 1)', '(13, 4)', '(31, 7)', '(33, 7)', '(15, 4)', '(27, 5)', '(29, 1)']",[51 states],17,27,44
52,"(25, 4)","(25, 3)",North,"[((25, 5), 'North', 18, 28, 46)]","['(24, 1)', '(16, 1)', '(15, 4)', '(13, 4)', '(31, 7)', '(33, 7)', '(29, 1)', '(27, 5)']","['(24, 1)', '(16, 1)', '(15, 4)', '(13, 4)', '(31, 7)', '(33, 7)', '(29, 1)', '(27, 5)', '(25, 5)']",[52 states],17,27,44
53,"(24, 1)","(23, 1)",East,"[((25, 1), 'East', 22, 24, 46)]","['(15, 4)', '(16, 1)', '(33, 7)', '(13, 4)', '(31, 7)', '(25, 5)', '(29, 1)', '(27, 5)']","['(15, 4)', '(16, 1)', '(33, 7)', '(13, 4)', '(31, 7)', '(25, 5)', '(29, 1)', '(27, 5)', '(25, 1)']",[53 states],21,23,44
54,"(15, 4)","(15, 3)",North,"[((15, 5), 'North', 28, 18, 46)]","['(16, 1)', '(13, 4)', '(33, 7)', '(27, 5)', '(31, 7)', '(25, 5)', '(29, 1)', '(25, 1)']","['(16, 1)', '(13, 4)', '(33, 7)', '(27, 5)', '(31, 7)', '(25, 5)', '(29, 1)', '(25, 1)', '(15, 5)']",[54 states],27,17,44
55,"(16, 1)","(15, 1)",East,"[((17, 1), 'East', 30, 16, 46)]","['(13, 4)', '(31, 7)', '(33, 7)', '(27, 5)', '(15, 5)', '(25, 5)', '(29, 1)', '(25, 1)']","['(13, 4)', '(31, 7)', '(33, 7)', '(27, 5)', '(15, 5)', '(25, 5)', '(29, 1)', '(25, 1)', '(17, 1)']",[55 states],29,15,44
56,"(13, 4)","(13, 3)",North,"[((13, 5), 'North', 30, 16, 46)]","['(33, 7)', '(31, 7)', '(29, 1)', '(27, 5)', '(15, 5)', '(25, 5)', '(17, 1)', '(25, 1)']","['(33, 7)', '(31, 7)', '(29, 1)', '(27, 5)', '(15, 5)', '(25, 5)', '(17, 1)', '(25, 1)', '(13, 5)']",[56 states],29,15,44
57,"(33, 7)","(33, 6)",North,"[((34, 7), 'East', 9, 39, 48)]","['(31, 7)', '(27, 5)', '(29, 1)', '(25, 1)', '(15, 5)', '(25, 5)', '(17, 1)', '(13, 5)']","['(31, 7)', '(27, 5)', '(29, 1)', '(25, 1)', '(15, 5)', '(25, 5)', '(17, 1)', '(13, 5)', '(34, 7)']",[57 states],8,38,46
58,"(31, 7)","(31, 6)",North,"[((31, 8), 'North', 11, 37, 48)]","['(27, 5)', '(25, 1)', '(29, 1)', '(13, 5)', '(15, 5)', '(25, 5)', '(17, 1)', '(34, 7)']","['(27, 5)', '(25, 1)', '(29, 1)', '(13, 5)', '(15, 5)', '(25, 5)', '(17, 1)', '(34, 7)', '(31, 8)']",[58 states],10,36,46
59,"(27, 5)","(27, 4)",North,"[((27, 6), 'North', 17, 31, 48)]","['(29, 1)', '(25, 1)', '(25, 5)', '(13, 5)', '(15, 5)', '(31, 8)', '(17, 1)', '(34, 7)']","['(29, 1)', '(25, 1)', '(25, 5)', '(13, 5)', '(15, 5)', '(31, 8)', '(17, 1)', '(34, 7)', '(27, 6)']",[59 states],16,30,46
60,"(29, 1)","(28, 1)",East,[],"['(25, 5)', '(25, 1)', '(17, 1)', '(13, 5)', '(15, 5)', '(31, 8)', '(27, 6)', '(34, 7)']","['(25, 5)', '(25, 1)', '(17, 1)', '(13, 5)', '(15, 5)', '(31, 8)', '(27, 6)', '(34, 7)']",[60 states],18,28,46
61,"(25, 5)","(25, 4)",North,"[((25, 6), 'North', 19, 29, 48), ((24, 5), 'West', 19, 27, 46)]","['(25, 1)', '(15, 5)', '(17, 1)', '(13, 5)', '(34, 7)', '(31, 8)', '(27, 6)']","['(25, 1)', '(15, 5)', '(17, 1)', '(13, 5)', '(34, 7)', '(31, 8)', '(27, 6)', '(25, 6)', '(24, 5)']",[61 states],18,28,46
62,"(25, 1)","(24, 1)",East,[],"['(15, 5)', '(13, 5)', '(17, 1)', '(24, 5)', '(34, 7)', '(31, 8)', '(27, 6)', '(25, 6)']","['(15, 5)', '(13, 5)', '(17, 1)', '(24, 5)', '(34, 7)', '(31, 8)', '(27, 6)', '(25, 6)']",[62 states],22,24,46
63,"(15, 5)","(15, 4)",North,"[((16, 5), 'East', 29, 19, 48)]","['(17, 1)', '(13, 5)', '(31, 8)', '(24, 5)', '(34, 7)', '(25, 6)', '(27, 6)']","['(17, 1)', '(13, 5)', '(31, 8)', '(24, 5)', '(34, 7)', '(25, 6)', '(27, 6)', '(16, 5)']",[63 states],28,18,46
64,"(17, 1)","(16, 1)",East,[],"['(13, 5)', '(24, 5)', '(31, 8)', '(16, 5)', '(34, 7)', '(25, 6)', '(27, 6)']","['(13, 5)', '(24, 5)', '(31, 8)', '(16, 5)', '(34, 7)', '(25, 6)', '(27, 6)']",[64 states],30,16,46
65,"(13, 5)","(13, 4)",North,[],"['(24, 5)', '(34, 7)', '(31, 8)', '(16, 5)', '(27, 6)', '(25, 6)']","['(24, 5)', '(34, 7)', '(31, 8)', '(16, 5)', '(27, 6)', '(25, 6)']",[65 states],30,16,46
66,"(24, 5)","(25, 5)",West,"[((23, 5), 'West', 20, 26, 46)]","['(34, 7)', '(27, 6)', '(31, 8)', '(16, 5)', '(25, 6)']","['(23, 5)', '(27, 6)', '(34, 7)', '(16, 5)', '(25, 6)', '(31, 8)']",[66 states],19,27,46
67,"(23, 5)","(24, 5)",West,[],"['(34, 7)', '(27, 6)', '(31, 8)', '(16, 5)', '(25, 6)']","['(34, 7)', '(27, 6)', '(31, 8)', '(16, 5)', '(25, 6)']",[67 states],20,26,46
68,"(34, 7)","(33, 7)",East,"[((35, 7), 'East', 10, 40, 50)]","['(31, 8)', '(27, 6)', '(25, 6)', '(16, 5)']","['(31, 8)', '(27, 6)', '(25, 6)', '(16, 5)', '(35, 7)']",[68 states],9,39,48
69,"(31, 8)","(31, 7)",North,"[((31, 9), 'North', 12, 38, 50)]","['(27, 6)', '(16, 5)', '(25, 6)', '(35, 7)']","['(27, 6)', '(16, 5)', '(25, 6)', '(35, 7)', '(31, 9)']",[69 states],11,37,48
70,"(27, 6)","(27, 5)",North,"[((27, 7), 'North', 18, 32, 50)]","['(25, 6)', '(16, 5)', '(31, 9)', '(35, 7)']","['(25, 6)', '(16, 5)', '(31, 9)', '(35, 7)', '(27, 7)']",[70 states],17,31,48
71,"(25, 6)","(25, 5)",North,"[((25, 7), 'North', 20, 30, 50)]","['(16, 5)', '(35, 7)', '(31, 9)', '(27, 7)']","['(16, 5)', '(35, 7)', '(31, 9)', '(27, 7)', '(25, 7)']",[71 states],19,29,48
72,"(16, 5)","(15, 5)",East,"[((17, 5), 'East', 30, 20, 50)]","['(35, 7)', '(27, 7)', '(31, 9)', '(25, 7)']","['(35, 7)', '(27, 7)', '(31, 9)', '(25, 7)', '(17, 5)']",[72 states],29,19,48
73,"(35, 7)","(34, 7)",East,[],"['(31, 9)', '(27, 7)', '(17, 5)', '(25, 7)']","['(31, 9)', '(27, 7)', '(17, 5)', '(25, 7)']",[73 states],10,40,50
74,"(31, 9)","(31, 8)",North,"[((31, 10), 'North', 13, 39, 52), ((32, 9), 'East', 13, 39, 52)]","['(27, 7)', '(25, 7)', '(17, 5)']","['(27, 7)', '(25, 7)', '(17, 5)', '(31, 10)', '(32, 9)']",[74 states],12,38,50
75,"(27, 7)","(27, 6)",North,"[((28, 7), 'East', 19, 33, 52)]","['(25, 7)', '(31, 10)', '(17, 5)', '(32, 9)']","['(25, 7)', '(31, 10)', '(17, 5)', '(32, 9)', '(28, 7)']",[75 states],18,32,50
76,"(25, 7)","(25, 6)",North,"[((24, 7), 'West', 21, 29, 50)]","['(17, 5)', '(31, 10)', '(28, 7)', '(32, 9)']","['(17, 5)', '(24, 7)', '(28, 7)', '(32, 9)', '(31, 10)']",[76 states],20,30,50
77,"(17, 5)","(16, 5)",East,"[((17, 6), 'North', 31, 21, 52), ((18, 5), 'East', 31, 21, 52)]","['(24, 7)', '(31, 10)', '(28, 7)', '(32, 9)']","['(24, 7)', '(31, 10)', '(28, 7)', '(32, 9)', '(17, 6)', '(18, 5)']",[77 states],30,20,50
78,"(24, 7)","(25, 7)",West,"[((23, 7), 'West', 22, 28, 50)]","['(31, 10)', '(32, 9)', '(28, 7)', '(18, 5)', '(17, 6)']","['(23, 7)', '(32, 9)', '(31, 10)', '(18, 5)', '(17, 6)', '(28, 7)']",[78 states],21,29,50
79,"(23, 7)","(24, 7)",West,"[((23, 8), 'North', 23, 29, 52), ((22, 7), 'West', 23, 27, 50)]","['(31, 10)', '(32, 9)', '(28, 7)', '(18, 5)', '(17, 6)']","['(22, 7)', '(32, 9)', '(31, 10)', '(18, 5)', '(17, 6)', '(23, 8)', '(28, 7)']",[79 states],22,28,50
80,"(22, 7)","(23, 7)",West,"[((21, 7), 'West', 24, 26, 50)]","['(31, 10)', '(32, 9)', '(28, 7)', '(18, 5)', '(17, 6)', '(23, 8)']","['(21, 7)', '(32, 9)', '(31, 10)', '(18, 5)', '(17, 6)', '(23, 8)', '(28, 7)']",[80 states],23,27,50
81,"(21, 7)","(22, 7)",West,"[((21, 8), 'North', 25, 27, 52), ((21, 6), 'South', 25, 25, 50)]","['(31, 10)', '(32, 9)', '(28, 7)', '(18, 5)', '(17, 6)', '(23, 8)']","['(21, 6)', '(31, 10)', '(28, 7)', '(32, 9)', '(17, 6)', '(23, 8)', '(21, 8)', '(18, 5)']",[81 states],24,26,50
82,"(21, 6)","(21, 7)",South,"[((21, 5), 'South', 26, 24, 50)]","['(31, 10)', '(32, 9)', '(28, 7)', '(18, 5)', '(17, 6)', '(23, 8)', '(21, 8)']","['(21, 5)', '(31, 10)', '(28, 7)', '(32, 9)', '(17, 6)', '(23, 8)', '(21, 8)', '(18, 5)']",[82 states],25,25,50
83,"(21, 5)","(21, 6)",South,[],"['(31, 10)', '(32, 9)', '(28, 7)', '(18, 5)', '(17, 6)', '(23, 8)', '(21, 8)']","['(31, 10)', '(32, 9)', '(28, 7)', '(18, 5)', '(17, 6)', '(23, 8)', '(21, 8)']",[83 states],26,24,50
84,"(31, 10)","(31, 9)",North,"[((31, 11), 'North', 14, 40, 54)]","['(32, 9)', '(17, 6)', '(28, 7)', '(18, 5)', '(21, 8)', '(23, 8)']","['(32, 9)', '(17, 6)', '(28, 7)', '(18, 5)', '(21, 8)', '(23, 8)', '(31, 11)']",[84 states],13,39,52
85,"(32, 9)","(31, 9)",East,"[((33, 9), 'East', 14, 40, 54)]","['(28, 7)', '(17, 6)', '(23, 8)', '(18, 5)', '(21, 8)', '(31, 11)']","['(28, 7)', '(17, 6)', '(23, 8)', '(18, 5)', '(21, 8)', '(31, 11)', '(33, 9)']",[85 states],13,39,52
86,"(28, 7)","(27, 7)",East,"[((29, 7), 'East', 20, 34, 54)]","['(17, 6)', '(18, 5)', '(23, 8)', '(33, 9)', '(21, 8)', '(31, 11)']","['(17, 6)', '(18, 5)', '(23, 8)', '(33, 9)', '(21, 8)', '(31, 11)', '(29, 7)']",[86 states],19,33,52
87,"(17, 6)","(17, 5)",North,"[((17, 7), 'North', 32, 22, 54)]","['(18, 5)', '(21, 8)', '(23, 8)', '(33, 9)', '(29, 7)', '(31, 11)']","['(18, 5)', '(21, 8)', '(23, 8)', '(33, 9)', '(29, 7)', '(31, 11)', '(17, 7)']",[87 states],31,21,52
88,"(18, 5)","(17, 5)",East,"[((19, 5), 'East', 32, 22, 54)]","['(23, 8)', '(21, 8)', '(31, 11)', '(33, 9)', '(29, 7)', '(17, 7)']","['(23, 8)', '(21, 8)', '(31, 11)', '(33, 9)', '(29, 7)', '(17, 7)', '(19, 5)']",[88 states],31,21,52
89,"(23, 8)","(23, 7)",North,"[((23, 9), 'North', 24, 30, 54)]","['(21, 8)', '(33, 9)', '(31, 11)', '(19, 5)', '(29, 7)', '(17, 7)']","['(21, 8)', '(33, 9)', '(31, 11)', '(19, 5)', '(29, 7)', '(17, 7)', '(23, 9)']",[89 states],23,29,52
90,"(21, 8)","(21, 7)",North,"[((21, 9), 'North', 26, 28, 54)]","['(31, 11)', '(33, 9)', '(17, 7)', '(19, 5)', '(29, 7)', '(23, 9)']","['(31, 11)', '(33, 9)', '(17, 7)', '(19, 5)', '(29, 7)', '(23, 9)', '(21, 9)']",[90 states],25,27,52
91,"(31, 11)","(31, 10)",North,"[((30, 11), 'West', 15, 39, 54)]","['(33, 9)', '(29, 7)', '(17, 7)', '(19, 5)', '(21, 9)', '(23, 9)']","['(33, 9)', '(29, 7)', '(17, 7)', '(19, 5)', '(21, 9)', '(23, 9)', '(30, 11)']",[91 states],14,40,54
92,"(33, 9)","(32, 9)",East,"[((33, 10), 'North', 15, 41, 56), ((34, 9), 'East', 15, 41, 56)]","['(29, 7)', '(19, 5)', '(17, 7)', '(30, 11)', '(21, 9)', '(23, 9)']","['(29, 7)', '(19, 5)', '(17, 7)', '(30, 11)', '(21, 9)', '(23, 9)', '(33, 10)', '(34, 9)']",[92 states],14,40,54
93,"(29, 7)","(28, 7)",East,"[((29, 8), 'North', 21, 35, 56)]","['(17, 7)', '(19, 5)', '(23, 9)', '(30, 11)', '(21, 9)', '(34, 9)', '(33, 10)']","['(17, 7)', '(19, 5)', '(23, 9)', '(30, 11)', '(21, 9)', '(34, 9)', '(33, 10)', '(29, 8)']",[93 states],20,34,54
94,"(17, 7)","(17, 6)",North,"[((16, 7), 'West', 33, 21, 54)]","['(19, 5)', '(21, 9)', '(23, 9)', '(30, 11)', '(29, 8)', '(34, 9)', '(33, 10)']","['(19, 5)', '(21, 9)', '(23, 9)', '(30, 11)', '(29, 8)', '(34, 9)', '(33, 10)', '(16, 7)']",[94 states],32,22,54
95,"(19, 5)","(18, 5)",East,[],"['(23, 9)', '(21, 9)', '(16, 7)', '(30, 11)', '(29, 8)', '(34, 9)', '(33, 10)']","['(23, 9)', '(21, 9)', '(16, 7)', '(30, 11)', '(29, 8)', '(34, 9)', '(33, 10)']",[95 states],32,22,54
96,"(23, 9)","(23, 8)",North,"[((24, 9), 'East', 25, 31, 56)]","['(21, 9)', '(30, 11)', '(16, 7)', '(33, 10)', '(29, 8)', '(34, 9)']","['(21, 9)', '(30, 11)', '(16, 7)', '(33, 10)', '(29, 8)', '(34, 9)', '(24, 9)']",[96 states],24,30,54
97,"(21, 9)","(21, 8)",North,[],"['(30, 11)', '(33, 10)', '(16, 7)', '(24, 9)', '(29, 8)', '(34, 9)']","['(30, 11)', '(33, 10)', '(16, 7)', '(24, 9)', '(29, 8)', '(34, 9)']",[97 states],26,28,54
98,"(30, 11)","(31, 11)",West,"[((29, 11), 'West', 16, 38, 54)]","['(16, 7)', '(33, 10)', '(34, 9)', '(24, 9)', '(29, 8)']","['(16, 7)', '(33, 10)', '(29, 11)', '(24, 9)', '(29, 8)', '(34, 9)']",[98 states],15,39,54
99,"(16, 7)","(17, 7)",West,"[((15, 7), 'West', 34, 20, 54)]","['(29, 11)', '(33, 10)', '(34, 9)', '(24, 9)', '(29, 8)']","['(29, 11)', '(33, 10)', '(15, 7)', '(24, 9)', '(29, 8)', '(34, 9)']",[99 states],33,21,54
100,"(29, 11)","(30, 11)",West,[],"['(15, 7)', '(33, 10)', '(34, 9)', '(24, 9)', '(29, 8)']","['(15, 7)', '(33, 10)', '(34, 9)', '(24, 9)', '(29, 8)']",[100 states],16,38,54
101,"(15, 7)","(16, 7)",West,"[((15, 8), 'North', 35, 21, 56), ((14, 7), 'West', 35, 19, 54)]","['(33, 10)', '(29, 8)', '(34, 9)', '(24, 9)']","['(14, 7)', '(29, 8)', '(33, 10)', '(24, 9)', '(15, 8)', '(34, 9)']",[101 states],34,20,54
102,"(14, 7)","(15, 7)",West,"[((13, 7), 'West', 36, 18, 54)]","['(33, 10)', '(29, 8)', '(34, 9)', '(24, 9)', '(15, 8)']","['(13, 7)', '(29, 8)', '(33, 10)', '(24, 9)', '(15, 8)', '(34, 9)']",[102 states],35,19,54
103,"(13, 7)","(14, 7)",West,[],"['(33, 10)', '(29, 8)', '(34, 9)', '(24, 9)', '(15, 8)']","['(33, 10)', '(29, 8)', '(34, 9)', '(24, 9)', '(15, 8)']",[103 states],36,18,54
104,"(33, 10)","(33, 9)",North,"[((33, 11), 'North', 16, 42, 58)]","['(34, 9)', '(29, 8)', '(15, 8)', '(24, 9)']","['(34, 9)', '(29, 8)', '(15, 8)', '(24, 9)', '(33, 11)']",[104 states],15,41,56
105,"(34, 9)","(33, 9)",East,"[((35, 9), 'East', 16, 42, 58)]","['(29, 8)', '(24, 9)', '(15, 8)', '(33, 11)']","['(29, 8)', '(24, 9)', '(15, 8)', '(33, 11)', '(35, 9)']",[105 states],15,41,56
106,"(29, 8)","(29, 7)",North,"[((29, 9), 'North', 22, 36, 58)]","['(24, 9)', '(33, 11)', '(15, 8)', '(35, 9)']","['(24, 9)', '(33, 11)', '(15, 8)', '(35, 9)', '(29, 9)']",[106 states],21,35,56
107,"(24, 9)","(23, 9)",East,"[((25, 9), 'East', 26, 32, 58)]","['(15, 8)', '(33, 11)', '(29, 9)', '(35, 9)']","['(15, 8)', '(33, 11)', '(29, 9)', '(35, 9)', '(25, 9)']",[107 states],25,31,56
108,"(15, 8)","(15, 7)",North,"[((15, 9), 'North', 36, 22, 58)]","['(33, 11)', '(35, 9)', '(29, 9)', '(25, 9)']","['(33, 11)', '(35, 9)', '(29, 9)', '(25, 9)', '(15, 9)']",[108 states],35,21,56
109,"(33, 11)","(33, 10)",North,[],"['(35, 9)', '(25, 9)', '(29, 9)', '(15, 9)']","['(35, 9)', '(25, 9)', '(29, 9)', '(15, 9)']",[109 states],16,42,58
110,"(35, 9)","(34, 9)",East,"[((35, 10), 'North', 17, 43, 60)]","['(29, 9)', '(25, 9)', '(15, 9)']","['(29, 9)', '(25, 9)', '(15, 9)', '(35, 10)']",[110 states],16,42,58
111,"(29, 9)","(29, 8)",North,[],"['(25, 9)', '(35, 10)', '(15, 9)']","['(25, 9)', '(35, 10)', '(15, 9)']",[111 states],22,36,58
112,"(25, 9)","(24, 9)",East,[],"['(15, 9)', '(35, 10)']","['(15, 9)', '(35, 10)']",[112 states],26,32,58
113,"(15, 9)","(15, 8)",North,"[((15, 10), 'North', 37, 23, 60)]","['(35, 10)']","['(35, 10)', '(15, 10)']",[113 states],36,22,58
114,"(35, 10)","(35, 9)",North,"[((35, 11), 'North', 18, 44, 62)]","['(15, 10)']","['(15, 10)', '(35, 11)']",[114 states],17,43,60
115,"(15, 10)","(15, 9)",North,"[((15, 11), 'North', 38, 24, 62)]","['(35, 11)']","['(35, 11)', '(15, 11)']",[115 states],37,23,60
116,"(35, 11)","(35, 10)",North,[],"['(15, 11)']","['(15, 11)']",[116 states],18,44,62
117,"(15, 11)","(15, 10)",North,"[((15, 12), 'North', 39, 25, 64)]",[],"['(15, 12)']",[117 states],38,24,62
118,"(15, 12)","(15, 11)",North,"[((15, 13), 'North', 40, 26, 66)]",[],"['(15, 13)']",[118 states],39,25,64
119,"(15, 13)","(15, 12)",North,"[((16, 13), 'East', 41, 27, 68), ((14, 13), 'West', 41, 25, 66)]",[],"['(14, 13)', '(16, 13)']",[119 states],40,26,66
120,"(14, 13)","(15, 13)",West,[],"['(16, 13)']","['(16, 13)']",[120 states],41,25,66
121,"(16, 13)","(15, 13)",East,"[((17, 13), 'East', 42, 28, 70)]",[],"['(17, 13)']",[121 states],41,27,68
122,"(17, 13)","(16, 13)",East,"[((17, 12), 'South', 43, 27, 70), ((18, 13), 'East', 43, 29, 72)]",[],"['(17, 12)', '(18, 13)']",[122 states],42,28,70
123,"(17, 12)","(17, 13)",South,"[((17, 11), 'South', 44, 26, 70)]","['(18, 13)']","['(17, 11)', '(18, 13)']",[123 states],43,27,70
124,"(17, 11)","(17, 12)",South,"[((17, 10), 'South', 45, 25, 70)]","['(18, 13)']","['(17, 10)', '(18, 13)']",[124 states],44,26,70
125,"(17, 10)","(17, 11)",South,"[((17, 9), 'South', 46, 24, 70)]","['(18, 13)']","['(17, 9)', '(18, 13)']",[125 states],45,25,70
126,"(17, 9)","(17, 10)",South,"[((18, 9), 'East', 47, 25, 72)]","['(18, 13)']","['(18, 13)', '(18, 9)']",[126 states],46,24,70
127,"(18, 13)","(17, 13)",East,"[((19, 13), 'East', 44, 30, 74)]","['(18, 9)']","['(18, 9)', '(19, 13)']",[127 states],43,29,72
128,"(18, 9)","(17, 9)",East,"[((19, 9), 'East', 48, 26, 74)]","['(19, 13)']","['(19, 13)', '(19, 9)']",[128 states],47,25,72
129,"(19, 13)","(18, 13)",East,"[((19, 12), 'South', 45, 29, 74), ((20, 13), 'East', 45, 31, 76)]","['(19, 9)']","['(19, 9)', '(19, 12)', '(20, 13)']",[129 states],44,30,74
130,"(19, 9)","(18, 9)",East,"[((19, 8), 'South', 49, 25, 74)]","['(19, 12)', '(20, 13)']","['(19, 12)', '(20, 13)', '(19, 8)']",[130 states],48,26,74
131,"(19, 12)","(19, 13)",South,"[((19, 11), 'South', 46, 28, 74)]","['(19, 8)', '(20, 13)']","['(19, 8)', '(20, 13)', '(19, 11)']",[131 states],45,29,74
132,"(19, 8)","(19, 9)",South,"[((19, 7), 'South', 50, 24, 74)]","['(19, 11)', '(20, 13)']","['(19, 11)', '(20, 13)', '(19, 7)']",[132 states],49,25,74
133,"(19, 11)","(19, 12)",South,[],"['(19, 7)', '(20, 13)']","['(19, 7)', '(20, 13)']",[133 states],46,28,74
134,"(19, 7)","(19, 8)",South,[],"['(20, 13)']","['(20, 13)']",[134 states],50,24,74
135,"(20, 13)","(19, 13)",East,"[((21, 13), 'East', 46, 32, 78)]",[],"['(21, 13)']",[135 states],45,31,76
136,"(21, 13)","(20, 13)",East,"[((21, 14), 'North', 47, 33, 80), ((21, 12), 'South', 47, 31, 78)]",[],"['(21, 12)', '(21, 14)']",[136 states],46,32,78
137,"(21, 12)","(21, 13)",South,"[((21, 11), 'South', 48, 30, 78)]","['(21, 14)']","['(21, 11)', '(21, 14)']",[137 states],47,31,78
138,"(21, 11)","(21, 12)",South,"[((22, 11), 'East', 49, 31, 80)]","['(21, 14)']","['(21, 14)', '(22, 11)']",[138 states],48,30,78
139,"(21, 14)","(21, 13)",North,"[((21, 15), 'North', 48, 34, 82)]","['(22, 11)']","['(22, 11)', '(21, 15)']",[139 states],47,33,80
140,"(22, 11)","(21, 11)",East,"[((23, 11), 'East', 50, 32, 82)]","['(21, 15)']","['(21, 15)', '(23, 11)']",[140 states],49,31,80
141,"(21, 15)","(21, 14)",North,"[((22, 15), 'East', 49, 35, 84)]","['(23, 11)']","['(23, 11)', '(22, 15)']",[141 states],48,34,82
142,"(23, 11)","(22, 11)",East,"[((23, 12), 'North', 51, 33, 84), ((24, 11), 'East', 51, 33, 84)]","['(22, 15)']","['(22, 15)', '(23, 12)', '(24, 11)']",[142 states],50,32,82
143,"(22, 15)","(21, 15)",East,"[((23, 15), 'East', 50, 36, 86)]","['(23, 12)', '(24, 11)']","['(23, 12)', '(24, 11)', '(23, 15)']",[143 states],49,35,84
144,"(23, 12)","(23, 11)",North,"[((23, 13), 'North', 52, 34, 86)]","['(24, 11)', '(23, 15)']","['(24, 11)', '(23, 15)', '(23, 13)']",[144 states],51,33,84
145,"(24, 11)","(23, 11)",East,"[((25, 11), 'East', 52, 34, 86)]","['(23, 15)', '(23, 13)']","['(23, 15)', '(23, 13)', '(25, 11)']",[145 states],51,33,84
146,"(23, 15)","(22, 15)",East,"[((24, 15), 'East', 51, 37, 88)]","['(23, 13)', '(25, 11)']","['(23, 13)', '(25, 11)', '(24, 15)']",[146 states],50,36,86
147,"(23, 13)","(23, 12)",North,"[((24, 13), 'East', 53, 35, 88)]","['(25, 11)', '(24, 15)']","['(25, 11)', '(24, 15)', '(24, 13)']",[147 states],52,34,86
148,"(25, 11)","(24, 11)",East,"[((26, 11), 'East', 53, 35, 88)]","['(24, 15)', '(24, 13)']","['(24, 15)', '(24, 13)', '(26, 11)']",[148 states],52,34,86
149,"(24, 15)","(23, 15)",East,"[((25, 15), 'East', 52, 38, 90)]","['(24, 13)', '(26, 11)']","['(24, 13)', '(26, 11)', '(25, 15)']",[149 states],51,37,88
150,"(24, 13)","(23, 13)",East,"[((25, 13), 'East', 54, 36, 90)]","['(26, 11)', '(25, 15)']","['(26, 11)', '(25, 15)', '(25, 13)']",[150 states],53,35,88
151,"(26, 11)","(25, 11)",East,"[((27, 11), 'East', 54, 36, 90)]","['(25, 15)', '(25, 13)']","['(25, 15)', '(25, 13)', '(27, 11)']",[151 states],53,35,88
152,"(25, 15)","(24, 15)",East,[],"['(25, 13)', '(27, 11)']","['(25, 13)', '(27, 11)']",[152 states],52,38,90
153,"(25, 13)","(24, 13)",East,"[((26, 13), 'East', 55, 37, 92)]","['(27, 11)']","['(27, 11)', '(26, 13)']",[153 states],54,36,90
154,"(27, 11)","(26, 11)",East,"[((27, 10), 'South', 55, 35, 90)]","['(26, 13)']","['(27, 10)', '(26, 13)']",[154 states],54,36,90
155,"(27, 10)","(27, 11)",South,"[((27, 9), 'South', 56, 34, 90)]","['(26, 13)']","['(27, 9)', '(26, 13)']",[155 states],55,35,90
156,"(27, 9)","(27, 10)",South,[],"['(26, 13)']","['(26, 13)']",[156 states],56,34,90
157,"(26, 13)","(25, 13)",East,"[((27, 13), 'East', 56, 38, 94)]",[],"['(27, 13)']",[157 states],55,37,92
158,"(27, 13)","(26, 13)",East,"[((27, 14), 'North', 57, 39, 96)]",[],"['(27, 14)']",[158 states],56,38,94
159,"(27, 14)","(27, 13)",North,"[((27, 15), 'North', 58, 40, 98)]",[],"['(27, 15)']",[159 states],57,39,96
160,"(27, 15)","(27, 14)",North,"[((28, 15), 'East', 59, 41, 100)]",[],"['(28, 15)']",[160 states],58,40,98
161,"(28, 15)","(27, 15)",East,"[((29, 15), 'East', 60, 42, 102)]",[],"['(29, 15)']",[161 states],59,41,100
162,"(29, 15)","(28, 15)",East,"[((29, 14), 'South', 61, 41, 102)]",[],"['(29, 14)']",[162 states],60,42,102
163,"(29, 14)","(29, 15)",South,"[((29, 13), 'South', 62, 40, 102)]",[],"['(29, 13)']",[163 states],61,41,102
164,"(29, 13)","(29, 14)",South,"[((30, 13), 'East', 63, 41, 104)]",[],"['(30, 13)']",[164 states],62,40,102
165,"(30, 13)","(29, 13)",East,"[((31, 13), 'East', 64, 42, 106)]",[],"['(31, 13)']",[165 states],63,41,104
166,"(31, 13)","(30, 13)",East,"[((31, 14), 'North', 65, 43, 108), ((32, 13), 'East', 65, 43, 108)]",[],"['(31, 14)', '(32, 13)']",[166 states],64,42,106
167,"(31, 14)","(31, 13)",North,"[((31, 15), 'North', 66, 44, 110)]","['(32, 13)']","['(32, 13)', '(31, 15)']",[167 states],65,43,108
168,"(32, 13)","(31, 13)",East,"[((33, 13), 'East', 66, 44, 110)]","['(31, 15)']","['(31, 15)', '(33, 13)']",[168 states],65,43,108
169,"(31, 15)","(31, 14)",North,"[((31, 16), 'North', 67, 45, 112)]","['(33, 13)']","['(33, 13)', '(31, 16)']",[169 states],66,44,110
170,"(33, 13)","(32, 13)",East,"[((34, 13), 'East', 67, 45, 112)]","['(31, 16)']","['(31, 16)', '(34, 13)']",[170 states],66,44,110
171,"(31, 16)","(31, 15)",North,"[((31, 17), 'North', 68, 46, 114)]","['(34, 13)']","['(34, 13)', '(31, 17)']",[171 states],67,45,112
172,"(34, 13)","(33, 13)",East,"[((35, 13), 'East', 68, 46, 114)]","['(31, 17)']","['(31, 17)', '(35, 13)']",[172 states],67,45,112
173,"(31, 17)","(31, 16)",North,"[((31, 18), 'North', 69, 47, 116)]","['(35, 13)']","['(35, 13)', '(31, 18)']",[173 states],68,46,114
174,"(35, 13)","(34, 13)",East,"[((35, 14), 'North', 69, 47, 116)]","['(31, 18)']","['(31, 18)', '(35, 14)']",[174 states],68,46,114
175,"(31, 18)","(31, 17)",North,"[((31, 19), 'North', 70, 48, 118)]","['(35, 14)']","['(35, 14)', '(31, 19)']",[175 states],69,47,116
176,"(35, 14)","(35, 13)",North,"[((35, 15), 'North', 70, 48, 118)]","['(31, 19)']","['(31, 19)', '(35, 15)']",[176 states],69,47,116
177,"(31, 19)","(31, 18)",North,"[((31, 20), 'North', 71, 49, 120), ((32, 19), 'East', 71, 49, 120)]","['(35, 15)']","['(35, 15)', '(31, 20)', '(32, 19)']",[177 states],70,48,118
178,"(35, 15)","(35, 14)",North,"[((34, 15), 'West', 71, 47, 118)]","['(31, 20)', '(32, 19)']","['(34, 15)', '(32, 19)', '(31, 20)']",[178 states],70,48,118
179,"(34, 15)","(35, 15)",West,"[((33, 15), 'West', 72, 46, 118)]","['(31, 20)', '(32, 19)']","['(33, 15)', '(32, 19)', '(31, 20)']",[179 states],71,47,118
180,"(33, 15)","(34, 15)",West,"[((33, 16), 'North', 73, 47, 120)]","['(31, 20)', '(32, 19)']","['(31, 20)', '(32, 19)', '(33, 16)']",[180 states],72,46,118
181,"(31, 20)","(31, 19)",North,"[((31, 21), 'North', 72, 50, 122)]","['(32, 19)', '(33, 16)']","['(32, 19)', '(33, 16)', '(31, 21)']",[181 states],71,49,120
182,"(32, 19)","(31, 19)",East,"[((33, 19), 'East', 72, 50, 122)]","['(33, 16)', '(31, 21)']","['(33, 16)', '(31, 21)', '(33, 19)']",[182 states],71,49,120
183,"(33, 16)","(33, 15)",North,"[((33, 17), 'North', 74, 48, 122)]","['(31, 21)', '(33, 19)']","['(31, 21)', '(33, 19)', '(33, 17)']",[183 states],73,47,120
184,"(31, 21)","(31, 20)",North,[],"['(33, 19)', '(33, 17)']","['(33, 19)', '(33, 17)']",[184 states],72,50,122
185,"(33, 19)","(32, 19)",East,"[((33, 20), 'North', 73, 51, 124), ((34, 19), 'East', 73, 51, 124)]","['(33, 17)']","['(33, 17)', '(33, 20)', '(34, 19)']",[185 states],72,50,122
186,"(33, 17)","(33, 16)",North,"[((34, 17), 'East', 75, 49, 124)]","['(33, 20)', '(34, 19)']","['(33, 20)', '(34, 19)', '(34, 17)']",[186 states],74,48,122
187,"(33, 20)","(33, 19)",North,"[((33, 21), 'North', 74, 52, 126)]","['(34, 19)', '(34, 17)']","['(34, 19)', '(34, 17)', '(33, 21)']",[187 states],73,51,124
188,"(34, 19)","(33, 19)",East,"[((35, 19), 'East', 74, 52, 126)]","['(34, 17)', '(33, 21)']","['(34, 17)', '(33, 21)', '(35, 19)']",[188 states],73,51,124
189,"(34, 17)","(33, 17)",East,"[((35, 17), 'East', 76, 50, 126)]","['(33, 21)', '(35, 19)']","['(33, 21)', '(35, 19)', '(35, 17)']",[189 states],75,49,124
190,"(33, 21)","(33, 20)",North,[],"['(35, 19)', '(35, 17)']","['(35, 19)', '(35, 17)']",[190 states],74,52,126
191,"(35, 19)","(34, 19)",East,"[((35, 20), 'North', 75, 53, 128)]","['(35, 17)']","['(35, 17)', '(35, 20)']",[191 states],74,52,126
192,"(35, 17)","(34, 17)",East,[],"['(35, 20)']","['(35, 20)']",[192 states],76,50,126
193,"(35, 20)","(35, 19)",North,"[((35, 21), 'North', 76, 54, 130)]",[],"['(35, 21)']",[193 states],75,53,128
194,"(35, 21)","(35, 20)",North,"[((35, 22), 'North', 77, 55, 132)]",[],"['(35, 22)']",[194 states],76,54,130
195,"(35, 22)","(35, 21)",North,"[((35, 23), 'North', 78, 56, 134)]",[],"['(35, 23)']",[195 states],77,55,132
196,"(35, 23)","(35, 22)",North,"[((35, 24), 'North', 79, 57, 136), ((34, 23), 'West', 79, 55, 134)]",[],"['(34, 23)', '(35, 24)']",[196 states],78,56,134
197,"(34, 23)","(35, 23)",West,"[((33, 23), 'West', 80, 54, 134)]","['(35, 24)']","['(33, 23)', '(35, 24)']",[197 states],79,55,134
198,"(33, 23)","(34, 23)",West,[],"['(35, 24)']","['(35, 24)']",[198 states],80,54,134
199,"(35, 24)","(35, 23)",North,"[((35, 25), 'North', 80, 58, 138)]",[],"['(35, 25)']",[199 states],79,57,136
200,"(35, 25)","(35, 24)",North,"[((35, 26), 'North', 81, 59, 140)]",[],"['(35, 26)']",[200 states],80,58,138
201,"(35, 26)","(35, 25)",North,"[((35, 27), 'North', 82, 60, 142)]",[],"['(35, 27)']",[201 states],81,59,140
202,"(35, 27)","(35, 26)",North,"[((35, 28), 'North', 83, 61, 144)]",[],"['(35, 28)']",[202 states],82,60,142
203,"(35, 28)","(35, 27)",North,"[((35, 29), 'North', 84, 62, 146)]",[],"['(35, 29)']",[203 states],83,61,144
204,"(35, 29)","(35, 28)",North,"[((35, 30), 'North', 85, 63, 148), ((34, 29), 'West', 85, 61, 146)]",[],"['(34, 29)', '(35, 30)']",[204 states],84,62,146
205,"(34, 29)","(35, 29)",West,"[((33, 29), 'West', 86, 60, 146)]","['(35, 30)']","['(33, 29)', '(35, 30)']",[205 states],85,61,146
206,"(33, 29)","(34, 29)",West,"[((33, 28), 'South', 87, 59, 146)]","['(35, 30)']","['(33, 28)', '(35, 30)']",[206 states],86,60,146
207,"(33, 28)","(33, 29)",South,"[((33, 27), 'South', 88, 58, 146)]","['(35, 30)']","['(33, 27)', '(35, 30)']",[207 states],87,59,146
208,"(33, 27)","(33, 28)",South,"[((33, 26), 'South', 89, 57, 146), ((32, 27), 'West', 89, 57, 146)]","['(35, 30)']","['(33, 26)', '(35, 30)', '(32, 27)']",[208 states],88,58,146
209,"(33, 26)","(33, 27)",South,"[((33, 25), 'South', 90, 56, 146)]","['(32, 27)', '(35, 30)']","['(32, 27)', '(35, 30)', '(33, 25)']",[209 states],89,57,146
210,"(32, 27)","(33, 27)",West,"[((31, 27), 'West', 90, 56, 146)]","['(33, 25)', '(35, 30)']","['(33, 25)', '(35, 30)', '(31, 27)']",[210 states],89,57,146
211,"(33, 25)","(33, 26)",South,[],"['(31, 27)', '(35, 30)']","['(31, 27)', '(35, 30)']",[211 states],90,56,146
212,"(31, 27)","(32, 27)",West,"[((31, 28), 'North', 91, 57, 148), ((30, 27), 'West', 91, 55, 146)]","['(35, 30)']","['(30, 27)', '(31, 28)', '(35, 30)']",[212 states],90,56,146
213,"(30, 27)","(31, 27)",West,"[((29, 27), 'West', 92, 54, 146)]","['(35, 30)', '(31, 28)']","['(29, 27)', '(31, 28)', '(35, 30)']",[213 states],91,55,146
214,"(29, 27)","(30, 27)",West,"[((29, 28), 'North', 93, 55, 148), ((29, 26), 'South', 93, 53, 146)]","['(35, 30)', '(31, 28)']","['(29, 26)', '(35, 30)', '(29, 28)', '(31, 28)']",[214 states],92,54,146
215,"(29, 26)","(29, 27)",South,"[((29, 25), 'South', 94, 52, 146)]","['(35, 30)', '(31, 28)', '(29, 28)']","['(29, 25)', '(35, 30)', '(29, 28)', '(31, 28)']",[215 states],93,53,146
216,"(29, 25)","(29, 26)",South,"[((29, 24), 'South', 95, 51, 146)]","['(35, 30)', '(31, 28)', '(29, 28)']","['(29, 24)', '(35, 30)', '(29, 28)', '(31, 28)']",[216 states],94,52,146
217,"(29, 24)","(29, 25)",South,"[((29, 23), 'South', 96, 50, 146)]","['(35, 30)', '(31, 28)', '(29, 28)']","['(29, 23)', '(35, 30)', '(29, 28)', '(31, 28)']",[217 states],95,51,146
218,"(29, 23)","(29, 24)",South,"[((29, 22), 'South', 97, 49, 146), ((30, 23), 'East', 97, 51, 148)]","['(35, 30)', '(31, 28)', '(29, 28)']","['(29, 22)', '(35, 30)', '(29, 28)', '(31, 28)', '(30, 23)']",[218 states],96,50,146
219,"(29, 22)","(29, 23)",South,"[((29, 21), 'South', 98, 48, 146)]","['(35, 30)', '(31, 28)', '(29, 28)', '(30, 23)']","['(29, 21)', '(35, 30)', '(29, 28)', '(30, 23)', '(31, 28)']",[219 states],97,49,146
220,"(29, 21)","(29, 22)",South,"[((29, 20), 'South', 99, 47, 146), ((28, 21), 'West', 99, 47, 146)]","['(35, 30)', '(31, 28)', '(29, 28)', '(30, 23)']","['(29, 20)', '(35, 30)', '(28, 21)', '(30, 23)', '(31, 28)', '(29, 28)']",[220 states],98,48,146
221,"(29, 20)","(29, 21)",South,"[((29, 19), 'South', 100, 46, 146)]","['(28, 21)', '(35, 30)', '(29, 28)', '(30, 23)', '(31, 28)']","['(28, 21)', '(35, 30)', '(29, 19)', '(30, 23)', '(31, 28)', '(29, 28)']",[221 states],99,47,146
222,"(28, 21)","(29, 21)",West,"[((27, 21), 'West', 100, 46, 146)]","['(29, 19)', '(35, 30)', '(29, 28)', '(30, 23)', '(31, 28)']","['(29, 19)', '(35, 30)', '(27, 21)', '(30, 23)', '(31, 28)', '(29, 28)']",[222 states],99,47,146
223,"(29, 19)","(29, 20)",South,[],"['(27, 21)', '(35, 30)', '(29, 28)', '(30, 23)', '(31, 28)']","['(27, 21)', '(35, 30)', '(29, 28)', '(30, 23)', '(31, 28)']",[223 states],100,46,146
224,"(27, 21)","(28, 21)",West,"[((27, 20), 'South', 101, 45, 146)]","['(35, 30)', '(31, 28)', '(29, 28)', '(30, 23)']","['(27, 20)', '(35, 30)', '(29, 28)', '(30, 23)', '(31, 28)']",[224 states],100,46,146
225,"(27, 20)","(27, 21)",South,"[((27, 19), 'South', 102, 44, 146)]","['(35, 30)', '(31, 28)', '(29, 28)', '(30, 23)']","['(27, 19)', '(35, 30)', '(29, 28)', '(30, 23)', '(31, 28)']",[225 states],101,45,146
226,"(27, 19)","(27, 20)",South,"[((27, 18), 'South', 103, 43, 146)]","['(35, 30)', '(31, 28)', '(29, 28)', '(30, 23)']","['(27, 18)', '(35, 30)', '(29, 28)', '(30, 23)', '(31, 28)']",[226 states],102,44,146
227,"(27, 18)","(27, 19)",South,"[((27, 17), 'South', 104, 42, 146)]","['(35, 30)', '(31, 28)', '(29, 28)', '(30, 23)']","['(27, 17)', '(35, 30)', '(29, 28)', '(30, 23)', '(31, 28)']",[227 states],103,43,146
228,"(27, 17)","(27, 18)",South,"[((28, 17), 'East', 105, 43, 148), ((26, 17), 'West', 105, 41, 146)]","['(35, 30)', '(31, 28)', '(29, 28)', '(30, 23)']","['(26, 17)', '(31, 28)', '(35, 30)', '(30, 23)', '(28, 17)', '(29, 28)']",[228 states],104,42,146
229,"(26, 17)","(27, 17)",West,"[((25, 17), 'West', 106, 40, 146)]","['(35, 30)', '(31, 28)', '(29, 28)', '(30, 23)', '(28, 17)']","['(25, 17)', '(31, 28)', '(35, 30)', '(30, 23)', '(28, 17)', '(29, 28)']",[229 states],105,41,146
230,"(25, 17)","(26, 17)",West,"[((25, 18), 'North', 107, 41, 148)]","['(35, 30)', '(31, 28)', '(29, 28)', '(30, 23)', '(28, 17)']","['(35, 30)', '(31, 28)', '(29, 28)', '(30, 23)', '(28, 17)', '(25, 18)']",[230 states],106,40,146
231,"(35, 30)","(35, 29)",North,"[((35, 31), 'North', 86, 64, 150)]","['(31, 28)', '(30, 23)', '(29, 28)', '(25, 18)', '(28, 17)']","['(31, 28)', '(30, 23)', '(29, 28)', '(25, 18)', '(28, 17)', '(35, 31)']",[231 states],85,63,148
232,"(31, 28)","(31, 27)",North,"[((31, 29), 'North', 92, 58, 150)]","['(29, 28)', '(30, 23)', '(35, 31)', '(25, 18)', '(28, 17)']","['(29, 28)', '(30, 23)', '(35, 31)', '(25, 18)', '(28, 17)', '(31, 29)']",[232 states],91,57,148
233,"(29, 28)","(29, 27)",North,"[((29, 29), 'North', 94, 56, 150)]","['(30, 23)', '(28, 17)', '(35, 31)', '(25, 18)', '(31, 29)']","['(30, 23)', '(28, 17)', '(35, 31)', '(25, 18)', '(31, 29)', '(29, 29)']",[233 states],93,55,148
234,"(30, 23)","(29, 23)",East,"[((31, 23), 'East', 98, 52, 150)]","['(28, 17)', '(25, 18)', '(35, 31)', '(29, 29)', '(31, 29)']","['(28, 17)', '(25, 18)', '(35, 31)', '(29, 29)', '(31, 29)', '(31, 23)']",[234 states],97,51,148
235,"(28, 17)","(27, 17)",East,"[((29, 17), 'East', 106, 44, 150)]","['(25, 18)', '(31, 29)', '(35, 31)', '(29, 29)', '(31, 23)']","['(25, 18)', '(31, 29)', '(35, 31)', '(29, 29)', '(31, 23)', '(29, 17)']",[235 states],105,43,148
236,"(25, 18)","(25, 17)",North,"[((25, 19), 'North', 108, 42, 150)]","['(35, 31)', '(31, 29)', '(29, 17)', '(29, 29)', '(31, 23)']","['(35, 31)', '(31, 29)', '(29, 17)', '(29, 29)', '(31, 23)', '(25, 19)']",[236 states],107,41,148
237,"(35, 31)","(35, 30)",North,"[((34, 31), 'West', 87, 63, 150)]","['(31, 29)', '(29, 29)', '(29, 17)', '(25, 19)', '(31, 23)']","['(31, 29)', '(29, 29)', '(29, 17)', '(25, 19)', '(31, 23)', '(34, 31)']",[237 states],86,64,150
238,"(31, 29)","(31, 28)",North,"[((31, 30), 'North', 93, 59, 152)]","['(29, 29)', '(31, 23)', '(29, 17)', '(25, 19)', '(34, 31)']","['(29, 29)', '(31, 23)', '(29, 17)', '(25, 19)', '(34, 31)', '(31, 30)']",[238 states],92,58,150
239,"(29, 29)","(29, 28)",North,[],"['(31, 23)', '(25, 19)', '(29, 17)', '(31, 30)', '(34, 31)']","['(31, 23)', '(25, 19)', '(29, 17)', '(31, 30)', '(34, 31)']",[239 states],94,56,150
240,"(31, 23)","(30, 23)",East,"[((31, 24), 'North', 99, 53, 152)]","['(29, 17)', '(25, 19)', '(34, 31)', '(31, 30)']","['(29, 17)', '(25, 19)', '(34, 31)', '(31, 30)', '(31, 24)']",[240 states],98,52,150
241,"(29, 17)","(28, 17)",East,[],"['(25, 19)', '(31, 30)', '(34, 31)', '(31, 24)']","['(25, 19)', '(31, 30)', '(34, 31)', '(31, 24)']",[241 states],106,44,150
242,"(25, 19)","(25, 18)",North,"[((25, 20), 'North', 109, 43, 152), ((24, 19), 'West', 109, 41, 150)]","['(34, 31)', '(31, 30)', '(31, 24)']","['(34, 31)', '(24, 19)', '(31, 24)', '(25, 20)', '(31, 30)']",[242 states],108,42,150
243,"(34, 31)","(35, 31)",West,"[((33, 31), 'West', 88, 62, 150)]","['(24, 19)', '(31, 30)', '(31, 24)', '(25, 20)']","['(24, 19)', '(33, 31)', '(31, 24)', '(25, 20)', '(31, 30)']",[243 states],87,63,150
244,"(24, 19)","(25, 19)",West,"[((23, 19), 'West', 110, 40, 150)]","['(33, 31)', '(31, 30)', '(31, 24)', '(25, 20)']","['(33, 31)', '(23, 19)', '(31, 24)', '(25, 20)', '(31, 30)']",[244 states],109,41,150
245,"(33, 31)","(34, 31)",West,"[((33, 32), 'North', 89, 63, 152)]","['(23, 19)', '(31, 30)', '(31, 24)', '(25, 20)']","['(23, 19)', '(31, 30)', '(31, 24)', '(25, 20)', '(33, 32)']",[245 states],88,62,150
246,"(23, 19)","(24, 19)",West,"[((22, 19), 'West', 111, 39, 150)]","['(31, 30)', '(25, 20)', '(31, 24)', '(33, 32)']","['(22, 19)', '(31, 30)', '(31, 24)', '(33, 32)', '(25, 20)']",[246 states],110,40,150
247,"(22, 19)","(23, 19)",West,"[((21, 19), 'West', 112, 38, 150)]","['(31, 30)', '(25, 20)', '(31, 24)', '(33, 32)']","['(21, 19)', '(31, 30)', '(31, 24)', '(33, 32)', '(25, 20)']",[247 states],111,39,150
248,"(21, 19)","(22, 19)",West,"[((21, 20), 'North', 113, 39, 152), ((21, 18), 'South', 113, 37, 150), ((20, 19), 'West', 113, 37, 150)]","['(31, 30)', '(25, 20)', '(31, 24)', '(33, 32)']","['(21, 18)', '(25, 20)', '(20, 19)', '(33, 32)', '(21, 20)', '(31, 24)', '(31, 30)']",[248 states],112,38,150
249,"(21, 18)","(21, 19)",South,"[((21, 17), 'South', 114, 36, 150)]","['(20, 19)', '(25, 20)', '(31, 30)', '(33, 32)', '(21, 20)', '(31, 24)']","['(20, 19)', '(25, 20)', '(21, 17)', '(33, 32)', '(21, 20)', '(31, 24)', '(31, 30)']",[249 states],113,37,150
250,"(20, 19)","(21, 19)",West,"[((19, 19), 'West', 114, 36, 150)]","['(21, 17)', '(25, 20)', '(31, 30)', '(33, 32)', '(21, 20)', '(31, 24)']","['(21, 17)', '(25, 20)', '(19, 19)', '(33, 32)', '(21, 20)', '(31, 24)', '(31, 30)']",[250 states],113,37,150
251,"(21, 17)","(21, 18)",South,"[((22, 17), 'East', 115, 37, 152)]","['(19, 19)', '(25, 20)', '(31, 30)', '(33, 32)', '(21, 20)', '(31, 24)']","['(19, 19)', '(25, 20)', '(31, 30)', '(33, 32)', '(21, 20)', '(31, 24)', '(22, 17)']",[251 states],114,36,150
252,"(19, 19)","(20, 19)",West,"[((18, 19), 'West', 115, 35, 150)]","['(31, 30)', '(25, 20)', '(31, 24)', '(33, 32)', '(21, 20)', '(22, 17)']","['(18, 19)', '(25, 20)', '(31, 30)', '(33, 32)', '(21, 20)', '(22, 17)', '(31, 24)']",[252 states],114,36,150
253,"(18, 19)","(19, 19)",West,"[((17, 19), 'West', 116, 34, 150)]","['(31, 30)', '(25, 20)', '(31, 24)', '(33, 32)', '(21, 20)', '(22, 17)']","['(17, 19)', '(25, 20)', '(31, 30)', '(33, 32)', '(21, 20)', '(22, 17)', '(31, 24)']",[253 states],115,35,150
254,"(17, 19)","(18, 19)",West,"[((17, 20), 'North', 117, 35, 152), ((16, 19), 'West', 117, 33, 150)]","['(31, 30)', '(25, 20)', '(31, 24)', '(33, 32)', '(21, 20)', '(22, 17)']","['(16, 19)', '(31, 30)', '(31, 24)', '(25, 20)', '(21, 20)', '(22, 17)', '(17, 20)', '(33, 32)']",[254 states],116,34,150
255,"(16, 19)","(17, 19)",West,"[((15, 19), 'West', 118, 32, 150)]","['(31, 30)', '(25, 20)', '(31, 24)', '(33, 32)', '(21, 20)', '(22, 17)', '(17, 20)']","['(15, 19)', '(31, 30)', '(31, 24)', '(25, 20)', '(21, 20)', '(22, 17)', '(17, 20)', '(33, 32)']",[255 states],117,33,150
256,"(15, 19)","(16, 19)",West,"[((15, 18), 'South', 119, 31, 150), ((14, 19), 'West', 119, 31, 150)]","['(31, 30)', '(25, 20)', '(31, 24)', '(33, 32)', '(21, 20)', '(22, 17)', '(17, 20)']","['(15, 18)', '(14, 19)', '(31, 24)', '(31, 30)', '(21, 20)', '(22, 17)', '(17, 20)', '(33, 32)', '(25, 20)']",[256 states],118,32,150
257,"(15, 18)","(15, 19)",South,"[((15, 17), 'South', 120, 30, 150)]","['(14, 19)', '(31, 30)', '(31, 24)', '(25, 20)', '(21, 20)', '(22, 17)', '(17, 20)', '(33, 32)']","['(14, 19)', '(15, 17)', '(31, 24)', '(31, 30)', '(21, 20)', '(22, 17)', '(17, 20)', '(33, 32)', '(25, 20)']",[257 states],119,31,150
258,"(14, 19)","(15, 19)",West,"[((13, 19), 'West', 120, 30, 150)]","['(15, 17)', '(31, 30)', '(31, 24)', '(25, 20)', '(21, 20)', '(22, 17)', '(17, 20)', '(33, 32)']","['(15, 17)', '(13, 19)', '(31, 24)', '(31, 30)', '(21, 20)', '(22, 17)', '(17, 20)', '(33, 32)', '(25, 20)']",[258 states],119,31,150
259,"(15, 17)","(15, 18)",South,"[((16, 17), 'East', 121, 31, 152)]","['(13, 19)', '(31, 30)', '(31, 24)', '(25, 20)', '(21, 20)', '(22, 17)', '(17, 20)', '(33, 32)']","['(13, 19)', '(31, 30)', '(31, 24)', '(25, 20)', '(21, 20)', '(22, 17)', '(17, 20)', '(33, 32)', '(16, 17)']",[259 states],120,30,150
260,"(13, 19)","(14, 19)",West,"[((13, 20), 'North', 121, 31, 152), ((13, 18), 'South', 121, 29, 150), ((12, 19), 'West', 121, 29, 150)]","['(31, 30)', '(25, 20)', '(31, 24)', '(33, 32)', '(21, 20)', '(22, 17)', '(17, 20)', '(16, 17)']","['(13, 18)', '(12, 19)', '(31, 24)', '(33, 32)', '(31, 30)', '(22, 17)', '(17, 20)', '(16, 17)', '(13, 20)', '(21, 20)', '(25, 20)']",[260 states],120,30,150
261,"(13, 18)","(13, 19)",South,"[((13, 17), 'South', 122, 28, 150)]","['(12, 19)', '(31, 30)', '(31, 24)', '(33, 32)', '(25, 20)', '(22, 17)', '(17, 20)', '(16, 17)', '(13, 20)', '(21, 20)']","['(12, 19)', '(13, 17)', '(31, 24)', '(33, 32)', '(31, 30)', '(22, 17)', '(17, 20)', '(16, 17)', '(13, 20)', '(21, 20)', '(25, 20)']",[261 states],121,29,150
262,"(12, 19)","(13, 19)",West,"[((11, 19), 'West', 122, 28, 150)]","['(13, 17)', '(31, 30)', '(31, 24)', '(33, 32)', '(25, 20)', '(22, 17)', '(17, 20)', '(16, 17)', '(13, 20)', '(21, 20)']","['(13, 17)', '(11, 19)', '(31, 24)', '(33, 32)', '(31, 30)', '(22, 17)', '(17, 20)', '(16, 17)', '(13, 20)', '(21, 20)', '(25, 20)']",[262 states],121,29,150
263,"(13, 17)","(13, 18)",South,[],"['(11, 19)', '(31, 30)', '(31, 24)', '(33, 32)', '(25, 20)', '(22, 17)', '(17, 20)', '(16, 17)', '(13, 20)', '(21, 20)']","['(11, 19)', '(31, 30)', '(31, 24)', '(33, 32)', '(25, 20)', '(22, 17)', '(17, 20)', '(16, 17)', '(13, 20)', '(21, 20)']",[263 states],122,28,150
264,"(11, 19)","(12, 19)",West,"[((11, 18), 'South', 123, 27, 150), ((10, 19), 'West', 123, 27, 150)]","['(31, 30)', '(25, 20)', '(31, 24)', '(33, 32)', '(21, 20)', '(22, 17)', '(17, 20)', '(16, 17)', '(13, 20)']","['(11, 18)', '(10, 19)', '(31, 24)', '(33, 32)', '(31, 30)', '(22, 17)', '(17, 20)', '(16, 17)', '(13, 20)', '(21, 20)', '(25, 20)']",[264 states],122,28,150
265,"(11, 18)","(11, 19)",South,"[((11, 17), 'South', 124, 26, 150)]","['(10, 19)', '(31, 30)', '(31, 24)', '(33, 32)', '(25, 20)', '(22, 17)', '(17, 20)', '(16, 17)', '(13, 20)', '(21, 20)']","['(10, 19)', '(11, 17)', '(31, 24)', '(33, 32)', '(31, 30)', '(22, 17)', '(17, 20)', '(16, 17)', '(13, 20)', '(21, 20)', '(25, 20)']",[265 states],123,27,150
266,"(10, 19)","(11, 19)",West,"[((9, 19), 'West', 124, 26, 150)]","['(11, 17)', '(31, 30)', '(31, 24)', '(33, 32)', '(25, 20)', '(22, 17)', '(17, 20)', '(16, 17)', '(13, 20)', '(21, 20)']","['(11, 17)', '(9, 19)', '(31, 24)', '(33, 32)', '(31, 30)', '(22, 17)', '(17, 20)', '(16, 17)', '(13, 20)', '(21, 20)', '(25, 20)']",[266 states],123,27,150
267,"(11, 17)","(11, 18)",South,[],"['(9, 19)', '(31, 30)', '(31, 24)', '(33, 32)', '(25, 20)', '(22, 17)', '(17, 20)', '(16, 17)', '(13, 20)', '(21, 20)']","['(9, 19)', '(31, 30)', '(31, 24)', '(33, 32)', '(25, 20)', '(22, 17)', '(17, 20)', '(16, 17)', '(13, 20)', '(21, 20)']",[267 states],124,26,150
268,"(9, 19)","(10, 19)",West,"[((9, 20), 'North', 125, 27, 152)]","['(31, 30)', '(25, 20)', '(31, 24)', '(33, 32)', '(21, 20)', '(22, 17)', '(17, 20)', '(16, 17)', '(13, 20)']","['(31, 30)', '(25, 20)', '(31, 24)', '(33, 32)', '(21, 20)', '(22, 17)', '(17, 20)', '(16, 17)', '(13, 20)', '(9, 20)']",[268 states],124,26,150
269,"(31, 30)","(31, 29)",North,"[((31, 31), 'North', 94, 60, 154)]","['(31, 24)', '(25, 20)', '(22, 17)', '(33, 32)', '(21, 20)', '(9, 20)', '(17, 20)', '(16, 17)', '(13, 20)']","['(31, 24)', '(25, 20)', '(22, 17)', '(33, 32)', '(21, 20)', '(9, 20)', '(17, 20)', '(16, 17)', '(13, 20)', '(31, 31)']",[269 states],93,59,152
270,"(31, 24)","(31, 23)",North,"[((31, 25), 'North', 100, 54, 154)]","['(25, 20)', '(33, 32)', '(22, 17)', '(16, 17)', '(21, 20)', '(9, 20)', '(17, 20)', '(31, 31)', '(13, 20)']","['(25, 20)', '(33, 32)', '(22, 17)', '(16, 17)', '(21, 20)', '(9, 20)', '(17, 20)', '(31, 31)', '(13, 20)', '(31, 25)']",[270 states],99,53,152
271,"(25, 20)","(25, 19)",North,"[((25, 21), 'North', 110, 44, 154)]","['(33, 32)', '(21, 20)', '(22, 17)', '(16, 17)', '(31, 25)', '(9, 20)', '(17, 20)', '(31, 31)', '(13, 20)']","['(33, 32)', '(21, 20)', '(22, 17)', '(16, 17)', '(31, 25)', '(9, 20)', '(17, 20)', '(31, 31)', '(13, 20)', '(25, 21)']",[271 states],109,43,152
272,"(33, 32)","(33, 31)",North,"[((33, 33), 'North', 90, 64, 154)]","['(21, 20)', '(16, 17)', '(22, 17)', '(13, 20)', '(31, 25)', '(9, 20)', '(17, 20)', '(31, 31)', '(25, 21)']","['(21, 20)', '(16, 17)', '(22, 17)', '(13, 20)', '(31, 25)', '(9, 20)', '(17, 20)', '(31, 31)', '(25, 21)', '(33, 33)']",[272 states],89,63,152
273,"(21, 20)","(21, 19)",North,"[((21, 21), 'North', 114, 40, 154)]","['(22, 17)', '(16, 17)', '(17, 20)', '(13, 20)', '(31, 25)', '(9, 20)', '(33, 33)', '(31, 31)', '(25, 21)']","['(22, 17)', '(16, 17)', '(17, 20)', '(13, 20)', '(31, 25)', '(9, 20)', '(33, 33)', '(31, 31)', '(25, 21)', '(21, 21)']",[273 states],113,39,152
274,"(22, 17)","(21, 17)",East,"[((23, 17), 'East', 116, 38, 154)]","['(17, 20)', '(16, 17)', '(9, 20)', '(13, 20)', '(31, 25)', '(21, 21)', '(33, 33)', '(31, 31)', '(25, 21)']","['(17, 20)', '(16, 17)', '(9, 20)', '(13, 20)', '(31, 25)', '(21, 21)', '(33, 33)', '(31, 31)', '(25, 21)', '(23, 17)']",[274 states],115,37,152
275,"(17, 20)","(17, 19)",North,"[((17, 21), 'North', 118, 36, 154)]","['(16, 17)', '(13, 20)', '(9, 20)', '(31, 31)', '(31, 25)', '(21, 21)', '(33, 33)', '(23, 17)', '(25, 21)']","['(16, 17)', '(13, 20)', '(9, 20)', '(31, 31)', '(31, 25)', '(21, 21)', '(33, 33)', '(23, 17)', '(25, 21)', '(17, 21)']",[275 states],117,35,152
276,"(16, 17)","(15, 17)",East,"[((17, 17), 'East', 122, 32, 154)]","['(13, 20)', '(31, 31)', '(9, 20)', '(25, 21)', '(31, 25)', '(21, 21)', '(33, 33)', '(23, 17)', '(17, 21)']","['(13, 20)', '(31, 31)', '(9, 20)', '(25, 21)', '(31, 25)', '(21, 21)', '(33, 33)', '(23, 17)', '(17, 21)', '(17, 17)']",[276 states],121,31,152
277,"(13, 20)","(13, 19)",North,"[((13, 21), 'North', 122, 32, 154)]","['(9, 20)', '(31, 31)', '(33, 33)', '(25, 21)', '(31, 25)', '(21, 21)', '(17, 17)', '(23, 17)', '(17, 21)']","['(9, 20)', '(31, 31)', '(33, 33)', '(25, 21)', '(31, 25)', '(21, 21)', '(17, 17)', '(23, 17)', '(17, 21)', '(13, 21)']",[277 states],121,31,152
278,"(9, 20)","(9, 19)",North,"[((9, 21), 'North', 126, 28, 154)]","['(31, 31)', '(31, 25)', '(33, 33)', '(25, 21)', '(13, 21)', '(21, 21)', '(17, 17)', '(23, 17)', '(17, 21)']","['(31, 31)', '(31, 25)', '(33, 33)', '(25, 21)', '(13, 21)', '(21, 21)', '(17, 17)', '(23, 17)', '(17, 21)', '(9, 21)']",[278 states],125,27,152
279,"(31, 31)","(31, 30)",North,"[((31, 32), 'North', 95, 61, 156)]","['(31, 25)', '(25, 21)', '(33, 33)', '(23, 17)', '(13, 21)', '(21, 21)', '(17, 17)', '(9, 21)', '(17, 21)']","['(31, 25)', '(25, 21)', '(33, 33)', '(23, 17)', '(13, 21)', '(21, 21)', '(17, 17)', '(9, 21)', '(17, 21)', '(31, 32)']",[279 states],94,60,154
280,"(31, 25)","(31, 24)",North,[],"['(25, 21)', '(23, 17)', '(33, 33)', '(17, 21)', '(13, 21)', '(21, 21)', '(17, 17)', '(9, 21)', '(31, 32)']","['(25, 21)', '(23, 17)', '(33, 33)', '(17, 21)', '(13, 21)', '(21, 21)', '(17, 17)', '(9, 21)', '(31, 32)']",[280 states],100,54,154
281,"(25, 21)","(25, 20)",North,"[((25, 22), 'North', 111, 45, 156)]","['(33, 33)', '(23, 17)', '(21, 21)', '(17, 21)', '(13, 21)', '(31, 32)', '(17, 17)', '(9, 21)']","['(33, 33)', '(23, 17)', '(21, 21)', '(17, 21)', '(13, 21)', '(31, 32)', '(17, 17)', '(9, 21)', '(25, 22)']",[281 states],110,44,154
282,"(33, 33)","(33, 32)",North,"[((33, 34), 'North', 91, 65, 156), ((34, 33), 'East', 91, 65, 156)]","['(21, 21)', '(23, 17)', '(17, 17)', '(17, 21)', '(13, 21)', '(31, 32)', '(25, 22)', '(9, 21)']","['(21, 21)', '(23, 17)', '(17, 17)', '(17, 21)', '(13, 21)', '(31, 32)', '(25, 22)', '(9, 21)', '(33, 34)', '(34, 33)']",[282 states],90,64,154
283,"(21, 21)","(21, 20)",North,"[((21, 22), 'North', 115, 41, 156), ((22, 21), 'East', 115, 41, 156), ((20, 21), 'West', 115, 39, 154)]","['(23, 17)', '(17, 21)', '(17, 17)', '(9, 21)', '(13, 21)', '(31, 32)', '(25, 22)', '(34, 33)', '(33, 34)']","['(23, 17)', '(17, 21)', '(17, 17)', '(9, 21)', '(13, 21)', '(20, 21)', '(25, 22)', '(34, 33)', '(33, 34)', '(21, 22)', '(22, 21)', '(31, 32)']",[283 states],114,40,154
284,"(23, 17)","(22, 17)",East,[],"['(17, 21)', '(13, 21)', '(17, 17)', '(9, 21)', '(31, 32)', '(20, 21)', '(25, 22)', '(34, 33)', '(33, 34)', '(21, 22)', '(22, 21)']","['(17, 21)', '(13, 21)', '(17, 17)', '(9, 21)', '(31, 32)', '(20, 21)', '(25, 22)', '(34, 33)', '(33, 34)', '(21, 22)', '(22, 21)']",[284 states],116,38,154
285,"(17, 21)","(17, 20)",North,[],"['(17, 17)', '(13, 21)', '(20, 21)', '(9, 21)', '(31, 32)', '(22, 21)', '(25, 22)', '(34, 33)', '(33, 34)', '(21, 22)']","['(17, 17)', '(13, 21)', '(20, 21)', '(9, 21)', '(31, 32)', '(22, 21)', '(25, 22)', '(34, 33)', '(33, 34)', '(21, 22)']",[285 states],118,36,154
286,"(17, 17)","(16, 17)",East,"[((18, 17), 'East', 123, 33, 156)]","['(13, 21)', '(9, 21)', '(20, 21)', '(33, 34)', '(31, 32)', '(22, 21)', '(25, 22)', '(34, 33)', '(21, 22)']","['(13, 21)', '(9, 21)', '(20, 21)', '(33, 34)', '(31, 32)', '(22, 21)', '(25, 22)', '(34, 33)', '(21, 22)', '(18, 17)']",[286 states],122,32,154
287,"(13, 21)","(13, 20)",North,"[((14, 21), 'East', 123, 33, 156), ((12, 21), 'West', 123, 31, 154)]","['(9, 21)', '(31, 32)', '(20, 21)', '(33, 34)', '(18, 17)', '(22, 21)', '(25, 22)', '(34, 33)', '(21, 22)']","['(9, 21)', '(12, 21)', '(20, 21)', '(33, 34)', '(31, 32)', '(22, 21)', '(25, 22)', '(34, 33)', '(21, 22)', '(14, 21)', '(18, 17)']",[287 states],122,32,154
288,"(9, 21)","(9, 20)",North,"[((9, 22), 'North', 127, 29, 156)]","['(20, 21)', '(12, 21)', '(25, 22)', '(33, 34)', '(31, 32)', '(22, 21)', '(18, 17)', '(34, 33)', '(21, 22)', '(14, 21)']","['(20, 21)', '(12, 21)', '(25, 22)', '(33, 34)', '(31, 32)', '(22, 21)', '(18, 17)', '(34, 33)', '(21, 22)', '(14, 21)', '(9, 22)']",[288 states],126,28,154
289,"(20, 21)","(21, 21)",West,"[((19, 21), 'West', 116, 38, 154)]","['(12, 21)', '(31, 32)', '(25, 22)', '(33, 34)', '(14, 21)', '(22, 21)', '(18, 17)', '(34, 33)', '(21, 22)', '(9, 22)']","['(12, 21)', '(19, 21)', '(25, 22)', '(33, 34)', '(31, 32)', '(22, 21)', '(18, 17)', '(34, 33)', '(21, 22)', '(9, 22)', '(14, 21)']",[289 states],115,39,154
290,"(12, 21)","(13, 21)",West,"[((11, 21), 'West', 124, 30, 154)]","['(19, 21)', '(31, 32)', '(25, 22)', '(33, 34)', '(14, 21)', '(22, 21)', '(18, 17)', '(34, 33)', '(21, 22)', '(9, 22)']","['(19, 21)', '(11, 21)', '(25, 22)', '(33, 34)', '(31, 32)', '(22, 21)', '(18, 17)', '(34, 33)', '(21, 22)', '(9, 22)', '(14, 21)']",[290 states],123,31,154
291,"(19, 21)","(20, 21)",West,[],"['(11, 21)', '(31, 32)', '(25, 22)', '(33, 34)', '(14, 21)', '(22, 21)', '(18, 17)', '(34, 33)', '(21, 22)', '(9, 22)']","['(11, 21)', '(31, 32)', '(25, 22)', '(33, 34)', '(14, 21)', '(22, 21)', '(18, 17)', '(34, 33)', '(21, 22)', '(9, 22)']",[291 states],116,38,154
292,"(11, 21)","(12, 21)",West,[],"['(31, 32)', '(33, 34)', '(25, 22)', '(34, 33)', '(14, 21)', '(22, 21)', '(18, 17)', '(9, 22)', '(21, 22)']","['(31, 32)', '(33, 34)', '(25, 22)', '(34, 33)', '(14, 21)', '(22, 21)', '(18, 17)', '(9, 22)', '(21, 22)']",[292 states],124,30,154
293,"(31, 32)","(31, 31)",North,"[((31, 33), 'North', 96, 62, 158)]","['(25, 22)', '(33, 34)', '(21, 22)', '(34, 33)', '(14, 21)', '(22, 21)', '(18, 17)', '(9, 22)']","['(25, 22)', '(33, 34)', '(21, 22)', '(34, 33)', '(14, 21)', '(22, 21)', '(18, 17)', '(9, 22)', '(31, 33)']",[293 states],95,61,156
294,"(25, 22)","(25, 21)",North,"[((25, 23), 'North', 112, 46, 158)]","['(33, 34)', '(34, 33)', '(21, 22)', '(9, 22)', '(14, 21)', '(22, 21)', '(18, 17)', '(31, 33)']","['(33, 34)', '(34, 33)', '(21, 22)', '(9, 22)', '(14, 21)', '(22, 21)', '(18, 17)', '(31, 33)', '(25, 23)']",[294 states],111,45,156
295,"(33, 34)","(33, 33)",North,"[((33, 35), 'North', 92, 66, 158)]","['(34, 33)', '(14, 21)', '(21, 22)', '(9, 22)', '(25, 23)', '(22, 21)', '(18, 17)', '(31, 33)']","['(34, 33)', '(14, 21)', '(21, 22)', '(9, 22)', '(25, 23)', '(22, 21)', '(18, 17)', '(31, 33)', '(33, 35)']",[295 states],91,65,156
296,"(34, 33)","(33, 33)",East,"[((35, 33), 'East', 92, 66, 158)]","['(21, 22)', '(14, 21)', '(22, 21)', '(9, 22)', '(25, 23)', '(33, 35)', '(18, 17)', '(31, 33)']","['(21, 22)', '(14, 21)', '(22, 21)', '(9, 22)', '(25, 23)', '(33, 35)', '(18, 17)', '(31, 33)', '(35, 33)']",[296 states],91,65,156
297,"(21, 22)","(21, 21)",North,"[((21, 23), 'North', 116, 42, 158)]","['(22, 21)', '(14, 21)', '(18, 17)', '(9, 22)', '(25, 23)', '(33, 35)', '(35, 33)', '(31, 33)']","['(22, 21)', '(14, 21)', '(18, 17)', '(9, 22)', '(25, 23)', '(33, 35)', '(35, 33)', '(31, 33)', '(21, 23)']",[297 states],115,41,156
298,"(22, 21)","(21, 21)",East,"[((23, 21), 'East', 116, 42, 158)]","['(18, 17)', '(14, 21)', '(33, 35)', '(9, 22)', '(25, 23)', '(21, 23)', '(35, 33)', '(31, 33)']","['(18, 17)', '(14, 21)', '(33, 35)', '(9, 22)', '(25, 23)', '(21, 23)', '(35, 33)', '(31, 33)', '(23, 21)']",[298 states],115,41,156
299,"(18, 17)","(17, 17)",East,"[((19, 17), 'East', 124, 34, 158)]","['(14, 21)', '(9, 22)', '(33, 35)', '(31, 33)', '(25, 23)', '(21, 23)', '(35, 33)', '(23, 21)']","['(14, 21)', '(9, 22)', '(33, 35)', '(31, 33)', '(25, 23)', '(21, 23)', '(35, 33)', '(23, 21)', '(19, 17)']",[299 states],123,33,156
300,"(14, 21)","(13, 21)",East,"[((15, 21), 'East', 124, 34, 158)]","['(9, 22)', '(31, 33)', '(33, 35)', '(23, 21)', '(25, 23)', '(21, 23)', '(35, 33)', '(19, 17)']","['(9, 22)', '(31, 33)', '(33, 35)', '(23, 21)', '(25, 23)', '(21, 23)', '(35, 33)', '(19, 17)', '(15, 21)']",[300 states],123,33,156
301,"(9, 22)","(9, 21)",North,"[((9, 23), 'North', 128, 30, 158)]","['(31, 33)', '(25, 23)', '(33, 35)', '(23, 21)', '(15, 21)', '(21, 23)', '(35, 33)', '(19, 17)']","['(31, 33)', '(25, 23)', '(33, 35)', '(23, 21)', '(15, 21)', '(21, 23)', '(35, 33)', '(19, 17)', '(9, 23)']",[301 states],127,29,156
302,"(31, 33)","(31, 32)",North,[],"['(25, 23)', '(23, 21)', '(33, 35)', '(19, 17)', '(15, 21)', '(21, 23)', '(35, 33)', '(9, 23)']","['(25, 23)', '(23, 21)', '(33, 35)', '(19, 17)', '(15, 21)', '(21, 23)', '(35, 33)', '(9, 23)']",[302 states],96,62,158
303,"(25, 23)","(25, 22)",North,"[((25, 24), 'North', 113, 47, 160), ((26, 23), 'East', 113, 47, 160), ((24, 23), 'West', 113, 45, 158)]","['(33, 35)', '(23, 21)', '(35, 33)', '(19, 17)', '(15, 21)', '(21, 23)', '(9, 23)']","['(33, 35)', '(23, 21)', '(35, 33)', '(19, 17)', '(15, 21)', '(21, 23)', '(9, 23)', '(25, 24)', '(26, 23)', '(24, 23)']",[303 states],112,46,158
304,"(33, 35)","(33, 34)",North,"[((32, 35), 'West', 93, 65, 158)]","['(35, 33)', '(23, 21)', '(21, 23)', '(19, 17)', '(15, 21)', '(24, 23)', '(9, 23)', '(25, 24)', '(26, 23)']","['(35, 33)', '(23, 21)', '(21, 23)', '(19, 17)', '(15, 21)', '(24, 23)', '(9, 23)', '(25, 24)', '(26, 23)', '(32, 35)']",[304 states],92,66,158
305,"(35, 33)","(34, 33)",East,"[((35, 34), 'North', 93, 67, 160)]","['(21, 23)', '(23, 21)', '(9, 23)', '(19, 17)', '(15, 21)', '(24, 23)', '(32, 35)', '(25, 24)', '(26, 23)']","['(21, 23)', '(23, 21)', '(9, 23)', '(19, 17)', '(15, 21)', '(24, 23)', '(32, 35)', '(25, 24)', '(26, 23)', '(35, 34)']",[305 states],92,66,158
306,"(21, 23)","(21, 22)",North,"[((20, 23), 'West', 117, 41, 158)]","['(23, 21)', '(19, 17)', '(9, 23)', '(25, 24)', '(15, 21)', '(24, 23)', '(32, 35)', '(35, 34)', '(26, 23)']","['(23, 21)', '(19, 17)', '(9, 23)', '(25, 24)', '(15, 21)', '(24, 23)', '(32, 35)', '(35, 34)', '(26, 23)', '(20, 23)']",[306 states],116,42,158
307,"(23, 21)","(22, 21)",East,[],"['(19, 17)', '(15, 21)', '(9, 23)', '(25, 24)', '(20, 23)', '(24, 23)', '(32, 35)', '(35, 34)', '(26, 23)']","['(19, 17)', '(15, 21)', '(9, 23)', '(25, 24)', '(20, 23)', '(24, 23)', '(32, 35)', '(35, 34)', '(26, 23)']",[307 states],116,42,158
308,"(19, 17)","(18, 17)",East,"[((19, 16), 'South', 125, 33, 158)]","['(15, 21)', '(20, 23)', '(9, 23)', '(25, 24)', '(26, 23)', '(24, 23)', '(32, 35)', '(35, 34)']","['(15, 21)', '(20, 23)', '(9, 23)', '(19, 16)', '(26, 23)', '(24, 23)', '(32, 35)', '(35, 34)', '(25, 24)']",[308 states],124,34,158
309,"(15, 21)","(14, 21)",East,"[((15, 22), 'North', 125, 35, 160)]","['(9, 23)', '(20, 23)', '(24, 23)', '(19, 16)', '(26, 23)', '(25, 24)', '(32, 35)', '(35, 34)']","['(9, 23)', '(20, 23)', '(24, 23)', '(19, 16)', '(26, 23)', '(25, 24)', '(32, 35)', '(35, 34)', '(15, 22)']",[309 states],124,34,158
310,"(9, 23)","(9, 22)",North,"[((10, 23), 'East', 129, 31, 160), ((8, 23), 'West', 129, 29, 158)]","['(24, 23)', '(20, 23)', '(32, 35)', '(19, 16)', '(26, 23)', '(25, 24)', '(15, 22)', '(35, 34)']","['(24, 23)', '(20, 23)', '(32, 35)', '(19, 16)', '(8, 23)', '(25, 24)', '(15, 22)', '(35, 34)', '(10, 23)', '(26, 23)']",[310 states],128,30,158
311,"(24, 23)","(25, 23)",West,"[((23, 23), 'West', 114, 44, 158)]","['(32, 35)', '(20, 23)', '(25, 24)', '(19, 16)', '(8, 23)', '(26, 23)', '(15, 22)', '(35, 34)', '(10, 23)']","['(32, 35)', '(20, 23)', '(25, 24)', '(19, 16)', '(8, 23)', '(26, 23)', '(15, 22)', '(35, 34)', '(10, 23)', '(23, 23)']",[311 states],113,45,158
312,"(32, 35)","(33, 35)",West,"[((31, 35), 'West', 94, 64, 158)]","['(20, 23)', '(19, 16)', '(25, 24)', '(23, 23)', '(8, 23)', '(26, 23)', '(15, 22)', '(35, 34)', '(10, 23)']","['(20, 23)', '(19, 16)', '(25, 24)', '(23, 23)', '(8, 23)', '(26, 23)', '(15, 22)', '(35, 34)', '(10, 23)', '(31, 35)']",[312 states],93,65,158
313,"(20, 23)","(21, 23)",West,"[((19, 23), 'West', 118, 40, 158)]","['(19, 16)', '(8, 23)', '(25, 24)', '(23, 23)', '(31, 35)', '(26, 23)', '(15, 22)', '(35, 34)', '(10, 23)']","['(19, 16)', '(8, 23)', '(25, 24)', '(23, 23)', '(31, 35)', '(26, 23)', '(15, 22)', '(35, 34)', '(10, 23)', '(19, 23)']",[313 states],117,41,158
314,"(19, 16)","(19, 17)",South,"[((19, 15), 'South', 126, 32, 158)]","['(8, 23)', '(23, 23)', '(25, 24)', '(19, 23)', '(31, 35)', '(26, 23)', '(15, 22)', '(35, 34)', '(10, 23)']","['(8, 23)', '(23, 23)', '(25, 24)', '(19, 23)', '(31, 35)', '(26, 23)', '(15, 22)', '(35, 34)', '(10, 23)', '(19, 15)']",[314 states],125,33,158
315,"(8, 23)","(9, 23)",West,"[((7, 23), 'West', 130, 28, 158)]","['(23, 23)', '(31, 35)', '(25, 24)', '(19, 23)', '(19, 15)', '(26, 23)', '(15, 22)', '(35, 34)', '(10, 23)']","['(23, 23)', '(31, 35)', '(25, 24)', '(19, 23)', '(19, 15)', '(26, 23)', '(15, 22)', '(35, 34)', '(10, 23)', '(7, 23)']",[315 states],129,29,158
316,"(23, 23)","(24, 23)",West,[],"['(31, 35)', '(19, 23)', '(25, 24)', '(7, 23)', '(19, 15)', '(26, 23)', '(15, 22)', '(35, 34)', '(10, 23)']","['(31, 35)', '(19, 23)', '(25, 24)', '(7, 23)', '(19, 15)', '(26, 23)', '(15, 22)', '(35, 34)', '(10, 23)']",[316 states],114,44,158
317,"(31, 35)","(32, 35)",West,"[((30, 35), 'West', 95, 63, 158)]","['(19, 23)', '(19, 15)', '(25, 24)', '(7, 23)', '(10, 23)', '(26, 23)', '(15, 22)', '(35, 34)']","['(19, 23)', '(19, 15)', '(25, 24)', '(7, 23)', '(10, 23)', '(26, 23)', '(15, 22)', '(35, 34)', '(30, 35)']",[317 states],94,64,158
318,"(19, 23)","(20, 23)",West,"[((18, 23), 'West', 119, 39, 158)]","['(19, 15)', '(7, 23)', '(25, 24)', '(30, 35)', '(10, 23)', '(26, 23)', '(15, 22)', '(35, 34)']","['(19, 15)', '(7, 23)', '(25, 24)', '(30, 35)', '(10, 23)', '(26, 23)', '(15, 22)', '(35, 34)', '(18, 23)']",[318 states],118,40,158
319,"(19, 15)","(19, 16)",South,[],"['(7, 23)', '(30, 35)', '(25, 24)', '(18, 23)', '(10, 23)', '(26, 23)', '(15, 22)', '(35, 34)']","['(7, 23)', '(30, 35)', '(25, 24)', '(18, 23)', '(10, 23)', '(26, 23)', '(15, 22)', '(35, 34)']",[319 states],126,32,158
320,"(7, 23)","(8, 23)",West,"[((7, 22), 'South', 131, 27, 158)]","['(30, 35)', '(18, 23)', '(25, 24)', '(35, 34)', '(10, 23)', '(26, 23)', '(15, 22)']","['(30, 35)', '(18, 23)', '(25, 24)', '(7, 22)', '(10, 23)', '(26, 23)', '(15, 22)', '(35, 34)']",[320 states],130,28,158
321,"(30, 35)","(31, 35)",West,"[((29, 35), 'West', 96, 62, 158)]","['(18, 23)', '(7, 22)', '(25, 24)', '(35, 34)', '(10, 23)', '(26, 23)', '(15, 22)']","['(18, 23)', '(7, 22)', '(25, 24)', '(29, 35)', '(10, 23)', '(26, 23)', '(15, 22)', '(35, 34)']",[321 states],95,63,158
322,"(18, 23)","(19, 23)",West,"[((17, 23), 'West', 120, 38, 158)]","['(7, 22)', '(29, 35)', '(25, 24)', '(35, 34)', '(10, 23)', '(26, 23)', '(15, 22)']","['(7, 22)', '(29, 35)', '(25, 24)', '(17, 23)', '(10, 23)', '(26, 23)', '(15, 22)', '(35, 34)']",[322 states],119,39,158
323,"(7, 22)","(7, 23)",South,"[((7, 21), 'South', 132, 26, 158)]","['(29, 35)', '(17, 23)', '(25, 24)', '(35, 34)', '(10, 23)', '(26, 23)', '(15, 22)']","['(29, 35)', '(17, 23)', '(25, 24)', '(7, 21)', '(10, 23)', '(26, 23)', '(15, 22)', '(35, 34)']",[323 states],131,27,158
324,"(29, 35)","(30, 35)",West,[],"['(17, 23)', '(7, 21)', '(25, 24)', '(35, 34)', '(10, 23)', '(26, 23)', '(15, 22)']","['(17, 23)', '(7, 21)', '(25, 24)', '(35, 34)', '(10, 23)', '(26, 23)', '(15, 22)']",[324 states],96,62,158
325,"(17, 23)","(18, 23)",West,[],"['(7, 21)', '(35, 34)', '(25, 24)', '(15, 22)', '(10, 23)', '(26, 23)']","['(7, 21)', '(35, 34)', '(25, 24)', '(15, 22)', '(10, 23)', '(26, 23)']",[325 states],120,38,158
326,"(7, 21)","(7, 22)",South,"[((7, 20), 'South', 133, 25, 158)]","['(25, 24)', '(35, 34)', '(26, 23)', '(15, 22)', '(10, 23)']","['(7, 20)', '(35, 34)', '(25, 24)', '(15, 22)', '(10, 23)', '(26, 23)']",[326 states],132,26,158
327,"(7, 20)","(7, 21)",South,"[((7, 19), 'South', 134, 24, 158)]","['(25, 24)', '(35, 34)', '(26, 23)', '(15, 22)', '(10, 23)']","['(7, 19)', '(35, 34)', '(25, 24)', '(15, 22)', '(10, 23)', '(26, 23)']",[327 states],133,25,158
328,"(7, 19)","(7, 20)",South,[],"['(25, 24)', '(35, 34)', '(26, 23)', '(15, 22)', '(10, 23)']","['(25, 24)', '(35, 34)', '(26, 23)', '(15, 22)', '(10, 23)']",[328 states],134,24,158
329,"(25, 24)","(25, 23)",North,"[((25, 25), 'North', 114, 48, 162)]","['(26, 23)', '(35, 34)', '(10, 23)', '(15, 22)']","['(26, 23)', '(35, 34)', '(10, 23)', '(15, 22)', '(25, 25)']",[329 states],113,47,160
330,"(26, 23)","(25, 23)",East,"[((27, 23), 'East', 114, 48, 162)]","['(35, 34)', '(15, 22)', '(10, 23)', '(25, 25)']","['(35, 34)', '(15, 22)', '(10, 23)', '(25, 25)', '(27, 23)']",[330 states],113,47,160
331,"(35, 34)","(35, 33)",North,"[((35, 35), 'North', 94, 68, 162)]","['(15, 22)', '(25, 25)', '(10, 23)', '(27, 23)']","['(15, 22)', '(25, 25)', '(10, 23)', '(27, 23)', '(35, 35)']",[331 states],93,67,160
332,"(15, 22)","(15, 21)",North,"[((15, 23), 'North', 126, 36, 162)]","['(10, 23)', '(25, 25)', '(35, 35)', '(27, 23)']","['(10, 23)', '(25, 25)', '(35, 35)', '(27, 23)', '(15, 23)']",[332 states],125,35,160
333,"(10, 23)","(9, 23)",East,"[((11, 23), 'East', 130, 32, 162)]","['(25, 25)', '(27, 23)', '(35, 35)', '(15, 23)']","['(25, 25)', '(27, 23)', '(35, 35)', '(15, 23)', '(11, 23)']",[333 states],129,31,160
334,"(25, 25)","(25, 24)",North,"[((25, 26), 'North', 115, 49, 164), ((26, 25), 'East', 115, 49, 164)]","['(27, 23)', '(15, 23)', '(35, 35)', '(11, 23)']","['(27, 23)', '(15, 23)', '(35, 35)', '(11, 23)', '(25, 26)', '(26, 25)']",[334 states],114,48,162
335,"(27, 23)","(26, 23)",East,[],"['(35, 35)', '(15, 23)', '(26, 25)', '(11, 23)', '(25, 26)']","['(35, 35)', '(15, 23)', '(26, 25)', '(11, 23)', '(25, 26)']",[335 states],114,48,162
336,"(35, 35)","(35, 34)",North,[],"['(15, 23)', '(11, 23)', '(26, 25)', '(25, 26)']","['(15, 23)', '(11, 23)', '(26, 25)', '(25, 26)']",[336 states],94,68,162
337,"(15, 23)","(15, 22)",North,"[((15, 24), 'North', 127, 37, 164), ((14, 23), 'West', 127, 35, 162)]","['(11, 23)', '(25, 26)', '(26, 25)']","['(11, 23)', '(14, 23)', '(26, 25)', '(15, 24)', '(25, 26)']",[337 states],126,36,162
338,"(11, 23)","(10, 23)",East,[],"['(14, 23)', '(25, 26)', '(26, 25)', '(15, 24)']","['(14, 23)', '(25, 26)', '(26, 25)', '(15, 24)']",[338 states],130,32,162
339,"(14, 23)","(15, 23)",West,"[((13, 23), 'West', 128, 34, 162)]","['(25, 26)', '(15, 24)', '(26, 25)']","['(13, 23)', '(25, 26)', '(26, 25)', '(15, 24)']",[339 states],127,35,162
340,"(13, 23)","(14, 23)",West,"[((13, 24), 'North', 129, 35, 164)]","['(25, 26)', '(15, 24)', '(26, 25)']","['(25, 26)', '(15, 24)', '(26, 25)', '(13, 24)']",[340 states],128,34,162
341,"(25, 26)","(25, 25)",North,"[((25, 27), 'North', 116, 50, 166)]","['(26, 25)', '(15, 24)', '(13, 24)']","['(26, 25)', '(15, 24)', '(13, 24)', '(25, 27)']",[341 states],115,49,164
342,"(26, 25)","(25, 25)",East,"[((27, 25), 'East', 116, 50, 166)]","['(15, 24)', '(25, 27)', '(13, 24)']","['(15, 24)', '(25, 27)', '(13, 24)', '(27, 25)']",[342 states],115,49,164
343,"(15, 24)","(15, 23)",North,"[((15, 25), 'North', 128, 38, 166)]","['(13, 24)', '(25, 27)', '(27, 25)']","['(13, 24)', '(25, 27)', '(27, 25)', '(15, 25)']",[343 states],127,37,164
344,"(13, 24)","(13, 23)",North,"[((13, 25), 'North', 130, 36, 166)]","['(25, 27)', '(15, 25)', '(27, 25)']","['(25, 27)', '(15, 25)', '(27, 25)', '(13, 25)']",[344 states],129,35,164
345,"(25, 27)","(25, 26)",North,"[((25, 28), 'North', 117, 51, 168), ((26, 27), 'East', 117, 51, 168)]","['(27, 25)', '(15, 25)', '(13, 25)']","['(27, 25)', '(15, 25)', '(13, 25)', '(25, 28)', '(26, 27)']",[345 states],116,50,166
346,"(27, 25)","(26, 25)",East,[],"['(15, 25)', '(25, 28)', '(13, 25)', '(26, 27)']","['(15, 25)', '(25, 28)', '(13, 25)', '(26, 27)']",[346 states],116,50,166
347,"(15, 25)","(15, 24)",North,"[((15, 26), 'North', 129, 39, 168)]","['(13, 25)', '(25, 28)', '(26, 27)']","['(13, 25)', '(25, 28)', '(26, 27)', '(15, 26)']",[347 states],128,38,166
348,"(13, 25)","(13, 24)",North,[],"['(25, 28)', '(15, 26)', '(26, 27)']","['(25, 28)', '(15, 26)', '(26, 27)']",[348 states],130,36,166
349,"(25, 28)","(25, 27)",North,"[((25, 29), 'North', 118, 52, 170)]","['(26, 27)', '(15, 26)']","['(26, 27)', '(15, 26)', '(25, 29)']",[349 states],117,51,168
350,"(26, 27)","(25, 27)",East,"[((27, 27), 'East', 118, 52, 170)]","['(15, 26)', '(25, 29)']","['(15, 26)', '(25, 29)', '(27, 27)']",[350 states],117,51,168
351,"(15, 26)","(15, 25)",North,"[((15, 27), 'North', 130, 40, 170)]","['(25, 29)', '(27, 27)']","['(25, 29)', '(27, 27)', '(15, 27)']",[351 states],129,39,168
352,"(25, 29)","(25, 28)",North,"[((25, 30), 'North', 119, 53, 172), ((26, 29), 'East', 119, 53, 172), ((24, 29), 'West', 119, 51, 170)]","['(27, 27)', '(15, 27)']","['(27, 27)', '(15, 27)', '(25, 30)', '(26, 29)', '(24, 29)']",[352 states],118,52,170
353,"(27, 27)","(26, 27)",East,[],"['(15, 27)', '(24, 29)', '(25, 30)', '(26, 29)']","['(15, 27)', '(24, 29)', '(25, 30)', '(26, 29)']",[353 states],118,52,170
354,"(15, 27)","(15, 26)",North,"[((16, 27), 'East', 131, 41, 172)]","['(24, 29)', '(26, 29)', '(25, 30)']","['(24, 29)', '(26, 29)', '(25, 30)', '(16, 27)']",[354 states],130,40,170
355,"(24, 29)","(25, 29)",West,"[((23, 29), 'West', 120, 50, 170)]","['(25, 30)', '(26, 29)', '(16, 27)']","['(23, 29)', '(25, 30)', '(16, 27)', '(26, 29)']",[355 states],119,51,170
356,"(23, 29)","(24, 29)",West,[],"['(25, 30)', '(26, 29)', '(16, 27)']","['(25, 30)', '(26, 29)', '(16, 27)']",[356 states],120,50,170
357,"(25, 30)","(25, 29)",North,"[((25, 31), 'North', 120, 54, 174)]","['(26, 29)', '(16, 27)']","['(26, 29)', '(16, 27)', '(25, 31)']",[357 states],119,53,172
358,"(26, 29)","(25, 29)",East,"[((27, 29), 'East', 120, 54, 174)]","['(16, 27)', '(25, 31)']","['(16, 27)', '(25, 31)', '(27, 29)']",[358 states],119,53,172
359,"(16, 27)","(15, 27)",East,"[((17, 27), 'East', 132, 42, 174)]","['(25, 31)', '(27, 29)']","['(25, 31)', '(27, 29)', '(17, 27)']",[359 states],131,41,172
360,"(25, 31)","(25, 30)",North,"[((25, 32), 'North', 121, 55, 176)]","['(27, 29)', '(17, 27)']","['(27, 29)', '(17, 27)', '(25, 32)']",[360 states],120,54,174
361,"(27, 29)","(26, 29)",East,"[((27, 30), 'North', 121, 55, 176)]","['(17, 27)', '(25, 32)']","['(17, 27)', '(25, 32)', '(27, 30)']",[361 states],120,54,174
362,"(17, 27)","(16, 27)",East,"[((17, 26), 'South', 133, 41, 174), ((18, 27), 'East', 133, 43, 176)]","['(25, 32)', '(27, 30)']","['(17, 26)', '(27, 30)', '(25, 32)', '(18, 27)']",[362 states],132,42,174
363,"(17, 26)","(17, 27)",South,"[((17, 25), 'South', 134, 40, 174)]","['(25, 32)', '(27, 30)', '(18, 27)']","['(17, 25)', '(25, 32)', '(18, 27)', '(27, 30)']",[363 states],133,41,174
364,"(17, 25)","(17, 26)",South,[],"['(25, 32)', '(27, 30)', '(18, 27)']","['(25, 32)', '(27, 30)', '(18, 27)']",[364 states],134,40,174
365,"(25, 32)","(25, 31)",North,"[((25, 33), 'North', 122, 56, 178)]","['(27, 30)', '(18, 27)']","['(27, 30)', '(18, 27)', '(25, 33)']",[365 states],121,55,176
366,"(27, 30)","(27, 29)",North,"[((27, 31), 'North', 122, 56, 178)]","['(18, 27)', '(25, 33)']","['(18, 27)', '(25, 33)', '(27, 31)']",[366 states],121,55,176
367,"(18, 27)","(17, 27)",East,"[((19, 27), 'East', 134, 44, 178)]","['(25, 33)', '(27, 31)']","['(25, 33)', '(27, 31)', '(19, 27)']",[367 states],133,43,176
368,"(25, 33)","(25, 32)",North,"[((25, 34), 'North', 123, 57, 180), ((26, 33), 'East', 123, 57, 180)]","['(27, 31)', '(19, 27)']","['(27, 31)', '(19, 27)', '(25, 34)', '(26, 33)']",[368 states],122,56,178
369,"(27, 31)","(27, 30)",North,"[((28, 31), 'East', 123, 57, 180)]","['(19, 27)', '(26, 33)', '(25, 34)']","['(19, 27)', '(26, 33)', '(25, 34)', '(28, 31)']",[369 states],122,56,178
370,"(19, 27)","(18, 27)",East,"[((19, 26), 'South', 135, 43, 178), ((20, 27), 'East', 135, 45, 180)]","['(25, 34)', '(26, 33)', '(28, 31)']","['(19, 26)', '(25, 34)', '(28, 31)', '(26, 33)', '(20, 27)']",[370 states],134,44,178
371,"(19, 26)","(19, 27)",South,"[((19, 25), 'South', 136, 42, 178)]","['(25, 34)', '(26, 33)', '(28, 31)', '(20, 27)']","['(19, 25)', '(25, 34)', '(28, 31)', '(20, 27)', '(26, 33)']",[371 states],135,43,178
372,"(19, 25)","(19, 26)",South,"[((20, 25), 'East', 137, 43, 180)]","['(25, 34)', '(26, 33)', '(28, 31)', '(20, 27)']","['(25, 34)', '(26, 33)', '(28, 31)', '(20, 27)', '(20, 25)']",[372 states],136,42,178
373,"(25, 34)","(25, 33)",North,"[((25, 35), 'North', 124, 58, 182)]","['(26, 33)', '(20, 27)', '(28, 31)', '(20, 25)']","['(26, 33)', '(20, 27)', '(28, 31)', '(20, 25)', '(25, 35)']",[373 states],123,57,180
374,"(26, 33)","(25, 33)",East,"[((27, 33), 'East', 124, 58, 182)]","['(28, 31)', '(20, 27)', '(25, 35)', '(20, 25)']","['(28, 31)', '(20, 27)', '(25, 35)', '(20, 25)', '(27, 33)']",[374 states],123,57,180
375,"(28, 31)","(27, 31)",East,"[((29, 31), 'East', 124, 58, 182)]","['(20, 27)', '(20, 25)', '(25, 35)', '(27, 33)']","['(20, 27)', '(20, 25)', '(25, 35)', '(27, 33)', '(29, 31)']",[375 states],123,57,180
376,"(20, 27)","(19, 27)",East,"[((21, 27), 'East', 136, 46, 182)]","['(20, 25)', '(27, 33)', '(25, 35)', '(29, 31)']","['(20, 25)', '(27, 33)', '(25, 35)', '(29, 31)', '(21, 27)']",[376 states],135,45,180
377,"(20, 25)","(19, 25)",East,"[((21, 25), 'East', 138, 44, 182)]","['(25, 35)', '(27, 33)', '(21, 27)', '(29, 31)']","['(25, 35)', '(27, 33)', '(21, 27)', '(29, 31)', '(21, 25)']",[377 states],137,43,180
378,"(25, 35)","(25, 34)",North,"[((26, 35), 'East', 125, 59, 184)]","['(27, 33)', '(29, 31)', '(21, 27)', '(21, 25)']","['(27, 33)', '(29, 31)', '(21, 27)', '(21, 25)', '(26, 35)']",[378 states],124,58,182
379,"(27, 33)","(26, 33)",East,"[((28, 33), 'East', 125, 59, 184)]","['(29, 31)', '(21, 25)', '(21, 27)', '(26, 35)']","['(29, 31)', '(21, 25)', '(21, 27)', '(26, 35)', '(28, 33)']",[379 states],124,58,182
380,"(29, 31)","(28, 31)",East,[],"['(21, 27)', '(21, 25)', '(28, 33)', '(26, 35)']","['(21, 27)', '(21, 25)', '(28, 33)', '(26, 35)']",[380 states],124,58,182
381,"(21, 27)","(20, 27)",East,"[((21, 28), 'North', 137, 47, 184)]","['(21, 25)', '(26, 35)', '(28, 33)']","['(21, 25)', '(26, 35)', '(28, 33)', '(21, 28)']",[381 states],136,46,182
382,"(21, 25)","(20, 25)",East,"[((22, 25), 'East', 139, 45, 184)]","['(26, 35)', '(21, 28)', '(28, 33)']","['(26, 35)', '(21, 28)', '(28, 33)', '(22, 25)']",[382 states],138,44,182
383,"(26, 35)","(25, 35)",East,"[((27, 35), 'East', 126, 60, 186)]","['(28, 33)', '(21, 28)', '(22, 25)']","['(28, 33)', '(21, 28)', '(22, 25)', '(27, 35)']",[383 states],125,59,184
384,"(28, 33)","(27, 33)",East,"[((29, 33), 'East', 126, 60, 186)]","['(21, 28)', '(27, 35)', '(22, 25)']","['(21, 28)', '(27, 35)', '(22, 25)', '(29, 33)']",[384 states],125,59,184
385,"(21, 28)","(21, 27)",North,"[((21, 29), 'North', 138, 48, 186)]","['(22, 25)', '(27, 35)', '(29, 33)']","['(22, 25)', '(27, 35)', '(29, 33)', '(21, 29)']",[385 states],137,47,184
386,"(22, 25)","(21, 25)",East,"[((23, 25), 'East', 140, 46, 186)]","['(27, 35)', '(21, 29)', '(29, 33)']","['(27, 35)', '(21, 29)', '(29, 33)', '(23, 25)']",[386 states],139,45,184
387,"(27, 35)","(26, 35)",East,[],"['(29, 33)', '(21, 29)', '(23, 25)']","['(29, 33)', '(21, 29)', '(23, 25)']",[387 states],126,60,186
388,"(29, 33)","(28, 33)",East,[],"['(21, 29)', '(23, 25)']","['(21, 29)', '(23, 25)']",[388 states],126,60,186
389,"(21, 29)","(21, 28)",North,"[((21, 30), 'North', 139, 49, 188), ((20, 29), 'West', 139, 47, 186)]","['(23, 25)']","['(23, 25)', '(21, 30)', '(20, 29)']",[389 states],138,48,186
390,"(23, 25)","(22, 25)",East,"[((23, 26), 'North', 141, 47, 188)]","['(20, 29)', '(21, 30)']","['(20, 29)', '(21, 30)', '(23, 26)']",[390 states],140,46,186
391,"(20, 29)","(21, 29)",West,"[((19, 29), 'West', 140, 46, 186)]","['(21, 30)', '(23, 26)']","['(19, 29)', '(23, 26)', '(21, 30)']",[391 states],139,47,186
392,"(19, 29)","(20, 29)",West,[],"['(21, 30)', '(23, 26)']","['(21, 30)', '(23, 26)']",[392 states],140,46,186
393,"(21, 30)","(21, 29)",North,"[((21, 31), 'North', 140, 50, 190)]","['(23, 26)']","['(23, 26)', '(21, 31)']",[393 states],139,49,188
394,"(23, 26)","(23, 25)",North,"[((23, 27), 'North', 142, 48, 190)]","['(21, 31)']","['(21, 31)', '(23, 27)']",[394 states],141,47,188
395,"(21, 31)","(21, 30)",North,"[((21, 32), 'North', 141, 51, 192), ((22, 31), 'East', 141, 51, 192)]","['(23, 27)']","['(23, 27)', '(21, 32)', '(22, 31)']",[395 states],140,50,190
396,"(23, 27)","(23, 26)",North,[],"['(21, 32)', '(22, 31)']","['(21, 32)', '(22, 31)']",[396 states],142,48,190
397,"(21, 32)","(21, 31)",North,"[((21, 33), 'North', 142, 52, 194)]","['(22, 31)']","['(22, 31)', '(21, 33)']",[397 states],141,51,192
398,"(22, 31)","(21, 31)",East,"[((23, 31), 'East', 142, 52, 194)]","['(21, 33)']","['(21, 33)', '(23, 31)']",[398 states],141,51,192
399,"(21, 33)","(21, 32)",North,"[((21, 34), 'North', 143, 53, 196), ((22, 33), 'East', 143, 53, 196), ((20, 33), 'West', 143, 51, 194)]","['(23, 31)']","['(23, 31)', '(20, 33)', '(22, 33)', '(21, 34)']",[399 states],142,52,194
400,"(23, 31)","(22, 31)",East,[],"['(20, 33)', '(21, 34)', '(22, 33)']","['(20, 33)', '(21, 34)', '(22, 33)']",[400 states],142,52,194
401,"(20, 33)","(21, 33)",West,"[((19, 33), 'West', 144, 50, 194)]","['(21, 34)', '(22, 33)']","['(19, 33)', '(22, 33)', '(21, 34)']",[401 states],143,51,194
402,"(19, 33)","(20, 33)",West,"[((19, 32), 'South', 145, 49, 194)]","['(21, 34)', '(22, 33)']","['(19, 32)', '(22, 33)', '(21, 34)']",[402 states],144,50,194
403,"(19, 32)","(19, 33)",South,"[((19, 31), 'South', 146, 48, 194)]","['(21, 34)', '(22, 33)']","['(19, 31)', '(22, 33)', '(21, 34)']",[403 states],145,49,194
404,"(19, 31)","(19, 32)",South,[],"['(21, 34)', '(22, 33)']","['(21, 34)', '(22, 33)']",[404 states],146,48,194
405,"(21, 34)","(21, 33)",North,"[((21, 35), 'North', 144, 54, 198)]","['(22, 33)']","['(22, 33)', '(21, 35)']",[405 states],143,53,196
406,"(22, 33)","(21, 33)",East,"[((23, 33), 'East', 144, 54, 198)]","['(21, 35)']","['(21, 35)', '(23, 33)']",[406 states],143,53,196
407,"(21, 35)","(21, 34)",North,"[((22, 35), 'East', 145, 55, 200), ((20, 35), 'West', 145, 53, 198)]","['(23, 33)']","['(23, 33)', '(22, 35)', '(20, 35)']",[407 states],144,54,198
408,"(23, 33)","(22, 33)",East,[],"['(20, 35)', '(22, 35)']","['(20, 35)', '(22, 35)']",[408 states],144,54,198
409,"(20, 35)","(21, 35)",West,"[((19, 35), 'West', 146, 52, 198)]","['(22, 35)']","['(19, 35)', '(22, 35)']",[409 states],145,53,198
410,"(19, 35)","(20, 35)",West,"[((18, 35), 'West', 147, 51, 198)]","['(22, 35)']","['(18, 35)', '(22, 35)']",[410 states],146,52,198
411,"(18, 35)","(19, 35)",West,"[((17, 35), 'West', 148, 50, 198)]","['(22, 35)']","['(17, 35)', '(22, 35)']",[411 states],147,51,198
412,"(17, 35)","(18, 35)",West,"[((17, 34), 'South', 149, 49, 198), ((16, 35), 'West', 149, 49, 198)]","['(22, 35)']","['(17, 34)', '(22, 35)', '(16, 35)']",[412 states],148,50,198
413,"(17, 34)","(17, 35)",South,"[((17, 33), 'South', 150, 48, 198)]","['(16, 35)', '(22, 35)']","['(16, 35)', '(22, 35)', '(17, 33)']",[413 states],149,49,198
414,"(16, 35)","(17, 35)",West,"[((15, 35), 'West', 150, 48, 198)]","['(17, 33)', '(22, 35)']","['(17, 33)', '(22, 35)', '(15, 35)']",[414 states],149,49,198
415,"(17, 33)","(17, 34)",South,"[((17, 32), 'South', 151, 47, 198)]","['(15, 35)', '(22, 35)']","['(15, 35)', '(22, 35)', '(17, 32)']",[415 states],150,48,198
416,"(15, 35)","(16, 35)",West,"[((15, 34), 'South', 151, 47, 198), ((14, 35), 'West', 151, 47, 198)]","['(17, 32)', '(22, 35)']","['(17, 32)', '(14, 35)', '(15, 34)', '(22, 35)']",[416 states],150,48,198
417,"(17, 32)","(17, 33)",South,"[((17, 31), 'South', 152, 46, 198)]","['(15, 34)', '(14, 35)', '(22, 35)']","['(15, 34)', '(14, 35)', '(22, 35)', '(17, 31)']",[417 states],151,47,198
418,"(15, 34)","(15, 35)",South,"[((15, 33), 'South', 152, 46, 198)]","['(14, 35)', '(17, 31)', '(22, 35)']","['(14, 35)', '(17, 31)', '(22, 35)', '(15, 33)']",[418 states],151,47,198
419,"(14, 35)","(15, 35)",West,"[((13, 35), 'West', 152, 46, 198)]","['(17, 31)', '(15, 33)', '(22, 35)']","['(17, 31)', '(15, 33)', '(22, 35)', '(13, 35)']",[419 states],151,47,198
420,"(17, 31)","(17, 32)",South,[],"['(15, 33)', '(13, 35)', '(22, 35)']","['(15, 33)', '(13, 35)', '(22, 35)']",[420 states],152,46,198
421,"(15, 33)","(15, 34)",South,"[((15, 32), 'South', 153, 45, 198), ((14, 33), 'West', 153, 45, 198)]","['(13, 35)', '(22, 35)']","['(13, 35)', '(14, 33)', '(15, 32)', '(22, 35)']",[421 states],152,46,198
422,"(13, 35)","(14, 35)",West,[],"['(15, 32)', '(14, 33)', '(22, 35)']","['(15, 32)', '(14, 33)', '(22, 35)']",[422 states],152,46,198
423,"(15, 32)","(15, 33)",South,"[((15, 31), 'South', 154, 44, 198)]","['(14, 33)', '(22, 35)']","['(14, 33)', '(22, 35)', '(15, 31)']",[423 states],153,45,198
424,"(14, 33)","(15, 33)",West,"[((13, 33), 'West', 154, 44, 198)]","['(15, 31)', '(22, 35)']","['(15, 31)', '(22, 35)', '(13, 33)']",[424 states],153,45,198
425,"(15, 31)","(15, 32)",South,"[((15, 30), 'South', 155, 43, 198)]","['(13, 33)', '(22, 35)']","['(13, 33)', '(22, 35)', '(15, 30)']",[425 states],154,44,198
426,"(13, 33)","(14, 33)",West,"[((12, 33), 'West', 155, 43, 198)]","['(15, 30)', '(22, 35)']","['(15, 30)', '(22, 35)', '(12, 33)']",[426 states],154,44,198
427,"(15, 30)","(15, 31)",South,"[((15, 29), 'South', 156, 42, 198)]","['(12, 33)', '(22, 35)']","['(12, 33)', '(22, 35)', '(15, 29)']",[427 states],155,43,198
428,"(12, 33)","(13, 33)",West,"[((11, 33), 'West', 156, 42, 198)]","['(15, 29)', '(22, 35)']","['(15, 29)', '(22, 35)', '(11, 33)']",[428 states],155,43,198
429,"(15, 29)","(15, 30)",South,"[((16, 29), 'East', 157, 43, 200)]","['(11, 33)', '(22, 35)']","['(11, 33)', '(22, 35)', '(16, 29)']",[429 states],156,42,198
430,"(11, 33)","(12, 33)",West,"[((11, 34), 'North', 157, 43, 200), ((11, 32), 'South', 157, 41, 198), ((10, 33), 'West', 157, 41, 198)]","['(22, 35)', '(16, 29)']","['(11, 32)', '(10, 33)', '(11, 34)', '(16, 29)', '(22, 35)']",[430 states],156,42,198
431,"(11, 32)","(11, 33)",South,"[((11, 31), 'South', 158, 40, 198)]","['(10, 33)', '(22, 35)', '(11, 34)', '(16, 29)']","['(10, 33)', '(11, 31)', '(11, 34)', '(16, 29)', '(22, 35)']",[431 states],157,41,198
432,"(10, 33)","(11, 33)",West,"[((9, 33), 'West', 158, 40, 198)]","['(11, 31)', '(22, 35)', '(11, 34)', '(16, 29)']","['(11, 31)', '(9, 33)', '(11, 34)', '(16, 29)', '(22, 35)']",[432 states],157,41,198
433,"(11, 31)","(11, 32)",South,"[((11, 30), 'South', 159, 39, 198), ((12, 31), 'East', 159, 41, 200)]","['(9, 33)', '(22, 35)', '(11, 34)', '(16, 29)']","['(9, 33)', '(11, 30)', '(11, 34)', '(16, 29)', '(22, 35)', '(12, 31)']",[433 states],158,40,198
434,"(9, 33)","(10, 33)",West,"[((9, 34), 'North', 159, 41, 200)]","['(11, 30)', '(22, 35)', '(11, 34)', '(16, 29)', '(12, 31)']","['(11, 30)', '(22, 35)', '(11, 34)', '(16, 29)', '(12, 31)', '(9, 34)']",[434 states],158,40,198
435,"(11, 30)","(11, 31)",South,"[((11, 29), 'South', 160, 38, 198)]","['(22, 35)', '(16, 29)', '(11, 34)', '(9, 34)', '(12, 31)']","['(11, 29)', '(16, 29)', '(22, 35)', '(9, 34)', '(12, 31)', '(11, 34)']",[435 states],159,39,198
436,"(11, 29)","(11, 30)",South,"[((12, 29), 'East', 161, 39, 200), ((10, 29), 'West', 161, 37, 198)]","['(22, 35)', '(16, 29)', '(11, 34)', '(9, 34)', '(12, 31)']","['(10, 29)', '(16, 29)', '(22, 35)', '(9, 34)', '(12, 31)', '(12, 29)', '(11, 34)']",[436 states],160,38,198
437,"(10, 29)","(11, 29)",West,"[((9, 29), 'West', 162, 36, 198)]","['(22, 35)', '(16, 29)', '(11, 34)', '(9, 34)', '(12, 31)', '(12, 29)']","['(9, 29)', '(16, 29)', '(22, 35)', '(9, 34)', '(12, 31)', '(12, 29)', '(11, 34)']",[437 states],161,37,198
438,"(9, 29)","(10, 29)",West,"[((9, 30), 'North', 163, 37, 200)]","['(22, 35)', '(16, 29)', '(11, 34)', '(9, 34)', '(12, 31)', '(12, 29)']","['(22, 35)', '(16, 29)', '(11, 34)', '(9, 34)', '(12, 31)', '(12, 29)', '(9, 30)']",[438 states],162,36,198
439,"(22, 35)","(21, 35)",East,"[((23, 35), 'East', 146, 56, 202)]","['(16, 29)', '(12, 31)', '(11, 34)', '(9, 34)', '(9, 30)', '(12, 29)']","['(16, 29)', '(12, 31)', '(11, 34)', '(9, 34)', '(9, 30)', '(12, 29)', '(23, 35)']",[439 states],145,55,200
440,"(16, 29)","(15, 29)",East,"[((17, 29), 'East', 158, 44, 202)]","['(11, 34)', '(12, 31)', '(12, 29)', '(9, 34)', '(9, 30)', '(23, 35)']","['(11, 34)', '(12, 31)', '(12, 29)', '(9, 34)', '(9, 30)', '(23, 35)', '(17, 29)']",[440 states],157,43,200
441,"(11, 34)","(11, 33)",North,"[((11, 35), 'North', 158, 44, 202)]","['(12, 31)', '(9, 34)', '(12, 29)', '(17, 29)', '(9, 30)', '(23, 35)']","['(12, 31)', '(9, 34)', '(12, 29)', '(17, 29)', '(9, 30)', '(23, 35)', '(11, 35)']",[441 states],157,43,200
442,"(12, 31)","(11, 31)",East,"[((13, 31), 'East', 160, 42, 202)]","['(9, 34)', '(9, 30)', '(12, 29)', '(17, 29)', '(11, 35)', '(23, 35)']","['(9, 34)', '(9, 30)', '(12, 29)', '(17, 29)', '(11, 35)', '(23, 35)', '(13, 31)']",[442 states],159,41,200
443,"(9, 34)","(9, 33)",North,"[((9, 35), 'North', 160, 42, 202)]","['(12, 29)', '(9, 30)', '(23, 35)', '(17, 29)', '(11, 35)', '(13, 31)']","['(12, 29)', '(9, 30)', '(23, 35)', '(17, 29)', '(11, 35)', '(13, 31)', '(9, 35)']",[443 states],159,41,200
444,"(12, 29)","(11, 29)",East,"[((13, 29), 'East', 162, 40, 202)]","['(9, 30)', '(17, 29)', '(23, 35)', '(9, 35)', '(11, 35)', '(13, 31)']","['(9, 30)', '(17, 29)', '(23, 35)', '(9, 35)', '(11, 35)', '(13, 31)', '(13, 29)']",[444 states],161,39,200
445,"(9, 30)","(9, 29)",North,"[((9, 31), 'North', 164, 38, 202)]","['(23, 35)', '(17, 29)', '(13, 31)', '(9, 35)', '(11, 35)', '(13, 29)']","['(23, 35)', '(17, 29)', '(13, 31)', '(9, 35)', '(11, 35)', '(13, 29)', '(9, 31)']",[445 states],163,37,200
446,"(23, 35)","(22, 35)",East,[],"['(17, 29)', '(11, 35)', '(13, 31)', '(9, 35)', '(9, 31)', '(13, 29)']","['(17, 29)', '(11, 35)', '(13, 31)', '(9, 35)', '(9, 31)', '(13, 29)']",[446 states],146,56,202
447,"(17, 29)","(16, 29)",East,[],"['(11, 35)', '(9, 35)', '(13, 31)', '(13, 29)', '(9, 31)']","['(11, 35)', '(9, 35)', '(13, 31)', '(13, 29)', '(9, 31)']",[447 states],158,44,202
448,"(11, 35)","(11, 34)",North,[],"['(13, 31)', '(9, 35)', '(9, 31)', '(13, 29)']","['(13, 31)', '(9, 35)', '(9, 31)', '(13, 29)']",[448 states],158,44,202
449,"(13, 31)","(12, 31)",East,[],"['(9, 35)', '(13, 29)', '(9, 31)']","['(9, 35)', '(13, 29)', '(9, 31)']",[449 states],160,42,202
450,"(9, 35)","(9, 34)",North,[],"['(13, 29)', '(9, 31)']","['(13, 29)', '(9, 31)']",[450 states],160,42,202
451,"(13, 29)","(12, 29)",East,"[((13, 28), 'South', 163, 39, 202)]","['(9, 31)']","['(9, 31)', '(13, 28)']",[451 states],162,40,202
452,"(9, 31)","(9, 30)",North,[],"['(13, 28)']","['(13, 28)']",[452 states],164,38,202
453,"(13, 28)","(13, 29)",South,"[((13, 27), 'South', 164, 38, 202)]",[],"['(13, 27)']",[453 states],163,39,202
454,"(13, 27)","(13, 28)",South,"[((12, 27), 'West', 165, 37, 202)]",[],"['(12, 27)']",[454 states],164,38,202
455,"(12, 27)","(13, 27)",West,"[((11, 27), 'West', 166, 36, 202)]",[],"['(11, 27)']",[455 states],165,37,202
456,"(11, 27)","(12, 27)",West,"[((11, 26), 'South', 167, 35, 202), ((10, 27), 'West', 167, 35, 202)]",[],"['(11, 26)', '(10, 27)']",[456 states],166,36,202
457,"(11, 26)","(11, 27)",South,"[((11, 25), 'South', 168, 34, 202)]","['(10, 27)']","['(10, 27)', '(11, 25)']",[457 states],167,35,202
458,"(10, 27)","(11, 27)",West,"[((9, 27), 'West', 168, 34, 202)]","['(11, 25)']","['(11, 25)', '(9, 27)']",[458 states],167,35,202
459,"(11, 25)","(11, 26)",South,[],"['(9, 27)']","['(9, 27)']",[459 states],168,34,202
460,"(9, 27)","(10, 27)",West,"[((9, 26), 'South', 169, 33, 202), ((8, 27), 'West', 169, 33, 202)]",[],"['(9, 26)', '(8, 27)']",[460 states],168,34,202
461,"(9, 26)","(9, 27)",South,"[((9, 25), 'South', 170, 32, 202)]","['(8, 27)']","['(8, 27)', '(9, 25)']",[461 states],169,33,202
462,"(8, 27)","(9, 27)",West,"[((7, 27), 'West', 170, 32, 202)]","['(9, 25)']","['(9, 25)', '(7, 27)']",[462 states],169,33,202
463,"(9, 25)","(9, 26)",South,"[((8, 25), 'West', 171, 31, 202)]","['(7, 27)']","['(7, 27)', '(8, 25)']",[463 states],170,32,202
464,"(7, 27)","(8, 27)",West,"[((6, 27), 'West', 171, 31, 202)]","['(8, 25)']","['(8, 25)', '(6, 27)']",[464 states],170,32,202
465,"(8, 25)","(9, 25)",West,"[((7, 25), 'West', 172, 30, 202)]","['(6, 27)']","['(6, 27)', '(7, 25)']",[465 states],171,31,202
466,"(6, 27)","(7, 27)",West,"[((5, 27), 'West', 172, 30, 202)]","['(7, 25)']","['(7, 25)', '(5, 27)']",[466 states],171,31,202
467,"(7, 25)","(8, 25)",West,"[((6, 25), 'West', 173, 29, 202)]","['(5, 27)']","['(5, 27)', '(6, 25)']",[467 states],172,30,202
468,"(5, 27)","(6, 27)",West,"[((4, 27), 'West', 173, 29, 202)]","['(6, 25)']","['(6, 25)', '(4, 27)']",[468 states],172,30,202
469,"(6, 25)","(7, 25)",West,"[((5, 25), 'West', 174, 28, 202)]","['(4, 27)']","['(4, 27)', '(5, 25)']",[469 states],173,29,202
470,"(4, 27)","(5, 27)",West,"[((3, 27), 'West', 174, 28, 202)]","['(5, 25)']","['(5, 25)', '(3, 27)']",[470 states],173,29,202
471,"(5, 25)","(6, 25)",West,"[((5, 24), 'South', 175, 27, 202)]","['(3, 27)']","['(3, 27)', '(5, 24)']",[471 states],174,28,202
472,"(3, 27)","(4, 27)",West,"[((3, 28), 'North', 175, 29, 204), ((3, 26), 'South', 175, 27, 202), ((2, 27), 'West', 175, 27, 202)]","['(5, 24)']","['(5, 24)', '(2, 27)', '(3, 26)', '(3, 28)']",[472 states],174,28,202
473,"(5, 24)","(5, 25)",South,"[((5, 23), 'South', 176, 26, 202)]","['(3, 26)', '(2, 27)', '(3, 28)']","['(3, 26)', '(2, 27)', '(3, 28)', '(5, 23)']",[473 states],175,27,202
474,"(3, 26)","(3, 27)",South,"[((3, 25), 'South', 176, 26, 202)]","['(2, 27)', '(5, 23)', '(3, 28)']","['(2, 27)', '(5, 23)', '(3, 28)', '(3, 25)']",[474 states],175,27,202
475,"(2, 27)","(3, 27)",West,"[((1, 27), 'West', 176, 26, 202)]","['(5, 23)', '(3, 25)', '(3, 28)']","['(5, 23)', '(3, 25)', '(3, 28)', '(1, 27)']",[475 states],175,27,202
476,"(5, 23)","(5, 24)",South,[],"['(3, 25)', '(1, 27)', '(3, 28)']","['(3, 25)', '(1, 27)', '(3, 28)']",[476 states],176,26,202
477,"(3, 25)","(3, 26)",South,"[((3, 24), 'South', 177, 25, 202)]","['(1, 27)', '(3, 28)']","['(1, 27)', '(3, 28)', '(3, 24)']",[477 states],176,26,202
478,"(1, 27)","(2, 27)",West,"[((1, 26), 'South', 177, 25, 202)]","['(3, 24)', '(3, 28)']","['(3, 24)', '(3, 28)', '(1, 26)']",[478 states],176,26,202
479,"(3, 24)","(3, 25)",South,"[((3, 23), 'South', 178, 24, 202)]","['(1, 26)', '(3, 28)']","['(1, 26)', '(3, 28)', '(3, 23)']",[479 states],177,25,202
480,"(1, 26)","(1, 27)",South,"[((1, 25), 'South', 178, 24, 202)]","['(3, 23)', '(3, 28)']","['(3, 23)', '(3, 28)', '(1, 25)']",[480 states],177,25,202
481,"(3, 23)","(3, 24)",South,"[((3, 22), 'South', 179, 23, 202)]","['(1, 25)', '(3, 28)']","['(1, 25)', '(3, 28)', '(3, 22)']",[481 states],178,24,202
482,"(1, 25)","(1, 26)",South,"[((1, 24), 'South', 179, 23, 202)]","['(3, 22)', '(3, 28)']","['(3, 22)', '(3, 28)', '(1, 24)']",[482 states],178,24,202
483,"(3, 22)","(3, 23)",South,"[((3, 21), 'South', 180, 22, 202)]","['(1, 24)', '(3, 28)']","['(1, 24)', '(3, 28)', '(3, 21)']",[483 states],179,23,202
484,"(1, 24)","(1, 25)",South,"[((1, 23), 'South', 180, 22, 202)]","['(3, 21)', '(3, 28)']","['(3, 21)', '(3, 28)', '(1, 23)']",[484 states],179,23,202
485,"(3, 21)","(3, 22)",South,"[((3, 20), 'South', 181, 21, 202), ((4, 21), 'East', 181, 23, 204), ((2, 21), 'West', 181, 21, 202)]","['(1, 23)', '(3, 28)']","['(1, 23)', '(2, 21)', '(3, 20)', '(4, 21)', '(3, 28)']",[485 states],180,22,202
486,"(1, 23)","(1, 24)",South,[],"['(3, 20)', '(2, 21)', '(3, 28)', '(4, 21)']","['(3, 20)', '(2, 21)', '(3, 28)', '(4, 21)']",[486 states],180,22,202
487,"(3, 20)","(3, 21)",South,"[((3, 19), 'South', 182, 20, 202)]","['(2, 21)', '(4, 21)', '(3, 28)']","['(2, 21)', '(3, 19)', '(3, 28)', '(4, 21)']",[487 states],181,21,202
488,"(2, 21)","(3, 21)",West,"[((1, 21), 'West', 182, 20, 202)]","['(3, 19)', '(4, 21)', '(3, 28)']","['(3, 19)', '(1, 21)', '(3, 28)', '(4, 21)']",[488 states],181,21,202
489,"(3, 19)","(3, 20)",South,"[((3, 18), 'South', 183, 19, 202)]","['(1, 21)', '(4, 21)', '(3, 28)']","['(1, 21)', '(3, 18)', '(3, 28)', '(4, 21)']",[489 states],182,20,202
490,"(1, 21)","(2, 21)",West,"[((1, 20), 'South', 183, 19, 202)]","['(3, 18)', '(4, 21)', '(3, 28)']","['(3, 18)', '(1, 20)', '(3, 28)', '(4, 21)']",[490 states],182,20,202
491,"(3, 18)","(3, 19)",South,"[((3, 17), 'South', 184, 18, 202)]","['(1, 20)', '(4, 21)', '(3, 28)']","['(1, 20)', '(3, 17)', '(3, 28)', '(4, 21)']",[491 states],183,19,202
492,"(1, 20)","(1, 21)",South,"[((1, 19), 'South', 184, 18, 202)]","['(3, 17)', '(4, 21)', '(3, 28)']","['(3, 17)', '(1, 19)', '(3, 28)', '(4, 21)']",[492 states],183,19,202
493,"(3, 17)","(3, 18)",South,"[((4, 17), 'East', 185, 19, 204), ((2, 17), 'West', 185, 17, 202)]","['(1, 19)', '(4, 21)', '(3, 28)']","['(1, 19)', '(2, 17)', '(3, 28)', '(4, 17)', '(4, 21)']",[493 states],184,18,202
494,"(1, 19)","(1, 20)",South,[],"['(2, 17)', '(4, 21)', '(3, 28)', '(4, 17)']","['(2, 17)', '(4, 21)', '(3, 28)', '(4, 17)']",[494 states],184,18,202
495,"(2, 17)","(3, 17)",West,"[((1, 17), 'West', 186, 16, 202)]","['(3, 28)', '(4, 21)', '(4, 17)']","['(1, 17)', '(3, 28)', '(4, 17)', '(4, 21)']",[495 states],185,17,202
496,"(1, 17)","(2, 17)",West,[],"['(3, 28)', '(4, 21)', '(4, 17)']","['(3, 28)', '(4, 21)', '(4, 17)']",[496 states],186,16,202
497,"(3, 28)","(3, 27)",North,"[((3, 29), 'North', 176, 30, 206)]","['(4, 21)', '(4, 17)']","['(4, 21)', '(4, 17)', '(3, 29)']",[497 states],175,29,204
498,"(4, 21)","(3, 21)",East,"[((5, 21), 'East', 182, 24, 206)]","['(4, 17)', '(3, 29)']","['(4, 17)', '(3, 29)', '(5, 21)']",[498 states],181,23,204
499,"(4, 17)","(3, 17)",East,"[((5, 17), 'East', 186, 20, 206)]","['(3, 29)', '(5, 21)']","['(3, 29)', '(5, 21)', '(5, 17)']",[499 states],185,19,204
500,"(3, 29)","(3, 28)",North,"[((4, 29), 'East', 177, 31, 208), ((2, 29), 'West', 177, 29, 206)]","['(5, 21)', '(5, 17)']","['(5, 21)', '(5, 17)', '(4, 29)', '(2, 29)']",[500 states],176,30,206
501,"(5, 21)","(4, 21)",East,"[((5, 20), 'South', 183, 23, 206)]","['(5, 17)', '(2, 29)', '(4, 29)']","['(5, 17)', '(2, 29)', '(4, 29)', '(5, 20)']",[501 states],182,24,206
502,"(5, 17)","(4, 17)",East,"[((5, 16), 'South', 187, 19, 206), ((6, 17), 'East', 187, 21, 208)]","['(2, 29)', '(5, 20)', '(4, 29)']","['(2, 29)', '(5, 20)', '(4, 29)', '(5, 16)', '(6, 17)']",[502 states],186,20,206
503,"(2, 29)","(3, 29)",West,"[((1, 29), 'West', 178, 28, 206)]","['(5, 20)', '(5, 16)', '(4, 29)', '(6, 17)']","['(5, 20)', '(5, 16)', '(4, 29)', '(6, 17)', '(1, 29)']",[503 states],177,29,206
504,"(5, 20)","(5, 21)",South,"[((5, 19), 'South', 184, 22, 206)]","['(5, 16)', '(1, 29)', '(4, 29)', '(6, 17)']","['(5, 16)', '(1, 29)', '(4, 29)', '(6, 17)', '(5, 19)']",[504 states],183,23,206
505,"(5, 16)","(5, 17)",South,"[((5, 15), 'South', 188, 18, 206)]","['(1, 29)', '(5, 19)', '(4, 29)', '(6, 17)']","['(1, 29)', '(5, 19)', '(4, 29)', '(6, 17)', '(5, 15)']",[505 states],187,19,206
506,"(1, 29)","(2, 29)",West,"[((1, 30), 'North', 179, 29, 208)]","['(5, 19)', '(5, 15)', '(4, 29)', '(6, 17)']","['(5, 19)', '(5, 15)', '(4, 29)', '(6, 17)', '(1, 30)']",[506 states],178,28,206
507,"(5, 19)","(5, 20)",South,[],"['(5, 15)', '(6, 17)', '(4, 29)', '(1, 30)']","['(5, 15)', '(6, 17)', '(4, 29)', '(1, 30)']",[507 states],184,22,206
508,"(5, 15)","(5, 16)",South,"[((5, 14), 'South', 189, 17, 206)]","['(4, 29)', '(6, 17)', '(1, 30)']","['(5, 14)', '(4, 29)', '(1, 30)', '(6, 17)']",[508 states],188,18,206
509,"(5, 14)","(5, 15)",South,"[((5, 13), 'South', 190, 16, 206)]","['(4, 29)', '(6, 17)', '(1, 30)']","['(5, 13)', '(4, 29)', '(1, 30)', '(6, 17)']",[509 states],189,17,206
510,"(5, 13)","(5, 14)",South,"[((5, 12), 'South', 191, 15, 206), ((4, 13), 'West', 191, 15, 206)]","['(4, 29)', '(6, 17)', '(1, 30)']","['(5, 12)', '(4, 13)', '(1, 30)', '(6, 17)', '(4, 29)']",[510 states],190,16,206
511,"(5, 12)","(5, 13)",South,"[((5, 11), 'South', 192, 14, 206)]","['(4, 13)', '(4, 29)', '(1, 30)', '(6, 17)']","['(4, 13)', '(5, 11)', '(1, 30)', '(6, 17)', '(4, 29)']",[511 states],191,15,206
512,"(4, 13)","(5, 13)",West,"[((3, 13), 'West', 192, 14, 206)]","['(5, 11)', '(4, 29)', '(1, 30)', '(6, 17)']","['(5, 11)', '(3, 13)', '(1, 30)', '(6, 17)', '(4, 29)']",[512 states],191,15,206
513,"(5, 11)","(5, 12)",South,"[((6, 11), 'East', 193, 15, 208)]","['(3, 13)', '(4, 29)', '(1, 30)', '(6, 17)']","['(3, 13)', '(4, 29)', '(1, 30)', '(6, 17)', '(6, 11)']",[513 states],192,14,206
514,"(3, 13)","(4, 13)",West,"[((3, 12), 'South', 193, 13, 206)]","['(4, 29)', '(6, 17)', '(1, 30)', '(6, 11)']","['(3, 12)', '(4, 29)', '(1, 30)', '(6, 11)', '(6, 17)']",[514 states],192,14,206
515,"(3, 12)","(3, 13)",South,"[((3, 11), 'South', 194, 12, 206)]","['(4, 29)', '(6, 17)', '(1, 30)', '(6, 11)']","['(3, 11)', '(4, 29)', '(1, 30)', '(6, 11)', '(6, 17)']",[515 states],193,13,206
516,"(3, 11)","(3, 12)",South,"[((3, 10), 'South', 195, 11, 206)]","['(4, 29)', '(6, 17)', '(1, 30)', '(6, 11)']","['(3, 10)', '(4, 29)', '(1, 30)', '(6, 11)', '(6, 17)']",[516 states],194,12,206
517,"(3, 10)","(3, 11)",South,"[((3, 9), 'South', 196, 10, 206)]","['(4, 29)', '(6, 17)', '(1, 30)', '(6, 11)']","['(3, 9)', '(4, 29)', '(1, 30)', '(6, 11)', '(6, 17)']",[517 states],195,11,206
518,"(3, 9)","(3, 10)",South,"[((4, 9), 'East', 197, 11, 208)]","['(4, 29)', '(6, 17)', '(1, 30)', '(6, 11)']","['(4, 29)', '(6, 17)', '(1, 30)', '(6, 11)', '(4, 9)']",[518 states],196,10,206
519,"(4, 29)","(3, 29)",East,"[((5, 29), 'East', 178, 32, 210)]","['(6, 17)', '(6, 11)', '(1, 30)', '(4, 9)']","['(6, 17)', '(6, 11)', '(1, 30)', '(4, 9)', '(5, 29)']",[519 states],177,31,208
520,"(6, 17)","(5, 17)",East,"[((7, 17), 'East', 188, 22, 210)]","['(1, 30)', '(6, 11)', '(5, 29)', '(4, 9)']","['(1, 30)', '(6, 11)', '(5, 29)', '(4, 9)', '(7, 17)']",[520 states],187,21,208
521,"(1, 30)","(1, 29)",North,"[((1, 31), 'North', 180, 30, 210)]","['(6, 11)', '(4, 9)', '(5, 29)', '(7, 17)']","['(6, 11)', '(4, 9)', '(5, 29)', '(7, 17)', '(1, 31)']",[521 states],179,29,208
522,"(6, 11)","(5, 11)",East,"[((7, 11), 'East', 194, 16, 210)]","['(4, 9)', '(7, 17)', '(5, 29)', '(1, 31)']","['(4, 9)', '(7, 17)', '(5, 29)', '(1, 31)', '(7, 11)']",[522 states],193,15,208
523,"(4, 9)","(3, 9)",East,"[((5, 9), 'East', 198, 12, 210)]","['(5, 29)', '(7, 17)', '(7, 11)', '(1, 31)']","['(5, 29)', '(7, 17)', '(7, 11)', '(1, 31)', '(5, 9)']",[523 states],197,11,208
524,"(5, 29)","(4, 29)",East,"[((5, 30), 'North', 179, 33, 212), ((6, 29), 'East', 179, 33, 212)]","['(7, 17)', '(1, 31)', '(7, 11)', '(5, 9)']","['(7, 17)', '(1, 31)', '(7, 11)', '(5, 9)', '(5, 30)', '(6, 29)']",[524 states],178,32,210
525,"(7, 17)","(6, 17)",East,"[((7, 16), 'South', 189, 21, 210)]","['(1, 31)', '(5, 9)', '(7, 11)', '(6, 29)', '(5, 30)']","['(1, 31)', '(5, 9)', '(7, 11)', '(6, 29)', '(5, 30)', '(7, 16)']",[525 states],188,22,210
526,"(1, 31)","(1, 30)",North,"[((2, 31), 'East', 181, 31, 212)]","['(7, 11)', '(5, 9)', '(7, 16)', '(6, 29)', '(5, 30)']","['(7, 11)', '(5, 9)', '(7, 16)', '(6, 29)', '(5, 30)', '(2, 31)']",[526 states],180,30,210
527,"(7, 11)","(6, 11)",East,"[((7, 10), 'South', 195, 15, 210)]","['(5, 9)', '(5, 30)', '(7, 16)', '(6, 29)', '(2, 31)']","['(5, 9)', '(5, 30)', '(7, 16)', '(6, 29)', '(2, 31)', '(7, 10)']",[527 states],194,16,210
528,"(5, 9)","(4, 9)",East,"[((5, 8), 'South', 199, 11, 210)]","['(7, 16)', '(5, 30)', '(7, 10)', '(6, 29)', '(2, 31)']","['(7, 16)', '(5, 30)', '(7, 10)', '(6, 29)', '(2, 31)', '(5, 8)']",[528 states],198,12,210
529,"(7, 16)","(7, 17)",South,"[((7, 15), 'South', 190, 20, 210)]","['(7, 10)', '(5, 30)', '(5, 8)', '(6, 29)', '(2, 31)']","['(7, 10)', '(5, 30)', '(5, 8)', '(6, 29)', '(2, 31)', '(7, 15)']",[529 states],189,21,210
530,"(7, 10)","(7, 11)",South,"[((7, 9), 'South', 196, 14, 210)]","['(5, 8)', '(5, 30)', '(7, 15)', '(6, 29)', '(2, 31)']","['(5, 8)', '(5, 30)', '(7, 15)', '(6, 29)', '(2, 31)', '(7, 9)']",[530 states],195,15,210
531,"(5, 8)","(5, 9)",South,"[((5, 7), 'South', 200, 10, 210)]","['(7, 15)', '(5, 30)', '(7, 9)', '(6, 29)', '(2, 31)']","['(7, 15)', '(5, 30)', '(7, 9)', '(6, 29)', '(2, 31)', '(5, 7)']",[531 states],199,11,210
532,"(7, 15)","(7, 16)",South,"[((8, 15), 'East', 191, 21, 212)]","['(7, 9)', '(5, 30)', '(5, 7)', '(6, 29)', '(2, 31)']","['(7, 9)', '(5, 30)', '(5, 7)', '(6, 29)', '(2, 31)', '(8, 15)']",[532 states],190,20,210
533,"(7, 9)","(7, 10)",South,[],"['(5, 7)', '(5, 30)', '(8, 15)', '(6, 29)', '(2, 31)']","['(5, 7)', '(5, 30)', '(8, 15)', '(6, 29)', '(2, 31)']",[533 states],196,14,210
534,"(5, 7)","(5, 8)",South,"[((5, 6), 'South', 201, 9, 210), ((6, 7), 'East', 201, 11, 212), ((4, 7), 'West', 201, 9, 210)]","['(5, 30)', '(6, 29)', '(8, 15)', '(2, 31)']","['(5, 6)', '(5, 30)', '(4, 7)', '(2, 31)', '(6, 29)', '(6, 7)', '(8, 15)']",[534 states],200,10,210
535,"(5, 6)","(5, 7)",South,"[((5, 5), 'South', 202, 8, 210)]","['(4, 7)', '(5, 30)', '(8, 15)', '(2, 31)', '(6, 29)', '(6, 7)']","['(4, 7)', '(5, 30)', '(5, 5)', '(2, 31)', '(6, 29)', '(6, 7)', '(8, 15)']",[535 states],201,9,210
536,"(4, 7)","(5, 7)",West,"[((3, 7), 'West', 202, 8, 210)]","['(5, 5)', '(5, 30)', '(8, 15)', '(2, 31)', '(6, 29)', '(6, 7)']","['(5, 5)', '(5, 30)', '(3, 7)', '(2, 31)', '(6, 29)', '(6, 7)', '(8, 15)']",[536 states],201,9,210
537,"(5, 5)","(5, 6)",South,[],"['(3, 7)', '(5, 30)', '(8, 15)', '(2, 31)', '(6, 29)', '(6, 7)']","['(3, 7)', '(5, 30)', '(8, 15)', '(2, 31)', '(6, 29)', '(6, 7)']",[537 states],202,8,210
538,"(3, 7)","(4, 7)",West,"[((3, 6), 'South', 203, 7, 210), ((2, 7), 'West', 203, 7, 210)]","['(5, 30)', '(6, 29)', '(8, 15)', '(2, 31)', '(6, 7)']","['(3, 6)', '(6, 29)', '(2, 7)', '(2, 31)', '(6, 7)', '(8, 15)', '(5, 30)']",[538 states],202,8,210
539,"(3, 6)","(3, 7)",South,"[((3, 5), 'South', 204, 6, 210)]","['(2, 7)', '(6, 29)', '(5, 30)', '(2, 31)', '(6, 7)', '(8, 15)']","['(2, 7)', '(6, 29)', '(3, 5)', '(2, 31)', '(6, 7)', '(8, 15)', '(5, 30)']",[539 states],203,7,210
540,"(2, 7)","(3, 7)",West,"[((1, 7), 'West', 204, 6, 210)]","['(3, 5)', '(6, 29)', '(5, 30)', '(2, 31)', '(6, 7)', '(8, 15)']","['(3, 5)', '(6, 29)', '(1, 7)', '(2, 31)', '(6, 7)', '(8, 15)', '(5, 30)']",[540 states],203,7,210
541,"(3, 5)","(3, 6)",South,"[((3, 4), 'South', 205, 5, 210)]","['(1, 7)', '(6, 29)', '(5, 30)', '(2, 31)', '(6, 7)', '(8, 15)']","['(1, 7)', '(6, 29)', '(3, 4)', '(2, 31)', '(6, 7)', '(8, 15)', '(5, 30)']",[541 states],204,6,210
542,"(1, 7)","(2, 7)",West,"[((1, 8), 'North', 205, 7, 212)]","['(3, 4)', '(6, 29)', '(5, 30)', '(2, 31)', '(6, 7)', '(8, 15)']","['(3, 4)', '(6, 29)', '(5, 30)', '(2, 31)', '(6, 7)', '(8, 15)', '(1, 8)']",[542 states],204,6,210
543,"(3, 4)","(3, 5)",South,"[((3, 3), 'South', 206, 4, 210)]","['(5, 30)', '(6, 29)', '(8, 15)', '(2, 31)', '(6, 7)', '(1, 8)']","['(3, 3)', '(6, 29)', '(5, 30)', '(2, 31)', '(6, 7)', '(1, 8)', '(8, 15)']",[543 states],205,5,210
544,"(3, 3)","(3, 4)",South,"[((3, 2), 'South', 207, 3, 210), ((2, 3), 'West', 207, 3, 210)]","['(5, 30)', '(6, 29)', '(8, 15)', '(2, 31)', '(6, 7)', '(1, 8)']","['(3, 2)', '(2, 3)', '(5, 30)', '(6, 29)', '(6, 7)', '(1, 8)', '(8, 15)', '(2, 31)']",[544 states],206,4,210
545,"(3, 2)","(3, 3)",South,"[((3, 1), 'South', 208, 2, 210)]","['(2, 3)', '(6, 29)', '(5, 30)', '(2, 31)', '(6, 7)', '(1, 8)', '(8, 15)']","['(2, 3)', '(3, 1)', '(5, 30)', '(6, 29)', '(6, 7)', '(1, 8)', '(8, 15)', '(2, 31)']",[545 states],207,3,210
546,"(2, 3)","(3, 3)",West,"[((1, 3), 'West', 208, 2, 210)]","['(3, 1)', '(6, 29)', '(5, 30)', '(2, 31)', '(6, 7)', '(1, 8)', '(8, 15)']","['(3, 1)', '(1, 3)', '(5, 30)', '(6, 29)', '(6, 7)', '(1, 8)', '(8, 15)', '(2, 31)']",[546 states],207,3,210
547,"(3, 1)","(3, 2)",South,[],"['(1, 3)', '(6, 29)', '(5, 30)', '(2, 31)', '(6, 7)', '(1, 8)', '(8, 15)']","['(1, 3)', '(6, 29)', '(5, 30)', '(2, 31)', '(6, 7)', '(1, 8)', '(8, 15)']",[547 states],208,2,210
548,"(1, 3)","(2, 3)",West,"[((1, 4), 'North', 209, 3, 212), ((1, 2), 'South', 209, 1, 210)]","['(5, 30)', '(6, 29)', '(8, 15)', '(2, 31)', '(6, 7)', '(1, 8)']","['(1, 2)', '(5, 30)', '(8, 15)', '(6, 29)', '(6, 7)', '(1, 8)', '(1, 4)', '(2, 31)']",[548 states],208,2,210
549,"(1, 2)","(1, 3)",South,"[((1, 1), 'South', 210, 0, 210)]","['(5, 30)', '(6, 29)', '(8, 15)', '(2, 31)', '(6, 7)', '(1, 8)', '(1, 4)']","['(1, 1)', '(5, 30)', '(8, 15)', '(6, 29)', '(6, 7)', '(1, 8)', '(1, 4)', '(2, 31)']",[549 states],209,1,210
550,"(1, 1)","(1, 2)",South,[],"['(5, 30)', '(6, 29)', '(8, 15)', '(2, 31)', '(6, 7)', '(1, 8)', '(1, 4)']","['(5, 30)', '(6, 29)', '(8, 15)', '(2, 31)', '(6, 7)', '(1, 8)', '(1, 4)']",[549 states],210,0,210
