iteration,expanded_state,parent,action,generated_successors,frontier_before,frontier_after,explored,g,h,f
1,"((5, 1), ())",None,Start,"[(((5, 2), ()), 'North', 1, 54, 55)]",[],"['((5, 2), ())']","[((5, 1), ())]",0,53,53
2,"((5, 2), ())","((5, 1), ())",North,"[(((6, 2), ()), 'East', 2, 55, 57)]",[],"['((6, 2), ())']","[((5, 2), ()), ((5, 1), ())]",1,54,55
3,"((6, 2), ())","((5, 2), ())",East,"[(((7, 2), ()), 'East', 3, 56, 59)]",[],"['((7, 2), ())']","[((5, 2), ()), ((5, 1), ()), ((6, 2), ())]",2,55,57
4,"((7, 2), ())","((6, 2), ())",East,"[(((8, 2), ()), 'East', 4, 57, 61)]",[],"['((8, 2), ())']","[((7, 2), ()), ((5, 2), ()), ((5, 1), ()), ((6, 2), ())]",3,56,59
5,"((8, 2), ())","((7, 2), ())",East,"[(((9, 2), ()), 'East', 5, 58, 63)]",[],"['((9, 2), ())']","[((7, 2), ()), ((8, 2), ()), ((6, 2), ()), ((5, 2), ()), ((5, 1), ())]",4,57,61
6,"((9, 2), ())","((8, 2), ())",East,"[(((9, 3), ()), 'North', 6, 59, 65)]",[],"['((9, 3), ())']","[((7, 2), ()), ((8, 2), ()), ((6, 2), ()), ((5, 2), ()), ((5, 1), ()), ((9, 2), ())]",5,58,63
7,"((9, 3), ())","((9, 2), ())",North,"[(((9, 4), ()), 'North', 7, 60, 67)]",[],"['((9, 4), ())']","[((7, 2), ()), ((8, 2), ()), ((6, 2), ()), ((9, 3), ()), ((5, 2), ()), ((5, 1), ()), ((9, 2), ())]",6,59,65
8,"((9, 4), ())","((9, 3), ())",North,"[(((10, 4), ()), 'East', 8, 61, 69), (((8, 4), ()), 'West', 8, 59, 67)]",[],"['((8, 4), ())', '((10, 4), ())']","[((7, 2), ()), ((8, 2), ()), ((6, 2), ()), ((9, 4), ()), ((9, 3), ()), ((5, 2), ()), ((5, 1), ()), ((9, 2), ())]",7,60,67
9,"((8, 4), ())","((9, 4), ())",West,"[(((7, 4), ()), 'West', 9, 58, 67)]","['((10, 4), ())']","['((7, 4), ())', '((10, 4), ())']","[((7, 2), ()), ((8, 2), ()), ((6, 2), ()), ((9, 4), ()), ((9, 3), ()), ((8, 4), ()), ((5, 2), ()), ((5, 1), ()), ((9, 2), ())]",8,59,67
10,"((7, 4), ())","((8, 4), ())",West,"[(((6, 4), ()), 'West', 10, 57, 67)]","['((10, 4), ())']","['((6, 4), ())', '((10, 4), ())']","[((7, 2), ()), ((8, 2), ()), ((6, 2), ()), ((9, 4), ()), ((9, 3), ()), ((7, 4), ()), ((8, 4), ()), ((5, 2), ()), ((5, 1), ()), ((9, 2), ())]",9,58,67
11,"((6, 4), ())","((7, 4), ())",West,"[(((5, 4), ()), 'West', 11, 56, 67)]","['((10, 4), ())']","['((5, 4), ())', '((10, 4), ())']","[((7, 2), ()), ((8, 2), ()), ((6, 2), ()), ((9, 4), ()), ((9, 3), ()), ((7, 4), ()), ((8, 4), ()), ((6, 4), ()), ((5, 2), ()), ((5, 1), ()), ((9, 2), ())]",10,57,67
12,"((5, 4), ())","((6, 4), ())",West,"[(((5, 5), ()), 'North', 12, 57, 69), (((4, 4), ()), 'West', 12, 55, 67)]","['((10, 4), ())']","['((4, 4), ())', '((5, 5), ())', '((10, 4), ())']","[((7, 2), ()), ((8, 2), ()), ((6, 2), ()), ((9, 4), ()), ((9, 3), ()), ((7, 4), ()), ((8, 4), ()), ((6, 4), ()), ((5, 2), ()), ((5, 1), ()), ((5, 4), ()), ((9, 2), ())]",11,56,67
13,"((4, 4), ())","((5, 4), ())",West,"[(((3, 4), ()), 'West', 13, 54, 67)]","['((10, 4), ())', '((5, 5), ())']","['((3, 4), ())', '((5, 5), ())', '((10, 4), ())']","[((7, 2), ()), ((8, 2), ()), ((6, 2), ()), ((9, 4), ()), ((9, 3), ()), ((4, 4), ()), ((7, 4), ()), ((8, 4), ()), ((6, 4), ()), ((5, 2), ()), ((5, 1), ()), ((5, 4), ()), ((9, 2), ())]",12,55,67
14,"((3, 4), ())","((4, 4), ())",West,"[(((3, 5), ()), 'North', 14, 55, 69), (((3, 3), ()), 'South', 14, 53, 67)]","['((10, 4), ())', '((5, 5), ())']","['((3, 3), ())', '((10, 4), ())', '((3, 5), ())', '((5, 5), ())']","[((7, 2), ()), ((8, 2), ()), ((6, 2), ()), ((9, 4), ()), ((9, 3), ()), ((4, 4), ()), ((7, 4), ()), ((8, 4), ()), ((3, 4), ()), ((6, 4), ()), ((5, 2), ()), ((5, 1), ()), ((5, 4), ()), ((9, 2), ())]",13,54,67
15,"((3, 3), ())","((3, 4), ())",South,"[(((3, 2), ()), 'South', 15, 52, 67)]","['((10, 4), ())', '((5, 5), ())', '((3, 5), ())']","['((3, 2), ())', '((10, 4), ())', '((3, 5), ())', '((5, 5), ())']","[((7, 2), ()), ((8, 2), ()), ((6, 2), ()), ((9, 4), ()), ((9, 3), ()), ((4, 4), ()), ((7, 4), ()), ((8, 4), ()), ((3, 4), ()), ((6, 4), ()), ((3, 3), ()), ((5, 2), ()), ((5, 1), ()), ((5, 4), ()), ((9, 2), ())]",14,53,67
16,"((3, 2), ())","((3, 3), ())",South,"[(((3, 1), ()), 'South', 16, 51, 67), (((2, 2), ()), 'West', 16, 51, 67)]","['((10, 4), ())', '((5, 5), ())', '((3, 5), ())']","['((3, 1), ())', '((2, 2), ())', '((3, 5), ())', '((5, 5), ())', '((10, 4), ())']","[((7, 2), ()), ((8, 2), ()), ((3, 2), ()), ((6, 2), ()), ((9, 4), ()), ((9, 3), ()), ((4, 4), ()), ((7, 4), ()), ((8, 4), ()), ((3, 4), ()), ((6, 4), ()), ((3, 3), ()), ((5, 2), ()), ((5, 1), ()), ((5, 4), ()), ((9, 2), ())]",15,52,67
17,"((3, 1), ())","((3, 2), ())",South,"[(((2, 1), ()), 'West', 17, 50, 67)]","['((2, 2), ())', '((10, 4), ())', '((3, 5), ())', '((5, 5), ())']","['((2, 2), ())', '((2, 1), ())', '((3, 5), ())', '((5, 5), ())', '((10, 4), ())']","[((7, 2), ()), ((8, 2), ()), ((3, 2), ()), ((6, 2), ()), ((3, 1), ()), ((9, 4), ()), ((9, 3), ()), ((4, 4), ()), ((7, 4), ()), ((8, 4), ()), ((3, 4), ()), ((6, 4), ()), ((3, 3), ()), ((5, 2), ()), ((5, 1), ()), ((5, 4), ()), ((9, 2), ())]",16,51,67
18,"((2, 2), ())","((3, 2), ())",West,"[(((1, 2), ()), 'West', 17, 50, 67)]","['((2, 1), ())', '((10, 4), ())', '((3, 5), ())', '((5, 5), ())']","['((2, 1), ())', '((1, 2), ())', '((3, 5), ())', '((5, 5), ())', '((10, 4), ())']","[((7, 2), ()), ((8, 2), ()), ((3, 2), ()), ((6, 2), ()), ((3, 1), ()), ((9, 4), ()), ((9, 3), ()), ((4, 4), ()), ((7, 4), ()), ((8, 4), ()), ((3, 4), ()), ((6, 4), ()), ((3, 3), ()), ((5, 2), ()), ((2, 2), ()), ((5, 1), ()), ((5, 4), ()), ((9, 2), ())]",16,51,67
19,"((2, 1), ())","((3, 1), ())",West,"[(((1, 1), ((1, 1),)), 'West', 18, 49, 67)]","['((1, 2), ())', '((10, 4), ())', '((3, 5), ())', '((5, 5), ())']","['((1, 2), ())', '((1, 1), ((1, 1),))', '((3, 5), ())', '((5, 5), ())', '((10, 4), ())']","[((3, 1), ()), ((6, 2), ()), ((9, 4), ()), ((4, 4), ()), ((3, 3), ()), ((6, 4), ()), ((9, 2), ()), ((2, 2), ()), ((8, 2), ()), ((3, 2), ()), ((8, 4), ()), ((3, 4), ()), ((5, 4), ()), ((7, 2), ()), ((9, 3), ()), ((7, 4), ()), ((2, 1), ()), ((5, 2), ()), ((5, 1), ())]",17,50,67
20,"((1, 2), ())","((2, 2), ())",West,"[(((1, 3), ()), 'North', 18, 51, 69)]","['((1, 1), ((1, 1),))', '((10, 4), ())', '((3, 5), ())', '((5, 5), ())']","['((1, 1), ((1, 1),))', '((10, 4), ())', '((3, 5), ())', '((5, 5), ())', '((1, 3), ())']","[((3, 1), ()), ((6, 2), ()), ((1, 2), ()), ((9, 4), ()), ((4, 4), ()), ((3, 3), ()), ((6, 4), ()), ((9, 2), ()), ((2, 2), ()), ((8, 2), ()), ((3, 2), ()), ((8, 4), ()), ((3, 4), ()), ((5, 4), ()), ((7, 2), ()), ((9, 3), ()), ((7, 4), ()), ((2, 1), ()), ((5, 2), ()), ((5, 1), ())]",17,50,67
21,"((1, 1), ((1, 1),))","((2, 1), ())",West,"[(((1, 2), ((1, 1),)), 'North', 19, 48, 67), (((2, 1), ((1, 1),)), 'East', 19, 50, 69)]","['((10, 4), ())', '((5, 5), ())', '((3, 5), ())', '((1, 3), ())']","['((1, 2), ((1, 1),))', '((10, 4), ())', '((3, 5), ())', '((1, 3), ())', '((5, 5), ())', '((2, 1), ((1, 1),))']","[((1, 1), ((1, 1),)), ((3, 1), ()), ((6, 2), ()), ((1, 2), ()), ((9, 4), ()), ((4, 4), ()), ((3, 3), ()), ((6, 4), ()), ((9, 2), ()), ((2, 2), ()), ((8, 2), ()), ((3, 2), ()), ((8, 4), ()), ((3, 4), ()), ((5, 4), ()), ((7, 2), ()), ((9, 3), ()), ((7, 4), ()), ((2, 1), ()), ((5, 2), ()), ((5, 1), ())]",18,49,67
22,"((1, 2), ((1, 1),))","((1, 1), ((1, 1),))",North,"[(((1, 3), ((1, 1),)), 'North', 20, 47, 67), (((2, 2), ((1, 1),)), 'East', 20, 49, 69)]","['((10, 4), ())', '((5, 5), ())', '((3, 5), ())', '((1, 3), ())', '((2, 1), ((1, 1),))']","['((1, 3), ((1, 1),))', '((5, 5), ())', '((10, 4), ())', '((1, 3), ())', '((2, 1), ((1, 1),))', '((3, 5), ())', '((2, 2), ((1, 1),))']","[((1, 1), ((1, 1),)), ((3, 1), ()), ((6, 2), ()), ((1, 2), ()), ((9, 4), ()), ((4, 4), ()), ((1, 2), ((1, 1),)), ((3, 3), ()), ((6, 4), ()), ((9, 2), ()), ((2, 2), ()), ((8, 2), ()), ((3, 2), ()), ((8, 4), ()), ((3, 4), ()), ((5, 4), ()), ((7, 2), ()), ((9, 3), ()), ((7, 4), ()), ((2, 1), ()), ((5, 2), ()), ((5, 1), ())]",19,48,67
23,"((1, 3), ((1, 1),))","((1, 2), ((1, 1),))",North,"[(((1, 4), ((1, 1),)), 'North', 21, 46, 67)]","['((10, 4), ())', '((5, 5), ())', '((3, 5), ())', '((1, 3), ())', '((2, 1), ((1, 1),))', '((2, 2), ((1, 1),))']","['((1, 4), ((1, 1),))', '((5, 5), ())', '((10, 4), ())', '((1, 3), ())', '((2, 1), ((1, 1),))', '((2, 2), ((1, 1),))', '((3, 5), ())']","[((1, 1), ((1, 1),)), ((3, 1), ()), ((6, 2), ()), ((1, 2), ()), ((9, 4), ()), ((4, 4), ()), ((1, 2), ((1, 1),)), ((3, 3), ()), ((6, 4), ()), ((9, 2), ()), ((2, 2), ()), ((8, 2), ()), ((3, 2), ()), ((8, 4), ()), ((3, 4), ()), ((5, 4), ()), ((7, 2), ()), ((9, 3), ()), ((1, 3), ((1, 1),)), ((7, 4), ()), ((2, 1), ()), ((5, 2), ()), ((5, 1), ())]",20,47,67
24,"((1, 4), ((1, 1),))","((1, 3), ((1, 1),))",North,[],"['((10, 4), ())', '((5, 5), ())', '((3, 5), ())', '((1, 3), ())', '((2, 1), ((1, 1),))', '((2, 2), ((1, 1),))']","['((10, 4), ())', '((5, 5), ())', '((3, 5), ())', '((1, 3), ())', '((2, 1), ((1, 1),))', '((2, 2), ((1, 1),))']","[((1, 1), ((1, 1),)), ((3, 1), ()), ((6, 2), ()), ((1, 2), ()), ((9, 4), ()), ((4, 4), ()), ((1, 2), ((1, 1),)), ((3, 3), ()), ((6, 4), ()), ((1, 4), ((1, 1),)), ((9, 2), ()), ((2, 2), ()), ((8, 2), ()), ((3, 2), ()), ((8, 4), ()), ((3, 4), ()), ((5, 4), ()), ((7, 2), ()), ((9, 3), ()), ((1, 3), ((1, 1),)), ((7, 4), ()), ((2, 1), ()), ((5, 2), ()), ((5, 1), ())]",21,46,67
25,"((10, 4), ())","((9, 4), ())",East,"[(((11, 4), ()), 'East', 9, 62, 71)]","['((5, 5), ())', '((1, 3), ())', '((3, 5), ())', '((2, 2), ((1, 1),))', '((2, 1), ((1, 1),))']","['((5, 5), ())', '((1, 3), ())', '((3, 5), ())', '((2, 2), ((1, 1),))', '((2, 1), ((1, 1),))', '((11, 4), ())']","[((1, 1), ((1, 1),)), ((3, 1), ()), ((6, 2), ()), ((1, 2), ()), ((9, 4), ()), ((4, 4), ()), ((1, 2), ((1, 1),)), ((3, 3), ()), ((6, 4), ()), ((1, 4), ((1, 1),)), ((9, 2), ()), ((2, 2), ()), ((8, 2), ()), ((3, 2), ()), ((10, 4), ()), ((8, 4), ()), ((3, 4), ()), ((5, 4), ()), ((7, 2), ()), ((9, 3), ()), ((1, 3), ((1, 1),)), ((7, 4), ()), ((2, 1), ()), ((5, 2), ()), ((5, 1), ())]",8,61,69
26,"((5, 5), ())","((5, 4), ())",North,"[(((5, 6), ()), 'North', 13, 58, 71)]","['((3, 5), ())', '((1, 3), ())', '((11, 4), ())', '((2, 2), ((1, 1),))', '((2, 1), ((1, 1),))']","['((3, 5), ())', '((1, 3), ())', '((11, 4), ())', '((2, 2), ((1, 1),))', '((2, 1), ((1, 1),))', '((5, 6), ())']","[((1, 1), ((1, 1),)), ((3, 1), ()), ((6, 2), ()), ((1, 2), ()), ((9, 4), ()), ((4, 4), ()), ((1, 2), ((1, 1),)), ((3, 3), ()), ((6, 4), ()), ((1, 4), ((1, 1),)), ((9, 2), ()), ((2, 2), ()), ((8, 2), ()), ((3, 2), ()), ((10, 4), ()), ((8, 4), ()), ((3, 4), ()), ((5, 5), ()), ((5, 4), ()), ((7, 2), ()), ((9, 3), ()), ((1, 3), ((1, 1),)), ((7, 4), ()), ((2, 1), ()), ((5, 2), ()), ((5, 1), ())]",12,57,69
27,"((3, 5), ())","((3, 4), ())",North,"[(((3, 6), ()), 'North', 15, 56, 71)]","['((1, 3), ())', '((2, 1), ((1, 1),))', '((11, 4), ())', '((2, 2), ((1, 1),))', '((5, 6), ())']","['((1, 3), ())', '((2, 1), ((1, 1),))', '((11, 4), ())', '((2, 2), ((1, 1),))', '((5, 6), ())', '((3, 6), ())']","[((1, 1), ((1, 1),)), ((3, 1), ()), ((6, 2), ()), ((1, 2), ()), ((9, 4), ()), ((4, 4), ()), ((1, 2), ((1, 1),)), ((3, 3), ()), ((6, 4), ()), ((1, 4), ((1, 1),)), ((9, 2), ()), ((2, 2), ()), ((8, 2), ()), ((3, 2), ()), ((10, 4), ()), ((8, 4), ()), ((3, 4), ()), ((5, 5), ()), ((5, 4), ()), ((7, 2), ()), ((9, 3), ()), ((1, 3), ((1, 1),)), ((7, 4), ()), ((3, 5), ()), ((2, 1), ()), ((5, 2), ()), ((5, 1), ())]",14,55,69
28,"((1, 3), ())","((1, 2), ())",North,"[(((1, 4), ()), 'North', 19, 52, 71)]","['((2, 1), ((1, 1),))', '((2, 2), ((1, 1),))', '((11, 4), ())', '((3, 6), ())', '((5, 6), ())']","['((2, 1), ((1, 1),))', '((2, 2), ((1, 1),))', '((11, 4), ())', '((3, 6), ())', '((5, 6), ())', '((1, 4), ())']","[((1, 1), ((1, 1),)), ((3, 1), ()), ((6, 2), ()), ((1, 2), ()), ((9, 4), ()), ((4, 4), ()), ((1, 2), ((1, 1),)), ((3, 3), ()), ((6, 4), ()), ((1, 4), ((1, 1),)), ((9, 2), ()), ((2, 2), ()), ((8, 2), ()), ((3, 2), ()), ((10, 4), ()), ((8, 4), ()), ((3, 4), ()), ((5, 5), ()), ((5, 4), ()), ((7, 2), ()), ((1, 3), ()), ((9, 3), ()), ((1, 3), ((1, 1),)), ((7, 4), ()), ((3, 5), ()), ((2, 1), ()), ((5, 2), ()), ((5, 1), ())]",18,51,69
29,"((2, 1), ((1, 1),))","((1, 1), ((1, 1),))",East,"[(((3, 1), ((1, 1),)), 'East', 20, 51, 71)]","['((2, 2), ((1, 1),))', '((5, 6), ())', '((11, 4), ())', '((3, 6), ())', '((1, 4), ())']","['((2, 2), ((1, 1),))', '((5, 6), ())', '((11, 4), ())', '((3, 6), ())', '((1, 4), ())', '((3, 1), ((1, 1),))']","[((1, 1), ((1, 1),)), ((3, 1), ()), ((6, 2), ()), ((1, 2), ()), ((9, 4), ()), ((4, 4), ()), ((1, 2), ((1, 1),)), ((3, 3), ()), ((6, 4), ()), ((1, 4), ((1, 1),)), ((9, 2), ()), ((2, 2), ()), ((8, 2), ()), ((3, 2), ()), ((10, 4), ()), ((8, 4), ()), ((3, 4), ()), ((5, 5), ()), ((5, 4), ()), ((7, 2), ()), ((1, 3), ()), ((9, 3), ()), ((1, 3), ((1, 1),)), ((7, 4), ()), ((3, 5), ()), ((2, 1), ()), ((5, 2), ()), ((5, 1), ()), ((2, 1), ((1, 1),))]",19,50,69
30,"((2, 2), ((1, 1),))","((1, 2), ((1, 1),))",East,"[(((3, 2), ((1, 1),)), 'East', 21, 50, 71)]","['((11, 4), ())', '((5, 6), ())', '((3, 1), ((1, 1),))', '((3, 6), ())', '((1, 4), ())']","['((11, 4), ())', '((5, 6), ())', '((3, 1), ((1, 1),))', '((3, 6), ())', '((1, 4), ())', '((3, 2), ((1, 1),))']","[((1, 1), ((1, 1),)), ((3, 1), ()), ((6, 2), ()), ((1, 2), ()), ((9, 4), ()), ((4, 4), ()), ((1, 2), ((1, 1),)), ((3, 3), ()), ((6, 4), ()), ((1, 4), ((1, 1),)), ((9, 2), ()), ((2, 2), ()), ((2, 2), ((1, 1),)), ((8, 2), ()), ((3, 2), ()), ((10, 4), ()), ((8, 4), ()), ((3, 4), ()), ((5, 5), ()), ((5, 4), ()), ((7, 2), ()), ((1, 3), ()), ((9, 3), ()), ((1, 3), ((1, 1),)), ((7, 4), ()), ((3, 5), ()), ((2, 1), ()), ((5, 2), ()), ((5, 1), ()), ((2, 1), ((1, 1),))]",20,49,69
31,"((11, 4), ())","((10, 4), ())",East,"[(((12, 4), ()), 'East', 10, 63, 73), (((11, 3), ()), 'South', 10, 61, 71)]","['((5, 6), ())', '((3, 6), ())', '((3, 1), ((1, 1),))', '((3, 2), ((1, 1),))', '((1, 4), ())']","['((5, 6), ())', '((3, 6), ())', '((3, 1), ((1, 1),))', '((3, 2), ((1, 1),))', '((1, 4), ())', '((12, 4), ())', '((11, 3), ())']","[((1, 1), ((1, 1),)), ((3, 1), ()), ((6, 2), ()), ((1, 2), ()), ((9, 4), ()), ((4, 4), ()), ((1, 2), ((1, 1),)), ((3, 3), ()), ((6, 4), ()), ((1, 4), ((1, 1),)), ((9, 2), ()), ((2, 2), ()), ((11, 4), ()), ((2, 2), ((1, 1),)), ((8, 2), ()), ((3, 2), ()), ((10, 4), ()), ((8, 4), ()), ((3, 4), ()), ((5, 5), ()), ((5, 4), ()), ((7, 2), ()), ((1, 3), ()), ((9, 3), ()), ((1, 3), ((1, 1),)), ((7, 4), ()), ((3, 5), ()), ((2, 1), ()), ((5, 2), ()), ((5, 1), ()), ((2, 1), ((1, 1),))]",9,62,71
32,"((5, 6), ())","((5, 5), ())",North,"[(((5, 7), ()), 'North', 14, 58, 72), (((6, 6), ()), 'East', 14, 59, 73), (((4, 6), ()), 'West', 14, 57, 71)]","['((3, 6), ())', '((1, 4), ())', '((3, 1), ((1, 1),))', '((3, 2), ((1, 1),))', '((11, 3), ())', '((12, 4), ())']","['((3, 6), ())', '((1, 4), ())', '((3, 1), ((1, 1),))', '((3, 2), ((1, 1),))', '((11, 3), ())', '((12, 4), ())', '((5, 7), ())', '((6, 6), ())', '((4, 6), ())']","[((1, 1), ((1, 1),)), ((3, 1), ()), ((6, 2), ()), ((1, 2), ()), ((9, 4), ()), ((4, 4), ()), ((1, 2), ((1, 1),)), ((3, 3), ()), ((6, 4), ()), ((1, 4), ((1, 1),)), ((9, 2), ()), ((2, 2), ()), ((11, 4), ()), ((2, 2), ((1, 1),)), ((8, 2), ()), ((3, 2), ()), ((10, 4), ()), ((8, 4), ()), ((3, 4), ()), ((5, 5), ()), ((5, 4), ()), ((7, 2), ()), ((1, 3), ()), ((5, 6), ()), ((9, 3), ()), ((1, 3), ((1, 1),)), ((7, 4), ()), ((3, 5), ()), ((2, 1), ()), ((5, 2), ()), ((5, 1), ()), ((2, 1), ((1, 1),))]",13,58,71
33,"((3, 6), ())","((3, 5), ())",North,"[(((2, 6), ()), 'West', 16, 55, 71)]","['((1, 4), ())', '((3, 2), ((1, 1),))', '((3, 1), ((1, 1),))', '((4, 6), ())', '((11, 3), ())', '((12, 4), ())', '((5, 7), ())', '((6, 6), ())']","['((1, 4), ())', '((3, 2), ((1, 1),))', '((3, 1), ((1, 1),))', '((4, 6), ())', '((11, 3), ())', '((12, 4), ())', '((5, 7), ())', '((6, 6), ())', '((2, 6), ())']","[((1, 1), ((1, 1),)), ((3, 1), ()), ((6, 2), ()), ((1, 2), ()), ((9, 4), ()), ((4, 4), ()), ((1, 2), ((1, 1),)), ((3, 3), ()), ((6, 4), ()), ((1, 4), ((1, 1),)), ((9, 2), ()), ((2, 2), ()), ((11, 4), ()), ((2, 2), ((1, 1),)), ((8, 2), ()), ((3, 2), ()), ((10, 4), ()), ((8, 4), ()), ((3, 4), ()), ((5, 5), ()), ((5, 4), ()), ((7, 2), ()), ((1, 3), ()), ((5, 6), ()), ((3, 6), ()), ((9, 3), ()), ((1, 3), ((1, 1),)), ((7, 4), ()), ((3, 5), ()), ((2, 1), ()), ((5, 2), ()), ((5, 1), ()), ((2, 1), ((1, 1),))]",15,56,71
34,"((1, 4), ())","((1, 3), ())",North,[],"['((3, 1), ((1, 1),))', '((3, 2), ((1, 1),))', '((2, 6), ())', '((4, 6), ())', '((11, 3), ())', '((12, 4), ())', '((5, 7), ())', '((6, 6), ())']","['((3, 1), ((1, 1),))', '((3, 2), ((1, 1),))', '((2, 6), ())', '((4, 6), ())', '((11, 3), ())', '((12, 4), ())', '((5, 7), ())', '((6, 6), ())']","[((1, 1), ((1, 1),)), ((3, 1), ()), ((6, 2), ()), ((1, 2), ()), ((9, 4), ()), ((4, 4), ()), ((1, 2), ((1, 1),)), ((3, 3), ()), ((6, 4), ()), ((1, 4), ()), ((1, 4), ((1, 1),)), ((9, 2), ()), ((2, 2), ()), ((11, 4), ()), ((2, 2), ((1, 1),)), ((8, 2), ()), ((3, 2), ()), ((10, 4), ()), ((8, 4), ()), ((3, 4), ()), ((5, 5), ()), ((5, 4), ()), ((7, 2), ()), ((1, 3), ()), ((5, 6), ()), ((3, 6), ()), ((9, 3), ()), ((1, 3), ((1, 1),)), ((7, 4), ()), ((3, 5), ()), ((2, 1), ()), ((5, 2), ()), ((5, 1), ()), ((2, 1), ((1, 1),))]",19,52,71
35,"((3, 1), ((1, 1),))","((2, 1), ((1, 1),))",East,[],"['((3, 2), ((1, 1),))', '((11, 3), ())', '((2, 6), ())', '((4, 6), ())', '((6, 6), ())', '((12, 4), ())', '((5, 7), ())']","['((3, 2), ((1, 1),))', '((11, 3), ())', '((2, 6), ())', '((4, 6), ())', '((6, 6), ())', '((12, 4), ())', '((5, 7), ())']","[((1, 1), ((1, 1),)), ((3, 1), ()), ((6, 2), ()), ((1, 2), ()), ((9, 4), ()), ((4, 4), ()), ((3, 1), ((1, 1),)), ((1, 2), ((1, 1),)), ((3, 3), ()), ((6, 4), ()), ((1, 4), ()), ((1, 4), ((1, 1),)), ((9, 2), ()), ((2, 2), ()), ((11, 4), ()), ((2, 2), ((1, 1),)), ((8, 2), ()), ((3, 2), ()), ((10, 4), ()), ((8, 4), ()), ((3, 4), ()), ((5, 5), ()), ((5, 4), ()), ((7, 2), ()), ((1, 3), ()), ((5, 6), ()), ((3, 6), ()), ((9, 3), ()), ((1, 3), ((1, 1),)), ((7, 4), ()), ((3, 5), ()), ((2, 1), ()), ((5, 2), ()), ((5, 1), ()), ((2, 1), ((1, 1),))]",20,51,71
36,"((3, 2), ((1, 1),))","((2, 2), ((1, 1),))",East,"[(((3, 3), ((1, 1),)), 'North', 22, 49, 71)]","['((11, 3), ())', '((4, 6), ())', '((2, 6), ())', '((5, 7), ())', '((6, 6), ())', '((12, 4), ())']","['((11, 3), ())', '((4, 6), ())', '((2, 6), ())', '((5, 7), ())', '((6, 6), ())', '((12, 4), ())', '((3, 3), ((1, 1),))']","[((1, 1), ((1, 1),)), ((3, 1), ()), ((6, 2), ()), ((1, 2), ()), ((9, 4), ()), ((4, 4), ()), ((3, 1), ((1, 1),)), ((1, 2), ((1, 1),)), ((3, 3), ()), ((6, 4), ()), ((1, 4), ()), ((1, 4), ((1, 1),)), ((9, 2), ()), ((2, 2), ()), ((11, 4), ()), ((2, 2), ((1, 1),)), ((8, 2), ()), ((3, 2), ()), ((10, 4), ()), ((3, 2), ((1, 1),)), ((8, 4), ()), ((3, 4), ()), ((5, 5), ()), ((5, 4), ()), ((7, 2), ()), ((1, 3), ()), ((5, 6), ()), ((3, 6), ()), ((9, 3), ()), ((1, 3), ((1, 1),)), ((7, 4), ()), ((3, 5), ()), ((2, 1), ()), ((5, 2), ()), ((5, 1), ()), ((2, 1), ((1, 1),))]",21,50,71
37,"((11, 3), ())","((11, 4), ())",South,"[(((11, 2), ()), 'South', 11, 60, 71)]","['((4, 6), ())', '((3, 3), ((1, 1),))', '((2, 6), ())', '((5, 7), ())', '((6, 6), ())', '((12, 4), ())']","['((4, 6), ())', '((3, 3), ((1, 1),))', '((2, 6), ())', '((5, 7), ())', '((6, 6), ())', '((12, 4), ())', '((11, 2), ())']","[((1, 1), ((1, 1),)), ((3, 1), ()), ((6, 2), ()), ((1, 2), ()), ((9, 4), ()), ((4, 4), ()), ((3, 1), ((1, 1),)), ((1, 2), ((1, 1),)), ((3, 3), ()), ((6, 4), ()), ((1, 4), ()), ((1, 4), ((1, 1),)), ((9, 2), ()), ((2, 2), ()), ((11, 4), ()), ((2, 2), ((1, 1),)), ((8, 2), ()), ((3, 2), ()), ((10, 4), ()), ((3, 2), ((1, 1),)), ((8, 4), ()), ((3, 4), ()), ((5, 5), ()), ((5, 4), ()), ((7, 2), ()), ((1, 3), ()), ((5, 6), ()), ((3, 6), ()), ((9, 3), ()), ((1, 3), ((1, 1),)), ((7, 4), ()), ((3, 5), ()), ((2, 1), ()), ((5, 2), ()), ((11, 3), ()), ((5, 1), ()), ((2, 1), ((1, 1),))]",10,61,71
38,"((4, 6), ())","((5, 6), ())",West,[],"['((2, 6), ())', '((3, 3), ((1, 1),))', '((11, 2), ())', '((5, 7), ())', '((6, 6), ())', '((12, 4), ())']","['((2, 6), ())', '((3, 3), ((1, 1),))', '((11, 2), ())', '((5, 7), ())', '((6, 6), ())', '((12, 4), ())']","[((1, 1), ((1, 1),)), ((3, 1), ()), ((6, 2), ()), ((1, 2), ()), ((9, 4), ()), ((4, 4), ()), ((3, 1), ((1, 1),)), ((1, 2), ((1, 1),)), ((3, 3), ()), ((6, 4), ()), ((1, 4), ()), ((4, 6), ()), ((1, 4), ((1, 1),)), ((9, 2), ()), ((2, 2), ()), ((11, 4), ()), ((2, 2), ((1, 1),)), ((8, 2), ()), ((3, 2), ()), ((10, 4), ()), ((3, 2), ((1, 1),)), ((8, 4), ()), ((3, 4), ()), ((5, 5), ()), ((5, 4), ()), ((7, 2), ()), ((1, 3), ()), ((5, 6), ()), ((3, 6), ()), ((9, 3), ()), ((1, 3), ((1, 1),)), ((7, 4), ()), ((3, 5), ()), ((2, 1), ()), ((5, 2), ()), ((11, 3), ()), ((5, 1), ()), ((2, 1), ((1, 1),))]",14,57,71
39,"((2, 6), ())","((3, 6), ())",West,"[(((1, 6), ()), 'West', 17, 54, 71)]","['((3, 3), ((1, 1),))', '((5, 7), ())', '((11, 2), ())', '((12, 4), ())', '((6, 6), ())']","['((3, 3), ((1, 1),))', '((5, 7), ())', '((11, 2), ())', '((12, 4), ())', '((6, 6), ())', '((1, 6), ())']","[((1, 1), ((1, 1),)), ((3, 1), ()), ((6, 2), ()), ((1, 2), ()), ((9, 4), ()), ((4, 4), ()), ((3, 1), ((1, 1),)), ((1, 2), ((1, 1),)), ((3, 3), ()), ((6, 4), ()), ((1, 4), ()), ((4, 6), ()), ((1, 4), ((1, 1),)), ((9, 2), ()), ((2, 2), ()), ((11, 4), ()), ((2, 2), ((1, 1),)), ((8, 2), ()), ((3, 2), ()), ((10, 4), ()), ((3, 2), ((1, 1),)), ((8, 4), ()), ((3, 4), ()), ((5, 5), ()), ((5, 4), ()), ((7, 2), ()), ((1, 3), ()), ((5, 6), ()), ((2, 6), ()), ((3, 6), ()), ((9, 3), ()), ((1, 3), ((1, 1),)), ((7, 4), ()), ((3, 5), ()), ((2, 1), ()), ((5, 2), ()), ((11, 3), ()), ((5, 1), ()), ((2, 1), ((1, 1),))]",16,55,71
40,"((3, 3), ((1, 1),))","((3, 2), ((1, 1),))",North,"[(((3, 4), ((1, 1),)), 'North', 23, 48, 71)]","['((11, 2), ())', '((5, 7), ())', '((1, 6), ())', '((12, 4), ())', '((6, 6), ())']","['((11, 2), ())', '((5, 7), ())', '((1, 6), ())', '((12, 4), ())', '((6, 6), ())', '((3, 4), ((1, 1),))']","[((1, 1), ((1, 1),)), ((3, 1), ()), ((6, 2), ()), ((1, 2), ()), ((9, 4), ()), ((4, 4), ()), ((3, 1), ((1, 1),)), ((1, 2), ((1, 1),)), ((3, 3), ()), ((6, 4), ()), ((1, 4), ()), ((4, 6), ()), ((3, 3), ((1, 1),)), ((1, 4), ((1, 1),)), ((9, 2), ()), ((2, 2), ()), ((11, 4), ()), ((2, 2), ((1, 1),)), ((8, 2), ()), ((3, 2), ()), ((10, 4), ()), ((3, 2), ((1, 1),)), ((8, 4), ()), ((3, 4), ()), ((5, 5), ()), ((5, 4), ()), ((7, 2), ()), ((1, 3), ()), ((5, 6), ()), ((2, 6), ()), ((3, 6), ()), ((9, 3), ()), ((1, 3), ((1, 1),)), ((7, 4), ()), ((3, 5), ()), ((2, 1), ()), ((5, 2), ()), ((11, 3), ()), ((5, 1), ()), ((2, 1), ((1, 1),))]",22,49,71
41,"((11, 2), ())","((11, 3), ())",South,"[(((12, 2), ()), 'East', 12, 61, 73), (((11, 1), ()), 'South', 12, 59, 71)]","['((1, 6), ())', '((5, 7), ())', '((3, 4), ((1, 1),))', '((12, 4), ())', '((6, 6), ())']","['((1, 6), ())', '((5, 7), ())', '((3, 4), ((1, 1),))', '((12, 4), ())', '((6, 6), ())', '((12, 2), ())', '((11, 1), ())']","[((1, 1), ((1, 1),)), ((3, 1), ()), ((6, 2), ()), ((1, 2), ()), ((9, 4), ()), ((4, 4), ()), ((3, 1), ((1, 1),)), ((1, 2), ((1, 1),)), ((3, 3), ()), ((6, 4), ()), ((1, 4), ()), ((4, 6), ()), ((3, 3), ((1, 1),)), ((1, 4), ((1, 1),)), ((9, 2), ()), ((2, 2), ()), ((11, 4), ()), ((2, 2), ((1, 1),)), ((8, 2), ()), ((3, 2), ()), ((10, 4), ()), ((3, 2), ((1, 1),)), ((8, 4), ()), ((3, 4), ()), ((11, 2), ()), ((5, 5), ()), ((5, 4), ()), ((7, 2), ()), ((1, 3), ()), ((5, 6), ()), ((2, 6), ()), ((3, 6), ()), ((9, 3), ()), ((1, 3), ((1, 1),)), ((7, 4), ()), ((3, 5), ()), ((2, 1), ()), ((5, 2), ()), ((11, 3), ()), ((5, 1), ()), ((2, 1), ((1, 1),))]",11,60,71
42,"((1, 6), ())","((2, 6), ())",West,"[(((1, 7), ()), 'North', 18, 54, 72)]","['((3, 4), ((1, 1),))', '((5, 7), ())', '((11, 1), ())', '((12, 4), ())', '((6, 6), ())', '((12, 2), ())']","['((3, 4), ((1, 1),))', '((5, 7), ())', '((11, 1), ())', '((12, 4), ())', '((6, 6), ())', '((12, 2), ())', '((1, 7), ())']","[((1, 1), ((1, 1),)), ((3, 1), ()), ((6, 2), ()), ((1, 2), ()), ((9, 4), ()), ((4, 4), ()), ((3, 1), ((1, 1),)), ((1, 2), ((1, 1),)), ((3, 3), ()), ((6, 4), ()), ((1, 4), ()), ((4, 6), ()), ((3, 3), ((1, 1),)), ((1, 4), ((1, 1),)), ((9, 2), ()), ((2, 2), ()), ((11, 4), ()), ((2, 2), ((1, 1),)), ((8, 2), ()), ((3, 2), ()), ((10, 4), ()), ((3, 2), ((1, 1),)), ((8, 4), ()), ((3, 4), ()), ((11, 2), ()), ((5, 5), ()), ((5, 4), ()), ((7, 2), ()), ((1, 3), ()), ((5, 6), ()), ((2, 6), ()), ((3, 6), ()), ((9, 3), ()), ((1, 3), ((1, 1),)), ((7, 4), ()), ((3, 5), ()), ((1, 6), ()), ((2, 1), ()), ((5, 2), ()), ((11, 3), ()), ((5, 1), ()), ((2, 1), ((1, 1),))]",17,54,71
43,"((3, 4), ((1, 1),))","((3, 3), ((1, 1),))",North,"[(((3, 5), ((1, 1),)), 'North', 24, 47, 71), (((4, 4), ((1, 1),)), 'East', 24, 49, 73)]","['((11, 1), ())', '((5, 7), ())', '((1, 7), ())', '((12, 4), ())', '((6, 6), ())', '((12, 2), ())']","['((11, 1), ())', '((5, 7), ())', '((3, 5), ((1, 1),))', '((12, 4), ())', '((6, 6), ())', '((12, 2), ())', '((1, 7), ())', '((4, 4), ((1, 1),))']","[((1, 1), ((1, 1),)), ((3, 1), ()), ((6, 2), ()), ((1, 2), ()), ((9, 4), ()), ((4, 4), ()), ((3, 1), ((1, 1),)), ((1, 2), ((1, 1),)), ((3, 3), ()), ((6, 4), ()), ((1, 4), ()), ((4, 6), ()), ((3, 3), ((1, 1),)), ((1, 4), ((1, 1),)), ((9, 2), ()), ((2, 2), ()), ((11, 4), ()), ((2, 2), ((1, 1),)), ((8, 2), ()), ((3, 2), ()), ((10, 4), ()), ((3, 2), ((1, 1),)), ((8, 4), ()), ((3, 4), ()), ((11, 2), ()), ((5, 5), ()), ((3, 4), ((1, 1),)), ((5, 4), ()), ((7, 2), ()), ((1, 3), ()), ((5, 6), ()), ((2, 6), ()), ((3, 6), ()), ((9, 3), ()), ((1, 3), ((1, 1),)), ((7, 4), ()), ((3, 5), ()), ((1, 6), ()), ((2, 1), ()), ((5, 2), ()), ((11, 3), ()), ((5, 1), ()), ((2, 1), ((1, 1),))]",23,48,71
44,"((11, 1), ())","((11, 2), ())",South,"[(((12, 1), ()), 'East', 13, 60, 73)]","['((3, 5), ((1, 1),))', '((5, 7), ())', '((1, 7), ())', '((12, 4), ())', '((6, 6), ())', '((12, 2), ())', '((4, 4), ((1, 1),))']","['((3, 5), ((1, 1),))', '((5, 7), ())', '((1, 7), ())', '((12, 4), ())', '((6, 6), ())', '((12, 2), ())', '((4, 4), ((1, 1),))', '((12, 1), ())']","[((1, 1), ((1, 1),)), ((3, 1), ()), ((6, 2), ()), ((1, 2), ()), ((9, 4), ()), ((4, 4), ()), ((3, 1), ((1, 1),)), ((1, 2), ((1, 1),)), ((3, 3), ()), ((6, 4), ()), ((1, 4), ()), ((4, 6), ()), ((3, 3), ((1, 1),)), ((1, 4), ((1, 1),)), ((9, 2), ()), ((2, 2), ()), ((11, 4), ()), ((2, 2), ((1, 1),)), ((8, 2), ()), ((3, 2), ()), ((10, 4), ()), ((3, 2), ((1, 1),)), ((8, 4), ()), ((3, 4), ()), ((11, 2), ()), ((5, 5), ()), ((3, 4), ((1, 1),)), ((5, 4), ()), ((7, 2), ()), ((1, 3), ()), ((5, 6), ()), ((2, 6), ()), ((3, 6), ()), ((9, 3), ()), ((1, 3), ((1, 1),)), ((7, 4), ()), ((3, 5), ()), ((11, 1), ()), ((1, 6), ()), ((2, 1), ()), ((5, 2), ()), ((11, 3), ()), ((5, 1), ()), ((2, 1), ((1, 1),))]",12,59,71
45,"((3, 5), ((1, 1),))","((3, 4), ((1, 1),))",North,"[(((3, 6), ((1, 1),)), 'North', 25, 46, 71)]","['((5, 7), ())', '((12, 4), ())', '((1, 7), ())', '((12, 1), ())', '((6, 6), ())', '((12, 2), ())', '((4, 4), ((1, 1),))']","['((3, 6), ((1, 1),))', '((5, 7), ())', '((1, 7), ())', '((12, 4), ())', '((6, 6), ())', '((12, 2), ())', '((4, 4), ((1, 1),))', '((12, 1), ())']","[((1, 1), ((1, 1),)), ((3, 1), ()), ((6, 2), ()), ((1, 2), ()), ((9, 4), ()), ((4, 4), ()), ((3, 1), ((1, 1),)), ((1, 2), ((1, 1),)), ((3, 3), ()), ((6, 4), ()), ((1, 4), ()), ((4, 6), ()), ((3, 3), ((1, 1),)), ((1, 4), ((1, 1),)), ((9, 2), ()), ((2, 2), ()), ((11, 4), ()), ((2, 2), ((1, 1),)), ((8, 2), ()), ((3, 2), ()), ((10, 4), ()), ((3, 2), ((1, 1),)), ((8, 4), ()), ((3, 4), ()), ((11, 2), ()), ((5, 5), ()), ((3, 4), ((1, 1),)), ((5, 4), ()), ((7, 2), ()), ((1, 3), ()), ((5, 6), ()), ((2, 6), ()), ((3, 6), ()), ((9, 3), ()), ((1, 3), ((1, 1),)), ((7, 4), ()), ((3, 5), ()), ((11, 1), ()), ((1, 6), ()), ((2, 1), ()), ((5, 2), ()), ((11, 3), ()), ((5, 1), ()), ((3, 5), ((1, 1),)), ((2, 1), ((1, 1),))]",24,47,71
46,"((3, 6), ((1, 1),))","((3, 5), ((1, 1),))",North,"[(((4, 6), ((1, 1),)), 'East', 26, 47, 73), (((2, 6), ((1, 1),)), 'West', 26, 45, 71)]","['((5, 7), ())', '((12, 4), ())', '((1, 7), ())', '((12, 1), ())', '((6, 6), ())', '((12, 2), ())', '((4, 4), ((1, 1),))']","['((2, 6), ((1, 1),))', '((5, 7), ())', '((1, 7), ())', '((12, 4), ())', '((6, 6), ())', '((12, 2), ())', '((4, 4), ((1, 1),))', '((4, 6), ((1, 1),))', '((12, 1), ())']","[((1, 1), ((1, 1),)), ((3, 1), ()), ((6, 2), ()), ((1, 2), ()), ((9, 4), ()), ((4, 4), ()), ((3, 1), ((1, 1),)), ((1, 2), ((1, 1),)), ((3, 3), ()), ((6, 4), ()), ((1, 4), ()), ((4, 6), ()), ((3, 3), ((1, 1),)), ((1, 4), ((1, 1),)), ((9, 2), ()), ((2, 2), ()), ((11, 4), ()), ((2, 2), ((1, 1),)), ((8, 2), ()), ((3, 2), ()), ((10, 4), ()), ((3, 2), ((1, 1),)), ((8, 4), ()), ((3, 4), ()), ((11, 2), ()), ((5, 5), ()), ((3, 4), ((1, 1),)), ((5, 4), ()), ((7, 2), ()), ((1, 3), ()), ((5, 6), ()), ((2, 6), ()), ((3, 6), ()), ((9, 3), ()), ((1, 3), ((1, 1),)), ((7, 4), ()), ((3, 5), ()), ((11, 1), ()), ((1, 6), ()), ((2, 1), ()), ((3, 6), ((1, 1),)), ((5, 2), ()), ((11, 3), ()), ((5, 1), ()), ((3, 5), ((1, 1),)), ((2, 1), ((1, 1),))]",25,46,71
47,"((2, 6), ((1, 1),))","((3, 6), ((1, 1),))",West,"[(((1, 6), ((1, 1),)), 'West', 27, 44, 71)]","['((5, 7), ())', '((12, 4), ())', '((1, 7), ())', '((12, 1), ())', '((6, 6), ())', '((12, 2), ())', '((4, 4), ((1, 1),))', '((4, 6), ((1, 1),))']","['((1, 6), ((1, 1),))', '((5, 7), ())', '((1, 7), ())', '((12, 4), ())', '((6, 6), ())', '((12, 2), ())', '((4, 4), ((1, 1),))', '((4, 6), ((1, 1),))', '((12, 1), ())']","[((1, 1), ((1, 1),)), ((3, 1), ()), ((6, 2), ()), ((1, 2), ()), ((9, 4), ()), ((4, 4), ()), ((3, 1), ((1, 1),)), ((1, 2), ((1, 1),)), ((3, 3), ()), ((6, 4), ()), ((1, 4), ()), ((4, 6), ()), ((3, 3), ((1, 1),)), ((1, 4), ((1, 1),)), ((9, 2), ()), ((2, 2), ()), ((11, 4), ()), ((2, 2), ((1, 1),)), ((8, 2), ()), ((3, 2), ()), ((10, 4), ()), ((3, 2), ((1, 1),)), ((8, 4), ()), ((3, 4), ()), ((11, 2), ()), ((5, 5), ()), ((3, 4), ((1, 1),)), ((5, 4), ()), ((7, 2), ()), ((1, 3), ()), ((5, 6), ()), ((2, 6), ()), ((3, 6), ()), ((9, 3), ()), ((1, 3), ((1, 1),)), ((7, 4), ()), ((3, 5), ()), ((11, 1), ()), ((1, 6), ()), ((2, 1), ()), ((3, 6), ((1, 1),)), ((5, 2), ()), ((11, 3), ()), ((5, 1), ()), ((3, 5), ((1, 1),)), ((2, 6), ((1, 1),)), ((2, 1), ((1, 1),))]",26,45,71
48,"((1, 6), ((1, 1),))","((2, 6), ((1, 1),))",West,"[(((1, 7), ((1, 1),)), 'North', 28, 43, 71)]","['((5, 7), ())', '((12, 4), ())', '((1, 7), ())', '((12, 1), ())', '((6, 6), ())', '((12, 2), ())', '((4, 4), ((1, 1),))', '((4, 6), ((1, 1),))']","['((1, 7), ((1, 1),))', '((5, 7), ())', '((1, 7), ())', '((12, 4), ())', '((6, 6), ())', '((12, 2), ())', '((4, 4), ((1, 1),))', '((4, 6), ((1, 1),))', '((12, 1), ())']","[((1, 1), ((1, 1),)), ((3, 1), ()), ((6, 2), ()), ((1, 2), ()), ((9, 4), ()), ((4, 4), ()), ((3, 1), ((1, 1),)), ((1, 2), ((1, 1),)), ((3, 3), ()), ((6, 4), ()), ((1, 4), ()), ((4, 6), ()), ((3, 3), ((1, 1),)), ((1, 4), ((1, 1),)), ((9, 2), ()), ((2, 2), ()), ((11, 4), ()), ((2, 2), ((1, 1),)), ((8, 2), ()), ((3, 2), ()), ((10, 4), ()), ((3, 2), ((1, 1),)), ((8, 4), ()), ((3, 4), ()), ((11, 2), ()), ((5, 5), ()), ((3, 4), ((1, 1),)), ((5, 4), ()), ((7, 2), ()), ((1, 3), ()), ((5, 6), ()), ((2, 6), ()), ((3, 6), ()), ((9, 3), ()), ((1, 3), ((1, 1),)), ((7, 4), ()), ((3, 5), ()), ((11, 1), ()), ((1, 6), ()), ((2, 1), ()), ((3, 6), ((1, 1),)), ((5, 2), ()), ((11, 3), ()), ((5, 1), ()), ((3, 5), ((1, 1),)), ((2, 6), ((1, 1),)), ((2, 1), ((1, 1),)), ((1, 6), ((1, 1),))]",27,44,71
49,"((1, 7), ((1, 1),))","((1, 6), ((1, 1),))",North,"[(((1, 8), ((1, 1),)), 'North', 29, 42, 71)]","['((5, 7), ())', '((12, 4), ())', '((1, 7), ())', '((12, 1), ())', '((6, 6), ())', '((12, 2), ())', '((4, 4), ((1, 1),))', '((4, 6), ((1, 1),))']","['((1, 8), ((1, 1),))', '((5, 7), ())', '((1, 7), ())', '((12, 4), ())', '((6, 6), ())', '((12, 2), ())', '((4, 4), ((1, 1),))', '((4, 6), ((1, 1),))', '((12, 1), ())']","[((1, 1), ((1, 1),)), ((3, 1), ()), ((6, 2), ()), ((1, 2), ()), ((9, 4), ()), ((4, 4), ()), ((3, 1), ((1, 1),)), ((1, 2), ((1, 1),)), ((3, 3), ()), ((6, 4), ()), ((1, 4), ()), ((4, 6), ()), ((3, 3), ((1, 1),)), ((1, 4), ((1, 1),)), ((9, 2), ()), ((2, 2), ()), ((11, 4), ()), ((2, 2), ((1, 1),)), ((8, 2), ()), ((3, 2), ()), ((10, 4), ()), ((1, 7), ((1, 1),)), ((3, 2), ((1, 1),)), ((8, 4), ()), ((3, 4), ()), ((11, 2), ()), ((5, 5), ()), ((3, 4), ((1, 1),)), ((5, 4), ()), ((7, 2), ()), ((1, 3), ()), ((5, 6), ()), ((2, 6), ()), ((3, 6), ()), ((9, 3), ()), ((1, 3), ((1, 1),)), ((7, 4), ()), ((3, 5), ()), ((11, 1), ()), ((1, 6), ()), ((2, 1), ()), ((3, 6), ((1, 1),)), ((5, 2), ()), ((11, 3), ()), ((5, 1), ()), ((3, 5), ((1, 1),)), ((2, 6), ((1, 1),)), ((2, 1), ((1, 1),)), ((1, 6), ((1, 1),))]",28,43,71
50,"((1, 8), ((1, 1),))","((1, 7), ((1, 1),))",North,"[(((2, 8), ((1, 1),)), 'East', 30, 43, 73)]","['((5, 7), ())', '((12, 4), ())', '((1, 7), ())', '((12, 1), ())', '((6, 6), ())', '((12, 2), ())', '((4, 4), ((1, 1),))', '((4, 6), ((1, 1),))']","['((5, 7), ())', '((12, 4), ())', '((1, 7), ())', '((12, 1), ())', '((6, 6), ())', '((12, 2), ())', '((4, 4), ((1, 1),))', '((4, 6), ((1, 1),))', '((2, 8), ((1, 1),))']","[((1, 1), ((1, 1),)), ((3, 1), ()), ((6, 2), ()), ((1, 2), ()), ((9, 4), ()), ((4, 4), ()), ((3, 1), ((1, 1),)), ((1, 2), ((1, 1),)), ((3, 3), ()), ((6, 4), ()), ((1, 4), ()), ((4, 6), ()), ((3, 3), ((1, 1),)), ((1, 4), ((1, 1),)), ((9, 2), ()), ((2, 2), ()), ((11, 4), ()), ((2, 2), ((1, 1),)), ((8, 2), ()), ((3, 2), ()), ((10, 4), ()), ((1, 7), ((1, 1),)), ((3, 2), ((1, 1),)), ((8, 4), ()), ((3, 4), ()), ((11, 2), ()), ((5, 5), ()), ((3, 4), ((1, 1),)), ((5, 4), ()), ((7, 2), ()), ((1, 3), ()), ((5, 6), ()), ((2, 6), ()), ((3, 6), ()), ((9, 3), ()), ((1, 3), ((1, 1),)), ((7, 4), ()), ((3, 5), ()), ((11, 1), ()), ((1, 6), ()), ((2, 1), ()), ((3, 6), ((1, 1),)), ((5, 2), ()), ((11, 3), ()), ((5, 1), ()), ((3, 5), ((1, 1),)), ((2, 6), ((1, 1),)), ((2, 1), ((1, 1),)), ((1, 6), ((1, 1),)), ((1, 8), ((1, 1),))]",29,42,71
51,"((5, 7), ())","((5, 6), ())",North,"[(((5, 8), ()), 'North', 15, 57, 72)]","['((1, 7), ())', '((12, 4), ())', '((12, 2), ())', '((12, 1), ())', '((6, 6), ())', '((2, 8), ((1, 1),))', '((4, 4), ((1, 1),))', '((4, 6), ((1, 1),))']","['((1, 7), ())', '((5, 8), ())', '((12, 2), ())', '((12, 4), ())', '((6, 6), ())', '((2, 8), ((1, 1),))', '((4, 4), ((1, 1),))', '((4, 6), ((1, 1),))', '((12, 1), ())']",[51 states],14,58,72
52,"((1, 7), ())","((1, 6), ())",North,"[(((1, 8), ()), 'North', 19, 53, 72)]","['((5, 8), ())', '((12, 4), ())', '((12, 2), ())', '((12, 1), ())', '((6, 6), ())', '((2, 8), ((1, 1),))', '((4, 4), ((1, 1),))', '((4, 6), ((1, 1),))']","['((5, 8), ())', '((1, 8), ())', '((12, 2), ())', '((12, 4), ())', '((6, 6), ())', '((2, 8), ((1, 1),))', '((4, 4), ((1, 1),))', '((4, 6), ((1, 1),))', '((12, 1), ())']",[52 states],18,54,72
53,"((5, 8), ())","((5, 7), ())",North,"[(((5, 9), ()), 'North', 16, 56, 72)]","['((1, 8), ())', '((12, 4), ())', '((12, 2), ())', '((12, 1), ())', '((6, 6), ())', '((2, 8), ((1, 1),))', '((4, 4), ((1, 1),))', '((4, 6), ((1, 1),))']","['((1, 8), ())', '((5, 9), ())', '((12, 2), ())', '((12, 4), ())', '((6, 6), ())', '((2, 8), ((1, 1),))', '((4, 4), ((1, 1),))', '((4, 6), ((1, 1),))', '((12, 1), ())']",[53 states],15,57,72
54,"((1, 8), ())","((1, 7), ())",North,"[(((2, 8), ()), 'East', 20, 54, 74)]","['((5, 9), ())', '((12, 4), ())', '((12, 2), ())', '((12, 1), ())', '((6, 6), ())', '((2, 8), ((1, 1),))', '((4, 4), ((1, 1),))', '((4, 6), ((1, 1),))']","['((5, 9), ())', '((12, 4), ())', '((12, 2), ())', '((12, 1), ())', '((6, 6), ())', '((2, 8), ((1, 1),))', '((4, 4), ((1, 1),))', '((4, 6), ((1, 1),))', '((2, 8), ())']",[54 states],19,53,72
55,"((5, 9), ())","((5, 8), ())",North,"[(((5, 10), ()), 'North', 17, 55, 72)]","['((12, 4), ())', '((6, 6), ())', '((12, 2), ())', '((12, 1), ())', '((2, 8), ())', '((2, 8), ((1, 1),))', '((4, 4), ((1, 1),))', '((4, 6), ((1, 1),))']","['((5, 10), ())', '((12, 4), ())', '((12, 2), ())', '((6, 6), ())', '((2, 8), ())', '((2, 8), ((1, 1),))', '((4, 4), ((1, 1),))', '((4, 6), ((1, 1),))', '((12, 1), ())']",[55 states],16,56,72
56,"((5, 10), ())","((5, 9), ())",North,"[(((5, 11), ()), 'North', 18, 54, 72), (((6, 10), ()), 'East', 18, 56, 74), (((4, 10), ()), 'West', 18, 54, 72)]","['((12, 4), ())', '((6, 6), ())', '((12, 2), ())', '((12, 1), ())', '((2, 8), ())', '((2, 8), ((1, 1),))', '((4, 4), ((1, 1),))', '((4, 6), ((1, 1),))']","['((5, 11), ())', '((4, 10), ())', '((12, 2), ())', '((6, 6), ())', '((12, 4), ())', '((2, 8), ((1, 1),))', '((4, 4), ((1, 1),))', '((4, 6), ((1, 1),))', '((12, 1), ())', '((6, 10), ())', '((2, 8), ())']",[56 states],17,55,72
57,"((5, 11), ())","((5, 10), ())",North,"[(((5, 12), ()), 'North', 19, 53, 72), (((6, 11), ()), 'East', 19, 55, 74), (((4, 11), ()), 'West', 19, 53, 72)]","['((4, 10), ())', '((12, 4), ())', '((12, 2), ())', '((6, 6), ())', '((2, 8), ())', '((2, 8), ((1, 1),))', '((4, 4), ((1, 1),))', '((4, 6), ((1, 1),))', '((12, 1), ())', '((6, 10), ())']","['((4, 10), ())', '((5, 12), ())', '((4, 11), ())', '((6, 6), ())', '((12, 4), ())', '((12, 2), ())', '((4, 4), ((1, 1),))', '((4, 6), ((1, 1),))', '((12, 1), ())', '((6, 10), ())', '((2, 8), ())', '((6, 11), ())', '((2, 8), ((1, 1),))']",[57 states],18,54,72
58,"((4, 10), ())","((5, 10), ())",West,"[(((3, 10), ()), 'West', 19, 53, 72)]","['((5, 12), ())', '((12, 4), ())', '((4, 11), ())', '((6, 6), ())', '((2, 8), ((1, 1),))', '((12, 2), ())', '((4, 4), ((1, 1),))', '((4, 6), ((1, 1),))', '((12, 1), ())', '((6, 10), ())', '((2, 8), ())', '((6, 11), ())']","['((5, 12), ())', '((12, 4), ())', '((4, 11), ())', '((6, 6), ())', '((2, 8), ((1, 1),))', '((3, 10), ())', '((4, 4), ((1, 1),))', '((4, 6), ((1, 1),))', '((12, 1), ())', '((6, 10), ())', '((2, 8), ())', '((6, 11), ())', '((12, 2), ())']",[58 states],18,54,72
59,"((5, 12), ())","((5, 11), ())",North,"[(((6, 12), ()), 'East', 20, 54, 74), (((4, 12), ()), 'West', 20, 52, 72)]","['((4, 11), ())', '((12, 4), ())', '((3, 10), ())', '((6, 6), ())', '((2, 8), ((1, 1),))', '((12, 2), ())', '((4, 4), ((1, 1),))', '((4, 6), ((1, 1),))', '((12, 1), ())', '((6, 10), ())', '((2, 8), ())', '((6, 11), ())']","['((4, 11), ())', '((12, 4), ())', '((3, 10), ())', '((6, 6), ())', '((2, 8), ((1, 1),))', '((12, 2), ())', '((4, 12), ())', '((4, 6), ((1, 1),))', '((12, 1), ())', '((6, 10), ())', '((2, 8), ())', '((6, 11), ())', '((6, 12), ())', '((4, 4), ((1, 1),))']",[59 states],19,53,72
60,"((4, 11), ())","((5, 11), ())",West,"[(((3, 11), ()), 'West', 20, 52, 72)]","['((3, 10), ())', '((12, 4), ())', '((4, 12), ())', '((6, 6), ())', '((2, 8), ((1, 1),))', '((12, 2), ())', '((4, 4), ((1, 1),))', '((4, 6), ((1, 1),))', '((12, 1), ())', '((6, 10), ())', '((2, 8), ())', '((6, 11), ())', '((6, 12), ())']","['((3, 10), ())', '((12, 4), ())', '((4, 12), ())', '((6, 6), ())', '((2, 8), ((1, 1),))', '((12, 2), ())', '((3, 11), ())', '((4, 6), ((1, 1),))', '((12, 1), ())', '((6, 10), ())', '((2, 8), ())', '((6, 11), ())', '((6, 12), ())', '((4, 4), ((1, 1),))']",[60 states],19,53,72
61,"((3, 10), ())","((4, 10), ())",West,"[(((2, 10), ()), 'West', 20, 52, 72)]","['((4, 12), ())', '((12, 4), ())', '((3, 11), ())', '((6, 6), ())', '((2, 8), ((1, 1),))', '((12, 2), ())', '((4, 4), ((1, 1),))', '((4, 6), ((1, 1),))', '((12, 1), ())', '((6, 10), ())', '((2, 8), ())', '((6, 11), ())', '((6, 12), ())']","['((4, 12), ())', '((12, 4), ())', '((3, 11), ())', '((6, 6), ())', '((2, 8), ((1, 1),))', '((12, 2), ())', '((2, 10), ())', '((4, 6), ((1, 1),))', '((12, 1), ())', '((6, 10), ())', '((2, 8), ())', '((6, 11), ())', '((6, 12), ())', '((4, 4), ((1, 1),))']",[61 states],19,53,72
62,"((4, 12), ())","((5, 12), ())",West,"[(((3, 12), ()), 'West', 21, 51, 72)]","['((3, 11), ())', '((12, 4), ())', '((2, 10), ())', '((6, 6), ())', '((2, 8), ((1, 1),))', '((12, 2), ())', '((4, 4), ((1, 1),))', '((4, 6), ((1, 1),))', '((12, 1), ())', '((6, 10), ())', '((2, 8), ())', '((6, 11), ())', '((6, 12), ())']","['((3, 11), ())', '((12, 4), ())', '((2, 10), ())', '((6, 6), ())', '((2, 8), ((1, 1),))', '((12, 2), ())', '((3, 12), ())', '((4, 6), ((1, 1),))', '((12, 1), ())', '((6, 10), ())', '((2, 8), ())', '((6, 11), ())', '((6, 12), ())', '((4, 4), ((1, 1),))']",[62 states],20,52,72
63,"((3, 11), ())","((4, 11), ())",West,"[(((2, 11), ()), 'West', 21, 51, 72)]","['((2, 10), ())', '((12, 4), ())', '((3, 12), ())', '((6, 6), ())', '((2, 8), ((1, 1),))', '((12, 2), ())', '((4, 4), ((1, 1),))', '((4, 6), ((1, 1),))', '((12, 1), ())', '((6, 10), ())', '((2, 8), ())', '((6, 11), ())', '((6, 12), ())']","['((2, 10), ())', '((12, 4), ())', '((3, 12), ())', '((6, 6), ())', '((2, 8), ((1, 1),))', '((12, 2), ())', '((2, 11), ())', '((4, 6), ((1, 1),))', '((12, 1), ())', '((6, 10), ())', '((2, 8), ())', '((6, 11), ())', '((6, 12), ())', '((4, 4), ((1, 1),))']",[63 states],20,52,72
64,"((2, 10), ())","((3, 10), ())",West,"[(((1, 10), ()), 'West', 21, 51, 72)]","['((3, 12), ())', '((12, 4), ())', '((2, 11), ())', '((6, 6), ())', '((2, 8), ((1, 1),))', '((12, 2), ())', '((4, 4), ((1, 1),))', '((4, 6), ((1, 1),))', '((12, 1), ())', '((6, 10), ())', '((2, 8), ())', '((6, 11), ())', '((6, 12), ())']","['((3, 12), ())', '((12, 4), ())', '((2, 11), ())', '((6, 6), ())', '((2, 8), ((1, 1),))', '((12, 2), ())', '((1, 10), ())', '((4, 6), ((1, 1),))', '((12, 1), ())', '((6, 10), ())', '((2, 8), ())', '((6, 11), ())', '((6, 12), ())', '((4, 4), ((1, 1),))']",[64 states],20,52,72
65,"((3, 12), ())","((4, 12), ())",West,"[(((2, 12), ()), 'West', 22, 50, 72)]","['((2, 11), ())', '((12, 4), ())', '((1, 10), ())', '((6, 6), ())', '((2, 8), ((1, 1),))', '((12, 2), ())', '((4, 4), ((1, 1),))', '((4, 6), ((1, 1),))', '((12, 1), ())', '((6, 10), ())', '((2, 8), ())', '((6, 11), ())', '((6, 12), ())']","['((2, 11), ())', '((12, 4), ())', '((1, 10), ())', '((6, 6), ())', '((2, 8), ((1, 1),))', '((12, 2), ())', '((2, 12), ())', '((4, 6), ((1, 1),))', '((12, 1), ())', '((6, 10), ())', '((2, 8), ())', '((6, 11), ())', '((6, 12), ())', '((4, 4), ((1, 1),))']",[65 states],21,51,72
66,"((2, 11), ())","((3, 11), ())",West,"[(((1, 11), ()), 'West', 22, 50, 72)]","['((1, 10), ())', '((12, 4), ())', '((2, 12), ())', '((6, 6), ())', '((2, 8), ((1, 1),))', '((12, 2), ())', '((4, 4), ((1, 1),))', '((4, 6), ((1, 1),))', '((12, 1), ())', '((6, 10), ())', '((2, 8), ())', '((6, 11), ())', '((6, 12), ())']","['((1, 10), ())', '((12, 4), ())', '((2, 12), ())', '((6, 6), ())', '((2, 8), ((1, 1),))', '((12, 2), ())', '((1, 11), ())', '((4, 6), ((1, 1),))', '((12, 1), ())', '((6, 10), ())', '((2, 8), ())', '((6, 11), ())', '((6, 12), ())', '((4, 4), ((1, 1),))']",[66 states],21,51,72
67,"((1, 10), ())","((2, 10), ())",West,[],"['((2, 12), ())', '((12, 4), ())', '((1, 11), ())', '((6, 6), ())', '((2, 8), ((1, 1),))', '((12, 2), ())', '((4, 4), ((1, 1),))', '((4, 6), ((1, 1),))', '((12, 1), ())', '((6, 10), ())', '((2, 8), ())', '((6, 11), ())', '((6, 12), ())']","['((2, 12), ())', '((12, 4), ())', '((1, 11), ())', '((6, 6), ())', '((2, 8), ((1, 1),))', '((12, 2), ())', '((4, 4), ((1, 1),))', '((4, 6), ((1, 1),))', '((12, 1), ())', '((6, 10), ())', '((2, 8), ())', '((6, 11), ())', '((6, 12), ())']",[67 states],21,51,72
68,"((2, 12), ())","((3, 12), ())",West,"[(((1, 12), ((1, 12),)), 'West', 23, 49, 72)]","['((1, 11), ())', '((12, 4), ())', '((12, 2), ())', '((6, 6), ())', '((2, 8), ((1, 1),))', '((6, 11), ())', '((4, 4), ((1, 1),))', '((4, 6), ((1, 1),))', '((12, 1), ())', '((6, 10), ())', '((2, 8), ())', '((6, 12), ())']","['((1, 11), ())', '((12, 4), ())', '((1, 12), ((1, 12),))', '((6, 6), ())', '((2, 8), ((1, 1),))', '((12, 2), ())', '((4, 4), ((1, 1),))', '((4, 6), ((1, 1),))', '((12, 1), ())', '((6, 10), ())', '((2, 8), ())', '((6, 12), ())', '((6, 11), ())']",[68 states],22,50,72
69,"((1, 11), ())","((2, 11), ())",West,[],"['((1, 12), ((1, 12),))', '((12, 4), ())', '((12, 2), ())', '((6, 6), ())', '((2, 8), ((1, 1),))', '((6, 11), ())', '((4, 4), ((1, 1),))', '((4, 6), ((1, 1),))', '((12, 1), ())', '((6, 10), ())', '((2, 8), ())', '((6, 12), ())']","['((1, 12), ((1, 12),))', '((12, 4), ())', '((12, 2), ())', '((6, 6), ())', '((2, 8), ((1, 1),))', '((6, 11), ())', '((4, 4), ((1, 1),))', '((4, 6), ((1, 1),))', '((12, 1), ())', '((6, 10), ())', '((2, 8), ())', '((6, 12), ())']",[69 states],22,50,72
70,"((1, 12), ((1, 12),))","((2, 12), ())",West,"[(((2, 12), ((1, 12),)), 'East', 24, 50, 74), (((1, 11), ((1, 12),)), 'South', 24, 48, 72)]","['((12, 4), ())', '((6, 6), ())', '((12, 2), ())', '((12, 1), ())', '((2, 8), ((1, 1),))', '((6, 11), ())', '((4, 4), ((1, 1),))', '((4, 6), ((1, 1),))', '((6, 12), ())', '((6, 10), ())', '((2, 8), ())']","['((1, 11), ((1, 12),))', '((6, 6), ())', '((12, 4), ())', '((12, 1), ())', '((2, 8), ((1, 1),))', '((12, 2), ())', '((4, 4), ((1, 1),))', '((4, 6), ((1, 1),))', '((6, 12), ())', '((6, 10), ())', '((2, 8), ())', '((2, 12), ((1, 12),))', '((6, 11), ())']",[70 states],23,49,72
71,"((1, 11), ((1, 12),))","((1, 12), ((1, 12),))",South,"[(((2, 11), ((1, 12),)), 'East', 25, 49, 74), (((1, 10), ((1, 12),)), 'South', 25, 47, 72)]","['((12, 4), ())', '((6, 6), ())', '((12, 2), ())', '((12, 1), ())', '((2, 8), ((1, 1),))', '((6, 11), ())', '((4, 4), ((1, 1),))', '((4, 6), ((1, 1),))', '((6, 12), ())', '((6, 10), ())', '((2, 8), ())', '((2, 12), ((1, 12),))']","['((1, 10), ((1, 12),))', '((6, 6), ())', '((12, 4), ())', '((12, 1), ())', '((2, 8), ((1, 1),))', '((6, 11), ())', '((12, 2), ())', '((4, 6), ((1, 1),))', '((6, 12), ())', '((6, 10), ())', '((2, 8), ())', '((2, 12), ((1, 12),))', '((2, 11), ((1, 12),))', '((4, 4), ((1, 1),))']",[71 states],24,48,72
72,"((1, 10), ((1, 12),))","((1, 11), ((1, 12),))",South,"[(((2, 10), ((1, 12),)), 'East', 26, 48, 74)]","['((12, 4), ())', '((6, 6), ())', '((12, 2), ())', '((12, 1), ())', '((2, 8), ((1, 1),))', '((6, 11), ())', '((4, 4), ((1, 1),))', '((4, 6), ((1, 1),))', '((6, 12), ())', '((6, 10), ())', '((2, 8), ())', '((2, 12), ((1, 12),))', '((2, 11), ((1, 12),))']","['((12, 4), ())', '((6, 6), ())', '((12, 2), ())', '((12, 1), ())', '((2, 8), ((1, 1),))', '((6, 11), ())', '((4, 4), ((1, 1),))', '((4, 6), ((1, 1),))', '((6, 12), ())', '((6, 10), ())', '((2, 8), ())', '((2, 12), ((1, 12),))', '((2, 11), ((1, 12),))', '((2, 10), ((1, 12),))']",[72 states],25,47,72
73,"((12, 4), ())","((11, 4), ())",East,"[(((13, 4), ()), 'East', 11, 64, 75)]","['((6, 6), ())', '((12, 1), ())', '((12, 2), ())', '((4, 6), ((1, 1),))', '((2, 8), ((1, 1),))', '((6, 11), ())', '((4, 4), ((1, 1),))', '((2, 10), ((1, 12),))', '((6, 12), ())', '((6, 10), ())', '((2, 8), ())', '((2, 12), ((1, 12),))', '((2, 11), ((1, 12),))']","['((6, 6), ())', '((12, 1), ())', '((12, 2), ())', '((4, 6), ((1, 1),))', '((2, 8), ((1, 1),))', '((6, 11), ())', '((4, 4), ((1, 1),))', '((2, 10), ((1, 12),))', '((6, 12), ())', '((6, 10), ())', '((2, 8), ())', '((2, 12), ((1, 12),))', '((2, 11), ((1, 12),))', '((13, 4), ())']",[73 states],10,63,73
74,"((6, 6), ())","((5, 6), ())",East,"[(((7, 6), ()), 'East', 15, 60, 75)]","['((12, 2), ())', '((12, 1), ())', '((4, 4), ((1, 1),))', '((4, 6), ((1, 1),))', '((2, 8), ((1, 1),))', '((6, 11), ())', '((13, 4), ())', '((2, 10), ((1, 12),))', '((6, 12), ())', '((6, 10), ())', '((2, 8), ())', '((2, 12), ((1, 12),))', '((2, 11), ((1, 12),))']","['((12, 2), ())', '((12, 1), ())', '((4, 4), ((1, 1),))', '((4, 6), ((1, 1),))', '((2, 8), ((1, 1),))', '((6, 11), ())', '((13, 4), ())', '((2, 10), ((1, 12),))', '((6, 12), ())', '((6, 10), ())', '((2, 8), ())', '((2, 12), ((1, 12),))', '((2, 11), ((1, 12),))', '((7, 6), ())']",[74 states],14,59,73
75,"((12, 2), ())","((11, 2), ())",East,"[(((13, 2), ()), 'East', 13, 62, 75)]","['((4, 4), ((1, 1),))', '((12, 1), ())', '((6, 11), ())', '((4, 6), ((1, 1),))', '((2, 8), ((1, 1),))', '((2, 12), ((1, 12),))', '((13, 4), ())', '((2, 10), ((1, 12),))', '((6, 12), ())', '((6, 10), ())', '((2, 8), ())', '((7, 6), ())', '((2, 11), ((1, 12),))']","['((4, 4), ((1, 1),))', '((12, 1), ())', '((6, 11), ())', '((4, 6), ((1, 1),))', '((2, 8), ((1, 1),))', '((2, 12), ((1, 12),))', '((13, 4), ())', '((2, 10), ((1, 12),))', '((6, 12), ())', '((6, 10), ())', '((2, 8), ())', '((7, 6), ())', '((2, 11), ((1, 12),))', '((13, 2), ())']",[75 states],12,61,73
76,"((4, 4), ((1, 1),))","((3, 4), ((1, 1),))",East,"[(((5, 4), ((1, 1),)), 'East', 25, 50, 75)]","['((12, 1), ())', '((4, 6), ((1, 1),))', '((6, 11), ())', '((6, 12), ())', '((2, 8), ((1, 1),))', '((2, 12), ((1, 12),))', '((13, 4), ())', '((2, 10), ((1, 12),))', '((13, 2), ())', '((6, 10), ())', '((2, 8), ())', '((7, 6), ())', '((2, 11), ((1, 12),))']","['((12, 1), ())', '((4, 6), ((1, 1),))', '((6, 11), ())', '((6, 12), ())', '((2, 8), ((1, 1),))', '((2, 12), ((1, 12),))', '((13, 4), ())', '((2, 10), ((1, 12),))', '((13, 2), ())', '((6, 10), ())', '((2, 8), ())', '((7, 6), ())', '((2, 11), ((1, 12),))', '((5, 4), ((1, 1),))']",[76 states],24,49,73
77,"((12, 1), ())","((11, 1), ())",East,"[(((13, 1), ()), 'East', 14, 61, 75)]","['((4, 6), ((1, 1),))', '((2, 8), ((1, 1),))', '((6, 11), ())', '((6, 12), ())', '((2, 8), ())', '((2, 12), ((1, 12),))', '((13, 4), ())', '((2, 10), ((1, 12),))', '((13, 2), ())', '((6, 10), ())', '((5, 4), ((1, 1),))', '((7, 6), ())', '((2, 11), ((1, 12),))']","['((4, 6), ((1, 1),))', '((2, 8), ((1, 1),))', '((6, 11), ())', '((6, 12), ())', '((2, 8), ())', '((2, 12), ((1, 12),))', '((13, 4), ())', '((2, 10), ((1, 12),))', '((13, 2), ())', '((6, 10), ())', '((5, 4), ((1, 1),))', '((7, 6), ())', '((2, 11), ((1, 12),))', '((13, 1), ())']",[77 states],13,60,73
78,"((4, 6), ((1, 1),))","((3, 6), ((1, 1),))",East,"[(((5, 6), ((1, 1),)), 'East', 27, 48, 75)]","['((2, 8), ((1, 1),))', '((2, 8), ())', '((6, 11), ())', '((6, 12), ())', '((6, 10), ())', '((2, 12), ((1, 12),))', '((13, 4), ())', '((2, 10), ((1, 12),))', '((13, 2), ())', '((13, 1), ())', '((5, 4), ((1, 1),))', '((7, 6), ())', '((2, 11), ((1, 12),))']","['((2, 8), ((1, 1),))', '((2, 8), ())', '((6, 11), ())', '((6, 12), ())', '((6, 10), ())', '((2, 12), ((1, 12),))', '((13, 4), ())', '((2, 10), ((1, 12),))', '((13, 2), ())', '((13, 1), ())', '((5, 4), ((1, 1),))', '((7, 6), ())', '((2, 11), ((1, 12),))', '((5, 6), ((1, 1),))']",[78 states],26,47,73
79,"((2, 8), ((1, 1),))","((1, 8), ((1, 1),))",East,"[(((3, 8), ((1, 1),)), 'East', 31, 44, 75)]","['((2, 8), ())', '((6, 10), ())', '((6, 11), ())', '((6, 12), ())', '((5, 4), ((1, 1),))', '((2, 12), ((1, 12),))', '((13, 4), ())', '((2, 10), ((1, 12),))', '((13, 2), ())', '((13, 1), ())', '((5, 6), ((1, 1),))', '((7, 6), ())', '((2, 11), ((1, 12),))']","['((2, 8), ())', '((6, 10), ())', '((6, 11), ())', '((6, 12), ())', '((5, 4), ((1, 1),))', '((2, 12), ((1, 12),))', '((13, 4), ())', '((2, 10), ((1, 12),))', '((13, 2), ())', '((13, 1), ())', '((5, 6), ((1, 1),))', '((7, 6), ())', '((2, 11), ((1, 12),))', '((3, 8), ((1, 1),))']",[79 states],30,43,73
80,"((2, 8), ())","((1, 8), ())",East,"[(((3, 8), ()), 'East', 21, 55, 76)]","['((6, 10), ())', '((6, 12), ())', '((6, 11), ())', '((2, 10), ((1, 12),))', '((5, 4), ((1, 1),))', '((2, 12), ((1, 12),))', '((13, 4), ())', '((3, 8), ((1, 1),))', '((13, 2), ())', '((13, 1), ())', '((5, 6), ((1, 1),))', '((7, 6), ())', '((2, 11), ((1, 12),))']","['((6, 10), ())', '((6, 12), ())', '((6, 11), ())', '((2, 10), ((1, 12),))', '((5, 4), ((1, 1),))', '((2, 12), ((1, 12),))', '((13, 4), ())', '((3, 8), ((1, 1),))', '((13, 2), ())', '((13, 1), ())', '((5, 6), ((1, 1),))', '((7, 6), ())', '((2, 11), ((1, 12),))', '((3, 8), ())']",[80 states],20,54,74
81,"((6, 10), ())","((5, 10), ())",East,"[(((7, 10), ()), 'East', 19, 57, 76)]","['((6, 11), ())', '((6, 12), ())', '((2, 12), ((1, 12),))', '((2, 10), ((1, 12),))', '((5, 4), ((1, 1),))', '((2, 11), ((1, 12),))', '((13, 4), ())', '((3, 8), ((1, 1),))', '((13, 2), ())', '((13, 1), ())', '((5, 6), ((1, 1),))', '((7, 6), ())', '((3, 8), ())']","['((6, 11), ())', '((6, 12), ())', '((2, 12), ((1, 12),))', '((2, 10), ((1, 12),))', '((5, 4), ((1, 1),))', '((2, 11), ((1, 12),))', '((13, 4), ())', '((3, 8), ((1, 1),))', '((13, 2), ())', '((13, 1), ())', '((5, 6), ((1, 1),))', '((7, 6), ())', '((3, 8), ())', '((7, 10), ())']",[81 states],18,56,74
82,"((6, 11), ())","((5, 11), ())",East,"[(((7, 11), ()), 'East', 20, 56, 76)]","['((6, 12), ())', '((2, 10), ((1, 12),))', '((2, 12), ((1, 12),))', '((13, 2), ())', '((5, 4), ((1, 1),))', '((2, 11), ((1, 12),))', '((13, 4), ())', '((3, 8), ((1, 1),))', '((7, 10), ())', '((13, 1), ())', '((5, 6), ((1, 1),))', '((7, 6), ())', '((3, 8), ())']","['((6, 12), ())', '((2, 10), ((1, 12),))', '((2, 12), ((1, 12),))', '((13, 2), ())', '((5, 4), ((1, 1),))', '((2, 11), ((1, 12),))', '((13, 4), ())', '((3, 8), ((1, 1),))', '((7, 10), ())', '((13, 1), ())', '((5, 6), ((1, 1),))', '((7, 6), ())', '((3, 8), ())', '((7, 11), ())']",[82 states],19,55,74
83,"((6, 12), ())","((5, 12), ())",East,"[(((7, 12), ()), 'East', 21, 55, 76)]","['((2, 12), ((1, 12),))', '((2, 10), ((1, 12),))', '((2, 11), ((1, 12),))', '((13, 2), ())', '((5, 4), ((1, 1),))', '((7, 6), ())', '((13, 4), ())', '((3, 8), ((1, 1),))', '((7, 10), ())', '((13, 1), ())', '((5, 6), ((1, 1),))', '((7, 11), ())', '((3, 8), ())']","['((2, 12), ((1, 12),))', '((2, 10), ((1, 12),))', '((2, 11), ((1, 12),))', '((13, 2), ())', '((5, 4), ((1, 1),))', '((7, 6), ())', '((13, 4), ())', '((3, 8), ((1, 1),))', '((7, 10), ())', '((13, 1), ())', '((5, 6), ((1, 1),))', '((7, 11), ())', '((3, 8), ())', '((7, 12), ())']",[83 states],20,54,74
84,"((2, 12), ((1, 12),))","((1, 12), ((1, 12),))",East,"[(((3, 12), ((1, 12),)), 'East', 25, 51, 76)]","['((2, 11), ((1, 12),))', '((2, 10), ((1, 12),))', '((13, 4), ())', '((13, 2), ())', '((5, 4), ((1, 1),))', '((7, 6), ())', '((7, 12), ())', '((3, 8), ((1, 1),))', '((7, 10), ())', '((13, 1), ())', '((5, 6), ((1, 1),))', '((7, 11), ())', '((3, 8), ())']","['((2, 11), ((1, 12),))', '((2, 10), ((1, 12),))', '((13, 4), ())', '((13, 2), ())', '((5, 4), ((1, 1),))', '((7, 6), ())', '((7, 12), ())', '((3, 8), ((1, 1),))', '((7, 10), ())', '((13, 1), ())', '((5, 6), ((1, 1),))', '((7, 11), ())', '((3, 8), ())', '((3, 12), ((1, 12),))']",[84 states],24,50,74
85,"((2, 11), ((1, 12),))","((1, 11), ((1, 12),))",East,"[(((3, 11), ((1, 12),)), 'East', 26, 50, 76)]","['((2, 10), ((1, 12),))', '((13, 2), ())', '((13, 4), ())', '((3, 8), ((1, 1),))', '((5, 4), ((1, 1),))', '((7, 6), ())', '((7, 12), ())', '((3, 12), ((1, 12),))', '((7, 10), ())', '((13, 1), ())', '((5, 6), ((1, 1),))', '((7, 11), ())', '((3, 8), ())']","['((2, 10), ((1, 12),))', '((13, 2), ())', '((13, 4), ())', '((3, 8), ((1, 1),))', '((5, 4), ((1, 1),))', '((7, 6), ())', '((7, 12), ())', '((3, 12), ((1, 12),))', '((7, 10), ())', '((13, 1), ())', '((5, 6), ((1, 1),))', '((7, 11), ())', '((3, 8), ())', '((3, 11), ((1, 12),))']",[85 states],25,49,74
86,"((2, 10), ((1, 12),))","((1, 10), ((1, 12),))",East,"[(((3, 10), ((1, 12),)), 'East', 27, 49, 76)]","['((13, 4), ())', '((13, 2), ())', '((7, 6), ())', '((3, 8), ((1, 1),))', '((5, 4), ((1, 1),))', '((3, 8), ())', '((7, 12), ())', '((3, 12), ((1, 12),))', '((7, 10), ())', '((13, 1), ())', '((5, 6), ((1, 1),))', '((7, 11), ())', '((3, 11), ((1, 12),))']","['((13, 4), ())', '((13, 2), ())', '((7, 6), ())', '((3, 8), ((1, 1),))', '((5, 4), ((1, 1),))', '((3, 8), ())', '((7, 12), ())', '((3, 12), ((1, 12),))', '((7, 10), ())', '((13, 1), ())', '((5, 6), ((1, 1),))', '((7, 11), ())', '((3, 11), ((1, 12),))', '((3, 10), ((1, 12),))']",[86 states],26,48,74
87,"((13, 4), ())","((12, 4), ())",East,"[(((13, 5), ()), 'North', 12, 65, 77)]","['((7, 6), ())', '((13, 2), ())', '((3, 8), ())', '((3, 8), ((1, 1),))', '((5, 4), ((1, 1),))', '((7, 11), ())', '((7, 12), ())', '((3, 12), ((1, 12),))', '((7, 10), ())', '((13, 1), ())', '((5, 6), ((1, 1),))', '((3, 10), ((1, 12),))', '((3, 11), ((1, 12),))']","['((7, 6), ())', '((13, 2), ())', '((3, 8), ())', '((3, 8), ((1, 1),))', '((5, 4), ((1, 1),))', '((7, 11), ())', '((7, 12), ())', '((3, 12), ((1, 12),))', '((7, 10), ())', '((13, 1), ())', '((5, 6), ((1, 1),))', '((3, 10), ((1, 12),))', '((3, 11), ((1, 12),))', '((13, 5), ())']",[87 states],11,64,75
88,"((7, 6), ())","((6, 6), ())",East,"[(((7, 7), ()), 'North', 16, 60, 76)]","['((13, 2), ())', '((5, 4), ((1, 1),))', '((3, 8), ())', '((3, 8), ((1, 1),))', '((13, 1), ())', '((7, 11), ())', '((7, 12), ())', '((3, 12), ((1, 12),))', '((7, 10), ())', '((13, 5), ())', '((5, 6), ((1, 1),))', '((3, 10), ((1, 12),))', '((3, 11), ((1, 12),))']","['((13, 2), ())', '((5, 4), ((1, 1),))', '((3, 8), ())', '((3, 8), ((1, 1),))', '((13, 1), ())', '((7, 11), ())', '((7, 12), ())', '((3, 12), ((1, 12),))', '((7, 10), ())', '((13, 5), ())', '((5, 6), ((1, 1),))', '((3, 10), ((1, 12),))', '((3, 11), ((1, 12),))', '((7, 7), ())']",[88 states],15,60,75
89,"((13, 2), ())","((12, 2), ())",East,"[(((14, 2), ()), 'East', 14, 63, 77)]","['((5, 4), ((1, 1),))', '((13, 1), ())', '((3, 8), ())', '((3, 8), ((1, 1),))', '((5, 6), ((1, 1),))', '((7, 11), ())', '((7, 12), ())', '((3, 12), ((1, 12),))', '((7, 10), ())', '((13, 5), ())', '((7, 7), ())', '((3, 10), ((1, 12),))', '((3, 11), ((1, 12),))']","['((5, 4), ((1, 1),))', '((13, 1), ())', '((3, 8), ())', '((3, 8), ((1, 1),))', '((5, 6), ((1, 1),))', '((7, 11), ())', '((7, 12), ())', '((3, 12), ((1, 12),))', '((7, 10), ())', '((13, 5), ())', '((7, 7), ())', '((3, 10), ((1, 12),))', '((3, 11), ((1, 12),))', '((14, 2), ())']",[89 states],13,62,75
90,"((5, 4), ((1, 1),))","((4, 4), ((1, 1),))",East,"[(((5, 5), ((1, 1),)), 'North', 26, 49, 75), (((6, 4), ((1, 1),)), 'East', 26, 51, 77)]","['((13, 1), ())', '((5, 6), ((1, 1),))', '((3, 8), ())', '((3, 8), ((1, 1),))', '((7, 7), ())', '((7, 11), ())', '((7, 12), ())', '((3, 12), ((1, 12),))', '((7, 10), ())', '((13, 5), ())', '((14, 2), ())', '((3, 10), ((1, 12),))', '((3, 11), ((1, 12),))']","['((13, 1), ())', '((5, 6), ((1, 1),))', '((5, 5), ((1, 1),))', '((3, 8), ((1, 1),))', '((7, 7), ())', '((7, 11), ())', '((3, 8), ())', '((3, 12), ((1, 12),))', '((7, 10), ())', '((13, 5), ())', '((14, 2), ())', '((3, 10), ((1, 12),))', '((3, 11), ((1, 12),))', '((7, 12), ())', '((6, 4), ((1, 1),))']",[90 states],25,50,75
91,"((13, 1), ())","((12, 1), ())",East,"[(((14, 1), ()), 'East', 15, 62, 77)]","['((5, 6), ((1, 1),))', '((3, 8), ((1, 1),))', '((5, 5), ((1, 1),))', '((7, 10), ())', '((7, 7), ())', '((7, 11), ())', '((3, 8), ())', '((3, 12), ((1, 12),))', '((6, 4), ((1, 1),))', '((13, 5), ())', '((14, 2), ())', '((3, 10), ((1, 12),))', '((3, 11), ((1, 12),))', '((7, 12), ())']","['((5, 6), ((1, 1),))', '((3, 8), ((1, 1),))', '((5, 5), ((1, 1),))', '((7, 10), ())', '((7, 7), ())', '((7, 11), ())', '((3, 8), ())', '((3, 12), ((1, 12),))', '((6, 4), ((1, 1),))', '((13, 5), ())', '((14, 2), ())', '((3, 10), ((1, 12),))', '((3, 11), ((1, 12),))', '((7, 12), ())', '((14, 1), ())']",[91 states],14,61,75
92,"((5, 6), ((1, 1),))","((4, 6), ((1, 1),))",East,"[(((5, 7), ((1, 1),)), 'North', 28, 47, 75), (((6, 6), ((1, 1),)), 'East', 28, 49, 77)]","['((3, 8), ((1, 1),))', '((7, 10), ())', '((5, 5), ((1, 1),))', '((3, 12), ((1, 12),))', '((7, 7), ())', '((7, 11), ())', '((3, 8), ())', '((14, 1), ())', '((6, 4), ((1, 1),))', '((13, 5), ())', '((14, 2), ())', '((3, 10), ((1, 12),))', '((3, 11), ((1, 12),))', '((7, 12), ())']","['((3, 8), ((1, 1),))', '((7, 10), ())', '((5, 5), ((1, 1),))', '((3, 12), ((1, 12),))', '((7, 7), ())', '((7, 11), ())', '((5, 7), ((1, 1),))', '((14, 1), ())', '((6, 4), ((1, 1),))', '((13, 5), ())', '((14, 2), ())', '((3, 10), ((1, 12),))', '((3, 11), ((1, 12),))', '((7, 12), ())', '((3, 8), ())', '((6, 6), ((1, 1),))']",[92 states],27,48,75
93,"((3, 8), ((1, 1),))","((2, 8), ((1, 1),))",East,[],"['((5, 5), ((1, 1),))', '((7, 10), ())', '((5, 7), ((1, 1),))', '((3, 12), ((1, 12),))', '((7, 7), ())', '((7, 11), ())', '((3, 8), ())', '((14, 1), ())', '((6, 4), ((1, 1),))', '((13, 5), ())', '((14, 2), ())', '((3, 10), ((1, 12),))', '((3, 11), ((1, 12),))', '((7, 12), ())', '((6, 6), ((1, 1),))']","['((5, 5), ((1, 1),))', '((7, 10), ())', '((5, 7), ((1, 1),))', '((3, 12), ((1, 12),))', '((7, 7), ())', '((7, 11), ())', '((3, 8), ())', '((14, 1), ())', '((6, 4), ((1, 1),))', '((13, 5), ())', '((14, 2), ())', '((3, 10), ((1, 12),))', '((3, 11), ((1, 12),))', '((7, 12), ())', '((6, 6), ((1, 1),))']",[93 states],31,44,75
94,"((5, 5), ((1, 1),))","((5, 4), ((1, 1),))",North,[],"['((5, 7), ((1, 1),))', '((7, 10), ())', '((3, 8), ())', '((3, 12), ((1, 12),))', '((7, 7), ())', '((7, 11), ())', '((7, 12), ())', '((14, 1), ())', '((6, 4), ((1, 1),))', '((13, 5), ())', '((14, 2), ())', '((3, 10), ((1, 12),))', '((3, 11), ((1, 12),))', '((6, 6), ((1, 1),))']","['((5, 7), ((1, 1),))', '((7, 10), ())', '((3, 8), ())', '((3, 12), ((1, 12),))', '((7, 7), ())', '((7, 11), ())', '((7, 12), ())', '((14, 1), ())', '((6, 4), ((1, 1),))', '((13, 5), ())', '((14, 2), ())', '((3, 10), ((1, 12),))', '((3, 11), ((1, 12),))', '((6, 6), ((1, 1),))']",[94 states],26,49,75
95,"((5, 7), ((1, 1),))","((5, 6), ((1, 1),))",North,"[(((5, 8), ((1, 1),)), 'North', 29, 46, 75)]","['((3, 8), ())', '((7, 10), ())', '((7, 11), ())', '((3, 12), ((1, 12),))', '((7, 7), ())', '((3, 11), ((1, 12),))', '((7, 12), ())', '((14, 1), ())', '((6, 4), ((1, 1),))', '((13, 5), ())', '((14, 2), ())', '((3, 10), ((1, 12),))', '((6, 6), ((1, 1),))']","['((5, 8), ((1, 1),))', '((7, 10), ())', '((3, 8), ())', '((3, 12), ((1, 12),))', '((7, 7), ())', '((3, 11), ((1, 12),))', '((7, 11), ())', '((14, 1), ())', '((6, 4), ((1, 1),))', '((13, 5), ())', '((14, 2), ())', '((3, 10), ((1, 12),))', '((6, 6), ((1, 1),))', '((7, 12), ())']",[95 states],28,47,75
96,"((5, 8), ((1, 1),))","((5, 7), ((1, 1),))",North,"[(((5, 9), ((1, 1),)), 'North', 30, 45, 75)]","['((3, 8), ())', '((7, 10), ())', '((7, 11), ())', '((3, 12), ((1, 12),))', '((7, 7), ())', '((3, 11), ((1, 12),))', '((7, 12), ())', '((14, 1), ())', '((6, 4), ((1, 1),))', '((13, 5), ())', '((14, 2), ())', '((3, 10), ((1, 12),))', '((6, 6), ((1, 1),))']","['((5, 9), ((1, 1),))', '((7, 10), ())', '((3, 8), ())', '((3, 12), ((1, 12),))', '((7, 7), ())', '((3, 11), ((1, 12),))', '((7, 11), ())', '((14, 1), ())', '((6, 4), ((1, 1),))', '((13, 5), ())', '((14, 2), ())', '((3, 10), ((1, 12),))', '((6, 6), ((1, 1),))', '((7, 12), ())']",[96 states],29,46,75
97,"((5, 9), ((1, 1),))","((5, 8), ((1, 1),))",North,"[(((5, 10), ((1, 1),)), 'North', 31, 44, 75)]","['((3, 8), ())', '((7, 10), ())', '((7, 11), ())', '((3, 12), ((1, 12),))', '((7, 7), ())', '((3, 11), ((1, 12),))', '((7, 12), ())', '((14, 1), ())', '((6, 4), ((1, 1),))', '((13, 5), ())', '((14, 2), ())', '((3, 10), ((1, 12),))', '((6, 6), ((1, 1),))']","['((5, 10), ((1, 1),))', '((7, 10), ())', '((3, 8), ())', '((3, 12), ((1, 12),))', '((7, 7), ())', '((3, 11), ((1, 12),))', '((7, 11), ())', '((14, 1), ())', '((6, 4), ((1, 1),))', '((13, 5), ())', '((14, 2), ())', '((3, 10), ((1, 12),))', '((6, 6), ((1, 1),))', '((7, 12), ())']",[97 states],30,45,75
98,"((5, 10), ((1, 1),))","((5, 9), ((1, 1),))",North,"[(((5, 11), ((1, 1),)), 'North', 32, 43, 75), (((6, 10), ((1, 1),)), 'East', 32, 45, 77), (((4, 10), ((1, 1),)), 'West', 32, 43, 75)]","['((3, 8), ())', '((7, 10), ())', '((7, 11), ())', '((3, 12), ((1, 12),))', '((7, 7), ())', '((3, 11), ((1, 12),))', '((7, 12), ())', '((14, 1), ())', '((6, 4), ((1, 1),))', '((13, 5), ())', '((14, 2), ())', '((3, 10), ((1, 12),))', '((6, 6), ((1, 1),))']","['((5, 11), ((1, 1),))', '((4, 10), ((1, 1),))', '((3, 8), ())', '((7, 10), ())', '((7, 7), ())', '((3, 11), ((1, 12),))', '((7, 11), ())', '((3, 12), ((1, 12),))', '((6, 4), ((1, 1),))', '((13, 5), ())', '((14, 2), ())', '((3, 10), ((1, 12),))', '((6, 6), ((1, 1),))', '((7, 12), ())', '((6, 10), ((1, 1),))', '((14, 1), ())']",[98 states],31,44,75
99,"((5, 11), ((1, 1),))","((5, 10), ((1, 1),))",North,"[(((5, 12), ((1, 1),)), 'North', 33, 42, 75), (((6, 11), ((1, 1),)), 'East', 33, 44, 77), (((4, 11), ((1, 1),)), 'West', 33, 42, 75)]","['((4, 10), ((1, 1),))', '((7, 10), ())', '((3, 8), ())', '((3, 12), ((1, 12),))', '((7, 7), ())', '((3, 11), ((1, 12),))', '((7, 11), ())', '((14, 1), ())', '((6, 4), ((1, 1),))', '((13, 5), ())', '((14, 2), ())', '((3, 10), ((1, 12),))', '((6, 6), ((1, 1),))', '((7, 12), ())', '((6, 10), ((1, 1),))']","['((4, 10), ((1, 1),))', '((5, 12), ((1, 1),))', '((3, 8), ())', '((4, 11), ((1, 1),))', '((7, 7), ())', '((3, 11), ((1, 12),))', '((7, 11), ())', '((3, 12), ((1, 12),))', '((7, 10), ())', '((13, 5), ())', '((14, 2), ())', '((3, 10), ((1, 12),))', '((6, 6), ((1, 1),))', '((7, 12), ())', '((6, 10), ((1, 1),))', '((14, 1), ())', '((6, 11), ((1, 1),))', '((6, 4), ((1, 1),))']",[99 states],32,43,75
100,"((4, 10), ((1, 1),))","((5, 10), ((1, 1),))",West,"[(((3, 10), ((1, 1),)), 'West', 33, 42, 75)]","['((5, 12), ((1, 1),))', '((4, 11), ((1, 1),))', '((3, 8), ())', '((7, 10), ())', '((7, 7), ())', '((3, 11), ((1, 12),))', '((7, 11), ())', '((3, 12), ((1, 12),))', '((6, 4), ((1, 1),))', '((13, 5), ())', '((14, 2), ())', '((3, 10), ((1, 12),))', '((6, 6), ((1, 1),))', '((7, 12), ())', '((6, 10), ((1, 1),))', '((14, 1), ())', '((6, 11), ((1, 1),))']","['((5, 12), ((1, 1),))', '((4, 11), ((1, 1),))', '((3, 8), ())', '((3, 10), ((1, 1),))', '((7, 7), ())', '((3, 11), ((1, 12),))', '((7, 11), ())', '((3, 12), ((1, 12),))', '((7, 10), ())', '((13, 5), ())', '((14, 2), ())', '((3, 10), ((1, 12),))', '((6, 6), ((1, 1),))', '((7, 12), ())', '((6, 10), ((1, 1),))', '((14, 1), ())', '((6, 11), ((1, 1),))', '((6, 4), ((1, 1),))']",[100 states],32,43,75
101,"((5, 12), ((1, 1),))","((5, 11), ((1, 1),))",North,"[(((6, 12), ((1, 1),)), 'East', 34, 43, 77), (((4, 12), ((1, 1),)), 'West', 34, 41, 75)]","['((4, 11), ((1, 1),))', '((3, 10), ((1, 1),))', '((3, 8), ())', '((7, 10), ())', '((7, 7), ())', '((3, 11), ((1, 12),))', '((7, 11), ())', '((3, 12), ((1, 12),))', '((6, 4), ((1, 1),))', '((13, 5), ())', '((14, 2), ())', '((3, 10), ((1, 12),))', '((6, 6), ((1, 1),))', '((7, 12), ())', '((6, 10), ((1, 1),))', '((14, 1), ())', '((6, 11), ((1, 1),))']","['((4, 11), ((1, 1),))', '((3, 10), ((1, 1),))', '((3, 8), ())', '((4, 12), ((1, 1),))', '((7, 7), ())', '((3, 11), ((1, 12),))', '((7, 11), ())', '((3, 12), ((1, 12),))', '((7, 10), ())', '((13, 5), ())', '((14, 2), ())', '((3, 10), ((1, 12),))', '((6, 6), ((1, 1),))', '((7, 12), ())', '((6, 10), ((1, 1),))', '((14, 1), ())', '((6, 11), ((1, 1),))', '((6, 12), ((1, 1),))', '((6, 4), ((1, 1),))']",[101 states],33,42,75
102,"((4, 11), ((1, 1),))","((5, 11), ((1, 1),))",West,"[(((3, 11), ((1, 1),)), 'West', 34, 41, 75)]","['((3, 10), ((1, 1),))', '((4, 12), ((1, 1),))', '((3, 8), ())', '((7, 10), ())', '((7, 7), ())', '((3, 11), ((1, 12),))', '((7, 11), ())', '((3, 12), ((1, 12),))', '((6, 4), ((1, 1),))', '((13, 5), ())', '((14, 2), ())', '((3, 10), ((1, 12),))', '((6, 6), ((1, 1),))', '((7, 12), ())', '((6, 10), ((1, 1),))', '((14, 1), ())', '((6, 11), ((1, 1),))', '((6, 12), ((1, 1),))']","['((3, 10), ((1, 1),))', '((4, 12), ((1, 1),))', '((3, 8), ())', '((3, 11), ((1, 1),))', '((7, 7), ())', '((3, 11), ((1, 12),))', '((7, 11), ())', '((3, 12), ((1, 12),))', '((7, 10), ())', '((13, 5), ())', '((14, 2), ())', '((3, 10), ((1, 12),))', '((6, 6), ((1, 1),))', '((7, 12), ())', '((6, 10), ((1, 1),))', '((14, 1), ())', '((6, 11), ((1, 1),))', '((6, 12), ((1, 1),))', '((6, 4), ((1, 1),))']",[102 states],33,42,75
103,"((3, 10), ((1, 1),))","((4, 10), ((1, 1),))",West,"[(((2, 10), ((1, 1),)), 'West', 34, 41, 75)]","['((4, 12), ((1, 1),))', '((3, 11), ((1, 1),))', '((3, 8), ())', '((7, 10), ())', '((7, 7), ())', '((3, 11), ((1, 12),))', '((7, 11), ())', '((3, 12), ((1, 12),))', '((6, 4), ((1, 1),))', '((13, 5), ())', '((14, 2), ())', '((3, 10), ((1, 12),))', '((6, 6), ((1, 1),))', '((7, 12), ())', '((6, 10), ((1, 1),))', '((14, 1), ())', '((6, 11), ((1, 1),))', '((6, 12), ((1, 1),))']","['((4, 12), ((1, 1),))', '((3, 11), ((1, 1),))', '((3, 8), ())', '((2, 10), ((1, 1),))', '((7, 7), ())', '((3, 11), ((1, 12),))', '((7, 11), ())', '((3, 12), ((1, 12),))', '((7, 10), ())', '((13, 5), ())', '((14, 2), ())', '((3, 10), ((1, 12),))', '((6, 6), ((1, 1),))', '((7, 12), ())', '((6, 10), ((1, 1),))', '((14, 1), ())', '((6, 11), ((1, 1),))', '((6, 12), ((1, 1),))', '((6, 4), ((1, 1),))']",[103 states],33,42,75
104,"((4, 12), ((1, 1),))","((5, 12), ((1, 1),))",West,"[(((3, 12), ((1, 1),)), 'West', 35, 40, 75)]","['((3, 11), ((1, 1),))', '((2, 10), ((1, 1),))', '((3, 8), ())', '((7, 10), ())', '((7, 7), ())', '((3, 11), ((1, 12),))', '((7, 11), ())', '((3, 12), ((1, 12),))', '((6, 4), ((1, 1),))', '((13, 5), ())', '((14, 2), ())', '((3, 10), ((1, 12),))', '((6, 6), ((1, 1),))', '((7, 12), ())', '((6, 10), ((1, 1),))', '((14, 1), ())', '((6, 11), ((1, 1),))', '((6, 12), ((1, 1),))']","['((3, 11), ((1, 1),))', '((2, 10), ((1, 1),))', '((3, 8), ())', '((3, 12), ((1, 1),))', '((7, 7), ())', '((3, 11), ((1, 12),))', '((7, 11), ())', '((3, 12), ((1, 12),))', '((7, 10), ())', '((13, 5), ())', '((14, 2), ())', '((3, 10), ((1, 12),))', '((6, 6), ((1, 1),))', '((7, 12), ())', '((6, 10), ((1, 1),))', '((14, 1), ())', '((6, 11), ((1, 1),))', '((6, 12), ((1, 1),))', '((6, 4), ((1, 1),))']",[104 states],34,41,75
105,"((3, 11), ((1, 1),))","((4, 11), ((1, 1),))",West,"[(((2, 11), ((1, 1),)), 'West', 35, 40, 75)]","['((2, 10), ((1, 1),))', '((3, 12), ((1, 1),))', '((3, 8), ())', '((7, 10), ())', '((7, 7), ())', '((3, 11), ((1, 12),))', '((7, 11), ())', '((3, 12), ((1, 12),))', '((6, 4), ((1, 1),))', '((13, 5), ())', '((14, 2), ())', '((3, 10), ((1, 12),))', '((6, 6), ((1, 1),))', '((7, 12), ())', '((6, 10), ((1, 1),))', '((14, 1), ())', '((6, 11), ((1, 1),))', '((6, 12), ((1, 1),))']","['((2, 10), ((1, 1),))', '((3, 12), ((1, 1),))', '((3, 8), ())', '((2, 11), ((1, 1),))', '((7, 7), ())', '((3, 11), ((1, 12),))', '((7, 11), ())', '((3, 12), ((1, 12),))', '((7, 10), ())', '((13, 5), ())', '((14, 2), ())', '((3, 10), ((1, 12),))', '((6, 6), ((1, 1),))', '((7, 12), ())', '((6, 10), ((1, 1),))', '((14, 1), ())', '((6, 11), ((1, 1),))', '((6, 12), ((1, 1),))', '((6, 4), ((1, 1),))']",[105 states],34,41,75
106,"((2, 10), ((1, 1),))","((3, 10), ((1, 1),))",West,"[(((1, 10), ((1, 1),)), 'West', 35, 40, 75)]","['((3, 12), ((1, 1),))', '((2, 11), ((1, 1),))', '((3, 8), ())', '((7, 10), ())', '((7, 7), ())', '((3, 11), ((1, 12),))', '((7, 11), ())', '((3, 12), ((1, 12),))', '((6, 4), ((1, 1),))', '((13, 5), ())', '((14, 2), ())', '((3, 10), ((1, 12),))', '((6, 6), ((1, 1),))', '((7, 12), ())', '((6, 10), ((1, 1),))', '((14, 1), ())', '((6, 11), ((1, 1),))', '((6, 12), ((1, 1),))']","['((3, 12), ((1, 1),))', '((2, 11), ((1, 1),))', '((3, 8), ())', '((1, 10), ((1, 1),))', '((7, 7), ())', '((3, 11), ((1, 12),))', '((7, 11), ())', '((3, 12), ((1, 12),))', '((7, 10), ())', '((13, 5), ())', '((14, 2), ())', '((3, 10), ((1, 12),))', '((6, 6), ((1, 1),))', '((7, 12), ())', '((6, 10), ((1, 1),))', '((14, 1), ())', '((6, 11), ((1, 1),))', '((6, 12), ((1, 1),))', '((6, 4), ((1, 1),))']",[106 states],34,41,75
107,"((3, 12), ((1, 1),))","((4, 12), ((1, 1),))",West,"[(((2, 12), ((1, 1),)), 'West', 36, 39, 75)]","['((2, 11), ((1, 1),))', '((1, 10), ((1, 1),))', '((3, 8), ())', '((7, 10), ())', '((7, 7), ())', '((3, 11), ((1, 12),))', '((7, 11), ())', '((3, 12), ((1, 12),))', '((6, 4), ((1, 1),))', '((13, 5), ())', '((14, 2), ())', '((3, 10), ((1, 12),))', '((6, 6), ((1, 1),))', '((7, 12), ())', '((6, 10), ((1, 1),))', '((14, 1), ())', '((6, 11), ((1, 1),))', '((6, 12), ((1, 1),))']","['((2, 11), ((1, 1),))', '((1, 10), ((1, 1),))', '((3, 8), ())', '((2, 12), ((1, 1),))', '((7, 7), ())', '((3, 11), ((1, 12),))', '((7, 11), ())', '((3, 12), ((1, 12),))', '((7, 10), ())', '((13, 5), ())', '((14, 2), ())', '((3, 10), ((1, 12),))', '((6, 6), ((1, 1),))', '((7, 12), ())', '((6, 10), ((1, 1),))', '((14, 1), ())', '((6, 11), ((1, 1),))', '((6, 12), ((1, 1),))', '((6, 4), ((1, 1),))']",[107 states],35,40,75
108,"((2, 11), ((1, 1),))","((3, 11), ((1, 1),))",West,"[(((1, 11), ((1, 1),)), 'West', 36, 39, 75)]","['((1, 10), ((1, 1),))', '((2, 12), ((1, 1),))', '((3, 8), ())', '((7, 10), ())', '((7, 7), ())', '((3, 11), ((1, 12),))', '((7, 11), ())', '((3, 12), ((1, 12),))', '((6, 4), ((1, 1),))', '((13, 5), ())', '((14, 2), ())', '((3, 10), ((1, 12),))', '((6, 6), ((1, 1),))', '((7, 12), ())', '((6, 10), ((1, 1),))', '((14, 1), ())', '((6, 11), ((1, 1),))', '((6, 12), ((1, 1),))']","['((1, 10), ((1, 1),))', '((2, 12), ((1, 1),))', '((3, 8), ())', '((1, 11), ((1, 1),))', '((7, 7), ())', '((3, 11), ((1, 12),))', '((7, 11), ())', '((3, 12), ((1, 12),))', '((7, 10), ())', '((13, 5), ())', '((14, 2), ())', '((3, 10), ((1, 12),))', '((6, 6), ((1, 1),))', '((7, 12), ())', '((6, 10), ((1, 1),))', '((14, 1), ())', '((6, 11), ((1, 1),))', '((6, 12), ((1, 1),))', '((6, 4), ((1, 1),))']",[108 states],35,40,75
109,"((1, 10), ((1, 1),))","((2, 10), ((1, 1),))",West,[],"['((2, 12), ((1, 1),))', '((1, 11), ((1, 1),))', '((3, 8), ())', '((7, 10), ())', '((7, 7), ())', '((3, 11), ((1, 12),))', '((7, 11), ())', '((3, 12), ((1, 12),))', '((6, 4), ((1, 1),))', '((13, 5), ())', '((14, 2), ())', '((3, 10), ((1, 12),))', '((6, 6), ((1, 1),))', '((7, 12), ())', '((6, 10), ((1, 1),))', '((14, 1), ())', '((6, 11), ((1, 1),))', '((6, 12), ((1, 1),))']","['((2, 12), ((1, 1),))', '((1, 11), ((1, 1),))', '((3, 8), ())', '((7, 10), ())', '((7, 7), ())', '((3, 11), ((1, 12),))', '((7, 11), ())', '((3, 12), ((1, 12),))', '((6, 4), ((1, 1),))', '((13, 5), ())', '((14, 2), ())', '((3, 10), ((1, 12),))', '((6, 6), ((1, 1),))', '((7, 12), ())', '((6, 10), ((1, 1),))', '((14, 1), ())', '((6, 11), ((1, 1),))', '((6, 12), ((1, 1),))']",[109 states],35,40,75
110,"((2, 12), ((1, 1),))","((3, 12), ((1, 1),))",West,"[(((1, 12), ((1, 1), (1, 12))), 'West', 37, 38, 75)]","['((1, 11), ((1, 1),))', '((7, 10), ())', '((3, 8), ())', '((3, 12), ((1, 12),))', '((7, 7), ())', '((3, 11), ((1, 12),))', '((7, 11), ())', '((14, 1), ())', '((6, 4), ((1, 1),))', '((13, 5), ())', '((14, 2), ())', '((3, 10), ((1, 12),))', '((6, 6), ((1, 1),))', '((7, 12), ())', '((6, 10), ((1, 1),))', '((6, 12), ((1, 1),))', '((6, 11), ((1, 1),))']","['((1, 11), ((1, 1),))', '((1, 12), ((1, 1), (1, 12)))', '((3, 8), ())', '((7, 10), ())', '((7, 7), ())', '((3, 11), ((1, 12),))', '((7, 11), ())', '((14, 1), ())', '((3, 12), ((1, 12),))', '((13, 5), ())', '((14, 2), ())', '((3, 10), ((1, 12),))', '((6, 6), ((1, 1),))', '((7, 12), ())', '((6, 10), ((1, 1),))', '((6, 12), ((1, 1),))', '((6, 11), ((1, 1),))', '((6, 4), ((1, 1),))']",[110 states],36,39,75
111,"((1, 11), ((1, 1),))","((2, 11), ((1, 1),))",West,[],"['((1, 12), ((1, 1), (1, 12)))', '((7, 10), ())', '((3, 8), ())', '((3, 12), ((1, 12),))', '((7, 7), ())', '((3, 11), ((1, 12),))', '((7, 11), ())', '((14, 1), ())', '((6, 4), ((1, 1),))', '((13, 5), ())', '((14, 2), ())', '((3, 10), ((1, 12),))', '((6, 6), ((1, 1),))', '((7, 12), ())', '((6, 10), ((1, 1),))', '((6, 12), ((1, 1),))', '((6, 11), ((1, 1),))']","['((1, 12), ((1, 1), (1, 12)))', '((7, 10), ())', '((3, 8), ())', '((3, 12), ((1, 12),))', '((7, 7), ())', '((3, 11), ((1, 12),))', '((7, 11), ())', '((14, 1), ())', '((6, 4), ((1, 1),))', '((13, 5), ())', '((14, 2), ())', '((3, 10), ((1, 12),))', '((6, 6), ((1, 1),))', '((7, 12), ())', '((6, 10), ((1, 1),))', '((6, 12), ((1, 1),))', '((6, 11), ((1, 1),))']",[111 states],36,39,75
112,"((1, 12), ((1, 1), (1, 12)))","((2, 12), ((1, 1),))",West,"[(((2, 12), ((1, 1), (1, 12))), 'East', 38, 37, 75), (((1, 11), ((1, 1), (1, 12))), 'South', 38, 39, 77)]","['((3, 8), ())', '((7, 10), ())', '((7, 11), ())', '((3, 12), ((1, 12),))', '((7, 7), ())', '((3, 11), ((1, 12),))', '((7, 12), ())', '((14, 1), ())', '((6, 4), ((1, 1),))', '((13, 5), ())', '((14, 2), ())', '((3, 10), ((1, 12),))', '((6, 6), ((1, 1),))', '((6, 11), ((1, 1),))', '((6, 10), ((1, 1),))', '((6, 12), ((1, 1),))']","['((2, 12), ((1, 1), (1, 12)))', '((3, 8), ())', '((7, 11), ())', '((7, 10), ())', '((7, 7), ())', '((3, 11), ((1, 12),))', '((7, 12), ())', '((3, 12), ((1, 12),))', '((6, 4), ((1, 1),))', '((13, 5), ())', '((14, 2), ())', '((3, 10), ((1, 12),))', '((6, 6), ((1, 1),))', '((6, 11), ((1, 1),))', '((6, 10), ((1, 1),))', '((6, 12), ((1, 1),))', '((14, 1), ())', '((1, 11), ((1, 1), (1, 12)))']",[112 states],37,38,75
113,"((2, 12), ((1, 1), (1, 12)))","((1, 12), ((1, 1), (1, 12)))",East,"[(((3, 12), ((1, 1), (1, 12))), 'East', 39, 36, 75), (((2, 11), ((1, 1), (1, 12))), 'South', 39, 38, 77)]","['((3, 8), ())', '((7, 10), ())', '((7, 11), ())', '((3, 12), ((1, 12),))', '((7, 7), ())', '((3, 11), ((1, 12),))', '((7, 12), ())', '((14, 1), ())', '((6, 4), ((1, 1),))', '((13, 5), ())', '((14, 2), ())', '((3, 10), ((1, 12),))', '((6, 6), ((1, 1),))', '((6, 11), ((1, 1),))', '((6, 10), ((1, 1),))', '((6, 12), ((1, 1),))', '((1, 11), ((1, 1), (1, 12)))']","['((3, 12), ((1, 1), (1, 12)))', '((3, 8), ())', '((7, 11), ())', '((7, 10), ())', '((7, 7), ())', '((3, 11), ((1, 12),))', '((7, 12), ())', '((14, 1), ())', '((3, 12), ((1, 12),))', '((13, 5), ())', '((14, 2), ())', '((3, 10), ((1, 12),))', '((6, 6), ((1, 1),))', '((6, 11), ((1, 1),))', '((6, 10), ((1, 1),))', '((6, 12), ((1, 1),))', '((1, 11), ((1, 1), (1, 12)))', '((6, 4), ((1, 1),))', '((2, 11), ((1, 1), (1, 12)))']",[113 states],38,37,75
114,"((3, 12), ((1, 1), (1, 12)))","((2, 12), ((1, 1), (1, 12)))",East,"[(((4, 12), ((1, 1), (1, 12))), 'East', 40, 35, 75), (((3, 11), ((1, 1), (1, 12))), 'South', 40, 37, 77)]","['((3, 8), ())', '((7, 10), ())', '((7, 11), ())', '((3, 12), ((1, 12),))', '((7, 7), ())', '((3, 11), ((1, 12),))', '((7, 12), ())', '((14, 1), ())', '((6, 4), ((1, 1),))', '((13, 5), ())', '((14, 2), ())', '((3, 10), ((1, 12),))', '((6, 6), ((1, 1),))', '((6, 11), ((1, 1),))', '((6, 10), ((1, 1),))', '((6, 12), ((1, 1),))', '((1, 11), ((1, 1), (1, 12)))', '((2, 11), ((1, 1), (1, 12)))']","['((4, 12), ((1, 1), (1, 12)))', '((3, 8), ())', '((7, 11), ())', '((7, 10), ())', '((7, 7), ())', '((3, 11), ((1, 12),))', '((7, 12), ())', '((14, 1), ())', '((3, 12), ((1, 12),))', '((13, 5), ())', '((14, 2), ())', '((3, 10), ((1, 12),))', '((6, 6), ((1, 1),))', '((6, 11), ((1, 1),))', '((6, 10), ((1, 1),))', '((6, 12), ((1, 1),))', '((1, 11), ((1, 1), (1, 12)))', '((2, 11), ((1, 1), (1, 12)))', '((6, 4), ((1, 1),))', '((3, 11), ((1, 1), (1, 12)))']",[114 states],39,36,75
115,"((4, 12), ((1, 1), (1, 12)))","((3, 12), ((1, 1), (1, 12)))",East,"[(((5, 12), ((1, 1), (1, 12))), 'East', 41, 34, 75), (((4, 11), ((1, 1), (1, 12))), 'South', 41, 36, 77)]","['((3, 8), ())', '((7, 10), ())', '((7, 11), ())', '((3, 12), ((1, 12),))', '((7, 7), ())', '((3, 11), ((1, 12),))', '((7, 12), ())', '((14, 1), ())', '((6, 4), ((1, 1),))', '((13, 5), ())', '((14, 2), ())', '((3, 10), ((1, 12),))', '((6, 6), ((1, 1),))', '((6, 11), ((1, 1),))', '((6, 10), ((1, 1),))', '((6, 12), ((1, 1),))', '((1, 11), ((1, 1), (1, 12)))', '((2, 11), ((1, 1), (1, 12)))', '((3, 11), ((1, 1), (1, 12)))']","['((5, 12), ((1, 1), (1, 12)))', '((3, 8), ())', '((7, 11), ())', '((3, 12), ((1, 12),))', '((7, 10), ())', '((3, 11), ((1, 12),))', '((7, 12), ())', '((14, 1), ())', '((6, 4), ((1, 1),))', '((7, 7), ())', '((14, 2), ())', '((3, 10), ((1, 12),))', '((6, 6), ((1, 1),))', '((6, 11), ((1, 1),))', '((6, 10), ((1, 1),))', '((6, 12), ((1, 1),))', '((1, 11), ((1, 1), (1, 12)))', '((2, 11), ((1, 1), (1, 12)))', '((3, 11), ((1, 1), (1, 12)))', '((13, 5), ())', '((4, 11), ((1, 1), (1, 12)))']",[115 states],40,35,75
116,"((5, 12), ((1, 1), (1, 12)))","((4, 12), ((1, 1), (1, 12)))",East,"[(((6, 12), ((1, 1), (1, 12))), 'East', 42, 33, 75), (((5, 11), ((1, 1), (1, 12))), 'South', 42, 35, 77)]","['((3, 8), ())', '((7, 10), ())', '((7, 11), ())', '((3, 12), ((1, 12),))', '((7, 7), ())', '((3, 11), ((1, 12),))', '((7, 12), ())', '((14, 1), ())', '((6, 4), ((1, 1),))', '((13, 5), ())', '((14, 2), ())', '((3, 10), ((1, 12),))', '((6, 6), ((1, 1),))', '((6, 11), ((1, 1),))', '((6, 10), ((1, 1),))', '((6, 12), ((1, 1),))', '((1, 11), ((1, 1), (1, 12)))', '((2, 11), ((1, 1), (1, 12)))', '((3, 11), ((1, 1), (1, 12)))', '((4, 11), ((1, 1), (1, 12)))']","['((6, 12), ((1, 1), (1, 12)))', '((3, 8), ())', '((7, 11), ())', '((3, 12), ((1, 12),))', '((7, 10), ())', '((3, 11), ((1, 12),))', '((7, 12), ())', '((14, 1), ())', '((6, 4), ((1, 1),))', '((7, 7), ())', '((14, 2), ())', '((3, 10), ((1, 12),))', '((6, 6), ((1, 1),))', '((6, 11), ((1, 1),))', '((6, 10), ((1, 1),))', '((6, 12), ((1, 1),))', '((1, 11), ((1, 1), (1, 12)))', '((2, 11), ((1, 1), (1, 12)))', '((3, 11), ((1, 1), (1, 12)))', '((4, 11), ((1, 1), (1, 12)))', '((13, 5), ())', '((5, 11), ((1, 1), (1, 12)))']",[116 states],41,34,75
117,"((6, 12), ((1, 1), (1, 12)))","((5, 12), ((1, 1), (1, 12)))",East,"[(((7, 12), ((1, 1), (1, 12))), 'East', 43, 32, 75), (((6, 11), ((1, 1), (1, 12))), 'South', 43, 34, 77)]","['((3, 8), ())', '((7, 10), ())', '((7, 11), ())', '((3, 12), ((1, 12),))', '((7, 7), ())', '((3, 11), ((1, 12),))', '((7, 12), ())', '((14, 1), ())', '((6, 4), ((1, 1),))', '((13, 5), ())', '((14, 2), ())', '((3, 10), ((1, 12),))', '((6, 6), ((1, 1),))', '((6, 11), ((1, 1),))', '((6, 10), ((1, 1),))', '((6, 12), ((1, 1),))', '((1, 11), ((1, 1), (1, 12)))', '((2, 11), ((1, 1), (1, 12)))', '((3, 11), ((1, 1), (1, 12)))', '((4, 11), ((1, 1), (1, 12)))', '((5, 11), ((1, 1), (1, 12)))']","['((7, 12), ((1, 1), (1, 12)))', '((3, 8), ())', '((7, 11), ())', '((3, 12), ((1, 12),))', '((7, 10), ())', '((3, 11), ((1, 12),))', '((7, 12), ())', '((14, 1), ())', '((6, 4), ((1, 1),))', '((13, 5), ())', '((7, 7), ())', '((3, 10), ((1, 12),))', '((6, 6), ((1, 1),))', '((6, 11), ((1, 1),))', '((6, 10), ((1, 1),))', '((6, 12), ((1, 1),))', '((1, 11), ((1, 1), (1, 12)))', '((2, 11), ((1, 1), (1, 12)))', '((3, 11), ((1, 1), (1, 12)))', '((4, 11), ((1, 1), (1, 12)))', '((5, 11), ((1, 1), (1, 12)))', '((14, 2), ())', '((6, 11), ((1, 1), (1, 12)))']",[117 states],42,33,75
118,"((7, 12), ((1, 1), (1, 12)))","((6, 12), ((1, 1), (1, 12)))",East,"[(((7, 11), ((1, 1), (1, 12))), 'South', 44, 33, 77)]","['((3, 8), ())', '((7, 10), ())', '((7, 11), ())', '((3, 12), ((1, 12),))', '((7, 7), ())', '((3, 11), ((1, 12),))', '((7, 12), ())', '((14, 1), ())', '((6, 4), ((1, 1),))', '((13, 5), ())', '((14, 2), ())', '((3, 10), ((1, 12),))', '((6, 6), ((1, 1),))', '((6, 11), ((1, 1),))', '((6, 10), ((1, 1),))', '((6, 12), ((1, 1),))', '((1, 11), ((1, 1), (1, 12)))', '((2, 11), ((1, 1), (1, 12)))', '((3, 11), ((1, 1), (1, 12)))', '((4, 11), ((1, 1), (1, 12)))', '((5, 11), ((1, 1), (1, 12)))', '((6, 11), ((1, 1), (1, 12)))']","['((3, 8), ())', '((7, 10), ())', '((7, 11), ())', '((3, 12), ((1, 12),))', '((7, 7), ())', '((3, 11), ((1, 12),))', '((7, 12), ())', '((14, 1), ())', '((6, 4), ((1, 1),))', '((13, 5), ())', '((14, 2), ())', '((3, 10), ((1, 12),))', '((6, 6), ((1, 1),))', '((6, 11), ((1, 1),))', '((6, 10), ((1, 1),))', '((6, 12), ((1, 1),))', '((1, 11), ((1, 1), (1, 12)))', '((2, 11), ((1, 1), (1, 12)))', '((3, 11), ((1, 1), (1, 12)))', '((4, 11), ((1, 1), (1, 12)))', '((5, 11), ((1, 1), (1, 12)))', '((6, 11), ((1, 1), (1, 12)))', '((7, 11), ((1, 1), (1, 12)))']",[118 states],43,32,75
119,"((3, 8), ())","((2, 8), ())",East,[],"['((7, 10), ())', '((3, 12), ((1, 12),))', '((7, 11), ())', '((6, 4), ((1, 1),))', '((7, 7), ())', '((3, 11), ((1, 12),))', '((7, 12), ())', '((14, 1), ())', '((2, 11), ((1, 1), (1, 12)))', '((13, 5), ())', '((14, 2), ())', '((3, 10), ((1, 12),))', '((6, 6), ((1, 1),))', '((6, 11), ((1, 1),))', '((6, 10), ((1, 1),))', '((6, 12), ((1, 1),))', '((1, 11), ((1, 1), (1, 12)))', '((7, 11), ((1, 1), (1, 12)))', '((3, 11), ((1, 1), (1, 12)))', '((4, 11), ((1, 1), (1, 12)))', '((5, 11), ((1, 1), (1, 12)))', '((6, 11), ((1, 1), (1, 12)))']","['((7, 10), ())', '((3, 12), ((1, 12),))', '((7, 11), ())', '((6, 4), ((1, 1),))', '((7, 7), ())', '((3, 11), ((1, 12),))', '((7, 12), ())', '((14, 1), ())', '((2, 11), ((1, 1), (1, 12)))', '((13, 5), ())', '((14, 2), ())', '((3, 10), ((1, 12),))', '((6, 6), ((1, 1),))', '((6, 11), ((1, 1),))', '((6, 10), ((1, 1),))', '((6, 12), ((1, 1),))', '((1, 11), ((1, 1), (1, 12)))', '((7, 11), ((1, 1), (1, 12)))', '((3, 11), ((1, 1), (1, 12)))', '((4, 11), ((1, 1), (1, 12)))', '((5, 11), ((1, 1), (1, 12)))', '((6, 11), ((1, 1), (1, 12)))']",[119 states],21,55,76
120,"((7, 10), ())","((6, 10), ())",East,[],"['((7, 11), ())', '((3, 12), ((1, 12),))', '((7, 12), ())', '((6, 4), ((1, 1),))', '((7, 7), ())', '((3, 11), ((1, 12),))', '((6, 10), ((1, 1),))', '((14, 1), ())', '((2, 11), ((1, 1), (1, 12)))', '((13, 5), ())', '((14, 2), ())', '((3, 10), ((1, 12),))', '((6, 6), ((1, 1),))', '((6, 11), ((1, 1),))', '((6, 11), ((1, 1), (1, 12)))', '((6, 12), ((1, 1),))', '((1, 11), ((1, 1), (1, 12)))', '((7, 11), ((1, 1), (1, 12)))', '((3, 11), ((1, 1), (1, 12)))', '((4, 11), ((1, 1), (1, 12)))', '((5, 11), ((1, 1), (1, 12)))']","['((7, 11), ())', '((3, 12), ((1, 12),))', '((7, 12), ())', '((6, 4), ((1, 1),))', '((7, 7), ())', '((3, 11), ((1, 12),))', '((6, 10), ((1, 1),))', '((14, 1), ())', '((2, 11), ((1, 1), (1, 12)))', '((13, 5), ())', '((14, 2), ())', '((3, 10), ((1, 12),))', '((6, 6), ((1, 1),))', '((6, 11), ((1, 1),))', '((6, 11), ((1, 1), (1, 12)))', '((6, 12), ((1, 1),))', '((1, 11), ((1, 1), (1, 12)))', '((7, 11), ((1, 1), (1, 12)))', '((3, 11), ((1, 1), (1, 12)))', '((4, 11), ((1, 1), (1, 12)))', '((5, 11), ((1, 1), (1, 12)))']",[120 states],19,57,76
121,"((7, 11), ())","((6, 11), ())",East,[],"['((7, 12), ())', '((3, 12), ((1, 12),))', '((3, 11), ((1, 12),))', '((6, 4), ((1, 1),))', '((7, 7), ())', '((3, 10), ((1, 12),))', '((6, 10), ((1, 1),))', '((14, 1), ())', '((2, 11), ((1, 1), (1, 12)))', '((13, 5), ())', '((14, 2), ())', '((5, 11), ((1, 1), (1, 12)))', '((6, 6), ((1, 1),))', '((6, 11), ((1, 1),))', '((6, 11), ((1, 1), (1, 12)))', '((6, 12), ((1, 1),))', '((1, 11), ((1, 1), (1, 12)))', '((7, 11), ((1, 1), (1, 12)))', '((3, 11), ((1, 1), (1, 12)))', '((4, 11), ((1, 1), (1, 12)))']","['((7, 12), ())', '((3, 12), ((1, 12),))', '((3, 11), ((1, 12),))', '((6, 4), ((1, 1),))', '((7, 7), ())', '((3, 10), ((1, 12),))', '((6, 10), ((1, 1),))', '((14, 1), ())', '((2, 11), ((1, 1), (1, 12)))', '((13, 5), ())', '((14, 2), ())', '((5, 11), ((1, 1), (1, 12)))', '((6, 6), ((1, 1),))', '((6, 11), ((1, 1),))', '((6, 11), ((1, 1), (1, 12)))', '((6, 12), ((1, 1),))', '((1, 11), ((1, 1), (1, 12)))', '((7, 11), ((1, 1), (1, 12)))', '((3, 11), ((1, 1), (1, 12)))', '((4, 11), ((1, 1), (1, 12)))']",[121 states],20,56,76
122,"((7, 12), ())","((6, 12), ())",East,[],"['((3, 12), ((1, 12),))', '((7, 7), ())', '((3, 11), ((1, 12),))', '((6, 4), ((1, 1),))', '((13, 5), ())', '((3, 10), ((1, 12),))', '((6, 10), ((1, 1),))', '((14, 1), ())', '((2, 11), ((1, 1), (1, 12)))', '((4, 11), ((1, 1), (1, 12)))', '((14, 2), ())', '((5, 11), ((1, 1), (1, 12)))', '((6, 6), ((1, 1),))', '((6, 11), ((1, 1),))', '((6, 11), ((1, 1), (1, 12)))', '((6, 12), ((1, 1),))', '((1, 11), ((1, 1), (1, 12)))', '((7, 11), ((1, 1), (1, 12)))', '((3, 11), ((1, 1), (1, 12)))']","['((3, 12), ((1, 12),))', '((7, 7), ())', '((3, 11), ((1, 12),))', '((6, 4), ((1, 1),))', '((13, 5), ())', '((3, 10), ((1, 12),))', '((6, 10), ((1, 1),))', '((14, 1), ())', '((2, 11), ((1, 1), (1, 12)))', '((4, 11), ((1, 1), (1, 12)))', '((14, 2), ())', '((5, 11), ((1, 1), (1, 12)))', '((6, 6), ((1, 1),))', '((6, 11), ((1, 1),))', '((6, 11), ((1, 1), (1, 12)))', '((6, 12), ((1, 1),))', '((1, 11), ((1, 1), (1, 12)))', '((7, 11), ((1, 1), (1, 12)))', '((3, 11), ((1, 1), (1, 12)))']",[122 states],21,55,76
123,"((3, 12), ((1, 12),))","((2, 12), ((1, 12),))",East,"[(((4, 12), ((1, 12),)), 'East', 26, 52, 78)]","['((3, 11), ((1, 12),))', '((7, 7), ())', '((3, 10), ((1, 12),))', '((6, 4), ((1, 1),))', '((13, 5), ())', '((6, 6), ((1, 1),))', '((6, 10), ((1, 1),))', '((14, 1), ())', '((2, 11), ((1, 1), (1, 12)))', '((4, 11), ((1, 1), (1, 12)))', '((14, 2), ())', '((5, 11), ((1, 1), (1, 12)))', '((3, 11), ((1, 1), (1, 12)))', '((6, 11), ((1, 1),))', '((6, 11), ((1, 1), (1, 12)))', '((6, 12), ((1, 1),))', '((1, 11), ((1, 1), (1, 12)))', '((7, 11), ((1, 1), (1, 12)))']","['((3, 11), ((1, 12),))', '((7, 7), ())', '((3, 10), ((1, 12),))', '((6, 4), ((1, 1),))', '((13, 5), ())', '((6, 6), ((1, 1),))', '((6, 10), ((1, 1),))', '((14, 1), ())', '((2, 11), ((1, 1), (1, 12)))', '((4, 11), ((1, 1), (1, 12)))', '((14, 2), ())', '((5, 11), ((1, 1), (1, 12)))', '((3, 11), ((1, 1), (1, 12)))', '((6, 11), ((1, 1),))', '((6, 11), ((1, 1), (1, 12)))', '((6, 12), ((1, 1),))', '((1, 11), ((1, 1), (1, 12)))', '((7, 11), ((1, 1), (1, 12)))', '((4, 12), ((1, 12),))']",[123 states],25,51,76
124,"((3, 11), ((1, 12),))","((2, 11), ((1, 12),))",East,"[(((4, 11), ((1, 12),)), 'East', 27, 51, 78)]","['((3, 10), ((1, 12),))', '((7, 7), ())', '((6, 6), ((1, 1),))', '((6, 4), ((1, 1),))', '((13, 5), ())', '((3, 11), ((1, 1), (1, 12)))', '((6, 10), ((1, 1),))', '((14, 1), ())', '((2, 11), ((1, 1), (1, 12)))', '((4, 11), ((1, 1), (1, 12)))', '((14, 2), ())', '((5, 11), ((1, 1), (1, 12)))', '((4, 12), ((1, 12),))', '((6, 11), ((1, 1),))', '((6, 11), ((1, 1), (1, 12)))', '((6, 12), ((1, 1),))', '((1, 11), ((1, 1), (1, 12)))', '((7, 11), ((1, 1), (1, 12)))']","['((3, 10), ((1, 12),))', '((7, 7), ())', '((6, 6), ((1, 1),))', '((6, 4), ((1, 1),))', '((13, 5), ())', '((3, 11), ((1, 1), (1, 12)))', '((6, 10), ((1, 1),))', '((14, 1), ())', '((2, 11), ((1, 1), (1, 12)))', '((4, 11), ((1, 1), (1, 12)))', '((14, 2), ())', '((5, 11), ((1, 1), (1, 12)))', '((4, 12), ((1, 12),))', '((6, 11), ((1, 1),))', '((6, 11), ((1, 1), (1, 12)))', '((6, 12), ((1, 1),))', '((1, 11), ((1, 1), (1, 12)))', '((7, 11), ((1, 1), (1, 12)))', '((4, 11), ((1, 12),))']",[124 states],26,50,76
125,"((3, 10), ((1, 12),))","((2, 10), ((1, 12),))",East,"[(((4, 10), ((1, 12),)), 'East', 28, 50, 78)]","['((7, 7), ())', '((13, 5), ())', '((6, 6), ((1, 1),))', '((6, 4), ((1, 1),))', '((14, 2), ())', '((3, 11), ((1, 1), (1, 12)))', '((6, 10), ((1, 1),))', '((14, 1), ())', '((2, 11), ((1, 1), (1, 12)))', '((4, 11), ((1, 1), (1, 12)))', '((4, 11), ((1, 12),))', '((5, 11), ((1, 1), (1, 12)))', '((4, 12), ((1, 12),))', '((6, 11), ((1, 1),))', '((6, 11), ((1, 1), (1, 12)))', '((6, 12), ((1, 1),))', '((1, 11), ((1, 1), (1, 12)))', '((7, 11), ((1, 1), (1, 12)))']","['((7, 7), ())', '((13, 5), ())', '((6, 6), ((1, 1),))', '((6, 4), ((1, 1),))', '((14, 2), ())', '((3, 11), ((1, 1), (1, 12)))', '((6, 10), ((1, 1),))', '((14, 1), ())', '((2, 11), ((1, 1), (1, 12)))', '((4, 11), ((1, 1), (1, 12)))', '((4, 11), ((1, 12),))', '((5, 11), ((1, 1), (1, 12)))', '((4, 12), ((1, 12),))', '((6, 11), ((1, 1),))', '((6, 11), ((1, 1), (1, 12)))', '((6, 12), ((1, 1),))', '((1, 11), ((1, 1), (1, 12)))', '((7, 11), ((1, 1), (1, 12)))', '((4, 10), ((1, 12),))']",[125 states],27,49,76
126,"((7, 7), ())","((7, 6), ())",North,"[(((7, 8), ()), 'North', 17, 59, 76)]","['((13, 5), ())', '((14, 2), ())', '((6, 6), ((1, 1),))', '((6, 4), ((1, 1),))', '((4, 11), ((1, 1), (1, 12)))', '((3, 11), ((1, 1), (1, 12)))', '((6, 10), ((1, 1),))', '((14, 1), ())', '((2, 11), ((1, 1), (1, 12)))', '((4, 10), ((1, 12),))', '((4, 11), ((1, 12),))', '((5, 11), ((1, 1), (1, 12)))', '((4, 12), ((1, 12),))', '((6, 11), ((1, 1),))', '((6, 11), ((1, 1), (1, 12)))', '((6, 12), ((1, 1),))', '((1, 11), ((1, 1), (1, 12)))', '((7, 11), ((1, 1), (1, 12)))']","['((7, 8), ())', '((13, 5), ())', '((6, 6), ((1, 1),))', '((14, 2), ())', '((4, 11), ((1, 1), (1, 12)))', '((3, 11), ((1, 1), (1, 12)))', '((6, 10), ((1, 1),))', '((14, 1), ())', '((6, 4), ((1, 1),))', '((4, 10), ((1, 12),))', '((4, 11), ((1, 12),))', '((5, 11), ((1, 1), (1, 12)))', '((4, 12), ((1, 12),))', '((6, 11), ((1, 1),))', '((6, 11), ((1, 1), (1, 12)))', '((6, 12), ((1, 1),))', '((1, 11), ((1, 1), (1, 12)))', '((7, 11), ((1, 1), (1, 12)))', '((2, 11), ((1, 1), (1, 12)))']",[126 states],16,60,76
127,"((7, 8), ())","((7, 7), ())",North,[],"['((13, 5), ())', '((14, 2), ())', '((6, 6), ((1, 1),))', '((6, 4), ((1, 1),))', '((4, 11), ((1, 1), (1, 12)))', '((3, 11), ((1, 1), (1, 12)))', '((6, 10), ((1, 1),))', '((14, 1), ())', '((2, 11), ((1, 1), (1, 12)))', '((4, 10), ((1, 12),))', '((4, 11), ((1, 12),))', '((5, 11), ((1, 1), (1, 12)))', '((4, 12), ((1, 12),))', '((6, 11), ((1, 1),))', '((6, 11), ((1, 1), (1, 12)))', '((6, 12), ((1, 1),))', '((1, 11), ((1, 1), (1, 12)))', '((7, 11), ((1, 1), (1, 12)))']","['((13, 5), ())', '((14, 2), ())', '((6, 6), ((1, 1),))', '((6, 4), ((1, 1),))', '((4, 11), ((1, 1), (1, 12)))', '((3, 11), ((1, 1), (1, 12)))', '((6, 10), ((1, 1),))', '((14, 1), ())', '((2, 11), ((1, 1), (1, 12)))', '((4, 10), ((1, 12),))', '((4, 11), ((1, 12),))', '((5, 11), ((1, 1), (1, 12)))', '((4, 12), ((1, 12),))', '((6, 11), ((1, 1),))', '((6, 11), ((1, 1), (1, 12)))', '((6, 12), ((1, 1),))', '((1, 11), ((1, 1), (1, 12)))', '((7, 11), ((1, 1), (1, 12)))']",[127 states],17,59,76
128,"((13, 5), ())","((13, 4), ())",North,"[(((13, 6), ()), 'North', 13, 66, 79)]","['((14, 2), ())', '((6, 4), ((1, 1),))', '((6, 6), ((1, 1),))', '((14, 1), ())', '((4, 11), ((1, 1), (1, 12)))', '((3, 11), ((1, 1), (1, 12)))', '((6, 10), ((1, 1),))', '((6, 12), ((1, 1),))', '((2, 11), ((1, 1), (1, 12)))', '((4, 10), ((1, 12),))', '((4, 11), ((1, 12),))', '((5, 11), ((1, 1), (1, 12)))', '((4, 12), ((1, 12),))', '((6, 11), ((1, 1),))', '((6, 11), ((1, 1), (1, 12)))', '((7, 11), ((1, 1), (1, 12)))', '((1, 11), ((1, 1), (1, 12)))']","['((14, 2), ())', '((6, 4), ((1, 1),))', '((6, 6), ((1, 1),))', '((14, 1), ())', '((4, 11), ((1, 1), (1, 12)))', '((3, 11), ((1, 1), (1, 12)))', '((6, 10), ((1, 1),))', '((6, 12), ((1, 1),))', '((2, 11), ((1, 1), (1, 12)))', '((4, 10), ((1, 12),))', '((4, 11), ((1, 12),))', '((5, 11), ((1, 1), (1, 12)))', '((4, 12), ((1, 12),))', '((6, 11), ((1, 1),))', '((6, 11), ((1, 1), (1, 12)))', '((7, 11), ((1, 1), (1, 12)))', '((1, 11), ((1, 1), (1, 12)))', '((13, 6), ())']",[128 states],12,65,77
129,"((14, 2), ())","((13, 2), ())",East,"[(((15, 2), ()), 'East', 15, 63, 78)]","['((6, 4), ((1, 1),))', '((14, 1), ())', '((6, 6), ((1, 1),))', '((6, 12), ((1, 1),))', '((4, 11), ((1, 1), (1, 12)))', '((3, 11), ((1, 1), (1, 12)))', '((6, 10), ((1, 1),))', '((1, 11), ((1, 1), (1, 12)))', '((2, 11), ((1, 1), (1, 12)))', '((4, 10), ((1, 12),))', '((4, 11), ((1, 12),))', '((5, 11), ((1, 1), (1, 12)))', '((4, 12), ((1, 12),))', '((6, 11), ((1, 1),))', '((6, 11), ((1, 1), (1, 12)))', '((7, 11), ((1, 1), (1, 12)))', '((13, 6), ())']","['((6, 4), ((1, 1),))', '((14, 1), ())', '((6, 6), ((1, 1),))', '((6, 12), ((1, 1),))', '((4, 11), ((1, 1), (1, 12)))', '((3, 11), ((1, 1), (1, 12)))', '((6, 10), ((1, 1),))', '((1, 11), ((1, 1), (1, 12)))', '((2, 11), ((1, 1), (1, 12)))', '((4, 10), ((1, 12),))', '((4, 11), ((1, 12),))', '((5, 11), ((1, 1), (1, 12)))', '((4, 12), ((1, 12),))', '((6, 11), ((1, 1),))', '((6, 11), ((1, 1), (1, 12)))', '((7, 11), ((1, 1), (1, 12)))', '((13, 6), ())', '((15, 2), ())']",[129 states],14,63,77
130,"((6, 4), ((1, 1),))","((5, 4), ((1, 1),))",East,"[(((7, 4), ((1, 1),)), 'East', 27, 52, 79)]","['((14, 1), ())', '((6, 12), ((1, 1),))', '((6, 6), ((1, 1),))', '((1, 11), ((1, 1), (1, 12)))', '((4, 11), ((1, 1), (1, 12)))', '((3, 11), ((1, 1), (1, 12)))', '((6, 10), ((1, 1),))', '((7, 11), ((1, 1), (1, 12)))', '((2, 11), ((1, 1), (1, 12)))', '((4, 10), ((1, 12),))', '((4, 11), ((1, 12),))', '((5, 11), ((1, 1), (1, 12)))', '((4, 12), ((1, 12),))', '((6, 11), ((1, 1),))', '((6, 11), ((1, 1), (1, 12)))', '((15, 2), ())', '((13, 6), ())']","['((14, 1), ())', '((6, 12), ((1, 1),))', '((6, 6), ((1, 1),))', '((1, 11), ((1, 1), (1, 12)))', '((4, 11), ((1, 1), (1, 12)))', '((3, 11), ((1, 1), (1, 12)))', '((6, 10), ((1, 1),))', '((7, 11), ((1, 1), (1, 12)))', '((2, 11), ((1, 1), (1, 12)))', '((4, 10), ((1, 12),))', '((4, 11), ((1, 12),))', '((5, 11), ((1, 1), (1, 12)))', '((4, 12), ((1, 12),))', '((6, 11), ((1, 1),))', '((6, 11), ((1, 1), (1, 12)))', '((15, 2), ())', '((13, 6), ())', '((7, 4), ((1, 1),))']",[130 states],26,51,77
131,"((14, 1), ())","((13, 1), ())",East,"[(((15, 1), ()), 'East', 16, 62, 78)]","['((6, 6), ((1, 1),))', '((6, 12), ((1, 1),))', '((6, 10), ((1, 1),))', '((1, 11), ((1, 1), (1, 12)))', '((4, 11), ((1, 1), (1, 12)))', '((3, 11), ((1, 1), (1, 12)))', '((6, 11), ((1, 1),))', '((7, 11), ((1, 1), (1, 12)))', '((2, 11), ((1, 1), (1, 12)))', '((4, 10), ((1, 12),))', '((4, 11), ((1, 12),))', '((5, 11), ((1, 1), (1, 12)))', '((4, 12), ((1, 12),))', '((7, 4), ((1, 1),))', '((6, 11), ((1, 1), (1, 12)))', '((15, 2), ())', '((13, 6), ())']","['((6, 6), ((1, 1),))', '((6, 12), ((1, 1),))', '((6, 10), ((1, 1),))', '((1, 11), ((1, 1), (1, 12)))', '((4, 11), ((1, 1), (1, 12)))', '((3, 11), ((1, 1), (1, 12)))', '((6, 11), ((1, 1),))', '((7, 11), ((1, 1), (1, 12)))', '((2, 11), ((1, 1), (1, 12)))', '((4, 10), ((1, 12),))', '((4, 11), ((1, 12),))', '((5, 11), ((1, 1), (1, 12)))', '((4, 12), ((1, 12),))', '((7, 4), ((1, 1),))', '((6, 11), ((1, 1), (1, 12)))', '((15, 2), ())', '((13, 6), ())', '((15, 1), ())']",[131 states],15,62,77
132,"((6, 6), ((1, 1),))","((5, 6), ((1, 1),))",East,"[(((7, 6), ((1, 1),)), 'East', 29, 50, 79)]","['((6, 10), ((1, 1),))', '((6, 12), ((1, 1),))', '((6, 11), ((1, 1),))', '((1, 11), ((1, 1), (1, 12)))', '((4, 11), ((1, 1), (1, 12)))', '((3, 11), ((1, 1), (1, 12)))', '((6, 11), ((1, 1), (1, 12)))', '((7, 11), ((1, 1), (1, 12)))', '((2, 11), ((1, 1), (1, 12)))', '((4, 10), ((1, 12),))', '((4, 11), ((1, 12),))', '((5, 11), ((1, 1), (1, 12)))', '((4, 12), ((1, 12),))', '((7, 4), ((1, 1),))', '((15, 1), ())', '((15, 2), ())', '((13, 6), ())']","['((6, 10), ((1, 1),))', '((6, 12), ((1, 1),))', '((6, 11), ((1, 1),))', '((1, 11), ((1, 1), (1, 12)))', '((4, 11), ((1, 1), (1, 12)))', '((3, 11), ((1, 1), (1, 12)))', '((6, 11), ((1, 1), (1, 12)))', '((7, 11), ((1, 1), (1, 12)))', '((2, 11), ((1, 1), (1, 12)))', '((4, 10), ((1, 12),))', '((4, 11), ((1, 12),))', '((5, 11), ((1, 1), (1, 12)))', '((4, 12), ((1, 12),))', '((7, 4), ((1, 1),))', '((15, 1), ())', '((15, 2), ())', '((13, 6), ())', '((7, 6), ((1, 1),))']",[132 states],28,49,77
133,"((6, 10), ((1, 1),))","((5, 10), ((1, 1),))",East,"[(((7, 10), ((1, 1),)), 'East', 33, 46, 79)]","['((6, 11), ((1, 1),))', '((6, 12), ((1, 1),))', '((3, 11), ((1, 1), (1, 12)))', '((1, 11), ((1, 1), (1, 12)))', '((4, 11), ((1, 1), (1, 12)))', '((5, 11), ((1, 1), (1, 12)))', '((6, 11), ((1, 1), (1, 12)))', '((7, 11), ((1, 1), (1, 12)))', '((2, 11), ((1, 1), (1, 12)))', '((4, 10), ((1, 12),))', '((4, 11), ((1, 12),))', '((7, 6), ((1, 1),))', '((4, 12), ((1, 12),))', '((7, 4), ((1, 1),))', '((15, 1), ())', '((15, 2), ())', '((13, 6), ())']","['((6, 11), ((1, 1),))', '((6, 12), ((1, 1),))', '((3, 11), ((1, 1), (1, 12)))', '((1, 11), ((1, 1), (1, 12)))', '((4, 11), ((1, 1), (1, 12)))', '((5, 11), ((1, 1), (1, 12)))', '((6, 11), ((1, 1), (1, 12)))', '((7, 11), ((1, 1), (1, 12)))', '((2, 11), ((1, 1), (1, 12)))', '((4, 10), ((1, 12),))', '((4, 11), ((1, 12),))', '((7, 6), ((1, 1),))', '((4, 12), ((1, 12),))', '((7, 4), ((1, 1),))', '((15, 1), ())', '((15, 2), ())', '((13, 6), ())', '((7, 10), ((1, 1),))']",[133 states],32,45,77
134,"((6, 11), ((1, 1),))","((5, 11), ((1, 1),))",East,"[(((7, 11), ((1, 1),)), 'East', 34, 45, 79)]","['((6, 12), ((1, 1),))', '((1, 11), ((1, 1), (1, 12)))', '((3, 11), ((1, 1), (1, 12)))', '((2, 11), ((1, 1), (1, 12)))', '((4, 11), ((1, 1), (1, 12)))', '((5, 11), ((1, 1), (1, 12)))', '((6, 11), ((1, 1), (1, 12)))', '((7, 11), ((1, 1), (1, 12)))', '((7, 10), ((1, 1),))', '((4, 10), ((1, 12),))', '((4, 11), ((1, 12),))', '((7, 6), ((1, 1),))', '((4, 12), ((1, 12),))', '((7, 4), ((1, 1),))', '((15, 1), ())', '((15, 2), ())', '((13, 6), ())']","['((6, 12), ((1, 1),))', '((1, 11), ((1, 1), (1, 12)))', '((3, 11), ((1, 1), (1, 12)))', '((2, 11), ((1, 1), (1, 12)))', '((4, 11), ((1, 1), (1, 12)))', '((5, 11), ((1, 1), (1, 12)))', '((6, 11), ((1, 1), (1, 12)))', '((7, 11), ((1, 1), (1, 12)))', '((7, 10), ((1, 1),))', '((4, 10), ((1, 12),))', '((4, 11), ((1, 12),))', '((7, 6), ((1, 1),))', '((4, 12), ((1, 12),))', '((7, 4), ((1, 1),))', '((15, 1), ())', '((15, 2), ())', '((13, 6), ())', '((7, 11), ((1, 1),))']",[134 states],33,44,77
135,"((6, 12), ((1, 1),))","((5, 12), ((1, 1),))",East,"[(((7, 12), ((1, 1),)), 'East', 35, 44, 79)]","['((1, 11), ((1, 1), (1, 12)))', '((2, 11), ((1, 1), (1, 12)))', '((3, 11), ((1, 1), (1, 12)))', '((7, 11), ((1, 1), (1, 12)))', '((4, 11), ((1, 1), (1, 12)))', '((5, 11), ((1, 1), (1, 12)))', '((6, 11), ((1, 1), (1, 12)))', '((15, 2), ())', '((7, 10), ((1, 1),))', '((4, 10), ((1, 12),))', '((4, 11), ((1, 12),))', '((7, 6), ((1, 1),))', '((4, 12), ((1, 12),))', '((7, 4), ((1, 1),))', '((15, 1), ())', '((7, 11), ((1, 1),))', '((13, 6), ())']","['((1, 11), ((1, 1), (1, 12)))', '((2, 11), ((1, 1), (1, 12)))', '((3, 11), ((1, 1), (1, 12)))', '((7, 11), ((1, 1), (1, 12)))', '((4, 11), ((1, 1), (1, 12)))', '((5, 11), ((1, 1), (1, 12)))', '((6, 11), ((1, 1), (1, 12)))', '((15, 2), ())', '((7, 10), ((1, 1),))', '((4, 10), ((1, 12),))', '((4, 11), ((1, 12),))', '((7, 6), ((1, 1),))', '((4, 12), ((1, 12),))', '((7, 4), ((1, 1),))', '((15, 1), ())', '((7, 11), ((1, 1),))', '((13, 6), ())', '((7, 12), ((1, 1),))']",[135 states],34,43,77
136,"((1, 11), ((1, 1), (1, 12)))","((1, 12), ((1, 1), (1, 12)))",South,"[(((1, 10), ((1, 1), (1, 12))), 'South', 39, 40, 79)]","['((2, 11), ((1, 1), (1, 12)))', '((4, 11), ((1, 1), (1, 12)))', '((3, 11), ((1, 1), (1, 12)))', '((7, 11), ((1, 1), (1, 12)))', '((4, 11), ((1, 12),))', '((5, 11), ((1, 1), (1, 12)))', '((6, 11), ((1, 1), (1, 12)))', '((15, 2), ())', '((7, 10), ((1, 1),))', '((4, 10), ((1, 12),))', '((7, 12), ((1, 1),))', '((7, 6), ((1, 1),))', '((4, 12), ((1, 12),))', '((7, 4), ((1, 1),))', '((15, 1), ())', '((7, 11), ((1, 1),))', '((13, 6), ())']","['((2, 11), ((1, 1), (1, 12)))', '((4, 11), ((1, 1), (1, 12)))', '((3, 11), ((1, 1), (1, 12)))', '((7, 11), ((1, 1), (1, 12)))', '((4, 11), ((1, 12),))', '((5, 11), ((1, 1), (1, 12)))', '((6, 11), ((1, 1), (1, 12)))', '((15, 2), ())', '((7, 10), ((1, 1),))', '((4, 10), ((1, 12),))', '((7, 12), ((1, 1),))', '((7, 6), ((1, 1),))', '((4, 12), ((1, 12),))', '((7, 4), ((1, 1),))', '((15, 1), ())', '((7, 11), ((1, 1),))', '((13, 6), ())', '((1, 10), ((1, 1), (1, 12)))']",[136 states],38,39,77
137,"((2, 11), ((1, 1), (1, 12)))","((2, 12), ((1, 1), (1, 12)))",South,"[(((2, 10), ((1, 1), (1, 12))), 'South', 40, 39, 79)]","['((3, 11), ((1, 1), (1, 12)))', '((4, 11), ((1, 1), (1, 12)))', '((5, 11), ((1, 1), (1, 12)))', '((7, 11), ((1, 1), (1, 12)))', '((4, 11), ((1, 12),))', '((4, 12), ((1, 12),))', '((6, 11), ((1, 1), (1, 12)))', '((15, 2), ())', '((7, 10), ((1, 1),))', '((4, 10), ((1, 12),))', '((7, 12), ((1, 1),))', '((7, 6), ((1, 1),))', '((1, 10), ((1, 1), (1, 12)))', '((7, 4), ((1, 1),))', '((15, 1), ())', '((7, 11), ((1, 1),))', '((13, 6), ())']","['((3, 11), ((1, 1), (1, 12)))', '((4, 11), ((1, 1), (1, 12)))', '((5, 11), ((1, 1), (1, 12)))', '((7, 11), ((1, 1), (1, 12)))', '((4, 11), ((1, 12),))', '((4, 12), ((1, 12),))', '((6, 11), ((1, 1), (1, 12)))', '((15, 2), ())', '((7, 10), ((1, 1),))', '((4, 10), ((1, 12),))', '((7, 12), ((1, 1),))', '((7, 6), ((1, 1),))', '((1, 10), ((1, 1), (1, 12)))', '((7, 4), ((1, 1),))', '((15, 1), ())', '((7, 11), ((1, 1),))', '((13, 6), ())', '((2, 10), ((1, 1), (1, 12)))']",[137 states],39,38,77
138,"((3, 11), ((1, 1), (1, 12)))","((3, 12), ((1, 1), (1, 12)))",South,"[(((3, 10), ((1, 1), (1, 12))), 'South', 41, 38, 79)]","['((4, 11), ((1, 1), (1, 12)))', '((7, 11), ((1, 1), (1, 12)))', '((5, 11), ((1, 1), (1, 12)))', '((15, 2), ())', '((4, 11), ((1, 12),))', '((4, 12), ((1, 12),))', '((6, 11), ((1, 1), (1, 12)))', '((13, 6), ())', '((7, 10), ((1, 1),))', '((4, 10), ((1, 12),))', '((7, 12), ((1, 1),))', '((7, 6), ((1, 1),))', '((1, 10), ((1, 1), (1, 12)))', '((7, 4), ((1, 1),))', '((15, 1), ())', '((7, 11), ((1, 1),))', '((2, 10), ((1, 1), (1, 12)))']","['((4, 11), ((1, 1), (1, 12)))', '((7, 11), ((1, 1), (1, 12)))', '((5, 11), ((1, 1), (1, 12)))', '((15, 2), ())', '((4, 11), ((1, 12),))', '((4, 12), ((1, 12),))', '((6, 11), ((1, 1), (1, 12)))', '((13, 6), ())', '((7, 10), ((1, 1),))', '((4, 10), ((1, 12),))', '((7, 12), ((1, 1),))', '((7, 6), ((1, 1),))', '((1, 10), ((1, 1), (1, 12)))', '((7, 4), ((1, 1),))', '((15, 1), ())', '((7, 11), ((1, 1),))', '((2, 10), ((1, 1), (1, 12)))', '((3, 10), ((1, 1), (1, 12)))']",[138 states],40,37,77
139,"((4, 11), ((1, 1), (1, 12)))","((4, 12), ((1, 1), (1, 12)))",South,"[(((4, 10), ((1, 1), (1, 12))), 'South', 42, 37, 79)]","['((5, 11), ((1, 1), (1, 12)))', '((7, 11), ((1, 1), (1, 12)))', '((6, 11), ((1, 1), (1, 12)))', '((15, 2), ())', '((4, 11), ((1, 12),))', '((4, 12), ((1, 12),))', '((15, 1), ())', '((13, 6), ())', '((7, 10), ((1, 1),))', '((4, 10), ((1, 12),))', '((7, 12), ((1, 1),))', '((7, 6), ((1, 1),))', '((1, 10), ((1, 1), (1, 12)))', '((7, 4), ((1, 1),))', '((3, 10), ((1, 1), (1, 12)))', '((7, 11), ((1, 1),))', '((2, 10), ((1, 1), (1, 12)))']","['((5, 11), ((1, 1), (1, 12)))', '((7, 11), ((1, 1), (1, 12)))', '((6, 11), ((1, 1), (1, 12)))', '((15, 2), ())', '((4, 11), ((1, 12),))', '((4, 12), ((1, 12),))', '((15, 1), ())', '((13, 6), ())', '((7, 10), ((1, 1),))', '((4, 10), ((1, 12),))', '((7, 12), ((1, 1),))', '((7, 6), ((1, 1),))', '((1, 10), ((1, 1), (1, 12)))', '((7, 4), ((1, 1),))', '((3, 10), ((1, 1), (1, 12)))', '((7, 11), ((1, 1),))', '((2, 10), ((1, 1), (1, 12)))', '((4, 10), ((1, 1), (1, 12)))']",[139 states],41,36,77
140,"((5, 11), ((1, 1), (1, 12)))","((5, 12), ((1, 1), (1, 12)))",South,"[(((5, 10), ((1, 1), (1, 12))), 'South', 43, 36, 79)]","['((6, 11), ((1, 1), (1, 12)))', '((7, 11), ((1, 1), (1, 12)))', '((4, 12), ((1, 12),))', '((15, 2), ())', '((4, 11), ((1, 12),))', '((7, 6), ((1, 1),))', '((15, 1), ())', '((13, 6), ())', '((7, 10), ((1, 1),))', '((4, 10), ((1, 12),))', '((7, 12), ((1, 1),))', '((4, 10), ((1, 1), (1, 12)))', '((1, 10), ((1, 1), (1, 12)))', '((7, 4), ((1, 1),))', '((3, 10), ((1, 1), (1, 12)))', '((7, 11), ((1, 1),))', '((2, 10), ((1, 1), (1, 12)))']","['((6, 11), ((1, 1), (1, 12)))', '((7, 11), ((1, 1), (1, 12)))', '((4, 12), ((1, 12),))', '((15, 2), ())', '((4, 11), ((1, 12),))', '((7, 6), ((1, 1),))', '((15, 1), ())', '((13, 6), ())', '((7, 10), ((1, 1),))', '((4, 10), ((1, 12),))', '((7, 12), ((1, 1),))', '((4, 10), ((1, 1), (1, 12)))', '((1, 10), ((1, 1), (1, 12)))', '((7, 4), ((1, 1),))', '((3, 10), ((1, 1), (1, 12)))', '((7, 11), ((1, 1),))', '((2, 10), ((1, 1), (1, 12)))', '((5, 10), ((1, 1), (1, 12)))']",[140 states],42,35,77
141,"((6, 11), ((1, 1), (1, 12)))","((6, 12), ((1, 1), (1, 12)))",South,"[(((6, 10), ((1, 1), (1, 12))), 'South', 44, 35, 79)]","['((7, 11), ((1, 1), (1, 12)))', '((4, 11), ((1, 12),))', '((4, 12), ((1, 12),))', '((15, 2), ())', '((4, 10), ((1, 12),))', '((7, 6), ((1, 1),))', '((15, 1), ())', '((13, 6), ())', '((7, 10), ((1, 1),))', '((5, 10), ((1, 1), (1, 12)))', '((7, 12), ((1, 1),))', '((4, 10), ((1, 1), (1, 12)))', '((1, 10), ((1, 1), (1, 12)))', '((7, 4), ((1, 1),))', '((3, 10), ((1, 1), (1, 12)))', '((7, 11), ((1, 1),))', '((2, 10), ((1, 1), (1, 12)))']","['((7, 11), ((1, 1), (1, 12)))', '((4, 11), ((1, 12),))', '((4, 12), ((1, 12),))', '((15, 2), ())', '((4, 10), ((1, 12),))', '((7, 6), ((1, 1),))', '((15, 1), ())', '((13, 6), ())', '((7, 10), ((1, 1),))', '((5, 10), ((1, 1), (1, 12)))', '((7, 12), ((1, 1),))', '((4, 10), ((1, 1), (1, 12)))', '((1, 10), ((1, 1), (1, 12)))', '((7, 4), ((1, 1),))', '((3, 10), ((1, 1), (1, 12)))', '((7, 11), ((1, 1),))', '((2, 10), ((1, 1), (1, 12)))', '((6, 10), ((1, 1), (1, 12)))']",[141 states],43,34,77
142,"((7, 11), ((1, 1), (1, 12)))","((7, 12), ((1, 1), (1, 12)))",South,"[(((7, 10), ((1, 1), (1, 12))), 'South', 45, 34, 79)]","['((4, 12), ((1, 12),))', '((4, 11), ((1, 12),))', '((15, 1), ())', '((15, 2), ())', '((4, 10), ((1, 12),))', '((7, 6), ((1, 1),))', '((7, 4), ((1, 1),))', '((13, 6), ())', '((7, 10), ((1, 1),))', '((5, 10), ((1, 1), (1, 12)))', '((7, 12), ((1, 1),))', '((4, 10), ((1, 1), (1, 12)))', '((1, 10), ((1, 1), (1, 12)))', '((6, 10), ((1, 1), (1, 12)))', '((3, 10), ((1, 1), (1, 12)))', '((7, 11), ((1, 1),))', '((2, 10), ((1, 1), (1, 12)))']","['((4, 12), ((1, 12),))', '((4, 11), ((1, 12),))', '((15, 1), ())', '((15, 2), ())', '((4, 10), ((1, 12),))', '((7, 6), ((1, 1),))', '((7, 4), ((1, 1),))', '((13, 6), ())', '((7, 10), ((1, 1),))', '((5, 10), ((1, 1), (1, 12)))', '((7, 12), ((1, 1),))', '((4, 10), ((1, 1), (1, 12)))', '((1, 10), ((1, 1), (1, 12)))', '((6, 10), ((1, 1), (1, 12)))', '((3, 10), ((1, 1), (1, 12)))', '((7, 11), ((1, 1),))', '((2, 10), ((1, 1), (1, 12)))', '((7, 10), ((1, 1), (1, 12)))']",[142 states],44,33,77
143,"((4, 12), ((1, 12),))","((3, 12), ((1, 12),))",East,"[(((5, 12), ((1, 12),)), 'East', 27, 53, 80)]","['((4, 11), ((1, 12),))', '((4, 10), ((1, 12),))', '((15, 1), ())', '((15, 2), ())', '((7, 12), ((1, 1),))', '((7, 6), ((1, 1),))', '((7, 4), ((1, 1),))', '((13, 6), ())', '((7, 10), ((1, 1),))', '((5, 10), ((1, 1), (1, 12)))', '((7, 10), ((1, 1), (1, 12)))', '((4, 10), ((1, 1), (1, 12)))', '((1, 10), ((1, 1), (1, 12)))', '((6, 10), ((1, 1), (1, 12)))', '((3, 10), ((1, 1), (1, 12)))', '((7, 11), ((1, 1),))', '((2, 10), ((1, 1), (1, 12)))']","['((4, 11), ((1, 12),))', '((4, 10), ((1, 12),))', '((15, 1), ())', '((15, 2), ())', '((7, 12), ((1, 1),))', '((7, 6), ((1, 1),))', '((7, 4), ((1, 1),))', '((13, 6), ())', '((7, 10), ((1, 1),))', '((5, 10), ((1, 1), (1, 12)))', '((7, 10), ((1, 1), (1, 12)))', '((4, 10), ((1, 1), (1, 12)))', '((1, 10), ((1, 1), (1, 12)))', '((6, 10), ((1, 1), (1, 12)))', '((3, 10), ((1, 1), (1, 12)))', '((7, 11), ((1, 1),))', '((2, 10), ((1, 1), (1, 12)))', '((5, 12), ((1, 12),))']",[143 states],26,52,78
144,"((4, 11), ((1, 12),))","((3, 11), ((1, 12),))",East,"[(((5, 11), ((1, 12),)), 'East', 28, 52, 80)]","['((4, 10), ((1, 12),))', '((15, 2), ())', '((15, 1), ())', '((13, 6), ())', '((7, 12), ((1, 1),))', '((7, 6), ((1, 1),))', '((7, 4), ((1, 1),))', '((7, 11), ((1, 1),))', '((7, 10), ((1, 1),))', '((5, 10), ((1, 1), (1, 12)))', '((7, 10), ((1, 1), (1, 12)))', '((4, 10), ((1, 1), (1, 12)))', '((1, 10), ((1, 1), (1, 12)))', '((6, 10), ((1, 1), (1, 12)))', '((3, 10), ((1, 1), (1, 12)))', '((5, 12), ((1, 12),))', '((2, 10), ((1, 1), (1, 12)))']","['((4, 10), ((1, 12),))', '((15, 2), ())', '((15, 1), ())', '((13, 6), ())', '((7, 12), ((1, 1),))', '((7, 6), ((1, 1),))', '((7, 4), ((1, 1),))', '((7, 11), ((1, 1),))', '((7, 10), ((1, 1),))', '((5, 10), ((1, 1), (1, 12)))', '((7, 10), ((1, 1), (1, 12)))', '((4, 10), ((1, 1), (1, 12)))', '((1, 10), ((1, 1), (1, 12)))', '((6, 10), ((1, 1), (1, 12)))', '((3, 10), ((1, 1), (1, 12)))', '((5, 12), ((1, 12),))', '((2, 10), ((1, 1), (1, 12)))', '((5, 11), ((1, 12),))']",[144 states],27,51,78
145,"((4, 10), ((1, 12),))","((3, 10), ((1, 12),))",East,"[(((5, 10), ((1, 12),)), 'East', 29, 51, 80)]","['((15, 2), ())', '((13, 6), ())', '((15, 1), ())', '((7, 10), ((1, 1),))', '((7, 12), ((1, 1),))', '((7, 6), ((1, 1),))', '((7, 4), ((1, 1),))', '((7, 11), ((1, 1),))', '((5, 11), ((1, 12),))', '((5, 10), ((1, 1), (1, 12)))', '((7, 10), ((1, 1), (1, 12)))', '((4, 10), ((1, 1), (1, 12)))', '((1, 10), ((1, 1), (1, 12)))', '((6, 10), ((1, 1), (1, 12)))', '((3, 10), ((1, 1), (1, 12)))', '((5, 12), ((1, 12),))', '((2, 10), ((1, 1), (1, 12)))']","['((15, 2), ())', '((13, 6), ())', '((15, 1), ())', '((7, 10), ((1, 1),))', '((7, 12), ((1, 1),))', '((7, 6), ((1, 1),))', '((7, 4), ((1, 1),))', '((7, 11), ((1, 1),))', '((5, 11), ((1, 12),))', '((5, 10), ((1, 1), (1, 12)))', '((7, 10), ((1, 1), (1, 12)))', '((4, 10), ((1, 1), (1, 12)))', '((1, 10), ((1, 1), (1, 12)))', '((6, 10), ((1, 1), (1, 12)))', '((3, 10), ((1, 1), (1, 12)))', '((5, 12), ((1, 12),))', '((2, 10), ((1, 1), (1, 12)))', '((5, 10), ((1, 12),))']",[145 states],28,50,78
146,"((15, 2), ())","((14, 2), ())",East,"[(((16, 2), ()), 'East', 16, 62, 78)]","['((15, 1), ())', '((13, 6), ())', '((7, 4), ((1, 1),))', '((7, 10), ((1, 1),))', '((7, 12), ((1, 1),))', '((7, 6), ((1, 1),))', '((3, 10), ((1, 1), (1, 12)))', '((7, 11), ((1, 1),))', '((5, 11), ((1, 12),))', '((5, 10), ((1, 1), (1, 12)))', '((7, 10), ((1, 1), (1, 12)))', '((4, 10), ((1, 1), (1, 12)))', '((1, 10), ((1, 1), (1, 12)))', '((6, 10), ((1, 1), (1, 12)))', '((5, 10), ((1, 12),))', '((5, 12), ((1, 12),))', '((2, 10), ((1, 1), (1, 12)))']","['((15, 1), ())', '((16, 2), ())', '((7, 4), ((1, 1),))', '((13, 6), ())', '((7, 12), ((1, 1),))', '((7, 6), ((1, 1),))', '((3, 10), ((1, 1), (1, 12)))', '((7, 11), ((1, 1),))', '((7, 10), ((1, 1),))', '((5, 10), ((1, 1), (1, 12)))', '((7, 10), ((1, 1), (1, 12)))', '((4, 10), ((1, 1), (1, 12)))', '((1, 10), ((1, 1), (1, 12)))', '((6, 10), ((1, 1), (1, 12)))', '((5, 10), ((1, 12),))', '((5, 12), ((1, 12),))', '((2, 10), ((1, 1), (1, 12)))', '((5, 11), ((1, 12),))']",[146 states],15,63,78
147,"((15, 1), ())","((14, 1), ())",East,"[(((16, 1), ()), 'East', 17, 61, 78)]","['((16, 2), ())', '((13, 6), ())', '((7, 4), ((1, 1),))', '((7, 10), ((1, 1),))', '((7, 12), ((1, 1),))', '((7, 6), ((1, 1),))', '((3, 10), ((1, 1), (1, 12)))', '((7, 11), ((1, 1),))', '((5, 11), ((1, 12),))', '((5, 10), ((1, 1), (1, 12)))', '((7, 10), ((1, 1), (1, 12)))', '((4, 10), ((1, 1), (1, 12)))', '((1, 10), ((1, 1), (1, 12)))', '((6, 10), ((1, 1), (1, 12)))', '((5, 10), ((1, 12),))', '((5, 12), ((1, 12),))', '((2, 10), ((1, 1), (1, 12)))']","['((16, 2), ())', '((16, 1), ())', '((7, 4), ((1, 1),))', '((13, 6), ())', '((7, 12), ((1, 1),))', '((7, 6), ((1, 1),))', '((3, 10), ((1, 1), (1, 12)))', '((7, 11), ((1, 1),))', '((7, 10), ((1, 1),))', '((5, 10), ((1, 1), (1, 12)))', '((7, 10), ((1, 1), (1, 12)))', '((4, 10), ((1, 1), (1, 12)))', '((1, 10), ((1, 1), (1, 12)))', '((6, 10), ((1, 1), (1, 12)))', '((5, 10), ((1, 12),))', '((5, 12), ((1, 12),))', '((2, 10), ((1, 1), (1, 12)))', '((5, 11), ((1, 12),))']",[147 states],16,62,78
148,"((16, 2), ())","((15, 2), ())",East,"[(((16, 3), ()), 'North', 17, 63, 80)]","['((16, 1), ())', '((13, 6), ())', '((7, 4), ((1, 1),))', '((7, 10), ((1, 1),))', '((7, 12), ((1, 1),))', '((7, 6), ((1, 1),))', '((3, 10), ((1, 1), (1, 12)))', '((7, 11), ((1, 1),))', '((5, 11), ((1, 12),))', '((5, 10), ((1, 1), (1, 12)))', '((7, 10), ((1, 1), (1, 12)))', '((4, 10), ((1, 1), (1, 12)))', '((1, 10), ((1, 1), (1, 12)))', '((6, 10), ((1, 1), (1, 12)))', '((5, 10), ((1, 12),))', '((5, 12), ((1, 12),))', '((2, 10), ((1, 1), (1, 12)))']","['((16, 1), ())', '((13, 6), ())', '((7, 4), ((1, 1),))', '((7, 10), ((1, 1),))', '((7, 12), ((1, 1),))', '((7, 6), ((1, 1),))', '((3, 10), ((1, 1), (1, 12)))', '((7, 11), ((1, 1),))', '((5, 11), ((1, 12),))', '((5, 10), ((1, 1), (1, 12)))', '((7, 10), ((1, 1), (1, 12)))', '((4, 10), ((1, 1), (1, 12)))', '((1, 10), ((1, 1), (1, 12)))', '((6, 10), ((1, 1), (1, 12)))', '((5, 10), ((1, 12),))', '((5, 12), ((1, 12),))', '((2, 10), ((1, 1), (1, 12)))', '((16, 3), ())']",[148 states],16,62,78
149,"((16, 1), ())","((15, 1), ())",East,[],"['((13, 6), ())', '((7, 10), ((1, 1),))', '((7, 4), ((1, 1),))', '((7, 11), ((1, 1),))', '((7, 12), ((1, 1),))', '((7, 6), ((1, 1),))', '((3, 10), ((1, 1), (1, 12)))', '((2, 10), ((1, 1), (1, 12)))', '((5, 11), ((1, 12),))', '((5, 10), ((1, 1), (1, 12)))', '((7, 10), ((1, 1), (1, 12)))', '((4, 10), ((1, 1), (1, 12)))', '((1, 10), ((1, 1), (1, 12)))', '((6, 10), ((1, 1), (1, 12)))', '((5, 10), ((1, 12),))', '((5, 12), ((1, 12),))', '((16, 3), ())']","['((13, 6), ())', '((7, 10), ((1, 1),))', '((7, 4), ((1, 1),))', '((7, 11), ((1, 1),))', '((7, 12), ((1, 1),))', '((7, 6), ((1, 1),))', '((3, 10), ((1, 1), (1, 12)))', '((2, 10), ((1, 1), (1, 12)))', '((5, 11), ((1, 12),))', '((5, 10), ((1, 1), (1, 12)))', '((7, 10), ((1, 1), (1, 12)))', '((4, 10), ((1, 1), (1, 12)))', '((1, 10), ((1, 1), (1, 12)))', '((6, 10), ((1, 1), (1, 12)))', '((5, 10), ((1, 12),))', '((5, 12), ((1, 12),))', '((16, 3), ())']",[149 states],17,61,78
150,"((13, 6), ())","((13, 5), ())",North,"[(((12, 6), ()), 'West', 14, 65, 79)]","['((7, 4), ((1, 1),))', '((7, 10), ((1, 1),))', '((7, 6), ((1, 1),))', '((7, 11), ((1, 1),))', '((7, 12), ((1, 1),))', '((1, 10), ((1, 1), (1, 12)))', '((3, 10), ((1, 1), (1, 12)))', '((2, 10), ((1, 1), (1, 12)))', '((5, 11), ((1, 12),))', '((5, 10), ((1, 1), (1, 12)))', '((7, 10), ((1, 1), (1, 12)))', '((4, 10), ((1, 1), (1, 12)))', '((16, 3), ())', '((6, 10), ((1, 1), (1, 12)))', '((5, 10), ((1, 12),))', '((5, 12), ((1, 12),))']","['((7, 4), ((1, 1),))', '((7, 10), ((1, 1),))', '((7, 6), ((1, 1),))', '((7, 11), ((1, 1),))', '((7, 12), ((1, 1),))', '((1, 10), ((1, 1), (1, 12)))', '((3, 10), ((1, 1), (1, 12)))', '((2, 10), ((1, 1), (1, 12)))', '((5, 11), ((1, 12),))', '((5, 10), ((1, 1), (1, 12)))', '((7, 10), ((1, 1), (1, 12)))', '((4, 10), ((1, 1), (1, 12)))', '((16, 3), ())', '((6, 10), ((1, 1), (1, 12)))', '((5, 10), ((1, 12),))', '((5, 12), ((1, 12),))', '((12, 6), ())']",[150 states],13,66,79
151,"((7, 4), ((1, 1),))","((6, 4), ((1, 1),))",East,"[(((8, 4), ((1, 1),)), 'East', 28, 53, 81)]","['((7, 6), ((1, 1),))', '((7, 10), ((1, 1),))', '((1, 10), ((1, 1), (1, 12)))', '((7, 11), ((1, 1),))', '((7, 12), ((1, 1),))', '((4, 10), ((1, 1), (1, 12)))', '((3, 10), ((1, 1), (1, 12)))', '((2, 10), ((1, 1), (1, 12)))', '((5, 11), ((1, 12),))', '((5, 10), ((1, 1), (1, 12)))', '((7, 10), ((1, 1), (1, 12)))', '((12, 6), ())', '((16, 3), ())', '((6, 10), ((1, 1), (1, 12)))', '((5, 10), ((1, 12),))', '((5, 12), ((1, 12),))']","['((7, 6), ((1, 1),))', '((7, 10), ((1, 1),))', '((1, 10), ((1, 1), (1, 12)))', '((7, 11), ((1, 1),))', '((7, 12), ((1, 1),))', '((4, 10), ((1, 1), (1, 12)))', '((3, 10), ((1, 1), (1, 12)))', '((2, 10), ((1, 1), (1, 12)))', '((5, 11), ((1, 12),))', '((5, 10), ((1, 1), (1, 12)))', '((7, 10), ((1, 1), (1, 12)))', '((12, 6), ())', '((16, 3), ())', '((6, 10), ((1, 1), (1, 12)))', '((5, 10), ((1, 12),))', '((5, 12), ((1, 12),))', '((8, 4), ((1, 1),))']",[151 states],27,52,79
152,"((7, 6), ((1, 1),))","((6, 6), ((1, 1),))",East,"[(((7, 7), ((1, 1),)), 'North', 30, 49, 79)]","['((7, 10), ((1, 1),))', '((7, 11), ((1, 1),))', '((1, 10), ((1, 1), (1, 12)))', '((2, 10), ((1, 1), (1, 12)))', '((7, 12), ((1, 1),))', '((4, 10), ((1, 1), (1, 12)))', '((3, 10), ((1, 1), (1, 12)))', '((5, 12), ((1, 12),))', '((5, 11), ((1, 12),))', '((5, 10), ((1, 1), (1, 12)))', '((7, 10), ((1, 1), (1, 12)))', '((12, 6), ())', '((16, 3), ())', '((6, 10), ((1, 1), (1, 12)))', '((5, 10), ((1, 12),))', '((8, 4), ((1, 1),))']","['((7, 10), ((1, 1),))', '((7, 11), ((1, 1),))', '((1, 10), ((1, 1), (1, 12)))', '((2, 10), ((1, 1), (1, 12)))', '((7, 12), ((1, 1),))', '((4, 10), ((1, 1), (1, 12)))', '((3, 10), ((1, 1), (1, 12)))', '((7, 7), ((1, 1),))', '((5, 11), ((1, 12),))', '((5, 10), ((1, 1), (1, 12)))', '((7, 10), ((1, 1), (1, 12)))', '((12, 6), ())', '((16, 3), ())', '((6, 10), ((1, 1), (1, 12)))', '((5, 10), ((1, 12),))', '((8, 4), ((1, 1),))', '((5, 12), ((1, 12),))']",[152 states],29,50,79
153,"((7, 10), ((1, 1),))","((6, 10), ((1, 1),))",East,[],"['((7, 11), ((1, 1),))', '((7, 12), ((1, 1),))', '((1, 10), ((1, 1), (1, 12)))', '((2, 10), ((1, 1), (1, 12)))', '((5, 10), ((1, 1), (1, 12)))', '((4, 10), ((1, 1), (1, 12)))', '((3, 10), ((1, 1), (1, 12)))', '((7, 7), ((1, 1),))', '((5, 11), ((1, 12),))', '((5, 12), ((1, 12),))', '((7, 10), ((1, 1), (1, 12)))', '((12, 6), ())', '((16, 3), ())', '((6, 10), ((1, 1), (1, 12)))', '((5, 10), ((1, 12),))', '((8, 4), ((1, 1),))']","['((7, 11), ((1, 1),))', '((7, 12), ((1, 1),))', '((1, 10), ((1, 1), (1, 12)))', '((2, 10), ((1, 1), (1, 12)))', '((5, 10), ((1, 1), (1, 12)))', '((4, 10), ((1, 1), (1, 12)))', '((3, 10), ((1, 1), (1, 12)))', '((7, 7), ((1, 1),))', '((5, 11), ((1, 12),))', '((5, 12), ((1, 12),))', '((7, 10), ((1, 1), (1, 12)))', '((12, 6), ())', '((16, 3), ())', '((6, 10), ((1, 1), (1, 12)))', '((5, 10), ((1, 12),))', '((8, 4), ((1, 1),))']",[153 states],33,46,79
154,"((7, 11), ((1, 1),))","((6, 11), ((1, 1),))",East,[],"['((7, 12), ((1, 1),))', '((2, 10), ((1, 1), (1, 12)))', '((1, 10), ((1, 1), (1, 12)))', '((7, 7), ((1, 1),))', '((5, 10), ((1, 1), (1, 12)))', '((4, 10), ((1, 1), (1, 12)))', '((3, 10), ((1, 1), (1, 12)))', '((8, 4), ((1, 1),))', '((5, 11), ((1, 12),))', '((5, 12), ((1, 12),))', '((7, 10), ((1, 1), (1, 12)))', '((12, 6), ())', '((16, 3), ())', '((6, 10), ((1, 1), (1, 12)))', '((5, 10), ((1, 12),))']","['((7, 12), ((1, 1),))', '((2, 10), ((1, 1), (1, 12)))', '((1, 10), ((1, 1), (1, 12)))', '((7, 7), ((1, 1),))', '((5, 10), ((1, 1), (1, 12)))', '((4, 10), ((1, 1), (1, 12)))', '((3, 10), ((1, 1), (1, 12)))', '((8, 4), ((1, 1),))', '((5, 11), ((1, 12),))', '((5, 12), ((1, 12),))', '((7, 10), ((1, 1), (1, 12)))', '((12, 6), ())', '((16, 3), ())', '((6, 10), ((1, 1), (1, 12)))', '((5, 10), ((1, 12),))']",[154 states],34,45,79
155,"((7, 12), ((1, 1),))","((6, 12), ((1, 1),))",East,[],"['((1, 10), ((1, 1), (1, 12)))', '((2, 10), ((1, 1), (1, 12)))', '((3, 10), ((1, 1), (1, 12)))', '((7, 7), ((1, 1),))', '((5, 10), ((1, 1), (1, 12)))', '((4, 10), ((1, 1), (1, 12)))', '((6, 10), ((1, 1), (1, 12)))', '((8, 4), ((1, 1),))', '((5, 11), ((1, 12),))', '((5, 12), ((1, 12),))', '((7, 10), ((1, 1), (1, 12)))', '((12, 6), ())', '((16, 3), ())', '((5, 10), ((1, 12),))']","['((1, 10), ((1, 1), (1, 12)))', '((2, 10), ((1, 1), (1, 12)))', '((3, 10), ((1, 1), (1, 12)))', '((7, 7), ((1, 1),))', '((5, 10), ((1, 1), (1, 12)))', '((4, 10), ((1, 1), (1, 12)))', '((6, 10), ((1, 1), (1, 12)))', '((8, 4), ((1, 1),))', '((5, 11), ((1, 12),))', '((5, 12), ((1, 12),))', '((7, 10), ((1, 1), (1, 12)))', '((12, 6), ())', '((16, 3), ())', '((5, 10), ((1, 12),))']",[155 states],35,44,79
156,"((1, 10), ((1, 1), (1, 12)))","((1, 11), ((1, 1), (1, 12)))",South,[],"['((2, 10), ((1, 1), (1, 12)))', '((5, 10), ((1, 1), (1, 12)))', '((3, 10), ((1, 1), (1, 12)))', '((7, 7), ((1, 1),))', '((7, 10), ((1, 1), (1, 12)))', '((4, 10), ((1, 1), (1, 12)))', '((6, 10), ((1, 1), (1, 12)))', '((8, 4), ((1, 1),))', '((5, 11), ((1, 12),))', '((5, 12), ((1, 12),))', '((5, 10), ((1, 12),))', '((12, 6), ())', '((16, 3), ())']","['((2, 10), ((1, 1), (1, 12)))', '((5, 10), ((1, 1), (1, 12)))', '((3, 10), ((1, 1), (1, 12)))', '((7, 7), ((1, 1),))', '((7, 10), ((1, 1), (1, 12)))', '((4, 10), ((1, 1), (1, 12)))', '((6, 10), ((1, 1), (1, 12)))', '((8, 4), ((1, 1),))', '((5, 11), ((1, 12),))', '((5, 12), ((1, 12),))', '((5, 10), ((1, 12),))', '((12, 6), ())', '((16, 3), ())']",[156 states],39,40,79
157,"((2, 10), ((1, 1), (1, 12)))","((2, 11), ((1, 1), (1, 12)))",South,[],"['((3, 10), ((1, 1), (1, 12)))', '((5, 10), ((1, 1), (1, 12)))', '((4, 10), ((1, 1), (1, 12)))', '((7, 7), ((1, 1),))', '((7, 10), ((1, 1), (1, 12)))', '((12, 6), ())', '((6, 10), ((1, 1), (1, 12)))', '((8, 4), ((1, 1),))', '((5, 11), ((1, 12),))', '((5, 12), ((1, 12),))', '((5, 10), ((1, 12),))', '((16, 3), ())']","['((3, 10), ((1, 1), (1, 12)))', '((5, 10), ((1, 1), (1, 12)))', '((4, 10), ((1, 1), (1, 12)))', '((7, 7), ((1, 1),))', '((7, 10), ((1, 1), (1, 12)))', '((12, 6), ())', '((6, 10), ((1, 1), (1, 12)))', '((8, 4), ((1, 1),))', '((5, 11), ((1, 12),))', '((5, 12), ((1, 12),))', '((5, 10), ((1, 12),))', '((16, 3), ())']",[157 states],40,39,79
158,"((3, 10), ((1, 1), (1, 12)))","((3, 11), ((1, 1), (1, 12)))",South,[],"['((4, 10), ((1, 1), (1, 12)))', '((5, 10), ((1, 1), (1, 12)))', '((6, 10), ((1, 1), (1, 12)))', '((7, 7), ((1, 1),))', '((7, 10), ((1, 1), (1, 12)))', '((12, 6), ())', '((16, 3), ())', '((8, 4), ((1, 1),))', '((5, 11), ((1, 12),))', '((5, 12), ((1, 12),))', '((5, 10), ((1, 12),))']","['((4, 10), ((1, 1), (1, 12)))', '((5, 10), ((1, 1), (1, 12)))', '((6, 10), ((1, 1), (1, 12)))', '((7, 7), ((1, 1),))', '((7, 10), ((1, 1), (1, 12)))', '((12, 6), ())', '((16, 3), ())', '((8, 4), ((1, 1),))', '((5, 11), ((1, 12),))', '((5, 12), ((1, 12),))', '((5, 10), ((1, 12),))']",[158 states],41,38,79
159,"((4, 10), ((1, 1), (1, 12)))","((4, 11), ((1, 1), (1, 12)))",South,[],"['((5, 10), ((1, 1), (1, 12)))', '((7, 10), ((1, 1), (1, 12)))', '((6, 10), ((1, 1), (1, 12)))', '((7, 7), ((1, 1),))', '((5, 12), ((1, 12),))', '((12, 6), ())', '((16, 3), ())', '((8, 4), ((1, 1),))', '((5, 11), ((1, 12),))', '((5, 10), ((1, 12),))']","['((5, 10), ((1, 1), (1, 12)))', '((7, 10), ((1, 1), (1, 12)))', '((6, 10), ((1, 1), (1, 12)))', '((7, 7), ((1, 1),))', '((5, 12), ((1, 12),))', '((12, 6), ())', '((16, 3), ())', '((8, 4), ((1, 1),))', '((5, 11), ((1, 12),))', '((5, 10), ((1, 12),))']",[159 states],42,37,79
160,"((5, 10), ((1, 1), (1, 12)))","((5, 11), ((1, 1), (1, 12)))",South,"[(((5, 9), ((1, 1), (1, 12))), 'South', 44, 37, 81)]","['((6, 10), ((1, 1), (1, 12)))', '((7, 10), ((1, 1), (1, 12)))', '((12, 6), ())', '((7, 7), ((1, 1),))', '((5, 12), ((1, 12),))', '((5, 10), ((1, 12),))', '((16, 3), ())', '((8, 4), ((1, 1),))', '((5, 11), ((1, 12),))']","['((6, 10), ((1, 1), (1, 12)))', '((7, 10), ((1, 1), (1, 12)))', '((12, 6), ())', '((7, 7), ((1, 1),))', '((5, 12), ((1, 12),))', '((5, 10), ((1, 12),))', '((16, 3), ())', '((8, 4), ((1, 1),))', '((5, 11), ((1, 12),))', '((5, 9), ((1, 1), (1, 12)))']",[160 states],43,36,79
161,"((6, 10), ((1, 1), (1, 12)))","((6, 11), ((1, 1), (1, 12)))",South,[],"['((7, 10), ((1, 1), (1, 12)))', '((7, 7), ((1, 1),))', '((12, 6), ())', '((5, 11), ((1, 12),))', '((5, 12), ((1, 12),))', '((5, 10), ((1, 12),))', '((16, 3), ())', '((8, 4), ((1, 1),))', '((5, 9), ((1, 1), (1, 12)))']","['((7, 10), ((1, 1), (1, 12)))', '((7, 7), ((1, 1),))', '((12, 6), ())', '((5, 11), ((1, 12),))', '((5, 12), ((1, 12),))', '((5, 10), ((1, 12),))', '((16, 3), ())', '((8, 4), ((1, 1),))', '((5, 9), ((1, 1), (1, 12)))']",[161 states],44,35,79
162,"((7, 10), ((1, 1), (1, 12)))","((7, 11), ((1, 1), (1, 12)))",South,[],"['((12, 6), ())', '((7, 7), ((1, 1),))', '((5, 10), ((1, 12),))', '((5, 11), ((1, 12),))', '((5, 12), ((1, 12),))', '((5, 9), ((1, 1), (1, 12)))', '((16, 3), ())', '((8, 4), ((1, 1),))']","['((12, 6), ())', '((7, 7), ((1, 1),))', '((5, 10), ((1, 12),))', '((5, 11), ((1, 12),))', '((5, 12), ((1, 12),))', '((5, 9), ((1, 1), (1, 12)))', '((16, 3), ())', '((8, 4), ((1, 1),))']",[162 states],45,34,79
163,"((12, 6), ())","((13, 6), ())",West,"[(((11, 6), ()), 'West', 15, 64, 79)]","['((7, 7), ((1, 1),))', '((5, 12), ((1, 12),))', '((5, 10), ((1, 12),))', '((5, 11), ((1, 12),))', '((8, 4), ((1, 1),))', '((5, 9), ((1, 1), (1, 12)))', '((16, 3), ())']","['((7, 7), ((1, 1),))', '((11, 6), ())', '((5, 10), ((1, 12),))', '((5, 12), ((1, 12),))', '((8, 4), ((1, 1),))', '((5, 9), ((1, 1), (1, 12)))', '((16, 3), ())', '((5, 11), ((1, 12),))']",[163 states],14,65,79
164,"((7, 7), ((1, 1),))","((7, 6), ((1, 1),))",North,"[(((7, 8), ((1, 1),)), 'North', 31, 48, 79)]","['((11, 6), ())', '((5, 12), ((1, 12),))', '((5, 10), ((1, 12),))', '((5, 11), ((1, 12),))', '((8, 4), ((1, 1),))', '((5, 9), ((1, 1), (1, 12)))', '((16, 3), ())']","['((11, 6), ())', '((7, 8), ((1, 1),))', '((5, 10), ((1, 12),))', '((5, 12), ((1, 12),))', '((8, 4), ((1, 1),))', '((5, 9), ((1, 1), (1, 12)))', '((16, 3), ())', '((5, 11), ((1, 12),))']",[164 states],30,49,79
165,"((11, 6), ())","((12, 6), ())",West,"[(((11, 7), ()), 'North', 16, 64, 80), (((10, 6), ()), 'West', 16, 63, 79)]","['((7, 8), ((1, 1),))', '((5, 12), ((1, 12),))', '((5, 10), ((1, 12),))', '((5, 11), ((1, 12),))', '((8, 4), ((1, 1),))', '((5, 9), ((1, 1), (1, 12)))', '((16, 3), ())']","['((7, 8), ((1, 1),))', '((10, 6), ())', '((5, 10), ((1, 12),))', '((5, 12), ((1, 12),))', '((8, 4), ((1, 1),))', '((5, 9), ((1, 1), (1, 12)))', '((16, 3), ())', '((11, 7), ())', '((5, 11), ((1, 12),))']",[165 states],15,64,79
166,"((7, 8), ((1, 1),))","((7, 7), ((1, 1),))",North,[],"['((10, 6), ())', '((5, 12), ((1, 12),))', '((5, 10), ((1, 12),))', '((5, 11), ((1, 12),))', '((8, 4), ((1, 1),))', '((5, 9), ((1, 1), (1, 12)))', '((16, 3), ())', '((11, 7), ())']","['((10, 6), ())', '((5, 12), ((1, 12),))', '((5, 10), ((1, 12),))', '((5, 11), ((1, 12),))', '((8, 4), ((1, 1),))', '((5, 9), ((1, 1), (1, 12)))', '((16, 3), ())', '((11, 7), ())']",[166 states],31,48,79
167,"((10, 6), ())","((11, 6), ())",West,"[(((9, 6), ()), 'West', 17, 62, 79)]","['((5, 12), ((1, 12),))', '((5, 11), ((1, 12),))', '((5, 10), ((1, 12),))', '((11, 7), ())', '((8, 4), ((1, 1),))', '((5, 9), ((1, 1), (1, 12)))', '((16, 3), ())']","['((9, 6), ())', '((5, 12), ((1, 12),))', '((5, 10), ((1, 12),))', '((5, 11), ((1, 12),))', '((8, 4), ((1, 1),))', '((5, 9), ((1, 1), (1, 12)))', '((16, 3), ())', '((11, 7), ())']",[167 states],16,63,79
168,"((9, 6), ())","((10, 6), ())",West,"[(((9, 7), ()), 'North', 18, 62, 80)]","['((5, 12), ((1, 12),))', '((5, 11), ((1, 12),))', '((5, 10), ((1, 12),))', '((11, 7), ())', '((8, 4), ((1, 1),))', '((5, 9), ((1, 1), (1, 12)))', '((16, 3), ())']","['((5, 12), ((1, 12),))', '((5, 11), ((1, 12),))', '((5, 10), ((1, 12),))', '((11, 7), ())', '((8, 4), ((1, 1),))', '((5, 9), ((1, 1), (1, 12)))', '((16, 3), ())', '((9, 7), ())']",[168 states],17,62,79
169,"((5, 12), ((1, 12),))","((4, 12), ((1, 12),))",East,"[(((6, 12), ((1, 12),)), 'East', 28, 54, 82)]","['((5, 11), ((1, 12),))', '((11, 7), ())', '((5, 10), ((1, 12),))', '((9, 7), ())', '((8, 4), ((1, 1),))', '((5, 9), ((1, 1), (1, 12)))', '((16, 3), ())']","['((5, 11), ((1, 12),))', '((11, 7), ())', '((5, 10), ((1, 12),))', '((9, 7), ())', '((8, 4), ((1, 1),))', '((5, 9), ((1, 1), (1, 12)))', '((16, 3), ())', '((6, 12), ((1, 12),))']",[169 states],27,53,80
170,"((5, 11), ((1, 12),))","((4, 11), ((1, 12),))",East,"[(((6, 11), ((1, 12),)), 'East', 29, 53, 82)]","['((5, 10), ((1, 12),))', '((11, 7), ())', '((16, 3), ())', '((9, 7), ())', '((8, 4), ((1, 1),))', '((5, 9), ((1, 1), (1, 12)))', '((6, 12), ((1, 12),))']","['((5, 10), ((1, 12),))', '((11, 7), ())', '((16, 3), ())', '((9, 7), ())', '((8, 4), ((1, 1),))', '((5, 9), ((1, 1), (1, 12)))', '((6, 12), ((1, 12),))', '((6, 11), ((1, 12),))']",[170 states],28,52,80
171,"((5, 10), ((1, 12),))","((4, 10), ((1, 12),))",East,"[(((6, 10), ((1, 12),)), 'East', 30, 52, 82), (((5, 9), ((1, 12),)), 'South', 30, 50, 80)]","['((16, 3), ())', '((11, 7), ())', '((5, 9), ((1, 1), (1, 12)))', '((9, 7), ())', '((8, 4), ((1, 1),))', '((6, 11), ((1, 12),))', '((6, 12), ((1, 12),))']","['((16, 3), ())', '((11, 7), ())', '((5, 9), ((1, 1), (1, 12)))', '((9, 7), ())', '((8, 4), ((1, 1),))', '((6, 11), ((1, 12),))', '((6, 12), ((1, 12),))', '((6, 10), ((1, 12),))', '((5, 9), ((1, 12),))']",[171 states],29,51,80
172,"((16, 3), ())","((16, 2), ())",North,"[(((16, 4), ()), 'North', 18, 64, 82)]","['((11, 7), ())', '((9, 7), ())', '((5, 9), ((1, 1), (1, 12)))', '((5, 9), ((1, 12),))', '((8, 4), ((1, 1),))', '((6, 11), ((1, 12),))', '((6, 12), ((1, 12),))', '((6, 10), ((1, 12),))']","['((11, 7), ())', '((9, 7), ())', '((5, 9), ((1, 1), (1, 12)))', '((5, 9), ((1, 12),))', '((8, 4), ((1, 1),))', '((6, 11), ((1, 12),))', '((6, 12), ((1, 12),))', '((6, 10), ((1, 12),))', '((16, 4), ())']",[172 states],17,63,80
173,"((11, 7), ())","((11, 6), ())",North,"[(((11, 8), ()), 'North', 17, 63, 80)]","['((9, 7), ())', '((5, 9), ((1, 12),))', '((5, 9), ((1, 1), (1, 12)))', '((6, 10), ((1, 12),))', '((8, 4), ((1, 1),))', '((6, 11), ((1, 12),))', '((6, 12), ((1, 12),))', '((16, 4), ())']","['((9, 7), ())', '((5, 9), ((1, 12),))', '((5, 9), ((1, 1), (1, 12)))', '((11, 8), ())', '((8, 4), ((1, 1),))', '((6, 11), ((1, 12),))', '((6, 12), ((1, 12),))', '((16, 4), ())', '((6, 10), ((1, 12),))']",[173 states],16,64,80
174,"((9, 7), ())","((9, 6), ())",North,"[(((9, 8), ()), 'North', 19, 61, 80)]","['((5, 9), ((1, 12),))', '((11, 8), ())', '((5, 9), ((1, 1), (1, 12)))', '((6, 10), ((1, 12),))', '((8, 4), ((1, 1),))', '((6, 11), ((1, 12),))', '((6, 12), ((1, 12),))', '((16, 4), ())']","['((5, 9), ((1, 12),))', '((11, 8), ())', '((5, 9), ((1, 1), (1, 12)))', '((9, 8), ())', '((8, 4), ((1, 1),))', '((6, 11), ((1, 12),))', '((6, 12), ((1, 12),))', '((16, 4), ())', '((6, 10), ((1, 12),))']",[174 states],18,62,80
175,"((5, 9), ((1, 12),))","((5, 10), ((1, 12),))",South,"[(((5, 8), ((1, 12),)), 'South', 31, 49, 80)]","['((11, 8), ())', '((9, 8), ())', '((5, 9), ((1, 1), (1, 12)))', '((6, 10), ((1, 12),))', '((8, 4), ((1, 1),))', '((6, 11), ((1, 12),))', '((6, 12), ((1, 12),))', '((16, 4), ())']","['((11, 8), ())', '((9, 8), ())', '((5, 9), ((1, 1), (1, 12)))', '((5, 8), ((1, 12),))', '((8, 4), ((1, 1),))', '((6, 11), ((1, 12),))', '((6, 12), ((1, 12),))', '((16, 4), ())', '((6, 10), ((1, 12),))']",[175 states],30,50,80
176,"((11, 8), ())","((11, 7), ())",North,"[(((11, 9), ()), 'North', 18, 62, 80), (((12, 8), ()), 'East', 18, 64, 82)]","['((9, 8), ())', '((5, 8), ((1, 12),))', '((5, 9), ((1, 1), (1, 12)))', '((6, 10), ((1, 12),))', '((8, 4), ((1, 1),))', '((6, 11), ((1, 12),))', '((6, 12), ((1, 12),))', '((16, 4), ())']","['((9, 8), ())', '((5, 8), ((1, 12),))', '((5, 9), ((1, 1), (1, 12)))', '((11, 9), ())', '((8, 4), ((1, 1),))', '((6, 11), ((1, 12),))', '((6, 12), ((1, 12),))', '((16, 4), ())', '((6, 10), ((1, 12),))', '((12, 8), ())']",[176 states],17,63,80
177,"((9, 8), ())","((9, 7), ())",North,[],"['((5, 8), ((1, 12),))', '((11, 9), ())', '((5, 9), ((1, 1), (1, 12)))', '((6, 10), ((1, 12),))', '((8, 4), ((1, 1),))', '((6, 11), ((1, 12),))', '((6, 12), ((1, 12),))', '((16, 4), ())', '((12, 8), ())']","['((5, 8), ((1, 12),))', '((11, 9), ())', '((5, 9), ((1, 1), (1, 12)))', '((6, 10), ((1, 12),))', '((8, 4), ((1, 1),))', '((6, 11), ((1, 12),))', '((6, 12), ((1, 12),))', '((16, 4), ())', '((12, 8), ())']",[177 states],19,61,80
178,"((5, 8), ((1, 12),))","((5, 9), ((1, 12),))",South,"[(((5, 7), ((1, 12),)), 'South', 32, 48, 80)]","['((11, 9), ())', '((8, 4), ((1, 1),))', '((5, 9), ((1, 1), (1, 12)))', '((6, 10), ((1, 12),))', '((12, 8), ())', '((6, 11), ((1, 12),))', '((6, 12), ((1, 12),))', '((16, 4), ())']","['((11, 9), ())', '((5, 7), ((1, 12),))', '((5, 9), ((1, 1), (1, 12)))', '((8, 4), ((1, 1),))', '((12, 8), ())', '((6, 11), ((1, 12),))', '((6, 12), ((1, 12),))', '((16, 4), ())', '((6, 10), ((1, 12),))']",[178 states],31,49,80
179,"((11, 9), ())","((11, 8), ())",North,"[(((11, 10), ()), 'North', 19, 61, 80)]","['((5, 7), ((1, 12),))', '((8, 4), ((1, 1),))', '((5, 9), ((1, 1), (1, 12)))', '((6, 10), ((1, 12),))', '((12, 8), ())', '((6, 11), ((1, 12),))', '((6, 12), ((1, 12),))', '((16, 4), ())']","['((5, 7), ((1, 12),))', '((11, 10), ())', '((5, 9), ((1, 1), (1, 12)))', '((8, 4), ((1, 1),))', '((12, 8), ())', '((6, 11), ((1, 12),))', '((6, 12), ((1, 12),))', '((16, 4), ())', '((6, 10), ((1, 12),))']",[179 states],18,62,80
180,"((5, 7), ((1, 12),))","((5, 8), ((1, 12),))",South,"[(((5, 6), ((1, 12),)), 'South', 33, 47, 80)]","['((11, 10), ())', '((8, 4), ((1, 1),))', '((5, 9), ((1, 1), (1, 12)))', '((6, 10), ((1, 12),))', '((12, 8), ())', '((6, 11), ((1, 12),))', '((6, 12), ((1, 12),))', '((16, 4), ())']","['((11, 10), ())', '((5, 6), ((1, 12),))', '((5, 9), ((1, 1), (1, 12)))', '((8, 4), ((1, 1),))', '((12, 8), ())', '((6, 11), ((1, 12),))', '((6, 12), ((1, 12),))', '((16, 4), ())', '((6, 10), ((1, 12),))']",[180 states],32,48,80
181,"((11, 10), ())","((11, 9), ())",North,"[(((11, 11), ()), 'North', 20, 60, 80), (((12, 10), ()), 'East', 20, 62, 82), (((10, 10), ()), 'West', 20, 60, 80)]","['((5, 6), ((1, 12),))', '((8, 4), ((1, 1),))', '((5, 9), ((1, 1), (1, 12)))', '((6, 10), ((1, 12),))', '((12, 8), ())', '((6, 11), ((1, 12),))', '((6, 12), ((1, 12),))', '((16, 4), ())']","['((5, 6), ((1, 12),))', '((11, 11), ())', '((5, 9), ((1, 1), (1, 12)))', '((8, 4), ((1, 1),))', '((10, 10), ())', '((6, 11), ((1, 12),))', '((6, 12), ((1, 12),))', '((16, 4), ())', '((6, 10), ((1, 12),))', '((12, 10), ())', '((12, 8), ())']",[181 states],19,61,80
182,"((5, 6), ((1, 12),))","((5, 7), ((1, 12),))",South,"[(((6, 6), ((1, 12),)), 'East', 34, 48, 82), (((5, 5), ((1, 12),)), 'South', 34, 46, 80), (((4, 6), ((1, 12),)), 'West', 34, 46, 80)]","['((11, 11), ())', '((10, 10), ())', '((5, 9), ((1, 1), (1, 12)))', '((8, 4), ((1, 1),))', '((12, 8), ())', '((6, 11), ((1, 12),))', '((6, 12), ((1, 12),))', '((16, 4), ())', '((6, 10), ((1, 12),))', '((12, 10), ())']","['((11, 11), ())', '((10, 10), ())', '((5, 5), ((1, 12),))', '((8, 4), ((1, 1),))', '((12, 8), ())', '((4, 6), ((1, 12),))', '((6, 12), ((1, 12),))', '((16, 4), ())', '((6, 10), ((1, 12),))', '((12, 10), ())', '((6, 6), ((1, 12),))', '((6, 11), ((1, 12),))', '((5, 9), ((1, 1), (1, 12)))']",[182 states],33,47,80
183,"((11, 11), ())","((11, 10), ())",North,"[(((11, 12), ()), 'North', 21, 59, 80)]","['((10, 10), ())', '((8, 4), ((1, 1),))', '((5, 5), ((1, 12),))', '((5, 9), ((1, 1), (1, 12)))', '((12, 8), ())', '((4, 6), ((1, 12),))', '((6, 12), ((1, 12),))', '((16, 4), ())', '((6, 10), ((1, 12),))', '((12, 10), ())', '((6, 6), ((1, 12),))', '((6, 11), ((1, 12),))']","['((10, 10), ())', '((8, 4), ((1, 1),))', '((5, 5), ((1, 12),))', '((5, 9), ((1, 1), (1, 12)))', '((12, 8), ())', '((4, 6), ((1, 12),))', '((6, 12), ((1, 12),))', '((16, 4), ())', '((6, 10), ((1, 12),))', '((12, 10), ())', '((6, 6), ((1, 12),))', '((6, 11), ((1, 12),))', '((11, 12), ())']",[183 states],20,60,80
184,"((10, 10), ())","((11, 10), ())",West,"[(((9, 10), ()), 'West', 21, 59, 80)]","['((5, 5), ((1, 12),))', '((8, 4), ((1, 1),))', '((4, 6), ((1, 12),))', '((5, 9), ((1, 1), (1, 12)))', '((12, 8), ())', '((11, 12), ())', '((6, 12), ((1, 12),))', '((16, 4), ())', '((6, 10), ((1, 12),))', '((12, 10), ())', '((6, 6), ((1, 12),))', '((6, 11), ((1, 12),))']","['((5, 5), ((1, 12),))', '((8, 4), ((1, 1),))', '((4, 6), ((1, 12),))', '((5, 9), ((1, 1), (1, 12)))', '((12, 8), ())', '((11, 12), ())', '((6, 12), ((1, 12),))', '((16, 4), ())', '((6, 10), ((1, 12),))', '((12, 10), ())', '((6, 6), ((1, 12),))', '((6, 11), ((1, 12),))', '((9, 10), ())']",[184 states],20,60,80
185,"((5, 5), ((1, 12),))","((5, 6), ((1, 12),))",South,"[(((5, 4), ((1, 12),)), 'South', 35, 45, 80)]","['((4, 6), ((1, 12),))', '((8, 4), ((1, 1),))', '((11, 12), ())', '((5, 9), ((1, 1), (1, 12)))', '((12, 8), ())', '((9, 10), ())', '((6, 12), ((1, 12),))', '((16, 4), ())', '((6, 10), ((1, 12),))', '((12, 10), ())', '((6, 6), ((1, 12),))', '((6, 11), ((1, 12),))']","['((4, 6), ((1, 12),))', '((8, 4), ((1, 1),))', '((11, 12), ())', '((5, 9), ((1, 1), (1, 12)))', '((12, 8), ())', '((9, 10), ())', '((6, 12), ((1, 12),))', '((16, 4), ())', '((6, 10), ((1, 12),))', '((12, 10), ())', '((6, 6), ((1, 12),))', '((6, 11), ((1, 12),))', '((5, 4), ((1, 12),))']",[185 states],34,46,80
186,"((4, 6), ((1, 12),))","((5, 6), ((1, 12),))",West,"[(((3, 6), ((1, 12),)), 'West', 35, 45, 80)]","['((11, 12), ())', '((8, 4), ((1, 1),))', '((9, 10), ())', '((5, 9), ((1, 1), (1, 12)))', '((12, 8), ())', '((5, 4), ((1, 12),))', '((6, 12), ((1, 12),))', '((16, 4), ())', '((6, 10), ((1, 12),))', '((12, 10), ())', '((6, 6), ((1, 12),))', '((6, 11), ((1, 12),))']","['((11, 12), ())', '((8, 4), ((1, 1),))', '((9, 10), ())', '((5, 9), ((1, 1), (1, 12)))', '((12, 8), ())', '((5, 4), ((1, 12),))', '((6, 12), ((1, 12),))', '((16, 4), ())', '((6, 10), ((1, 12),))', '((12, 10), ())', '((6, 6), ((1, 12),))', '((6, 11), ((1, 12),))', '((3, 6), ((1, 12),))']",[186 states],34,46,80
187,"((11, 12), ())","((11, 11), ())",North,[],"['((9, 10), ())', '((8, 4), ((1, 1),))', '((5, 4), ((1, 12),))', '((5, 9), ((1, 1), (1, 12)))', '((12, 8), ())', '((3, 6), ((1, 12),))', '((6, 12), ((1, 12),))', '((16, 4), ())', '((6, 10), ((1, 12),))', '((12, 10), ())', '((6, 6), ((1, 12),))', '((6, 11), ((1, 12),))']","['((9, 10), ())', '((8, 4), ((1, 1),))', '((5, 4), ((1, 12),))', '((5, 9), ((1, 1), (1, 12)))', '((12, 8), ())', '((3, 6), ((1, 12),))', '((6, 12), ((1, 12),))', '((16, 4), ())', '((6, 10), ((1, 12),))', '((12, 10), ())', '((6, 6), ((1, 12),))', '((6, 11), ((1, 12),))']",[187 states],21,59,80
188,"((9, 10), ())","((10, 10), ())",West,"[(((9, 11), ()), 'North', 22, 58, 80)]","['((5, 4), ((1, 12),))', '((8, 4), ((1, 1),))', '((3, 6), ((1, 12),))', '((5, 9), ((1, 1), (1, 12)))', '((12, 8), ())', '((6, 11), ((1, 12),))', '((6, 12), ((1, 12),))', '((16, 4), ())', '((6, 10), ((1, 12),))', '((12, 10), ())', '((6, 6), ((1, 12),))']","['((5, 4), ((1, 12),))', '((8, 4), ((1, 1),))', '((3, 6), ((1, 12),))', '((5, 9), ((1, 1), (1, 12)))', '((12, 8), ())', '((9, 11), ())', '((6, 12), ((1, 12),))', '((16, 4), ())', '((6, 10), ((1, 12),))', '((12, 10), ())', '((6, 6), ((1, 12),))', '((6, 11), ((1, 12),))']",[188 states],21,59,80
189,"((5, 4), ((1, 12),))","((5, 5), ((1, 12),))",South,"[(((6, 4), ((1, 12),)), 'East', 36, 46, 82), (((4, 4), ((1, 12),)), 'West', 36, 44, 80)]","['((3, 6), ((1, 12),))', '((8, 4), ((1, 1),))', '((9, 11), ())', '((5, 9), ((1, 1), (1, 12)))', '((12, 8), ())', '((6, 11), ((1, 12),))', '((6, 12), ((1, 12),))', '((16, 4), ())', '((6, 10), ((1, 12),))', '((12, 10), ())', '((6, 6), ((1, 12),))']","['((3, 6), ((1, 12),))', '((8, 4), ((1, 1),))', '((9, 11), ())', '((5, 9), ((1, 1), (1, 12)))', '((12, 8), ())', '((4, 4), ((1, 12),))', '((6, 12), ((1, 12),))', '((16, 4), ())', '((6, 10), ((1, 12),))', '((12, 10), ())', '((6, 6), ((1, 12),))', '((6, 4), ((1, 12),))', '((6, 11), ((1, 12),))']",[189 states],35,45,80
190,"((3, 6), ((1, 12),))","((4, 6), ((1, 12),))",West,"[(((3, 5), ((1, 12),)), 'South', 36, 44, 80), (((2, 6), ((1, 12),)), 'West', 36, 44, 80)]","['((9, 11), ())', '((8, 4), ((1, 1),))', '((4, 4), ((1, 12),))', '((5, 9), ((1, 1), (1, 12)))', '((12, 8), ())', '((6, 11), ((1, 12),))', '((6, 12), ((1, 12),))', '((16, 4), ())', '((6, 10), ((1, 12),))', '((12, 10), ())', '((6, 6), ((1, 12),))', '((6, 4), ((1, 12),))']","['((9, 11), ())', '((8, 4), ((1, 1),))', '((4, 4), ((1, 12),))', '((5, 9), ((1, 1), (1, 12)))', '((12, 8), ())', '((3, 5), ((1, 12),))', '((2, 6), ((1, 12),))', '((16, 4), ())', '((6, 10), ((1, 12),))', '((12, 10), ())', '((6, 6), ((1, 12),))', '((6, 4), ((1, 12),))', '((6, 11), ((1, 12),))', '((6, 12), ((1, 12),))']",[190 states],35,45,80
191,"((9, 11), ())","((9, 10), ())",North,"[(((9, 12), ()), 'North', 23, 57, 80)]","['((4, 4), ((1, 12),))', '((8, 4), ((1, 1),))', '((3, 5), ((1, 12),))', '((5, 9), ((1, 1), (1, 12)))', '((12, 8), ())', '((6, 12), ((1, 12),))', '((2, 6), ((1, 12),))', '((16, 4), ())', '((6, 10), ((1, 12),))', '((12, 10), ())', '((6, 6), ((1, 12),))', '((6, 4), ((1, 12),))', '((6, 11), ((1, 12),))']","['((4, 4), ((1, 12),))', '((8, 4), ((1, 1),))', '((3, 5), ((1, 12),))', '((5, 9), ((1, 1), (1, 12)))', '((12, 8), ())', '((6, 12), ((1, 12),))', '((2, 6), ((1, 12),))', '((16, 4), ())', '((6, 10), ((1, 12),))', '((12, 10), ())', '((6, 6), ((1, 12),))', '((6, 4), ((1, 12),))', '((6, 11), ((1, 12),))', '((9, 12), ())']",[191 states],22,58,80
192,"((4, 4), ((1, 12),))","((5, 4), ((1, 12),))",West,"[(((3, 4), ((1, 12),)), 'West', 37, 43, 80)]","['((3, 5), ((1, 12),))', '((8, 4), ((1, 1),))', '((2, 6), ((1, 12),))', '((5, 9), ((1, 1), (1, 12)))', '((12, 8), ())', '((6, 12), ((1, 12),))', '((9, 12), ())', '((16, 4), ())', '((6, 10), ((1, 12),))', '((12, 10), ())', '((6, 6), ((1, 12),))', '((6, 4), ((1, 12),))', '((6, 11), ((1, 12),))']","['((3, 5), ((1, 12),))', '((8, 4), ((1, 1),))', '((2, 6), ((1, 12),))', '((5, 9), ((1, 1), (1, 12)))', '((12, 8), ())', '((6, 12), ((1, 12),))', '((9, 12), ())', '((16, 4), ())', '((6, 10), ((1, 12),))', '((12, 10), ())', '((6, 6), ((1, 12),))', '((6, 4), ((1, 12),))', '((6, 11), ((1, 12),))', '((3, 4), ((1, 12),))']",[192 states],36,44,80
193,"((3, 5), ((1, 12),))","((3, 6), ((1, 12),))",South,[],"['((2, 6), ((1, 12),))', '((8, 4), ((1, 1),))', '((9, 12), ())', '((5, 9), ((1, 1), (1, 12)))', '((12, 8), ())', '((6, 12), ((1, 12),))', '((3, 4), ((1, 12),))', '((16, 4), ())', '((6, 10), ((1, 12),))', '((12, 10), ())', '((6, 6), ((1, 12),))', '((6, 4), ((1, 12),))', '((6, 11), ((1, 12),))']","['((2, 6), ((1, 12),))', '((8, 4), ((1, 1),))', '((9, 12), ())', '((5, 9), ((1, 1), (1, 12)))', '((12, 8), ())', '((6, 12), ((1, 12),))', '((3, 4), ((1, 12),))', '((16, 4), ())', '((6, 10), ((1, 12),))', '((12, 10), ())', '((6, 6), ((1, 12),))', '((6, 4), ((1, 12),))', '((6, 11), ((1, 12),))']",[193 states],36,44,80
194,"((2, 6), ((1, 12),))","((3, 6), ((1, 12),))",West,"[(((1, 6), ((1, 12),)), 'West', 37, 43, 80)]","['((9, 12), ())', '((8, 4), ((1, 1),))', '((3, 4), ((1, 12),))', '((5, 9), ((1, 1), (1, 12)))', '((12, 8), ())', '((6, 12), ((1, 12),))', '((6, 11), ((1, 12),))', '((16, 4), ())', '((6, 10), ((1, 12),))', '((12, 10), ())', '((6, 6), ((1, 12),))', '((6, 4), ((1, 12),))']","['((9, 12), ())', '((8, 4), ((1, 1),))', '((3, 4), ((1, 12),))', '((5, 9), ((1, 1), (1, 12)))', '((12, 8), ())', '((1, 6), ((1, 12),))', '((6, 11), ((1, 12),))', '((16, 4), ())', '((6, 10), ((1, 12),))', '((12, 10), ())', '((6, 6), ((1, 12),))', '((6, 4), ((1, 12),))', '((6, 12), ((1, 12),))']",[194 states],36,44,80
195,"((9, 12), ())","((9, 11), ())",North,[],"['((3, 4), ((1, 12),))', '((8, 4), ((1, 1),))', '((1, 6), ((1, 12),))', '((5, 9), ((1, 1), (1, 12)))', '((12, 8), ())', '((6, 12), ((1, 12),))', '((6, 11), ((1, 12),))', '((16, 4), ())', '((6, 10), ((1, 12),))', '((12, 10), ())', '((6, 6), ((1, 12),))', '((6, 4), ((1, 12),))']","['((3, 4), ((1, 12),))', '((8, 4), ((1, 1),))', '((1, 6), ((1, 12),))', '((5, 9), ((1, 1), (1, 12)))', '((12, 8), ())', '((6, 12), ((1, 12),))', '((6, 11), ((1, 12),))', '((16, 4), ())', '((6, 10), ((1, 12),))', '((12, 10), ())', '((6, 6), ((1, 12),))', '((6, 4), ((1, 12),))']",[195 states],23,57,80
196,"((3, 4), ((1, 12),))","((4, 4), ((1, 12),))",West,"[(((3, 3), ((1, 12),)), 'South', 38, 42, 80)]","['((1, 6), ((1, 12),))', '((8, 4), ((1, 1),))', '((6, 12), ((1, 12),))', '((5, 9), ((1, 1), (1, 12)))', '((12, 8), ())', '((6, 4), ((1, 12),))', '((6, 11), ((1, 12),))', '((16, 4), ())', '((6, 10), ((1, 12),))', '((12, 10), ())', '((6, 6), ((1, 12),))']","['((1, 6), ((1, 12),))', '((8, 4), ((1, 1),))', '((3, 3), ((1, 12),))', '((5, 9), ((1, 1), (1, 12)))', '((12, 8), ())', '((6, 12), ((1, 12),))', '((6, 11), ((1, 12),))', '((16, 4), ())', '((6, 10), ((1, 12),))', '((12, 10), ())', '((6, 6), ((1, 12),))', '((6, 4), ((1, 12),))']",[196 states],37,43,80
197,"((1, 6), ((1, 12),))","((2, 6), ((1, 12),))",West,"[(((1, 7), ((1, 12),)), 'North', 38, 44, 82)]","['((3, 3), ((1, 12),))', '((8, 4), ((1, 1),))', '((6, 12), ((1, 12),))', '((5, 9), ((1, 1), (1, 12)))', '((12, 8), ())', '((6, 4), ((1, 12),))', '((6, 11), ((1, 12),))', '((16, 4), ())', '((6, 10), ((1, 12),))', '((12, 10), ())', '((6, 6), ((1, 12),))']","['((3, 3), ((1, 12),))', '((8, 4), ((1, 1),))', '((6, 12), ((1, 12),))', '((5, 9), ((1, 1), (1, 12)))', '((12, 8), ())', '((6, 4), ((1, 12),))', '((6, 11), ((1, 12),))', '((16, 4), ())', '((6, 10), ((1, 12),))', '((12, 10), ())', '((6, 6), ((1, 12),))', '((1, 7), ((1, 12),))']",[197 states],37,43,80
198,"((3, 3), ((1, 12),))","((3, 4), ((1, 12),))",South,"[(((3, 2), ((1, 12),)), 'South', 39, 41, 80)]","['((8, 4), ((1, 1),))', '((5, 9), ((1, 1), (1, 12)))', '((6, 12), ((1, 12),))', '((6, 10), ((1, 12),))', '((12, 8), ())', '((6, 4), ((1, 12),))', '((6, 11), ((1, 12),))', '((16, 4), ())', '((1, 7), ((1, 12),))', '((12, 10), ())', '((6, 6), ((1, 12),))']","['((3, 2), ((1, 12),))', '((5, 9), ((1, 1), (1, 12)))', '((8, 4), ((1, 1),))', '((6, 10), ((1, 12),))', '((12, 8), ())', '((6, 12), ((1, 12),))', '((6, 11), ((1, 12),))', '((16, 4), ())', '((1, 7), ((1, 12),))', '((12, 10), ())', '((6, 6), ((1, 12),))', '((6, 4), ((1, 12),))']",[198 states],38,42,80
199,"((3, 2), ((1, 12),))","((3, 3), ((1, 12),))",South,"[(((3, 1), ((1, 12),)), 'South', 40, 40, 80), (((2, 2), ((1, 12),)), 'West', 40, 40, 80)]","['((8, 4), ((1, 1),))', '((5, 9), ((1, 1), (1, 12)))', '((6, 12), ((1, 12),))', '((6, 10), ((1, 12),))', '((12, 8), ())', '((6, 4), ((1, 12),))', '((6, 11), ((1, 12),))', '((16, 4), ())', '((1, 7), ((1, 12),))', '((12, 10), ())', '((6, 6), ((1, 12),))']","['((3, 1), ((1, 12),))', '((5, 9), ((1, 1), (1, 12)))', '((2, 2), ((1, 12),))', '((6, 10), ((1, 12),))', '((12, 8), ())', '((8, 4), ((1, 1),))', '((6, 11), ((1, 12),))', '((16, 4), ())', '((1, 7), ((1, 12),))', '((12, 10), ())', '((6, 6), ((1, 12),))', '((6, 4), ((1, 12),))', '((6, 12), ((1, 12),))']",[199 states],39,41,80
200,"((3, 1), ((1, 12),))","((3, 2), ((1, 12),))",South,"[(((2, 1), ((1, 12),)), 'West', 41, 39, 80)]","['((2, 2), ((1, 12),))', '((5, 9), ((1, 1), (1, 12)))', '((8, 4), ((1, 1),))', '((6, 10), ((1, 12),))', '((12, 8), ())', '((6, 12), ((1, 12),))', '((6, 11), ((1, 12),))', '((16, 4), ())', '((1, 7), ((1, 12),))', '((12, 10), ())', '((6, 6), ((1, 12),))', '((6, 4), ((1, 12),))']","['((2, 2), ((1, 12),))', '((5, 9), ((1, 1), (1, 12)))', '((2, 1), ((1, 12),))', '((6, 10), ((1, 12),))', '((12, 8), ())', '((8, 4), ((1, 1),))', '((6, 11), ((1, 12),))', '((16, 4), ())', '((1, 7), ((1, 12),))', '((12, 10), ())', '((6, 6), ((1, 12),))', '((6, 4), ((1, 12),))', '((6, 12), ((1, 12),))']",[200 states],40,40,80
201,"((2, 2), ((1, 12),))","((3, 2), ((1, 12),))",West,"[(((1, 2), ((1, 12),)), 'West', 41, 39, 80)]","['((2, 1), ((1, 12),))', '((5, 9), ((1, 1), (1, 12)))', '((8, 4), ((1, 1),))', '((6, 10), ((1, 12),))', '((12, 8), ())', '((6, 12), ((1, 12),))', '((6, 11), ((1, 12),))', '((16, 4), ())', '((1, 7), ((1, 12),))', '((12, 10), ())', '((6, 6), ((1, 12),))', '((6, 4), ((1, 12),))']","['((2, 1), ((1, 12),))', '((5, 9), ((1, 1), (1, 12)))', '((1, 2), ((1, 12),))', '((6, 10), ((1, 12),))', '((12, 8), ())', '((8, 4), ((1, 1),))', '((6, 11), ((1, 12),))', '((16, 4), ())', '((1, 7), ((1, 12),))', '((12, 10), ())', '((6, 6), ((1, 12),))', '((6, 4), ((1, 12),))', '((6, 12), ((1, 12),))']",[201 states],40,40,80
202,"((2, 1), ((1, 12),))","((3, 1), ((1, 12),))",West,"[(((1, 1), ((1, 1), (1, 12))), 'West', 42, 38, 80)]","['((1, 2), ((1, 12),))', '((5, 9), ((1, 1), (1, 12)))', '((8, 4), ((1, 1),))', '((6, 10), ((1, 12),))', '((12, 8), ())', '((6, 12), ((1, 12),))', '((6, 11), ((1, 12),))', '((16, 4), ())', '((1, 7), ((1, 12),))', '((12, 10), ())', '((6, 6), ((1, 12),))', '((6, 4), ((1, 12),))']","['((1, 2), ((1, 12),))', '((5, 9), ((1, 1), (1, 12)))', '((1, 1), ((1, 1), (1, 12)))', '((6, 10), ((1, 12),))', '((12, 8), ())', '((8, 4), ((1, 1),))', '((6, 11), ((1, 12),))', '((16, 4), ())', '((1, 7), ((1, 12),))', '((12, 10), ())', '((6, 6), ((1, 12),))', '((6, 4), ((1, 12),))', '((6, 12), ((1, 12),))']",[202 states],41,39,80
203,"((1, 2), ((1, 12),))","((2, 2), ((1, 12),))",West,"[(((1, 3), ((1, 12),)), 'North', 42, 40, 82)]","['((1, 1), ((1, 1), (1, 12)))', '((5, 9), ((1, 1), (1, 12)))', '((8, 4), ((1, 1),))', '((6, 10), ((1, 12),))', '((12, 8), ())', '((6, 12), ((1, 12),))', '((6, 11), ((1, 12),))', '((16, 4), ())', '((1, 7), ((1, 12),))', '((12, 10), ())', '((6, 6), ((1, 12),))', '((6, 4), ((1, 12),))']","['((1, 1), ((1, 1), (1, 12)))', '((5, 9), ((1, 1), (1, 12)))', '((8, 4), ((1, 1),))', '((6, 10), ((1, 12),))', '((12, 8), ())', '((6, 12), ((1, 12),))', '((6, 11), ((1, 12),))', '((16, 4), ())', '((1, 7), ((1, 12),))', '((12, 10), ())', '((6, 6), ((1, 12),))', '((6, 4), ((1, 12),))', '((1, 3), ((1, 12),))']",[203 states],41,39,80
204,"((1, 1), ((1, 1), (1, 12)))","((2, 1), ((1, 12),))",West,"[(((1, 2), ((1, 1), (1, 12))), 'North', 43, 39, 82), (((2, 1), ((1, 1), (1, 12))), 'East', 43, 37, 80)]","['((8, 4), ((1, 1),))', '((5, 9), ((1, 1), (1, 12)))', '((6, 12), ((1, 12),))', '((6, 10), ((1, 12),))', '((12, 8), ())', '((6, 4), ((1, 12),))', '((6, 11), ((1, 12),))', '((16, 4), ())', '((1, 7), ((1, 12),))', '((12, 10), ())', '((6, 6), ((1, 12),))', '((1, 3), ((1, 12),))']","['((2, 1), ((1, 1), (1, 12)))', '((5, 9), ((1, 1), (1, 12)))', '((8, 4), ((1, 1),))', '((6, 10), ((1, 12),))', '((12, 8), ())', '((6, 4), ((1, 12),))', '((6, 12), ((1, 12),))', '((16, 4), ())', '((1, 7), ((1, 12),))', '((12, 10), ())', '((6, 6), ((1, 12),))', '((1, 3), ((1, 12),))', '((1, 2), ((1, 1), (1, 12)))', '((6, 11), ((1, 12),))']",[204 states],42,38,80
205,"((2, 1), ((1, 1), (1, 12)))","((1, 1), ((1, 1), (1, 12)))",East,"[(((2, 2), ((1, 1), (1, 12))), 'North', 44, 38, 82), (((3, 1), ((1, 1), (1, 12))), 'East', 44, 36, 80)]","['((8, 4), ((1, 1),))', '((5, 9), ((1, 1), (1, 12)))', '((6, 12), ((1, 12),))', '((6, 10), ((1, 12),))', '((12, 8), ())', '((6, 4), ((1, 12),))', '((6, 11), ((1, 12),))', '((16, 4), ())', '((1, 7), ((1, 12),))', '((12, 10), ())', '((6, 6), ((1, 12),))', '((1, 3), ((1, 12),))', '((1, 2), ((1, 1), (1, 12)))']","['((3, 1), ((1, 1), (1, 12)))', '((5, 9), ((1, 1), (1, 12)))', '((8, 4), ((1, 1),))', '((6, 10), ((1, 12),))', '((12, 8), ())', '((6, 4), ((1, 12),))', '((6, 12), ((1, 12),))', '((16, 4), ())', '((1, 7), ((1, 12),))', '((12, 10), ())', '((6, 6), ((1, 12),))', '((1, 3), ((1, 12),))', '((1, 2), ((1, 1), (1, 12)))', '((2, 2), ((1, 1), (1, 12)))', '((6, 11), ((1, 12),))']",[205 states],43,37,80
206,"((3, 1), ((1, 1), (1, 12)))","((2, 1), ((1, 1), (1, 12)))",East,"[(((3, 2), ((1, 1), (1, 12))), 'North', 45, 37, 82)]","['((8, 4), ((1, 1),))', '((5, 9), ((1, 1), (1, 12)))', '((6, 12), ((1, 12),))', '((6, 10), ((1, 12),))', '((12, 8), ())', '((6, 4), ((1, 12),))', '((6, 11), ((1, 12),))', '((16, 4), ())', '((1, 7), ((1, 12),))', '((12, 10), ())', '((6, 6), ((1, 12),))', '((1, 3), ((1, 12),))', '((1, 2), ((1, 1), (1, 12)))', '((2, 2), ((1, 1), (1, 12)))']","['((8, 4), ((1, 1),))', '((5, 9), ((1, 1), (1, 12)))', '((6, 12), ((1, 12),))', '((6, 10), ((1, 12),))', '((12, 8), ())', '((6, 4), ((1, 12),))', '((6, 11), ((1, 12),))', '((16, 4), ())', '((1, 7), ((1, 12),))', '((12, 10), ())', '((6, 6), ((1, 12),))', '((1, 3), ((1, 12),))', '((1, 2), ((1, 1), (1, 12)))', '((2, 2), ((1, 1), (1, 12)))', '((3, 2), ((1, 1), (1, 12)))']",[206 states],44,36,80
207,"((8, 4), ((1, 1),))","((7, 4), ((1, 1),))",East,"[(((9, 4), ((1, 1),)), 'East', 29, 54, 83)]","['((5, 9), ((1, 1), (1, 12)))', '((6, 10), ((1, 12),))', '((6, 12), ((1, 12),))', '((16, 4), ())', '((12, 8), ())', '((6, 4), ((1, 12),))', '((6, 11), ((1, 12),))', '((3, 2), ((1, 1), (1, 12)))', '((1, 7), ((1, 12),))', '((12, 10), ())', '((6, 6), ((1, 12),))', '((1, 3), ((1, 12),))', '((1, 2), ((1, 1), (1, 12)))', '((2, 2), ((1, 1), (1, 12)))']","['((5, 9), ((1, 1), (1, 12)))', '((6, 10), ((1, 12),))', '((6, 12), ((1, 12),))', '((16, 4), ())', '((12, 8), ())', '((6, 4), ((1, 12),))', '((6, 11), ((1, 12),))', '((3, 2), ((1, 1), (1, 12)))', '((1, 7), ((1, 12),))', '((12, 10), ())', '((6, 6), ((1, 12),))', '((1, 3), ((1, 12),))', '((1, 2), ((1, 1), (1, 12)))', '((2, 2), ((1, 1), (1, 12)))', '((9, 4), ((1, 1),))']",[207 states],28,53,81
208,"((5, 9), ((1, 1), (1, 12)))","((5, 10), ((1, 1), (1, 12)))",South,"[(((5, 8), ((1, 1), (1, 12))), 'South', 45, 38, 83)]","['((6, 12), ((1, 12),))', '((6, 10), ((1, 12),))', '((6, 11), ((1, 12),))', '((16, 4), ())', '((12, 8), ())', '((6, 4), ((1, 12),))', '((2, 2), ((1, 1), (1, 12)))', '((3, 2), ((1, 1), (1, 12)))', '((1, 7), ((1, 12),))', '((12, 10), ())', '((6, 6), ((1, 12),))', '((1, 3), ((1, 12),))', '((1, 2), ((1, 1), (1, 12)))', '((9, 4), ((1, 1),))']","['((6, 12), ((1, 12),))', '((6, 10), ((1, 12),))', '((6, 11), ((1, 12),))', '((16, 4), ())', '((12, 8), ())', '((6, 4), ((1, 12),))', '((2, 2), ((1, 1), (1, 12)))', '((3, 2), ((1, 1), (1, 12)))', '((1, 7), ((1, 12),))', '((12, 10), ())', '((6, 6), ((1, 12),))', '((1, 3), ((1, 12),))', '((1, 2), ((1, 1), (1, 12)))', '((9, 4), ((1, 1),))', '((5, 8), ((1, 1), (1, 12)))']",[208 states],44,37,81
209,"((6, 12), ((1, 12),))","((5, 12), ((1, 12),))",East,"[(((7, 12), ((1, 12),)), 'East', 29, 55, 84)]","['((6, 11), ((1, 12),))', '((6, 10), ((1, 12),))', '((6, 4), ((1, 12),))', '((16, 4), ())', '((12, 8), ())', '((1, 3), ((1, 12),))', '((2, 2), ((1, 1), (1, 12)))', '((3, 2), ((1, 1), (1, 12)))', '((1, 7), ((1, 12),))', '((12, 10), ())', '((6, 6), ((1, 12),))', '((5, 8), ((1, 1), (1, 12)))', '((1, 2), ((1, 1), (1, 12)))', '((9, 4), ((1, 1),))']","['((6, 11), ((1, 12),))', '((6, 10), ((1, 12),))', '((6, 4), ((1, 12),))', '((16, 4), ())', '((12, 8), ())', '((1, 3), ((1, 12),))', '((2, 2), ((1, 1), (1, 12)))', '((3, 2), ((1, 1), (1, 12)))', '((1, 7), ((1, 12),))', '((12, 10), ())', '((6, 6), ((1, 12),))', '((5, 8), ((1, 1), (1, 12)))', '((1, 2), ((1, 1), (1, 12)))', '((9, 4), ((1, 1),))', '((7, 12), ((1, 12),))']",[209 states],28,54,82
210,"((6, 11), ((1, 12),))","((5, 11), ((1, 12),))",East,"[(((7, 11), ((1, 12),)), 'East', 30, 54, 84)]","['((6, 10), ((1, 12),))', '((16, 4), ())', '((6, 4), ((1, 12),))', '((1, 7), ((1, 12),))', '((12, 8), ())', '((1, 3), ((1, 12),))', '((2, 2), ((1, 1), (1, 12)))', '((3, 2), ((1, 1), (1, 12)))', '((7, 12), ((1, 12),))', '((12, 10), ())', '((6, 6), ((1, 12),))', '((5, 8), ((1, 1), (1, 12)))', '((1, 2), ((1, 1), (1, 12)))', '((9, 4), ((1, 1),))']","['((6, 10), ((1, 12),))', '((16, 4), ())', '((6, 4), ((1, 12),))', '((1, 7), ((1, 12),))', '((12, 8), ())', '((1, 3), ((1, 12),))', '((2, 2), ((1, 1), (1, 12)))', '((3, 2), ((1, 1), (1, 12)))', '((7, 12), ((1, 12),))', '((12, 10), ())', '((6, 6), ((1, 12),))', '((5, 8), ((1, 1), (1, 12)))', '((1, 2), ((1, 1), (1, 12)))', '((9, 4), ((1, 1),))', '((7, 11), ((1, 12),))']",[210 states],29,53,82
211,"((6, 10), ((1, 12),))","((5, 10), ((1, 12),))",East,"[(((7, 10), ((1, 12),)), 'East', 31, 53, 84)]","['((16, 4), ())', '((12, 8), ())', '((6, 4), ((1, 12),))', '((1, 7), ((1, 12),))', '((12, 10), ())', '((1, 3), ((1, 12),))', '((2, 2), ((1, 1), (1, 12)))', '((3, 2), ((1, 1), (1, 12)))', '((7, 12), ((1, 12),))', '((7, 11), ((1, 12),))', '((6, 6), ((1, 12),))', '((5, 8), ((1, 1), (1, 12)))', '((1, 2), ((1, 1), (1, 12)))', '((9, 4), ((1, 1),))']","['((16, 4), ())', '((12, 8), ())', '((6, 4), ((1, 12),))', '((1, 7), ((1, 12),))', '((12, 10), ())', '((1, 3), ((1, 12),))', '((2, 2), ((1, 1), (1, 12)))', '((3, 2), ((1, 1), (1, 12)))', '((7, 12), ((1, 12),))', '((7, 11), ((1, 12),))', '((6, 6), ((1, 12),))', '((5, 8), ((1, 1), (1, 12)))', '((1, 2), ((1, 1), (1, 12)))', '((9, 4), ((1, 1),))', '((7, 10), ((1, 12),))']",[211 states],30,52,82
212,"((16, 4), ())","((16, 3), ())",North,"[(((17, 4), ()), 'East', 19, 63, 82)]","['((12, 8), ())', '((12, 10), ())', '((6, 4), ((1, 12),))', '((1, 7), ((1, 12),))', '((6, 6), ((1, 12),))', '((1, 3), ((1, 12),))', '((2, 2), ((1, 1), (1, 12)))', '((3, 2), ((1, 1), (1, 12)))', '((7, 12), ((1, 12),))', '((7, 11), ((1, 12),))', '((7, 10), ((1, 12),))', '((5, 8), ((1, 1), (1, 12)))', '((1, 2), ((1, 1), (1, 12)))', '((9, 4), ((1, 1),))']","['((12, 8), ())', '((12, 10), ())', '((6, 4), ((1, 12),))', '((1, 7), ((1, 12),))', '((6, 6), ((1, 12),))', '((1, 3), ((1, 12),))', '((2, 2), ((1, 1), (1, 12)))', '((3, 2), ((1, 1), (1, 12)))', '((7, 12), ((1, 12),))', '((7, 11), ((1, 12),))', '((7, 10), ((1, 12),))', '((5, 8), ((1, 1), (1, 12)))', '((1, 2), ((1, 1), (1, 12)))', '((9, 4), ((1, 1),))', '((17, 4), ())']",[212 states],18,64,82
213,"((12, 8), ())","((11, 8), ())",East,"[(((13, 8), ()), 'East', 19, 65, 84)]","['((12, 10), ())', '((6, 6), ((1, 12),))', '((6, 4), ((1, 12),))', '((1, 7), ((1, 12),))', '((17, 4), ())', '((1, 3), ((1, 12),))', '((2, 2), ((1, 1), (1, 12)))', '((3, 2), ((1, 1), (1, 12)))', '((7, 12), ((1, 12),))', '((7, 11), ((1, 12),))', '((7, 10), ((1, 12),))', '((5, 8), ((1, 1), (1, 12)))', '((1, 2), ((1, 1), (1, 12)))', '((9, 4), ((1, 1),))']","['((12, 10), ())', '((6, 6), ((1, 12),))', '((6, 4), ((1, 12),))', '((1, 7), ((1, 12),))', '((17, 4), ())', '((1, 3), ((1, 12),))', '((2, 2), ((1, 1), (1, 12)))', '((3, 2), ((1, 1), (1, 12)))', '((7, 12), ((1, 12),))', '((7, 11), ((1, 12),))', '((7, 10), ((1, 12),))', '((5, 8), ((1, 1), (1, 12)))', '((1, 2), ((1, 1), (1, 12)))', '((9, 4), ((1, 1),))', '((13, 8), ())']",[213 states],18,64,82
214,"((12, 10), ())","((11, 10), ())",East,"[(((13, 10), ()), 'East', 21, 63, 84)]","['((6, 6), ((1, 12),))', '((1, 7), ((1, 12),))', '((6, 4), ((1, 12),))', '((3, 2), ((1, 1), (1, 12)))', '((17, 4), ())', '((1, 3), ((1, 12),))', '((2, 2), ((1, 1), (1, 12)))', '((13, 8), ())', '((7, 12), ((1, 12),))', '((7, 11), ((1, 12),))', '((7, 10), ((1, 12),))', '((5, 8), ((1, 1), (1, 12)))', '((1, 2), ((1, 1), (1, 12)))', '((9, 4), ((1, 1),))']","['((6, 6), ((1, 12),))', '((1, 7), ((1, 12),))', '((6, 4), ((1, 12),))', '((3, 2), ((1, 1), (1, 12)))', '((17, 4), ())', '((1, 3), ((1, 12),))', '((2, 2), ((1, 1), (1, 12)))', '((13, 8), ())', '((7, 12), ((1, 12),))', '((7, 11), ((1, 12),))', '((7, 10), ((1, 12),))', '((5, 8), ((1, 1), (1, 12)))', '((1, 2), ((1, 1), (1, 12)))', '((9, 4), ((1, 1),))', '((13, 10), ())']",[214 states],20,62,82
215,"((6, 6), ((1, 12),))","((5, 6), ((1, 12),))",East,"[(((7, 6), ((1, 12),)), 'East', 35, 49, 84)]","['((6, 4), ((1, 12),))', '((1, 7), ((1, 12),))', '((1, 3), ((1, 12),))', '((3, 2), ((1, 1), (1, 12)))', '((17, 4), ())', '((1, 2), ((1, 1), (1, 12)))', '((2, 2), ((1, 1), (1, 12)))', '((13, 8), ())', '((7, 12), ((1, 12),))', '((7, 11), ((1, 12),))', '((7, 10), ((1, 12),))', '((5, 8), ((1, 1), (1, 12)))', '((13, 10), ())', '((9, 4), ((1, 1),))']","['((6, 4), ((1, 12),))', '((1, 7), ((1, 12),))', '((1, 3), ((1, 12),))', '((3, 2), ((1, 1), (1, 12)))', '((17, 4), ())', '((1, 2), ((1, 1), (1, 12)))', '((2, 2), ((1, 1), (1, 12)))', '((13, 8), ())', '((7, 12), ((1, 12),))', '((7, 11), ((1, 12),))', '((7, 10), ((1, 12),))', '((5, 8), ((1, 1), (1, 12)))', '((13, 10), ())', '((9, 4), ((1, 1),))', '((7, 6), ((1, 12),))']",[215 states],34,48,82
216,"((6, 4), ((1, 12),))","((5, 4), ((1, 12),))",East,"[(((7, 4), ((1, 12),)), 'East', 37, 47, 84)]","['((1, 7), ((1, 12),))', '((3, 2), ((1, 1), (1, 12)))', '((1, 3), ((1, 12),))', '((7, 12), ((1, 12),))', '((17, 4), ())', '((1, 2), ((1, 1), (1, 12)))', '((2, 2), ((1, 1), (1, 12)))', '((13, 8), ())', '((7, 6), ((1, 12),))', '((7, 11), ((1, 12),))', '((7, 10), ((1, 12),))', '((5, 8), ((1, 1), (1, 12)))', '((13, 10), ())', '((9, 4), ((1, 1),))']","['((1, 7), ((1, 12),))', '((3, 2), ((1, 1), (1, 12)))', '((1, 3), ((1, 12),))', '((7, 12), ((1, 12),))', '((17, 4), ())', '((1, 2), ((1, 1), (1, 12)))', '((2, 2), ((1, 1), (1, 12)))', '((13, 8), ())', '((7, 6), ((1, 12),))', '((7, 11), ((1, 12),))', '((7, 10), ((1, 12),))', '((5, 8), ((1, 1), (1, 12)))', '((13, 10), ())', '((9, 4), ((1, 1),))', '((7, 4), ((1, 12),))']",[216 states],36,46,82
217,"((1, 7), ((1, 12),))","((1, 6), ((1, 12),))",North,"[(((1, 8), ((1, 12),)), 'North', 39, 45, 84)]","['((1, 3), ((1, 12),))', '((3, 2), ((1, 1), (1, 12)))', '((1, 2), ((1, 1), (1, 12)))', '((7, 12), ((1, 12),))', '((17, 4), ())', '((5, 8), ((1, 1), (1, 12)))', '((2, 2), ((1, 1), (1, 12)))', '((13, 8), ())', '((7, 6), ((1, 12),))', '((7, 11), ((1, 12),))', '((7, 10), ((1, 12),))', '((7, 4), ((1, 12),))', '((13, 10), ())', '((9, 4), ((1, 1),))']","['((1, 3), ((1, 12),))', '((3, 2), ((1, 1), (1, 12)))', '((1, 2), ((1, 1), (1, 12)))', '((7, 12), ((1, 12),))', '((17, 4), ())', '((5, 8), ((1, 1), (1, 12)))', '((2, 2), ((1, 1), (1, 12)))', '((13, 8), ())', '((7, 6), ((1, 12),))', '((7, 11), ((1, 12),))', '((7, 10), ((1, 12),))', '((7, 4), ((1, 12),))', '((13, 10), ())', '((9, 4), ((1, 1),))', '((1, 8), ((1, 12),))']",[217 states],38,44,82
218,"((1, 3), ((1, 12),))","((1, 2), ((1, 12),))",North,"[(((1, 4), ((1, 12),)), 'North', 43, 41, 84)]","['((1, 2), ((1, 1), (1, 12)))', '((3, 2), ((1, 1), (1, 12)))', '((2, 2), ((1, 1), (1, 12)))', '((7, 12), ((1, 12),))', '((17, 4), ())', '((5, 8), ((1, 1), (1, 12)))', '((9, 4), ((1, 1),))', '((13, 8), ())', '((7, 6), ((1, 12),))', '((7, 11), ((1, 12),))', '((7, 10), ((1, 12),))', '((7, 4), ((1, 12),))', '((13, 10), ())', '((1, 8), ((1, 12),))']","['((1, 2), ((1, 1), (1, 12)))', '((3, 2), ((1, 1), (1, 12)))', '((2, 2), ((1, 1), (1, 12)))', '((7, 12), ((1, 12),))', '((17, 4), ())', '((5, 8), ((1, 1), (1, 12)))', '((9, 4), ((1, 1),))', '((13, 8), ())', '((7, 6), ((1, 12),))', '((7, 11), ((1, 12),))', '((7, 10), ((1, 12),))', '((7, 4), ((1, 12),))', '((13, 10), ())', '((1, 8), ((1, 12),))', '((1, 4), ((1, 12),))']",[218 states],42,40,82
219,"((1, 2), ((1, 1), (1, 12)))","((1, 1), ((1, 1), (1, 12)))",North,"[(((1, 3), ((1, 1), (1, 12))), 'North', 44, 40, 84)]","['((2, 2), ((1, 1), (1, 12)))', '((3, 2), ((1, 1), (1, 12)))', '((9, 4), ((1, 1),))', '((7, 12), ((1, 12),))', '((17, 4), ())', '((5, 8), ((1, 1), (1, 12)))', '((1, 8), ((1, 12),))', '((13, 8), ())', '((7, 6), ((1, 12),))', '((7, 11), ((1, 12),))', '((7, 10), ((1, 12),))', '((7, 4), ((1, 12),))', '((13, 10), ())', '((1, 4), ((1, 12),))']","['((2, 2), ((1, 1), (1, 12)))', '((3, 2), ((1, 1), (1, 12)))', '((9, 4), ((1, 1),))', '((7, 12), ((1, 12),))', '((17, 4), ())', '((5, 8), ((1, 1), (1, 12)))', '((1, 8), ((1, 12),))', '((13, 8), ())', '((7, 6), ((1, 12),))', '((7, 11), ((1, 12),))', '((7, 10), ((1, 12),))', '((7, 4), ((1, 12),))', '((13, 10), ())', '((1, 4), ((1, 12),))', '((1, 3), ((1, 1), (1, 12)))']",[219 states],43,39,82
220,"((2, 2), ((1, 1), (1, 12)))","((2, 1), ((1, 1), (1, 12)))",North,[],"['((3, 2), ((1, 1), (1, 12)))', '((17, 4), ())', '((9, 4), ((1, 1),))', '((7, 12), ((1, 12),))', '((7, 11), ((1, 12),))', '((5, 8), ((1, 1), (1, 12)))', '((1, 8), ((1, 12),))', '((13, 8), ())', '((7, 6), ((1, 12),))', '((1, 3), ((1, 1), (1, 12)))', '((7, 10), ((1, 12),))', '((7, 4), ((1, 12),))', '((13, 10), ())', '((1, 4), ((1, 12),))']","['((3, 2), ((1, 1), (1, 12)))', '((17, 4), ())', '((9, 4), ((1, 1),))', '((7, 12), ((1, 12),))', '((7, 11), ((1, 12),))', '((5, 8), ((1, 1), (1, 12)))', '((1, 8), ((1, 12),))', '((13, 8), ())', '((7, 6), ((1, 12),))', '((1, 3), ((1, 1), (1, 12)))', '((7, 10), ((1, 12),))', '((7, 4), ((1, 12),))', '((13, 10), ())', '((1, 4), ((1, 12),))']",[220 states],44,38,82
221,"((3, 2), ((1, 1), (1, 12)))","((3, 1), ((1, 1), (1, 12)))",North,"[(((3, 3), ((1, 1), (1, 12))), 'North', 46, 38, 84)]","['((17, 4), ())', '((7, 12), ((1, 12),))', '((9, 4), ((1, 1),))', '((13, 8), ())', '((7, 11), ((1, 12),))', '((5, 8), ((1, 1), (1, 12)))', '((1, 8), ((1, 12),))', '((1, 4), ((1, 12),))', '((7, 6), ((1, 12),))', '((1, 3), ((1, 1), (1, 12)))', '((7, 10), ((1, 12),))', '((7, 4), ((1, 12),))', '((13, 10), ())']","['((17, 4), ())', '((7, 12), ((1, 12),))', '((9, 4), ((1, 1),))', '((13, 8), ())', '((7, 11), ((1, 12),))', '((5, 8), ((1, 1), (1, 12)))', '((1, 8), ((1, 12),))', '((1, 4), ((1, 12),))', '((7, 6), ((1, 12),))', '((1, 3), ((1, 1), (1, 12)))', '((7, 10), ((1, 12),))', '((7, 4), ((1, 12),))', '((13, 10), ())', '((3, 3), ((1, 1), (1, 12)))']",[221 states],45,37,82
222,"((17, 4), ())","((16, 4), ())",East,"[(((18, 4), ()), 'East', 20, 62, 82)]","['((9, 4), ((1, 1),))', '((7, 12), ((1, 12),))', '((5, 8), ((1, 1), (1, 12)))', '((13, 8), ())', '((7, 11), ((1, 12),))', '((13, 10), ())', '((1, 8), ((1, 12),))', '((1, 4), ((1, 12),))', '((7, 6), ((1, 12),))', '((1, 3), ((1, 1), (1, 12)))', '((7, 10), ((1, 12),))', '((7, 4), ((1, 12),))', '((3, 3), ((1, 1), (1, 12)))']","['((18, 4), ())', '((7, 12), ((1, 12),))', '((9, 4), ((1, 1),))', '((13, 8), ())', '((7, 11), ((1, 12),))', '((13, 10), ())', '((5, 8), ((1, 1), (1, 12)))', '((1, 4), ((1, 12),))', '((7, 6), ((1, 12),))', '((1, 3), ((1, 1), (1, 12)))', '((7, 10), ((1, 12),))', '((7, 4), ((1, 12),))', '((3, 3), ((1, 1), (1, 12)))', '((1, 8), ((1, 12),))']",[222 states],19,63,82
223,"((18, 4), ())","((17, 4), ())",East,"[(((18, 5), ()), 'North', 21, 63, 84), (((19, 4), ()), 'East', 21, 61, 82), (((18, 3), ()), 'South', 21, 61, 82)]","['((9, 4), ((1, 1),))', '((7, 12), ((1, 12),))', '((5, 8), ((1, 1), (1, 12)))', '((13, 8), ())', '((7, 11), ((1, 12),))', '((13, 10), ())', '((1, 8), ((1, 12),))', '((1, 4), ((1, 12),))', '((7, 6), ((1, 12),))', '((1, 3), ((1, 1), (1, 12)))', '((7, 10), ((1, 12),))', '((7, 4), ((1, 12),))', '((3, 3), ((1, 1), (1, 12)))']","['((19, 4), ())', '((18, 3), ())', '((9, 4), ((1, 1),))', '((7, 12), ((1, 12),))', '((7, 11), ((1, 12),))', '((13, 10), ())', '((5, 8), ((1, 1), (1, 12)))', '((13, 8), ())', '((7, 6), ((1, 12),))', '((1, 3), ((1, 1), (1, 12)))', '((7, 10), ((1, 12),))', '((7, 4), ((1, 12),))', '((3, 3), ((1, 1), (1, 12)))', '((18, 5), ())', '((1, 8), ((1, 12),))', '((1, 4), ((1, 12),))']",[223 states],20,62,82
224,"((19, 4), ())","((18, 4), ())",East,"[(((20, 4), ()), 'East', 22, 60, 82)]","['((18, 3), ())', '((7, 12), ((1, 12),))', '((9, 4), ((1, 1),))', '((13, 8), ())', '((7, 11), ((1, 12),))', '((13, 10), ())', '((5, 8), ((1, 1), (1, 12)))', '((1, 4), ((1, 12),))', '((7, 6), ((1, 12),))', '((1, 3), ((1, 1), (1, 12)))', '((7, 10), ((1, 12),))', '((7, 4), ((1, 12),))', '((3, 3), ((1, 1), (1, 12)))', '((18, 5), ())', '((1, 8), ((1, 12),))']","['((18, 3), ())', '((20, 4), ())', '((9, 4), ((1, 1),))', '((7, 12), ((1, 12),))', '((7, 11), ((1, 12),))', '((13, 10), ())', '((5, 8), ((1, 1), (1, 12)))', '((13, 8), ())', '((7, 6), ((1, 12),))', '((1, 3), ((1, 1), (1, 12)))', '((7, 10), ((1, 12),))', '((7, 4), ((1, 12),))', '((3, 3), ((1, 1), (1, 12)))', '((18, 5), ())', '((1, 8), ((1, 12),))', '((1, 4), ((1, 12),))']",[224 states],21,61,82
225,"((18, 3), ())","((18, 4), ())",South,"[(((18, 2), ()), 'South', 22, 60, 82)]","['((20, 4), ())', '((7, 12), ((1, 12),))', '((9, 4), ((1, 1),))', '((13, 8), ())', '((7, 11), ((1, 12),))', '((13, 10), ())', '((5, 8), ((1, 1), (1, 12)))', '((1, 4), ((1, 12),))', '((7, 6), ((1, 12),))', '((1, 3), ((1, 1), (1, 12)))', '((7, 10), ((1, 12),))', '((7, 4), ((1, 12),))', '((3, 3), ((1, 1), (1, 12)))', '((18, 5), ())', '((1, 8), ((1, 12),))']","['((20, 4), ())', '((18, 2), ())', '((9, 4), ((1, 1),))', '((7, 12), ((1, 12),))', '((7, 11), ((1, 12),))', '((13, 10), ())', '((5, 8), ((1, 1), (1, 12)))', '((13, 8), ())', '((7, 6), ((1, 12),))', '((1, 3), ((1, 1), (1, 12)))', '((7, 10), ((1, 12),))', '((7, 4), ((1, 12),))', '((3, 3), ((1, 1), (1, 12)))', '((18, 5), ())', '((1, 8), ((1, 12),))', '((1, 4), ((1, 12),))']",[225 states],21,61,82
226,"((20, 4), ())","((19, 4), ())",East,[],"['((18, 2), ())', '((7, 12), ((1, 12),))', '((9, 4), ((1, 1),))', '((13, 8), ())', '((7, 11), ((1, 12),))', '((13, 10), ())', '((5, 8), ((1, 1), (1, 12)))', '((1, 4), ((1, 12),))', '((7, 6), ((1, 12),))', '((1, 3), ((1, 1), (1, 12)))', '((7, 10), ((1, 12),))', '((7, 4), ((1, 12),))', '((3, 3), ((1, 1), (1, 12)))', '((18, 5), ())', '((1, 8), ((1, 12),))']","['((18, 2), ())', '((7, 12), ((1, 12),))', '((9, 4), ((1, 1),))', '((13, 8), ())', '((7, 11), ((1, 12),))', '((13, 10), ())', '((5, 8), ((1, 1), (1, 12)))', '((1, 4), ((1, 12),))', '((7, 6), ((1, 12),))', '((1, 3), ((1, 1), (1, 12)))', '((7, 10), ((1, 12),))', '((7, 4), ((1, 12),))', '((3, 3), ((1, 1), (1, 12)))', '((18, 5), ())', '((1, 8), ((1, 12),))']",[226 states],22,60,82
227,"((18, 2), ())","((18, 3), ())",South,"[(((18, 1), ()), 'South', 23, 59, 82)]","['((9, 4), ((1, 1),))', '((7, 12), ((1, 12),))', '((5, 8), ((1, 1), (1, 12)))', '((13, 8), ())', '((7, 11), ((1, 12),))', '((13, 10), ())', '((1, 8), ((1, 12),))', '((1, 4), ((1, 12),))', '((7, 6), ((1, 12),))', '((1, 3), ((1, 1), (1, 12)))', '((7, 10), ((1, 12),))', '((7, 4), ((1, 12),))', '((3, 3), ((1, 1), (1, 12)))', '((18, 5), ())']","['((18, 1), ())', '((7, 12), ((1, 12),))', '((9, 4), ((1, 1),))', '((13, 8), ())', '((7, 11), ((1, 12),))', '((13, 10), ())', '((5, 8), ((1, 1), (1, 12)))', '((1, 4), ((1, 12),))', '((7, 6), ((1, 12),))', '((1, 3), ((1, 1), (1, 12)))', '((7, 10), ((1, 12),))', '((7, 4), ((1, 12),))', '((3, 3), ((1, 1), (1, 12)))', '((18, 5), ())', '((1, 8), ((1, 12),))']",[227 states],22,60,82
228,"((18, 1), ())","((18, 2), ())",South,[],"['((9, 4), ((1, 1),))', '((7, 12), ((1, 12),))', '((5, 8), ((1, 1), (1, 12)))', '((13, 8), ())', '((7, 11), ((1, 12),))', '((13, 10), ())', '((1, 8), ((1, 12),))', '((1, 4), ((1, 12),))', '((7, 6), ((1, 12),))', '((1, 3), ((1, 1), (1, 12)))', '((7, 10), ((1, 12),))', '((7, 4), ((1, 12),))', '((3, 3), ((1, 1), (1, 12)))', '((18, 5), ())']","['((9, 4), ((1, 1),))', '((7, 12), ((1, 12),))', '((5, 8), ((1, 1), (1, 12)))', '((13, 8), ())', '((7, 11), ((1, 12),))', '((13, 10), ())', '((1, 8), ((1, 12),))', '((1, 4), ((1, 12),))', '((7, 6), ((1, 12),))', '((1, 3), ((1, 1), (1, 12)))', '((7, 10), ((1, 12),))', '((7, 4), ((1, 12),))', '((3, 3), ((1, 1), (1, 12)))', '((18, 5), ())']",[228 states],23,59,82
229,"((9, 4), ((1, 1),))","((8, 4), ((1, 1),))",East,"[(((10, 4), ((1, 1),)), 'East', 30, 55, 85), (((9, 3), ((1, 1),)), 'South', 30, 55, 85)]","['((5, 8), ((1, 1), (1, 12)))', '((7, 12), ((1, 12),))', '((13, 10), ())', '((13, 8), ())', '((7, 11), ((1, 12),))', '((7, 4), ((1, 12),))', '((1, 8), ((1, 12),))', '((1, 4), ((1, 12),))', '((7, 6), ((1, 12),))', '((1, 3), ((1, 1), (1, 12)))', '((7, 10), ((1, 12),))', '((18, 5), ())', '((3, 3), ((1, 1), (1, 12)))']","['((5, 8), ((1, 1), (1, 12)))', '((7, 12), ((1, 12),))', '((13, 10), ())', '((13, 8), ())', '((7, 11), ((1, 12),))', '((7, 4), ((1, 12),))', '((1, 8), ((1, 12),))', '((1, 4), ((1, 12),))', '((7, 6), ((1, 12),))', '((1, 3), ((1, 1), (1, 12)))', '((7, 10), ((1, 12),))', '((18, 5), ())', '((3, 3), ((1, 1), (1, 12)))', '((10, 4), ((1, 1),))', '((9, 3), ((1, 1),))']",[229 states],29,54,83
230,"((5, 8), ((1, 1), (1, 12)))","((5, 9), ((1, 1), (1, 12)))",South,"[(((5, 7), ((1, 1), (1, 12))), 'South', 46, 39, 85)]","['((7, 12), ((1, 12),))', '((7, 11), ((1, 12),))', '((13, 10), ())', '((13, 8), ())', '((7, 10), ((1, 12),))', '((7, 4), ((1, 12),))', '((1, 8), ((1, 12),))', '((1, 4), ((1, 12),))', '((7, 6), ((1, 12),))', '((1, 3), ((1, 1), (1, 12)))', '((9, 3), ((1, 1),))', '((18, 5), ())', '((3, 3), ((1, 1), (1, 12)))', '((10, 4), ((1, 1),))']","['((7, 12), ((1, 12),))', '((7, 11), ((1, 12),))', '((13, 10), ())', '((13, 8), ())', '((7, 10), ((1, 12),))', '((7, 4), ((1, 12),))', '((1, 8), ((1, 12),))', '((1, 4), ((1, 12),))', '((7, 6), ((1, 12),))', '((1, 3), ((1, 1), (1, 12)))', '((9, 3), ((1, 1),))', '((18, 5), ())', '((3, 3), ((1, 1), (1, 12)))', '((10, 4), ((1, 1),))', '((5, 7), ((1, 1), (1, 12)))']",[230 states],45,38,83
231,"((7, 12), ((1, 12),))","((6, 12), ((1, 12),))",East,[],"['((7, 11), ((1, 12),))', '((7, 10), ((1, 12),))', '((13, 10), ())', '((13, 8), ())', '((1, 3), ((1, 1), (1, 12)))', '((7, 4), ((1, 12),))', '((1, 8), ((1, 12),))', '((1, 4), ((1, 12),))', '((7, 6), ((1, 12),))', '((5, 7), ((1, 1), (1, 12)))', '((9, 3), ((1, 1),))', '((18, 5), ())', '((3, 3), ((1, 1), (1, 12)))', '((10, 4), ((1, 1),))']","['((7, 11), ((1, 12),))', '((7, 10), ((1, 12),))', '((13, 10), ())', '((13, 8), ())', '((1, 3), ((1, 1), (1, 12)))', '((7, 4), ((1, 12),))', '((1, 8), ((1, 12),))', '((1, 4), ((1, 12),))', '((7, 6), ((1, 12),))', '((5, 7), ((1, 1), (1, 12)))', '((9, 3), ((1, 1),))', '((18, 5), ())', '((3, 3), ((1, 1), (1, 12)))', '((10, 4), ((1, 1),))']",[231 states],29,55,84
232,"((7, 11), ((1, 12),))","((6, 11), ((1, 12),))",East,[],"['((7, 10), ((1, 12),))', '((13, 8), ())', '((13, 10), ())', '((7, 6), ((1, 12),))', '((1, 3), ((1, 1), (1, 12)))', '((7, 4), ((1, 12),))', '((1, 8), ((1, 12),))', '((1, 4), ((1, 12),))', '((10, 4), ((1, 1),))', '((5, 7), ((1, 1), (1, 12)))', '((9, 3), ((1, 1),))', '((18, 5), ())', '((3, 3), ((1, 1), (1, 12)))']","['((7, 10), ((1, 12),))', '((13, 8), ())', '((13, 10), ())', '((7, 6), ((1, 12),))', '((1, 3), ((1, 1), (1, 12)))', '((7, 4), ((1, 12),))', '((1, 8), ((1, 12),))', '((1, 4), ((1, 12),))', '((10, 4), ((1, 1),))', '((5, 7), ((1, 1), (1, 12)))', '((9, 3), ((1, 1),))', '((18, 5), ())', '((3, 3), ((1, 1), (1, 12)))']",[232 states],30,54,84
233,"((7, 10), ((1, 12),))","((6, 10), ((1, 12),))",East,[],"['((13, 8), ())', '((7, 6), ((1, 12),))', '((13, 10), ())', '((1, 4), ((1, 12),))', '((1, 3), ((1, 1), (1, 12)))', '((7, 4), ((1, 12),))', '((1, 8), ((1, 12),))', '((3, 3), ((1, 1), (1, 12)))', '((10, 4), ((1, 1),))', '((5, 7), ((1, 1), (1, 12)))', '((9, 3), ((1, 1),))', '((18, 5), ())']","['((13, 8), ())', '((7, 6), ((1, 12),))', '((13, 10), ())', '((1, 4), ((1, 12),))', '((1, 3), ((1, 1), (1, 12)))', '((7, 4), ((1, 12),))', '((1, 8), ((1, 12),))', '((3, 3), ((1, 1), (1, 12)))', '((10, 4), ((1, 1),))', '((5, 7), ((1, 1), (1, 12)))', '((9, 3), ((1, 1),))', '((18, 5), ())']",[233 states],31,53,84
234,"((13, 8), ())","((12, 8), ())",East,[],"['((13, 10), ())', '((7, 6), ((1, 12),))', '((7, 4), ((1, 12),))', '((1, 4), ((1, 12),))', '((1, 3), ((1, 1), (1, 12)))', '((18, 5), ())', '((1, 8), ((1, 12),))', '((3, 3), ((1, 1), (1, 12)))', '((10, 4), ((1, 1),))', '((5, 7), ((1, 1), (1, 12)))', '((9, 3), ((1, 1),))']","['((13, 10), ())', '((7, 6), ((1, 12),))', '((7, 4), ((1, 12),))', '((1, 4), ((1, 12),))', '((1, 3), ((1, 1), (1, 12)))', '((18, 5), ())', '((1, 8), ((1, 12),))', '((3, 3), ((1, 1), (1, 12)))', '((10, 4), ((1, 1),))', '((5, 7), ((1, 1), (1, 12)))', '((9, 3), ((1, 1),))']",[234 states],19,65,84
235,"((13, 10), ())","((12, 10), ())",East,"[(((14, 10), ()), 'East', 22, 64, 86)]","['((7, 6), ((1, 12),))', '((1, 4), ((1, 12),))', '((7, 4), ((1, 12),))', '((3, 3), ((1, 1), (1, 12)))', '((1, 3), ((1, 1), (1, 12)))', '((18, 5), ())', '((1, 8), ((1, 12),))', '((9, 3), ((1, 1),))', '((10, 4), ((1, 1),))', '((5, 7), ((1, 1), (1, 12)))']","['((7, 6), ((1, 12),))', '((1, 4), ((1, 12),))', '((7, 4), ((1, 12),))', '((3, 3), ((1, 1), (1, 12)))', '((1, 3), ((1, 1), (1, 12)))', '((18, 5), ())', '((1, 8), ((1, 12),))', '((9, 3), ((1, 1),))', '((10, 4), ((1, 1),))', '((5, 7), ((1, 1), (1, 12)))', '((14, 10), ())']",[235 states],21,63,84
236,"((7, 6), ((1, 12),))","((6, 6), ((1, 12),))",East,"[(((7, 7), ((1, 12),)), 'North', 36, 50, 86)]","['((7, 4), ((1, 12),))', '((1, 4), ((1, 12),))', '((1, 8), ((1, 12),))', '((3, 3), ((1, 1), (1, 12)))', '((1, 3), ((1, 1), (1, 12)))', '((18, 5), ())', '((14, 10), ())', '((9, 3), ((1, 1),))', '((10, 4), ((1, 1),))', '((5, 7), ((1, 1), (1, 12)))']","['((7, 4), ((1, 12),))', '((1, 4), ((1, 12),))', '((1, 8), ((1, 12),))', '((3, 3), ((1, 1), (1, 12)))', '((1, 3), ((1, 1), (1, 12)))', '((18, 5), ())', '((14, 10), ())', '((9, 3), ((1, 1),))', '((10, 4), ((1, 1),))', '((5, 7), ((1, 1), (1, 12)))', '((7, 7), ((1, 12),))']",[236 states],35,49,84
237,"((7, 4), ((1, 12),))","((6, 4), ((1, 12),))",East,"[(((8, 4), ((1, 12),)), 'East', 38, 48, 86)]","['((1, 8), ((1, 12),))', '((1, 4), ((1, 12),))', '((18, 5), ())', '((3, 3), ((1, 1), (1, 12)))', '((1, 3), ((1, 1), (1, 12)))', '((7, 7), ((1, 12),))', '((14, 10), ())', '((9, 3), ((1, 1),))', '((10, 4), ((1, 1),))', '((5, 7), ((1, 1), (1, 12)))']","['((1, 8), ((1, 12),))', '((1, 4), ((1, 12),))', '((18, 5), ())', '((3, 3), ((1, 1), (1, 12)))', '((1, 3), ((1, 1), (1, 12)))', '((7, 7), ((1, 12),))', '((14, 10), ())', '((9, 3), ((1, 1),))', '((10, 4), ((1, 1),))', '((5, 7), ((1, 1), (1, 12)))', '((8, 4), ((1, 12),))']",[237 states],37,47,84
238,"((1, 8), ((1, 12),))","((1, 7), ((1, 12),))",North,"[(((2, 8), ((1, 12),)), 'East', 40, 46, 86)]","['((1, 4), ((1, 12),))', '((1, 3), ((1, 1), (1, 12)))', '((18, 5), ())', '((3, 3), ((1, 1), (1, 12)))', '((5, 7), ((1, 1), (1, 12)))', '((7, 7), ((1, 12),))', '((14, 10), ())', '((9, 3), ((1, 1),))', '((10, 4), ((1, 1),))', '((8, 4), ((1, 12),))']","['((1, 4), ((1, 12),))', '((1, 3), ((1, 1), (1, 12)))', '((18, 5), ())', '((3, 3), ((1, 1), (1, 12)))', '((5, 7), ((1, 1), (1, 12)))', '((7, 7), ((1, 12),))', '((14, 10), ())', '((9, 3), ((1, 1),))', '((10, 4), ((1, 1),))', '((8, 4), ((1, 12),))', '((2, 8), ((1, 12),))']",[238 states],39,45,84
239,"((1, 4), ((1, 12),))","((1, 3), ((1, 12),))",North,[],"['((1, 3), ((1, 1), (1, 12)))', '((3, 3), ((1, 1), (1, 12)))', '((18, 5), ())', '((10, 4), ((1, 1),))', '((5, 7), ((1, 1), (1, 12)))', '((7, 7), ((1, 12),))', '((14, 10), ())', '((9, 3), ((1, 1),))', '((2, 8), ((1, 12),))', '((8, 4), ((1, 12),))']","['((1, 3), ((1, 1), (1, 12)))', '((3, 3), ((1, 1), (1, 12)))', '((18, 5), ())', '((10, 4), ((1, 1),))', '((5, 7), ((1, 1), (1, 12)))', '((7, 7), ((1, 12),))', '((14, 10), ())', '((9, 3), ((1, 1),))', '((2, 8), ((1, 12),))', '((8, 4), ((1, 12),))']",[239 states],43,41,84
240,"((1, 3), ((1, 1), (1, 12)))","((1, 2), ((1, 1), (1, 12)))",North,"[(((1, 4), ((1, 1), (1, 12))), 'North', 45, 41, 86)]","['((3, 3), ((1, 1), (1, 12)))', '((10, 4), ((1, 1),))', '((18, 5), ())', '((9, 3), ((1, 1),))', '((5, 7), ((1, 1), (1, 12)))', '((7, 7), ((1, 12),))', '((14, 10), ())', '((8, 4), ((1, 12),))', '((2, 8), ((1, 12),))']","['((3, 3), ((1, 1), (1, 12)))', '((10, 4), ((1, 1),))', '((18, 5), ())', '((9, 3), ((1, 1),))', '((5, 7), ((1, 1), (1, 12)))', '((7, 7), ((1, 12),))', '((14, 10), ())', '((8, 4), ((1, 12),))', '((2, 8), ((1, 12),))', '((1, 4), ((1, 1), (1, 12)))']",[240 states],44,40,84
241,"((3, 3), ((1, 1), (1, 12)))","((3, 2), ((1, 1), (1, 12)))",North,"[(((3, 4), ((1, 1), (1, 12))), 'North', 47, 39, 86)]","['((18, 5), ())', '((10, 4), ((1, 1),))', '((14, 10), ())', '((9, 3), ((1, 1),))', '((5, 7), ((1, 1), (1, 12)))', '((7, 7), ((1, 12),))', '((1, 4), ((1, 1), (1, 12)))', '((8, 4), ((1, 12),))', '((2, 8), ((1, 12),))']","['((18, 5), ())', '((10, 4), ((1, 1),))', '((14, 10), ())', '((9, 3), ((1, 1),))', '((5, 7), ((1, 1), (1, 12)))', '((7, 7), ((1, 12),))', '((1, 4), ((1, 1), (1, 12)))', '((8, 4), ((1, 12),))', '((2, 8), ((1, 12),))', '((3, 4), ((1, 1), (1, 12)))']",[241 states],46,38,84
242,"((18, 5), ())","((18, 4), ())",North,"[(((18, 6), ()), 'North', 22, 64, 86)]","['((10, 4), ((1, 1),))', '((9, 3), ((1, 1),))', '((14, 10), ())', '((8, 4), ((1, 12),))', '((5, 7), ((1, 1), (1, 12)))', '((7, 7), ((1, 12),))', '((1, 4), ((1, 1), (1, 12)))', '((3, 4), ((1, 1), (1, 12)))', '((2, 8), ((1, 12),))']","['((10, 4), ((1, 1),))', '((9, 3), ((1, 1),))', '((14, 10), ())', '((8, 4), ((1, 12),))', '((5, 7), ((1, 1), (1, 12)))', '((7, 7), ((1, 12),))', '((1, 4), ((1, 1), (1, 12)))', '((3, 4), ((1, 1), (1, 12)))', '((2, 8), ((1, 12),))', '((18, 6), ())']",[242 states],21,63,84
243,"((10, 4), ((1, 1),))","((9, 4), ((1, 1),))",East,"[(((11, 4), ((1, 1),)), 'East', 31, 56, 87)]","['((9, 3), ((1, 1),))', '((5, 7), ((1, 1), (1, 12)))', '((14, 10), ())', '((8, 4), ((1, 12),))', '((18, 6), ())', '((7, 7), ((1, 12),))', '((1, 4), ((1, 1), (1, 12)))', '((3, 4), ((1, 1), (1, 12)))', '((2, 8), ((1, 12),))']","['((9, 3), ((1, 1),))', '((5, 7), ((1, 1), (1, 12)))', '((14, 10), ())', '((8, 4), ((1, 12),))', '((18, 6), ())', '((7, 7), ((1, 12),))', '((1, 4), ((1, 1), (1, 12)))', '((3, 4), ((1, 1), (1, 12)))', '((2, 8), ((1, 12),))', '((11, 4), ((1, 1),))']",[243 states],30,55,85
244,"((9, 3), ((1, 1),))","((9, 4), ((1, 1),))",South,"[(((9, 2), ((1, 1),)), 'South', 31, 56, 87)]","['((5, 7), ((1, 1), (1, 12)))', '((8, 4), ((1, 12),))', '((14, 10), ())', '((2, 8), ((1, 12),))', '((18, 6), ())', '((7, 7), ((1, 12),))', '((1, 4), ((1, 1), (1, 12)))', '((3, 4), ((1, 1), (1, 12)))', '((11, 4), ((1, 1),))']","['((5, 7), ((1, 1), (1, 12)))', '((8, 4), ((1, 12),))', '((14, 10), ())', '((2, 8), ((1, 12),))', '((18, 6), ())', '((7, 7), ((1, 12),))', '((1, 4), ((1, 1), (1, 12)))', '((3, 4), ((1, 1), (1, 12)))', '((11, 4), ((1, 1),))', '((9, 2), ((1, 1),))']",[244 states],30,55,85
245,"((5, 7), ((1, 1), (1, 12)))","((5, 8), ((1, 1), (1, 12)))",South,"[(((5, 6), ((1, 1), (1, 12))), 'South', 47, 39, 86)]","['((14, 10), ())', '((8, 4), ((1, 12),))', '((7, 7), ((1, 12),))', '((2, 8), ((1, 12),))', '((18, 6), ())', '((9, 2), ((1, 1),))', '((1, 4), ((1, 1), (1, 12)))', '((3, 4), ((1, 1), (1, 12)))', '((11, 4), ((1, 1),))']","['((14, 10), ())', '((8, 4), ((1, 12),))', '((7, 7), ((1, 12),))', '((2, 8), ((1, 12),))', '((18, 6), ())', '((9, 2), ((1, 1),))', '((1, 4), ((1, 1), (1, 12)))', '((3, 4), ((1, 1), (1, 12)))', '((11, 4), ((1, 1),))', '((5, 6), ((1, 1), (1, 12)))']",[245 states],46,39,85
246,"((14, 10), ())","((13, 10), ())",East,"[(((15, 10), ()), 'East', 23, 64, 87)]","['((7, 7), ((1, 12),))', '((8, 4), ((1, 12),))', '((1, 4), ((1, 1), (1, 12)))', '((2, 8), ((1, 12),))', '((18, 6), ())', '((9, 2), ((1, 1),))', '((5, 6), ((1, 1), (1, 12)))', '((3, 4), ((1, 1), (1, 12)))', '((11, 4), ((1, 1),))']","['((7, 7), ((1, 12),))', '((8, 4), ((1, 12),))', '((1, 4), ((1, 1), (1, 12)))', '((2, 8), ((1, 12),))', '((18, 6), ())', '((9, 2), ((1, 1),))', '((5, 6), ((1, 1), (1, 12)))', '((3, 4), ((1, 1), (1, 12)))', '((11, 4), ((1, 1),))', '((15, 10), ())']",[246 states],22,64,86
247,"((7, 7), ((1, 12),))","((7, 6), ((1, 12),))",North,"[(((7, 8), ((1, 12),)), 'North', 37, 51, 88)]","['((8, 4), ((1, 12),))', '((2, 8), ((1, 12),))', '((1, 4), ((1, 1), (1, 12)))', '((3, 4), ((1, 1), (1, 12)))', '((18, 6), ())', '((9, 2), ((1, 1),))', '((5, 6), ((1, 1), (1, 12)))', '((15, 10), ())', '((11, 4), ((1, 1),))']","['((8, 4), ((1, 12),))', '((2, 8), ((1, 12),))', '((1, 4), ((1, 1), (1, 12)))', '((3, 4), ((1, 1), (1, 12)))', '((18, 6), ())', '((9, 2), ((1, 1),))', '((5, 6), ((1, 1), (1, 12)))', '((15, 10), ())', '((11, 4), ((1, 1),))', '((7, 8), ((1, 12),))']",[247 states],36,50,86
248,"((8, 4), ((1, 12),))","((7, 4), ((1, 12),))",East,"[(((9, 4), ((1, 12),)), 'East', 39, 49, 88)]","['((2, 8), ((1, 12),))', '((3, 4), ((1, 1), (1, 12)))', '((1, 4), ((1, 1), (1, 12)))', '((11, 4), ((1, 1),))', '((18, 6), ())', '((9, 2), ((1, 1),))', '((5, 6), ((1, 1), (1, 12)))', '((15, 10), ())', '((7, 8), ((1, 12),))']","['((2, 8), ((1, 12),))', '((3, 4), ((1, 1), (1, 12)))', '((1, 4), ((1, 1), (1, 12)))', '((11, 4), ((1, 1),))', '((18, 6), ())', '((9, 2), ((1, 1),))', '((5, 6), ((1, 1), (1, 12)))', '((15, 10), ())', '((7, 8), ((1, 12),))', '((9, 4), ((1, 12),))']",[248 states],38,48,86
249,"((2, 8), ((1, 12),))","((1, 8), ((1, 12),))",East,"[(((3, 8), ((1, 12),)), 'East', 41, 47, 88)]","['((1, 4), ((1, 1), (1, 12)))', '((3, 4), ((1, 1), (1, 12)))', '((5, 6), ((1, 1), (1, 12)))', '((11, 4), ((1, 1),))', '((18, 6), ())', '((9, 2), ((1, 1),))', '((9, 4), ((1, 12),))', '((15, 10), ())', '((7, 8), ((1, 12),))']","['((1, 4), ((1, 1), (1, 12)))', '((3, 4), ((1, 1), (1, 12)))', '((5, 6), ((1, 1), (1, 12)))', '((11, 4), ((1, 1),))', '((18, 6), ())', '((9, 2), ((1, 1),))', '((9, 4), ((1, 12),))', '((15, 10), ())', '((7, 8), ((1, 12),))', '((3, 8), ((1, 12),))']",[249 states],40,46,86
250,"((1, 4), ((1, 1), (1, 12)))","((1, 3), ((1, 1), (1, 12)))",North,[],"['((3, 4), ((1, 1), (1, 12)))', '((18, 6), ())', '((5, 6), ((1, 1), (1, 12)))', '((11, 4), ((1, 1),))', '((3, 8), ((1, 12),))', '((9, 2), ((1, 1),))', '((9, 4), ((1, 12),))', '((15, 10), ())', '((7, 8), ((1, 12),))']","['((3, 4), ((1, 1), (1, 12)))', '((18, 6), ())', '((5, 6), ((1, 1), (1, 12)))', '((11, 4), ((1, 1),))', '((3, 8), ((1, 12),))', '((9, 2), ((1, 1),))', '((9, 4), ((1, 12),))', '((15, 10), ())', '((7, 8), ((1, 12),))']",[250 states],45,41,86
251,"((3, 4), ((1, 1), (1, 12)))","((3, 3), ((1, 1), (1, 12)))",North,"[(((3, 5), ((1, 1), (1, 12))), 'North', 48, 40, 88), (((4, 4), ((1, 1), (1, 12))), 'East', 48, 38, 86)]","['((18, 6), ())', '((11, 4), ((1, 1),))', '((5, 6), ((1, 1), (1, 12)))', '((15, 10), ())', '((3, 8), ((1, 12),))', '((9, 2), ((1, 1),))', '((9, 4), ((1, 12),))', '((7, 8), ((1, 12),))']","['((18, 6), ())', '((4, 4), ((1, 1), (1, 12)))', '((5, 6), ((1, 1), (1, 12)))', '((15, 10), ())', '((11, 4), ((1, 1),))', '((9, 2), ((1, 1),))', '((9, 4), ((1, 12),))', '((7, 8), ((1, 12),))', '((3, 5), ((1, 1), (1, 12)))', '((3, 8), ((1, 12),))']",[251 states],47,39,86
252,"((18, 6), ())","((18, 5), ())",North,"[(((19, 6), ()), 'East', 23, 63, 86), (((17, 6), ()), 'West', 23, 65, 88)]","['((5, 6), ((1, 1), (1, 12)))', '((4, 4), ((1, 1), (1, 12)))', '((9, 2), ((1, 1),))', '((15, 10), ())', '((11, 4), ((1, 1),))', '((3, 8), ((1, 12),))', '((9, 4), ((1, 12),))', '((7, 8), ((1, 12),))', '((3, 5), ((1, 1), (1, 12)))']","['((5, 6), ((1, 1), (1, 12)))', '((4, 4), ((1, 1), (1, 12)))', '((9, 2), ((1, 1),))', '((15, 10), ())', '((19, 6), ())', '((3, 8), ((1, 12),))', '((9, 4), ((1, 12),))', '((7, 8), ((1, 12),))', '((3, 5), ((1, 1), (1, 12)))', '((11, 4), ((1, 1),))', '((17, 6), ())']",[252 states],22,64,86
253,"((5, 6), ((1, 1), (1, 12)))","((5, 7), ((1, 1), (1, 12)))",South,"[(((6, 6), ((1, 1), (1, 12))), 'East', 48, 38, 86), (((5, 5), ((1, 1), (1, 12))), 'South', 48, 38, 86), (((4, 6), ((1, 1), (1, 12))), 'West', 48, 40, 88)]","['((4, 4), ((1, 1), (1, 12)))', '((19, 6), ())', '((9, 2), ((1, 1),))', '((15, 10), ())', '((11, 4), ((1, 1),))', '((3, 8), ((1, 12),))', '((9, 4), ((1, 12),))', '((7, 8), ((1, 12),))', '((3, 5), ((1, 1), (1, 12)))', '((17, 6), ())']","['((4, 4), ((1, 1), (1, 12)))', '((19, 6), ())', '((5, 5), ((1, 1), (1, 12)))', '((15, 10), ())', '((6, 6), ((1, 1), (1, 12)))', '((9, 2), ((1, 1),))', '((9, 4), ((1, 12),))', '((7, 8), ((1, 12),))', '((3, 5), ((1, 1), (1, 12)))', '((17, 6), ())', '((11, 4), ((1, 1),))', '((3, 8), ((1, 12),))', '((4, 6), ((1, 1), (1, 12)))']",[253 states],47,39,86
254,"((4, 4), ((1, 1), (1, 12)))","((3, 4), ((1, 1), (1, 12)))",East,"[(((5, 4), ((1, 1), (1, 12))), 'East', 49, 37, 86)]","['((19, 6), ())', '((6, 6), ((1, 1), (1, 12)))', '((5, 5), ((1, 1), (1, 12)))', '((15, 10), ())', '((11, 4), ((1, 1),))', '((9, 2), ((1, 1),))', '((9, 4), ((1, 12),))', '((7, 8), ((1, 12),))', '((3, 5), ((1, 1), (1, 12)))', '((17, 6), ())', '((4, 6), ((1, 1), (1, 12)))', '((3, 8), ((1, 12),))']","['((19, 6), ())', '((6, 6), ((1, 1), (1, 12)))', '((5, 5), ((1, 1), (1, 12)))', '((15, 10), ())', '((11, 4), ((1, 1),))', '((5, 4), ((1, 1), (1, 12)))', '((9, 4), ((1, 12),))', '((7, 8), ((1, 12),))', '((3, 5), ((1, 1), (1, 12)))', '((17, 6), ())', '((4, 6), ((1, 1), (1, 12)))', '((3, 8), ((1, 12),))', '((9, 2), ((1, 1),))']",[254 states],48,38,86
255,"((19, 6), ())","((18, 6), ())",East,"[(((20, 6), ()), 'East', 24, 62, 86)]","['((6, 6), ((1, 1), (1, 12)))', '((11, 4), ((1, 1),))', '((5, 5), ((1, 1), (1, 12)))', '((15, 10), ())', '((9, 2), ((1, 1),))', '((5, 4), ((1, 1), (1, 12)))', '((9, 4), ((1, 12),))', '((7, 8), ((1, 12),))', '((3, 5), ((1, 1), (1, 12)))', '((17, 6), ())', '((4, 6), ((1, 1), (1, 12)))', '((3, 8), ((1, 12),))']","['((6, 6), ((1, 1), (1, 12)))', '((11, 4), ((1, 1),))', '((5, 5), ((1, 1), (1, 12)))', '((15, 10), ())', '((9, 2), ((1, 1),))', '((5, 4), ((1, 1), (1, 12)))', '((9, 4), ((1, 12),))', '((7, 8), ((1, 12),))', '((3, 5), ((1, 1), (1, 12)))', '((17, 6), ())', '((4, 6), ((1, 1), (1, 12)))', '((3, 8), ((1, 12),))', '((20, 6), ())']",[255 states],23,63,86
256,"((6, 6), ((1, 1), (1, 12)))","((5, 6), ((1, 1), (1, 12)))",East,"[(((7, 6), ((1, 1), (1, 12))), 'East', 49, 37, 86)]","['((5, 5), ((1, 1), (1, 12)))', '((11, 4), ((1, 1),))', '((5, 4), ((1, 1), (1, 12)))', '((15, 10), ())', '((9, 2), ((1, 1),))', '((20, 6), ())', '((9, 4), ((1, 12),))', '((7, 8), ((1, 12),))', '((3, 5), ((1, 1), (1, 12)))', '((17, 6), ())', '((4, 6), ((1, 1), (1, 12)))', '((3, 8), ((1, 12),))']","['((5, 5), ((1, 1), (1, 12)))', '((11, 4), ((1, 1),))', '((5, 4), ((1, 1), (1, 12)))', '((15, 10), ())', '((9, 2), ((1, 1),))', '((20, 6), ())', '((9, 4), ((1, 12),))', '((7, 8), ((1, 12),))', '((3, 5), ((1, 1), (1, 12)))', '((17, 6), ())', '((4, 6), ((1, 1), (1, 12)))', '((3, 8), ((1, 12),))', '((7, 6), ((1, 1), (1, 12)))']",[256 states],48,38,86
257,"((5, 5), ((1, 1), (1, 12)))","((5, 6), ((1, 1), (1, 12)))",South,[],"['((5, 4), ((1, 1), (1, 12)))', '((11, 4), ((1, 1),))', '((20, 6), ())', '((15, 10), ())', '((9, 2), ((1, 1),))', '((7, 6), ((1, 1), (1, 12)))', '((9, 4), ((1, 12),))', '((7, 8), ((1, 12),))', '((3, 5), ((1, 1), (1, 12)))', '((17, 6), ())', '((4, 6), ((1, 1), (1, 12)))', '((3, 8), ((1, 12),))']","['((5, 4), ((1, 1), (1, 12)))', '((11, 4), ((1, 1),))', '((20, 6), ())', '((15, 10), ())', '((9, 2), ((1, 1),))', '((7, 6), ((1, 1), (1, 12)))', '((9, 4), ((1, 12),))', '((7, 8), ((1, 12),))', '((3, 5), ((1, 1), (1, 12)))', '((17, 6), ())', '((4, 6), ((1, 1), (1, 12)))', '((3, 8), ((1, 12),))']",[257 states],48,38,86
258,"((5, 4), ((1, 1), (1, 12)))","((4, 4), ((1, 1), (1, 12)))",East,"[(((6, 4), ((1, 1), (1, 12))), 'East', 50, 36, 86)]","['((20, 6), ())', '((11, 4), ((1, 1),))', '((7, 6), ((1, 1), (1, 12)))', '((15, 10), ())', '((9, 2), ((1, 1),))', '((3, 8), ((1, 12),))', '((9, 4), ((1, 12),))', '((7, 8), ((1, 12),))', '((3, 5), ((1, 1), (1, 12)))', '((17, 6), ())', '((4, 6), ((1, 1), (1, 12)))']","['((20, 6), ())', '((11, 4), ((1, 1),))', '((7, 6), ((1, 1), (1, 12)))', '((15, 10), ())', '((9, 2), ((1, 1),))', '((6, 4), ((1, 1), (1, 12)))', '((9, 4), ((1, 12),))', '((7, 8), ((1, 12),))', '((3, 5), ((1, 1), (1, 12)))', '((17, 6), ())', '((4, 6), ((1, 1), (1, 12)))', '((3, 8), ((1, 12),))']",[258 states],49,37,86
259,"((20, 6), ())","((19, 6), ())",East,"[(((20, 7), ()), 'North', 25, 62, 87)]","['((7, 6), ((1, 1), (1, 12)))', '((11, 4), ((1, 1),))', '((6, 4), ((1, 1), (1, 12)))', '((15, 10), ())', '((9, 2), ((1, 1),))', '((3, 8), ((1, 12),))', '((9, 4), ((1, 12),))', '((7, 8), ((1, 12),))', '((3, 5), ((1, 1), (1, 12)))', '((17, 6), ())', '((4, 6), ((1, 1), (1, 12)))']","['((7, 6), ((1, 1), (1, 12)))', '((11, 4), ((1, 1),))', '((6, 4), ((1, 1), (1, 12)))', '((15, 10), ())', '((9, 2), ((1, 1),))', '((20, 7), ())', '((9, 4), ((1, 12),))', '((7, 8), ((1, 12),))', '((3, 5), ((1, 1), (1, 12)))', '((17, 6), ())', '((4, 6), ((1, 1), (1, 12)))', '((3, 8), ((1, 12),))']",[259 states],24,62,86
260,"((7, 6), ((1, 1), (1, 12)))","((6, 6), ((1, 1), (1, 12)))",East,"[(((7, 7), ((1, 1), (1, 12))), 'North', 50, 37, 87)]","['((6, 4), ((1, 1), (1, 12)))', '((11, 4), ((1, 1),))', '((20, 7), ())', '((15, 10), ())', '((9, 2), ((1, 1),))', '((3, 8), ((1, 12),))', '((9, 4), ((1, 12),))', '((7, 8), ((1, 12),))', '((3, 5), ((1, 1), (1, 12)))', '((17, 6), ())', '((4, 6), ((1, 1), (1, 12)))']","['((6, 4), ((1, 1), (1, 12)))', '((11, 4), ((1, 1),))', '((20, 7), ())', '((15, 10), ())', '((9, 2), ((1, 1),))', '((7, 7), ((1, 1), (1, 12)))', '((9, 4), ((1, 12),))', '((7, 8), ((1, 12),))', '((3, 5), ((1, 1), (1, 12)))', '((17, 6), ())', '((4, 6), ((1, 1), (1, 12)))', '((3, 8), ((1, 12),))']",[260 states],49,37,86
261,"((6, 4), ((1, 1), (1, 12)))","((5, 4), ((1, 1), (1, 12)))",East,"[(((7, 4), ((1, 1), (1, 12))), 'East', 51, 35, 86)]","['((11, 4), ((1, 1),))', '((9, 2), ((1, 1),))', '((20, 7), ())', '((15, 10), ())', '((3, 8), ((1, 12),))', '((7, 7), ((1, 1), (1, 12)))', '((9, 4), ((1, 12),))', '((7, 8), ((1, 12),))', '((3, 5), ((1, 1), (1, 12)))', '((17, 6), ())', '((4, 6), ((1, 1), (1, 12)))']","['((7, 4), ((1, 1), (1, 12)))', '((9, 2), ((1, 1),))', '((11, 4), ((1, 1),))', '((15, 10), ())', '((3, 8), ((1, 12),))', '((20, 7), ())', '((9, 4), ((1, 12),))', '((7, 8), ((1, 12),))', '((3, 5), ((1, 1), (1, 12)))', '((17, 6), ())', '((4, 6), ((1, 1), (1, 12)))', '((7, 7), ((1, 1), (1, 12)))']",[261 states],50,36,86
262,"((7, 4), ((1, 1), (1, 12)))","((6, 4), ((1, 1), (1, 12)))",East,"[(((8, 4), ((1, 1), (1, 12))), 'East', 52, 34, 86)]","['((11, 4), ((1, 1),))', '((9, 2), ((1, 1),))', '((20, 7), ())', '((15, 10), ())', '((3, 8), ((1, 12),))', '((7, 7), ((1, 1), (1, 12)))', '((9, 4), ((1, 12),))', '((7, 8), ((1, 12),))', '((3, 5), ((1, 1), (1, 12)))', '((17, 6), ())', '((4, 6), ((1, 1), (1, 12)))']","['((8, 4), ((1, 1), (1, 12)))', '((9, 2), ((1, 1),))', '((11, 4), ((1, 1),))', '((15, 10), ())', '((3, 8), ((1, 12),))', '((20, 7), ())', '((9, 4), ((1, 12),))', '((7, 8), ((1, 12),))', '((3, 5), ((1, 1), (1, 12)))', '((17, 6), ())', '((4, 6), ((1, 1), (1, 12)))', '((7, 7), ((1, 1), (1, 12)))']",[262 states],51,35,86
263,"((8, 4), ((1, 1), (1, 12)))","((7, 4), ((1, 1), (1, 12)))",East,"[(((9, 4), ((1, 1), (1, 12))), 'East', 53, 33, 86)]","['((11, 4), ((1, 1),))', '((9, 2), ((1, 1),))', '((20, 7), ())', '((15, 10), ())', '((3, 8), ((1, 12),))', '((7, 7), ((1, 1), (1, 12)))', '((9, 4), ((1, 12),))', '((7, 8), ((1, 12),))', '((3, 5), ((1, 1), (1, 12)))', '((17, 6), ())', '((4, 6), ((1, 1), (1, 12)))']","['((9, 4), ((1, 1), (1, 12)))', '((9, 2), ((1, 1),))', '((11, 4), ((1, 1),))', '((15, 10), ())', '((3, 8), ((1, 12),))', '((20, 7), ())', '((9, 4), ((1, 12),))', '((7, 8), ((1, 12),))', '((3, 5), ((1, 1), (1, 12)))', '((17, 6), ())', '((4, 6), ((1, 1), (1, 12)))', '((7, 7), ((1, 1), (1, 12)))']",[263 states],52,34,86
264,"((9, 4), ((1, 1), (1, 12)))","((8, 4), ((1, 1), (1, 12)))",East,"[(((10, 4), ((1, 1), (1, 12))), 'East', 54, 32, 86), (((9, 3), ((1, 1), (1, 12))), 'South', 54, 32, 86)]","['((11, 4), ((1, 1),))', '((9, 2), ((1, 1),))', '((20, 7), ())', '((15, 10), ())', '((3, 8), ((1, 12),))', '((7, 7), ((1, 1), (1, 12)))', '((9, 4), ((1, 12),))', '((7, 8), ((1, 12),))', '((3, 5), ((1, 1), (1, 12)))', '((17, 6), ())', '((4, 6), ((1, 1), (1, 12)))']","['((10, 4), ((1, 1), (1, 12)))', '((9, 2), ((1, 1),))', '((9, 3), ((1, 1), (1, 12)))', '((15, 10), ())', '((3, 8), ((1, 12),))', '((11, 4), ((1, 1),))', '((9, 4), ((1, 12),))', '((7, 8), ((1, 12),))', '((3, 5), ((1, 1), (1, 12)))', '((17, 6), ())', '((4, 6), ((1, 1), (1, 12)))', '((7, 7), ((1, 1), (1, 12)))', '((20, 7), ())']",[264 states],53,33,86
265,"((10, 4), ((1, 1), (1, 12)))","((9, 4), ((1, 1), (1, 12)))",East,"[(((11, 4), ((1, 1), (1, 12))), 'East', 55, 31, 86)]","['((9, 3), ((1, 1), (1, 12)))', '((9, 2), ((1, 1),))', '((11, 4), ((1, 1),))', '((15, 10), ())', '((3, 8), ((1, 12),))', '((20, 7), ())', '((9, 4), ((1, 12),))', '((7, 8), ((1, 12),))', '((3, 5), ((1, 1), (1, 12)))', '((17, 6), ())', '((4, 6), ((1, 1), (1, 12)))', '((7, 7), ((1, 1), (1, 12)))']","['((9, 3), ((1, 1), (1, 12)))', '((9, 2), ((1, 1),))', '((11, 4), ((1, 1), (1, 12)))', '((15, 10), ())', '((3, 8), ((1, 12),))', '((11, 4), ((1, 1),))', '((9, 4), ((1, 12),))', '((7, 8), ((1, 12),))', '((3, 5), ((1, 1), (1, 12)))', '((17, 6), ())', '((4, 6), ((1, 1), (1, 12)))', '((7, 7), ((1, 1), (1, 12)))', '((20, 7), ())']",[265 states],54,32,86
266,"((9, 3), ((1, 1), (1, 12)))","((9, 4), ((1, 1), (1, 12)))",South,"[(((9, 2), ((1, 1), (1, 12))), 'South', 55, 31, 86)]","['((11, 4), ((1, 1), (1, 12)))', '((9, 2), ((1, 1),))', '((11, 4), ((1, 1),))', '((15, 10), ())', '((3, 8), ((1, 12),))', '((20, 7), ())', '((9, 4), ((1, 12),))', '((7, 8), ((1, 12),))', '((3, 5), ((1, 1), (1, 12)))', '((17, 6), ())', '((4, 6), ((1, 1), (1, 12)))', '((7, 7), ((1, 1), (1, 12)))']","['((11, 4), ((1, 1), (1, 12)))', '((9, 2), ((1, 1),))', '((9, 2), ((1, 1), (1, 12)))', '((15, 10), ())', '((3, 8), ((1, 12),))', '((11, 4), ((1, 1),))', '((9, 4), ((1, 12),))', '((7, 8), ((1, 12),))', '((3, 5), ((1, 1), (1, 12)))', '((17, 6), ())', '((4, 6), ((1, 1), (1, 12)))', '((7, 7), ((1, 1), (1, 12)))', '((20, 7), ())']",[266 states],54,32,86
267,"((11, 4), ((1, 1), (1, 12)))","((10, 4), ((1, 1), (1, 12)))",East,"[(((12, 4), ((1, 1), (1, 12))), 'East', 56, 30, 86), (((11, 3), ((1, 1), (1, 12))), 'South', 56, 30, 86)]","['((9, 2), ((1, 1), (1, 12)))', '((9, 2), ((1, 1),))', '((11, 4), ((1, 1),))', '((15, 10), ())', '((3, 8), ((1, 12),))', '((20, 7), ())', '((9, 4), ((1, 12),))', '((7, 8), ((1, 12),))', '((3, 5), ((1, 1), (1, 12)))', '((17, 6), ())', '((4, 6), ((1, 1), (1, 12)))', '((7, 7), ((1, 1), (1, 12)))']","['((9, 2), ((1, 1), (1, 12)))', '((9, 2), ((1, 1),))', '((12, 4), ((1, 1), (1, 12)))', '((15, 10), ())', '((3, 8), ((1, 12),))', '((11, 4), ((1, 1),))', '((11, 3), ((1, 1), (1, 12)))', '((7, 8), ((1, 12),))', '((3, 5), ((1, 1), (1, 12)))', '((17, 6), ())', '((4, 6), ((1, 1), (1, 12)))', '((7, 7), ((1, 1), (1, 12)))', '((20, 7), ())', '((9, 4), ((1, 12),))']",[267 states],55,31,86
268,"((9, 2), ((1, 1), (1, 12)))","((9, 3), ((1, 1), (1, 12)))",South,"[(((8, 2), ((1, 1), (1, 12))), 'West', 56, 32, 88)]","['((12, 4), ((1, 1), (1, 12)))', '((9, 2), ((1, 1),))', '((11, 3), ((1, 1), (1, 12)))', '((15, 10), ())', '((3, 8), ((1, 12),))', '((11, 4), ((1, 1),))', '((9, 4), ((1, 12),))', '((7, 8), ((1, 12),))', '((3, 5), ((1, 1), (1, 12)))', '((17, 6), ())', '((4, 6), ((1, 1), (1, 12)))', '((7, 7), ((1, 1), (1, 12)))', '((20, 7), ())']","['((12, 4), ((1, 1), (1, 12)))', '((9, 2), ((1, 1),))', '((11, 3), ((1, 1), (1, 12)))', '((15, 10), ())', '((3, 8), ((1, 12),))', '((11, 4), ((1, 1),))', '((9, 4), ((1, 12),))', '((7, 8), ((1, 12),))', '((3, 5), ((1, 1), (1, 12)))', '((17, 6), ())', '((4, 6), ((1, 1), (1, 12)))', '((7, 7), ((1, 1), (1, 12)))', '((20, 7), ())', '((8, 2), ((1, 1), (1, 12)))']",[268 states],55,31,86
269,"((12, 4), ((1, 1), (1, 12)))","((11, 4), ((1, 1), (1, 12)))",East,"[(((13, 4), ((1, 1), (1, 12))), 'East', 57, 29, 86)]","['((11, 3), ((1, 1), (1, 12)))', '((9, 2), ((1, 1),))', '((11, 4), ((1, 1),))', '((15, 10), ())', '((3, 8), ((1, 12),))', '((20, 7), ())', '((9, 4), ((1, 12),))', '((7, 8), ((1, 12),))', '((3, 5), ((1, 1), (1, 12)))', '((17, 6), ())', '((4, 6), ((1, 1), (1, 12)))', '((7, 7), ((1, 1), (1, 12)))', '((8, 2), ((1, 1), (1, 12)))']","['((11, 3), ((1, 1), (1, 12)))', '((9, 2), ((1, 1),))', '((13, 4), ((1, 1), (1, 12)))', '((15, 10), ())', '((3, 8), ((1, 12),))', '((20, 7), ())', '((11, 4), ((1, 1),))', '((7, 8), ((1, 12),))', '((3, 5), ((1, 1), (1, 12)))', '((17, 6), ())', '((4, 6), ((1, 1), (1, 12)))', '((7, 7), ((1, 1), (1, 12)))', '((8, 2), ((1, 1), (1, 12)))', '((9, 4), ((1, 12),))']",[269 states],56,30,86
270,"((11, 3), ((1, 1), (1, 12)))","((11, 4), ((1, 1), (1, 12)))",South,"[(((11, 2), ((1, 1), (1, 12))), 'South', 57, 29, 86)]","['((13, 4), ((1, 1), (1, 12)))', '((9, 2), ((1, 1),))', '((11, 4), ((1, 1),))', '((15, 10), ())', '((3, 8), ((1, 12),))', '((20, 7), ())', '((9, 4), ((1, 12),))', '((7, 8), ((1, 12),))', '((3, 5), ((1, 1), (1, 12)))', '((17, 6), ())', '((4, 6), ((1, 1), (1, 12)))', '((7, 7), ((1, 1), (1, 12)))', '((8, 2), ((1, 1), (1, 12)))']","['((13, 4), ((1, 1), (1, 12)))', '((9, 2), ((1, 1),))', '((11, 2), ((1, 1), (1, 12)))', '((15, 10), ())', '((3, 8), ((1, 12),))', '((20, 7), ())', '((11, 4), ((1, 1),))', '((7, 8), ((1, 12),))', '((3, 5), ((1, 1), (1, 12)))', '((17, 6), ())', '((4, 6), ((1, 1), (1, 12)))', '((7, 7), ((1, 1), (1, 12)))', '((8, 2), ((1, 1), (1, 12)))', '((9, 4), ((1, 12),))']",[270 states],56,30,86
271,"((13, 4), ((1, 1), (1, 12)))","((12, 4), ((1, 1), (1, 12)))",East,"[(((13, 5), ((1, 1), (1, 12))), 'North', 58, 30, 88)]","['((11, 2), ((1, 1), (1, 12)))', '((9, 2), ((1, 1),))', '((11, 4), ((1, 1),))', '((15, 10), ())', '((3, 8), ((1, 12),))', '((20, 7), ())', '((9, 4), ((1, 12),))', '((7, 8), ((1, 12),))', '((3, 5), ((1, 1), (1, 12)))', '((17, 6), ())', '((4, 6), ((1, 1), (1, 12)))', '((7, 7), ((1, 1), (1, 12)))', '((8, 2), ((1, 1), (1, 12)))']","['((11, 2), ((1, 1), (1, 12)))', '((9, 2), ((1, 1),))', '((11, 4), ((1, 1),))', '((15, 10), ())', '((3, 8), ((1, 12),))', '((20, 7), ())', '((9, 4), ((1, 12),))', '((7, 8), ((1, 12),))', '((3, 5), ((1, 1), (1, 12)))', '((17, 6), ())', '((4, 6), ((1, 1), (1, 12)))', '((7, 7), ((1, 1), (1, 12)))', '((8, 2), ((1, 1), (1, 12)))', '((13, 5), ((1, 1), (1, 12)))']",[271 states],57,29,86
272,"((11, 2), ((1, 1), (1, 12)))","((11, 3), ((1, 1), (1, 12)))",South,"[(((12, 2), ((1, 1), (1, 12))), 'East', 58, 28, 86), (((11, 1), ((1, 1), (1, 12))), 'South', 58, 28, 86)]","['((11, 4), ((1, 1),))', '((9, 2), ((1, 1),))', '((20, 7), ())', '((15, 10), ())', '((3, 8), ((1, 12),))', '((7, 7), ((1, 1), (1, 12)))', '((9, 4), ((1, 12),))', '((7, 8), ((1, 12),))', '((3, 5), ((1, 1), (1, 12)))', '((17, 6), ())', '((4, 6), ((1, 1), (1, 12)))', '((13, 5), ((1, 1), (1, 12)))', '((8, 2), ((1, 1), (1, 12)))']","['((12, 2), ((1, 1), (1, 12)))', '((9, 2), ((1, 1),))', '((11, 1), ((1, 1), (1, 12)))', '((15, 10), ())', '((3, 8), ((1, 12),))', '((7, 7), ((1, 1), (1, 12)))', '((11, 4), ((1, 1),))', '((7, 8), ((1, 12),))', '((3, 5), ((1, 1), (1, 12)))', '((17, 6), ())', '((4, 6), ((1, 1), (1, 12)))', '((13, 5), ((1, 1), (1, 12)))', '((8, 2), ((1, 1), (1, 12)))', '((9, 4), ((1, 12),))', '((20, 7), ())']",[272 states],57,29,86
273,"((12, 2), ((1, 1), (1, 12)))","((11, 2), ((1, 1), (1, 12)))",East,"[(((13, 2), ((1, 1), (1, 12))), 'East', 59, 27, 86), (((12, 1), ((1, 1), (1, 12))), 'South', 59, 27, 86)]","['((11, 1), ((1, 1), (1, 12)))', '((9, 2), ((1, 1),))', '((11, 4), ((1, 1),))', '((15, 10), ())', '((3, 8), ((1, 12),))', '((7, 7), ((1, 1), (1, 12)))', '((20, 7), ())', '((7, 8), ((1, 12),))', '((3, 5), ((1, 1), (1, 12)))', '((17, 6), ())', '((4, 6), ((1, 1), (1, 12)))', '((13, 5), ((1, 1), (1, 12)))', '((8, 2), ((1, 1), (1, 12)))', '((9, 4), ((1, 12),))']","['((11, 1), ((1, 1), (1, 12)))', '((12, 1), ((1, 1), (1, 12)))', '((13, 2), ((1, 1), (1, 12)))', '((9, 2), ((1, 1),))', '((3, 8), ((1, 12),))', '((7, 7), ((1, 1), (1, 12)))', '((11, 4), ((1, 1),))', '((15, 10), ())', '((3, 5), ((1, 1), (1, 12)))', '((17, 6), ())', '((4, 6), ((1, 1), (1, 12)))', '((13, 5), ((1, 1), (1, 12)))', '((8, 2), ((1, 1), (1, 12)))', '((9, 4), ((1, 12),))', '((20, 7), ())', '((7, 8), ((1, 12),))']",[273 states],58,28,86
274,"((11, 1), ((1, 1), (1, 12)))","((11, 2), ((1, 1), (1, 12)))",South,[],"['((13, 2), ((1, 1), (1, 12)))', '((12, 1), ((1, 1), (1, 12)))', '((11, 4), ((1, 1),))', '((9, 2), ((1, 1),))', '((3, 8), ((1, 12),))', '((7, 7), ((1, 1), (1, 12)))', '((20, 7), ())', '((15, 10), ())', '((3, 5), ((1, 1), (1, 12)))', '((17, 6), ())', '((4, 6), ((1, 1), (1, 12)))', '((13, 5), ((1, 1), (1, 12)))', '((8, 2), ((1, 1), (1, 12)))', '((9, 4), ((1, 12),))', '((7, 8), ((1, 12),))']","['((13, 2), ((1, 1), (1, 12)))', '((12, 1), ((1, 1), (1, 12)))', '((11, 4), ((1, 1),))', '((9, 2), ((1, 1),))', '((3, 8), ((1, 12),))', '((7, 7), ((1, 1), (1, 12)))', '((20, 7), ())', '((15, 10), ())', '((3, 5), ((1, 1), (1, 12)))', '((17, 6), ())', '((4, 6), ((1, 1), (1, 12)))', '((13, 5), ((1, 1), (1, 12)))', '((8, 2), ((1, 1), (1, 12)))', '((9, 4), ((1, 12),))', '((7, 8), ((1, 12),))']",[274 states],58,28,86
275,"((13, 2), ((1, 1), (1, 12)))","((12, 2), ((1, 1), (1, 12)))",East,"[(((14, 2), ((1, 1), (1, 12))), 'East', 60, 26, 86), (((13, 1), ((1, 1), (1, 12))), 'South', 60, 26, 86)]","['((12, 1), ((1, 1), (1, 12)))', '((9, 2), ((1, 1),))', '((11, 4), ((1, 1),))', '((15, 10), ())', '((3, 8), ((1, 12),))', '((7, 7), ((1, 1), (1, 12)))', '((20, 7), ())', '((7, 8), ((1, 12),))', '((3, 5), ((1, 1), (1, 12)))', '((17, 6), ())', '((4, 6), ((1, 1), (1, 12)))', '((13, 5), ((1, 1), (1, 12)))', '((8, 2), ((1, 1), (1, 12)))', '((9, 4), ((1, 12),))']","['((12, 1), ((1, 1), (1, 12)))', '((13, 1), ((1, 1), (1, 12)))', '((14, 2), ((1, 1), (1, 12)))', '((9, 2), ((1, 1),))', '((3, 8), ((1, 12),))', '((7, 7), ((1, 1), (1, 12)))', '((11, 4), ((1, 1),))', '((15, 10), ())', '((3, 5), ((1, 1), (1, 12)))', '((17, 6), ())', '((4, 6), ((1, 1), (1, 12)))', '((13, 5), ((1, 1), (1, 12)))', '((8, 2), ((1, 1), (1, 12)))', '((9, 4), ((1, 12),))', '((20, 7), ())', '((7, 8), ((1, 12),))']",[275 states],59,27,86
276,"((12, 1), ((1, 1), (1, 12)))","((12, 2), ((1, 1), (1, 12)))",South,[],"['((14, 2), ((1, 1), (1, 12)))', '((13, 1), ((1, 1), (1, 12)))', '((11, 4), ((1, 1),))', '((9, 2), ((1, 1),))', '((3, 8), ((1, 12),))', '((7, 7), ((1, 1), (1, 12)))', '((20, 7), ())', '((15, 10), ())', '((3, 5), ((1, 1), (1, 12)))', '((17, 6), ())', '((4, 6), ((1, 1), (1, 12)))', '((13, 5), ((1, 1), (1, 12)))', '((8, 2), ((1, 1), (1, 12)))', '((9, 4), ((1, 12),))', '((7, 8), ((1, 12),))']","['((14, 2), ((1, 1), (1, 12)))', '((13, 1), ((1, 1), (1, 12)))', '((11, 4), ((1, 1),))', '((9, 2), ((1, 1),))', '((3, 8), ((1, 12),))', '((7, 7), ((1, 1), (1, 12)))', '((20, 7), ())', '((15, 10), ())', '((3, 5), ((1, 1), (1, 12)))', '((17, 6), ())', '((4, 6), ((1, 1), (1, 12)))', '((13, 5), ((1, 1), (1, 12)))', '((8, 2), ((1, 1), (1, 12)))', '((9, 4), ((1, 12),))', '((7, 8), ((1, 12),))']",[276 states],59,27,86
277,"((14, 2), ((1, 1), (1, 12)))","((13, 2), ((1, 1), (1, 12)))",East,"[(((15, 2), ((1, 1), (1, 12))), 'East', 61, 25, 86), (((14, 1), ((1, 1), (1, 12))), 'South', 61, 25, 86)]","['((13, 1), ((1, 1), (1, 12)))', '((9, 2), ((1, 1),))', '((11, 4), ((1, 1),))', '((15, 10), ())', '((3, 8), ((1, 12),))', '((7, 7), ((1, 1), (1, 12)))', '((20, 7), ())', '((7, 8), ((1, 12),))', '((3, 5), ((1, 1), (1, 12)))', '((17, 6), ())', '((4, 6), ((1, 1), (1, 12)))', '((13, 5), ((1, 1), (1, 12)))', '((8, 2), ((1, 1), (1, 12)))', '((9, 4), ((1, 12),))']","['((13, 1), ((1, 1), (1, 12)))', '((14, 1), ((1, 1), (1, 12)))', '((15, 2), ((1, 1), (1, 12)))', '((9, 2), ((1, 1),))', '((3, 8), ((1, 12),))', '((7, 7), ((1, 1), (1, 12)))', '((11, 4), ((1, 1),))', '((15, 10), ())', '((3, 5), ((1, 1), (1, 12)))', '((17, 6), ())', '((4, 6), ((1, 1), (1, 12)))', '((13, 5), ((1, 1), (1, 12)))', '((8, 2), ((1, 1), (1, 12)))', '((9, 4), ((1, 12),))', '((20, 7), ())', '((7, 8), ((1, 12),))']",[277 states],60,26,86
278,"((13, 1), ((1, 1), (1, 12)))","((13, 2), ((1, 1), (1, 12)))",South,[],"['((15, 2), ((1, 1), (1, 12)))', '((14, 1), ((1, 1), (1, 12)))', '((11, 4), ((1, 1),))', '((9, 2), ((1, 1),))', '((3, 8), ((1, 12),))', '((7, 7), ((1, 1), (1, 12)))', '((20, 7), ())', '((15, 10), ())', '((3, 5), ((1, 1), (1, 12)))', '((17, 6), ())', '((4, 6), ((1, 1), (1, 12)))', '((13, 5), ((1, 1), (1, 12)))', '((8, 2), ((1, 1), (1, 12)))', '((9, 4), ((1, 12),))', '((7, 8), ((1, 12),))']","['((15, 2), ((1, 1), (1, 12)))', '((14, 1), ((1, 1), (1, 12)))', '((11, 4), ((1, 1),))', '((9, 2), ((1, 1),))', '((3, 8), ((1, 12),))', '((7, 7), ((1, 1), (1, 12)))', '((20, 7), ())', '((15, 10), ())', '((3, 5), ((1, 1), (1, 12)))', '((17, 6), ())', '((4, 6), ((1, 1), (1, 12)))', '((13, 5), ((1, 1), (1, 12)))', '((8, 2), ((1, 1), (1, 12)))', '((9, 4), ((1, 12),))', '((7, 8), ((1, 12),))']",[278 states],60,26,86
279,"((15, 2), ((1, 1), (1, 12)))","((14, 2), ((1, 1), (1, 12)))",East,"[(((16, 2), ((1, 1), (1, 12))), 'East', 62, 24, 86), (((15, 1), ((1, 1), (1, 12))), 'South', 62, 24, 86)]","['((14, 1), ((1, 1), (1, 12)))', '((9, 2), ((1, 1),))', '((11, 4), ((1, 1),))', '((15, 10), ())', '((3, 8), ((1, 12),))', '((7, 7), ((1, 1), (1, 12)))', '((20, 7), ())', '((7, 8), ((1, 12),))', '((3, 5), ((1, 1), (1, 12)))', '((17, 6), ())', '((4, 6), ((1, 1), (1, 12)))', '((13, 5), ((1, 1), (1, 12)))', '((8, 2), ((1, 1), (1, 12)))', '((9, 4), ((1, 12),))']","['((14, 1), ((1, 1), (1, 12)))', '((15, 1), ((1, 1), (1, 12)))', '((16, 2), ((1, 1), (1, 12)))', '((9, 2), ((1, 1),))', '((3, 8), ((1, 12),))', '((7, 7), ((1, 1), (1, 12)))', '((11, 4), ((1, 1),))', '((15, 10), ())', '((3, 5), ((1, 1), (1, 12)))', '((17, 6), ())', '((4, 6), ((1, 1), (1, 12)))', '((13, 5), ((1, 1), (1, 12)))', '((8, 2), ((1, 1), (1, 12)))', '((9, 4), ((1, 12),))', '((20, 7), ())', '((7, 8), ((1, 12),))']",[279 states],61,25,86
280,"((14, 1), ((1, 1), (1, 12)))","((14, 2), ((1, 1), (1, 12)))",South,[],"['((16, 2), ((1, 1), (1, 12)))', '((15, 1), ((1, 1), (1, 12)))', '((11, 4), ((1, 1),))', '((9, 2), ((1, 1),))', '((3, 8), ((1, 12),))', '((7, 7), ((1, 1), (1, 12)))', '((20, 7), ())', '((15, 10), ())', '((3, 5), ((1, 1), (1, 12)))', '((17, 6), ())', '((4, 6), ((1, 1), (1, 12)))', '((13, 5), ((1, 1), (1, 12)))', '((8, 2), ((1, 1), (1, 12)))', '((9, 4), ((1, 12),))', '((7, 8), ((1, 12),))']","['((16, 2), ((1, 1), (1, 12)))', '((15, 1), ((1, 1), (1, 12)))', '((11, 4), ((1, 1),))', '((9, 2), ((1, 1),))', '((3, 8), ((1, 12),))', '((7, 7), ((1, 1), (1, 12)))', '((20, 7), ())', '((15, 10), ())', '((3, 5), ((1, 1), (1, 12)))', '((17, 6), ())', '((4, 6), ((1, 1), (1, 12)))', '((13, 5), ((1, 1), (1, 12)))', '((8, 2), ((1, 1), (1, 12)))', '((9, 4), ((1, 12),))', '((7, 8), ((1, 12),))']",[280 states],61,25,86
281,"((16, 2), ((1, 1), (1, 12)))","((15, 2), ((1, 1), (1, 12)))",East,"[(((16, 3), ((1, 1), (1, 12))), 'North', 63, 25, 88), (((16, 1), ((1, 1), (1, 12))), 'South', 63, 23, 86)]","['((15, 1), ((1, 1), (1, 12)))', '((9, 2), ((1, 1),))', '((11, 4), ((1, 1),))', '((15, 10), ())', '((3, 8), ((1, 12),))', '((7, 7), ((1, 1), (1, 12)))', '((20, 7), ())', '((7, 8), ((1, 12),))', '((3, 5), ((1, 1), (1, 12)))', '((17, 6), ())', '((4, 6), ((1, 1), (1, 12)))', '((13, 5), ((1, 1), (1, 12)))', '((8, 2), ((1, 1), (1, 12)))', '((9, 4), ((1, 12),))']","['((15, 1), ((1, 1), (1, 12)))', '((16, 1), ((1, 1), (1, 12)))', '((11, 4), ((1, 1),))', '((9, 2), ((1, 1),))', '((3, 8), ((1, 12),))', '((7, 7), ((1, 1), (1, 12)))', '((20, 7), ())', '((15, 10), ())', '((3, 5), ((1, 1), (1, 12)))', '((17, 6), ())', '((4, 6), ((1, 1), (1, 12)))', '((13, 5), ((1, 1), (1, 12)))', '((8, 2), ((1, 1), (1, 12)))', '((9, 4), ((1, 12),))', '((16, 3), ((1, 1), (1, 12)))', '((7, 8), ((1, 12),))']",[281 states],62,24,86
282,"((15, 1), ((1, 1), (1, 12)))","((15, 2), ((1, 1), (1, 12)))",South,[],"['((16, 1), ((1, 1), (1, 12)))', '((9, 2), ((1, 1),))', '((11, 4), ((1, 1),))', '((15, 10), ())', '((3, 8), ((1, 12),))', '((7, 7), ((1, 1), (1, 12)))', '((20, 7), ())', '((7, 8), ((1, 12),))', '((3, 5), ((1, 1), (1, 12)))', '((17, 6), ())', '((4, 6), ((1, 1), (1, 12)))', '((13, 5), ((1, 1), (1, 12)))', '((8, 2), ((1, 1), (1, 12)))', '((9, 4), ((1, 12),))', '((16, 3), ((1, 1), (1, 12)))']","['((16, 1), ((1, 1), (1, 12)))', '((9, 2), ((1, 1),))', '((11, 4), ((1, 1),))', '((15, 10), ())', '((3, 8), ((1, 12),))', '((7, 7), ((1, 1), (1, 12)))', '((20, 7), ())', '((7, 8), ((1, 12),))', '((3, 5), ((1, 1), (1, 12)))', '((17, 6), ())', '((4, 6), ((1, 1), (1, 12)))', '((13, 5), ((1, 1), (1, 12)))', '((8, 2), ((1, 1), (1, 12)))', '((9, 4), ((1, 12),))', '((16, 3), ((1, 1), (1, 12)))']",[282 states],62,24,86
283,"((16, 1), ((1, 1), (1, 12)))","((16, 2), ((1, 1), (1, 12)))",South,[],"['((11, 4), ((1, 1),))', '((9, 2), ((1, 1),))', '((20, 7), ())', '((15, 10), ())', '((3, 8), ((1, 12),))', '((7, 7), ((1, 1), (1, 12)))', '((9, 4), ((1, 12),))', '((7, 8), ((1, 12),))', '((3, 5), ((1, 1), (1, 12)))', '((17, 6), ())', '((4, 6), ((1, 1), (1, 12)))', '((13, 5), ((1, 1), (1, 12)))', '((8, 2), ((1, 1), (1, 12)))', '((16, 3), ((1, 1), (1, 12)))']","['((11, 4), ((1, 1),))', '((9, 2), ((1, 1),))', '((20, 7), ())', '((15, 10), ())', '((3, 8), ((1, 12),))', '((7, 7), ((1, 1), (1, 12)))', '((9, 4), ((1, 12),))', '((7, 8), ((1, 12),))', '((3, 5), ((1, 1), (1, 12)))', '((17, 6), ())', '((4, 6), ((1, 1), (1, 12)))', '((13, 5), ((1, 1), (1, 12)))', '((8, 2), ((1, 1), (1, 12)))', '((16, 3), ((1, 1), (1, 12)))']",[283 states],63,23,86
284,"((11, 4), ((1, 1),))","((10, 4), ((1, 1),))",East,"[(((12, 4), ((1, 1),)), 'East', 32, 57, 89), (((11, 3), ((1, 1),)), 'South', 32, 57, 89)]","['((9, 2), ((1, 1),))', '((15, 10), ())', '((20, 7), ())', '((7, 8), ((1, 12),))', '((3, 8), ((1, 12),))', '((7, 7), ((1, 1), (1, 12)))', '((9, 4), ((1, 12),))', '((16, 3), ((1, 1), (1, 12)))', '((3, 5), ((1, 1), (1, 12)))', '((17, 6), ())', '((4, 6), ((1, 1), (1, 12)))', '((13, 5), ((1, 1), (1, 12)))', '((8, 2), ((1, 1), (1, 12)))']","['((9, 2), ((1, 1),))', '((15, 10), ())', '((20, 7), ())', '((7, 8), ((1, 12),))', '((3, 8), ((1, 12),))', '((7, 7), ((1, 1), (1, 12)))', '((9, 4), ((1, 12),))', '((16, 3), ((1, 1), (1, 12)))', '((3, 5), ((1, 1), (1, 12)))', '((17, 6), ())', '((4, 6), ((1, 1), (1, 12)))', '((13, 5), ((1, 1), (1, 12)))', '((8, 2), ((1, 1), (1, 12)))', '((12, 4), ((1, 1),))', '((11, 3), ((1, 1),))']",[284 states],31,56,87
285,"((9, 2), ((1, 1),))","((9, 3), ((1, 1),))",South,"[(((8, 2), ((1, 1),)), 'West', 32, 55, 87)]","['((15, 10), ())', '((7, 8), ((1, 12),))', '((20, 7), ())', '((3, 5), ((1, 1), (1, 12)))', '((3, 8), ((1, 12),))', '((7, 7), ((1, 1), (1, 12)))', '((9, 4), ((1, 12),))', '((16, 3), ((1, 1), (1, 12)))', '((11, 3), ((1, 1),))', '((17, 6), ())', '((4, 6), ((1, 1), (1, 12)))', '((13, 5), ((1, 1), (1, 12)))', '((8, 2), ((1, 1), (1, 12)))', '((12, 4), ((1, 1),))']","['((15, 10), ())', '((7, 8), ((1, 12),))', '((20, 7), ())', '((3, 5), ((1, 1), (1, 12)))', '((3, 8), ((1, 12),))', '((7, 7), ((1, 1), (1, 12)))', '((8, 2), ((1, 1),))', '((16, 3), ((1, 1), (1, 12)))', '((11, 3), ((1, 1),))', '((17, 6), ())', '((4, 6), ((1, 1), (1, 12)))', '((13, 5), ((1, 1), (1, 12)))', '((8, 2), ((1, 1), (1, 12)))', '((12, 4), ((1, 1),))', '((9, 4), ((1, 12),))']",[285 states],31,56,87
286,"((15, 10), ())","((14, 10), ())",East,"[(((16, 10), ()), 'East', 24, 63, 87), (((15, 9), ()), 'South', 24, 65, 89)]","['((20, 7), ())', '((7, 8), ((1, 12),))', '((7, 7), ((1, 1), (1, 12)))', '((3, 5), ((1, 1), (1, 12)))', '((3, 8), ((1, 12),))', '((9, 4), ((1, 12),))', '((8, 2), ((1, 1),))', '((16, 3), ((1, 1), (1, 12)))', '((11, 3), ((1, 1),))', '((17, 6), ())', '((4, 6), ((1, 1), (1, 12)))', '((13, 5), ((1, 1), (1, 12)))', '((8, 2), ((1, 1), (1, 12)))', '((12, 4), ((1, 1),))']","['((20, 7), ())', '((7, 8), ((1, 12),))', '((7, 7), ((1, 1), (1, 12)))', '((3, 5), ((1, 1), (1, 12)))', '((3, 8), ((1, 12),))', '((9, 4), ((1, 12),))', '((8, 2), ((1, 1),))', '((16, 3), ((1, 1), (1, 12)))', '((11, 3), ((1, 1),))', '((17, 6), ())', '((4, 6), ((1, 1), (1, 12)))', '((13, 5), ((1, 1), (1, 12)))', '((8, 2), ((1, 1), (1, 12)))', '((12, 4), ((1, 1),))', '((16, 10), ())', '((15, 9), ())']",[286 states],23,64,87
287,"((20, 7), ())","((20, 6), ())",North,"[(((20, 8), ()), 'North', 26, 61, 87)]","['((7, 7), ((1, 1), (1, 12)))', '((7, 8), ((1, 12),))', '((8, 2), ((1, 1),))', '((3, 5), ((1, 1), (1, 12)))', '((3, 8), ((1, 12),))', '((9, 4), ((1, 12),))', '((16, 10), ())', '((16, 3), ((1, 1), (1, 12)))', '((11, 3), ((1, 1),))', '((17, 6), ())', '((4, 6), ((1, 1), (1, 12)))', '((13, 5), ((1, 1), (1, 12)))', '((8, 2), ((1, 1), (1, 12)))', '((12, 4), ((1, 1),))', '((15, 9), ())']","['((7, 7), ((1, 1), (1, 12)))', '((20, 8), ())', '((8, 2), ((1, 1),))', '((7, 8), ((1, 12),))', '((3, 8), ((1, 12),))', '((9, 4), ((1, 12),))', '((16, 10), ())', '((3, 5), ((1, 1), (1, 12)))', '((11, 3), ((1, 1),))', '((17, 6), ())', '((4, 6), ((1, 1), (1, 12)))', '((13, 5), ((1, 1), (1, 12)))', '((8, 2), ((1, 1), (1, 12)))', '((12, 4), ((1, 1),))', '((15, 9), ())', '((16, 3), ((1, 1), (1, 12)))']",[287 states],25,62,87
288,"((7, 7), ((1, 1), (1, 12)))","((7, 6), ((1, 1), (1, 12)))",North,"[(((7, 8), ((1, 1), (1, 12))), 'North', 51, 36, 87)]","['((8, 2), ((1, 1),))', '((20, 8), ())', '((16, 10), ())', '((7, 8), ((1, 12),))', '((3, 8), ((1, 12),))', '((9, 4), ((1, 12),))', '((16, 3), ((1, 1), (1, 12)))', '((3, 5), ((1, 1), (1, 12)))', '((11, 3), ((1, 1),))', '((17, 6), ())', '((4, 6), ((1, 1), (1, 12)))', '((13, 5), ((1, 1), (1, 12)))', '((8, 2), ((1, 1), (1, 12)))', '((12, 4), ((1, 1),))', '((15, 9), ())']","['((8, 2), ((1, 1),))', '((20, 8), ())', '((16, 10), ())', '((7, 8), ((1, 1), (1, 12)))', '((3, 8), ((1, 12),))', '((9, 4), ((1, 12),))', '((16, 3), ((1, 1), (1, 12)))', '((7, 8), ((1, 12),))', '((11, 3), ((1, 1),))', '((17, 6), ())', '((4, 6), ((1, 1), (1, 12)))', '((13, 5), ((1, 1), (1, 12)))', '((8, 2), ((1, 1), (1, 12)))', '((12, 4), ((1, 1),))', '((15, 9), ())', '((3, 5), ((1, 1), (1, 12)))']",[288 states],50,37,87
289,"((8, 2), ((1, 1),))","((9, 2), ((1, 1),))",West,"[(((7, 2), ((1, 1),)), 'West', 33, 54, 87)]","['((16, 10), ())', '((20, 8), ())', '((9, 4), ((1, 12),))', '((7, 8), ((1, 1), (1, 12)))', '((3, 8), ((1, 12),))', '((3, 5), ((1, 1), (1, 12)))', '((16, 3), ((1, 1), (1, 12)))', '((7, 8), ((1, 12),))', '((11, 3), ((1, 1),))', '((17, 6), ())', '((4, 6), ((1, 1), (1, 12)))', '((13, 5), ((1, 1), (1, 12)))', '((8, 2), ((1, 1), (1, 12)))', '((12, 4), ((1, 1),))', '((15, 9), ())']","['((16, 10), ())', '((20, 8), ())', '((9, 4), ((1, 12),))', '((7, 8), ((1, 1), (1, 12)))', '((3, 8), ((1, 12),))', '((3, 5), ((1, 1), (1, 12)))', '((16, 3), ((1, 1), (1, 12)))', '((7, 2), ((1, 1),))', '((11, 3), ((1, 1),))', '((17, 6), ())', '((4, 6), ((1, 1), (1, 12)))', '((13, 5), ((1, 1), (1, 12)))', '((8, 2), ((1, 1), (1, 12)))', '((12, 4), ((1, 1),))', '((15, 9), ())', '((7, 8), ((1, 12),))']",[289 states],32,55,87
290,"((16, 10), ())","((15, 10), ())",East,[],"['((20, 8), ())', '((7, 8), ((1, 1), (1, 12)))', '((9, 4), ((1, 12),))', '((7, 2), ((1, 1),))', '((3, 8), ((1, 12),))', '((3, 5), ((1, 1), (1, 12)))', '((16, 3), ((1, 1), (1, 12)))', '((7, 8), ((1, 12),))', '((11, 3), ((1, 1),))', '((17, 6), ())', '((4, 6), ((1, 1), (1, 12)))', '((13, 5), ((1, 1), (1, 12)))', '((8, 2), ((1, 1), (1, 12)))', '((12, 4), ((1, 1),))', '((15, 9), ())']","['((20, 8), ())', '((7, 8), ((1, 1), (1, 12)))', '((9, 4), ((1, 12),))', '((7, 2), ((1, 1),))', '((3, 8), ((1, 12),))', '((3, 5), ((1, 1), (1, 12)))', '((16, 3), ((1, 1), (1, 12)))', '((7, 8), ((1, 12),))', '((11, 3), ((1, 1),))', '((17, 6), ())', '((4, 6), ((1, 1), (1, 12)))', '((13, 5), ((1, 1), (1, 12)))', '((8, 2), ((1, 1), (1, 12)))', '((12, 4), ((1, 1),))', '((15, 9), ())']",[290 states],24,63,87
291,"((20, 8), ())","((20, 7), ())",North,"[(((21, 8), ()), 'East', 27, 60, 87)]","['((7, 8), ((1, 1), (1, 12)))', '((7, 2), ((1, 1),))', '((9, 4), ((1, 12),))', '((7, 8), ((1, 12),))', '((3, 8), ((1, 12),))', '((3, 5), ((1, 1), (1, 12)))', '((16, 3), ((1, 1), (1, 12)))', '((15, 9), ())', '((11, 3), ((1, 1),))', '((17, 6), ())', '((4, 6), ((1, 1), (1, 12)))', '((13, 5), ((1, 1), (1, 12)))', '((8, 2), ((1, 1), (1, 12)))', '((12, 4), ((1, 1),))']","['((7, 8), ((1, 1), (1, 12)))', '((7, 2), ((1, 1),))', '((21, 8), ())', '((7, 8), ((1, 12),))', '((3, 8), ((1, 12),))', '((3, 5), ((1, 1), (1, 12)))', '((9, 4), ((1, 12),))', '((15, 9), ())', '((11, 3), ((1, 1),))', '((17, 6), ())', '((4, 6), ((1, 1), (1, 12)))', '((13, 5), ((1, 1), (1, 12)))', '((8, 2), ((1, 1), (1, 12)))', '((12, 4), ((1, 1),))', '((16, 3), ((1, 1), (1, 12)))']",[291 states],26,61,87
292,"((7, 8), ((1, 1), (1, 12)))","((7, 7), ((1, 1), (1, 12)))",North,[],"['((7, 2), ((1, 1),))', '((7, 8), ((1, 12),))', '((21, 8), ())', '((16, 3), ((1, 1), (1, 12)))', '((3, 8), ((1, 12),))', '((3, 5), ((1, 1), (1, 12)))', '((9, 4), ((1, 12),))', '((15, 9), ())', '((11, 3), ((1, 1),))', '((17, 6), ())', '((4, 6), ((1, 1), (1, 12)))', '((13, 5), ((1, 1), (1, 12)))', '((8, 2), ((1, 1), (1, 12)))', '((12, 4), ((1, 1),))']","['((7, 2), ((1, 1),))', '((7, 8), ((1, 12),))', '((21, 8), ())', '((16, 3), ((1, 1), (1, 12)))', '((3, 8), ((1, 12),))', '((3, 5), ((1, 1), (1, 12)))', '((9, 4), ((1, 12),))', '((15, 9), ())', '((11, 3), ((1, 1),))', '((17, 6), ())', '((4, 6), ((1, 1), (1, 12)))', '((13, 5), ((1, 1), (1, 12)))', '((8, 2), ((1, 1), (1, 12)))', '((12, 4), ((1, 1),))']",[292 states],51,36,87
293,"((7, 2), ((1, 1),))","((8, 2), ((1, 1),))",West,"[(((6, 2), ((1, 1),)), 'West', 34, 53, 87)]","['((21, 8), ())', '((7, 8), ((1, 12),))', '((9, 4), ((1, 12),))', '((16, 3), ((1, 1), (1, 12)))', '((3, 8), ((1, 12),))', '((3, 5), ((1, 1), (1, 12)))', '((12, 4), ((1, 1),))', '((15, 9), ())', '((11, 3), ((1, 1),))', '((17, 6), ())', '((4, 6), ((1, 1), (1, 12)))', '((13, 5), ((1, 1), (1, 12)))', '((8, 2), ((1, 1), (1, 12)))']","['((21, 8), ())', '((7, 8), ((1, 12),))', '((6, 2), ((1, 1),))', '((16, 3), ((1, 1), (1, 12)))', '((3, 8), ((1, 12),))', '((3, 5), ((1, 1), (1, 12)))', '((9, 4), ((1, 12),))', '((15, 9), ())', '((11, 3), ((1, 1),))', '((17, 6), ())', '((4, 6), ((1, 1), (1, 12)))', '((13, 5), ((1, 1), (1, 12)))', '((8, 2), ((1, 1), (1, 12)))', '((12, 4), ((1, 1),))']",[293 states],33,54,87
294,"((21, 8), ())","((20, 8), ())",East,"[(((22, 8), ()), 'East', 28, 59, 87)]","['((6, 2), ((1, 1),))', '((7, 8), ((1, 12),))', '((9, 4), ((1, 12),))', '((16, 3), ((1, 1), (1, 12)))', '((3, 8), ((1, 12),))', '((3, 5), ((1, 1), (1, 12)))', '((12, 4), ((1, 1),))', '((15, 9), ())', '((11, 3), ((1, 1),))', '((17, 6), ())', '((4, 6), ((1, 1), (1, 12)))', '((13, 5), ((1, 1), (1, 12)))', '((8, 2), ((1, 1), (1, 12)))']","['((6, 2), ((1, 1),))', '((7, 8), ((1, 12),))', '((22, 8), ())', '((16, 3), ((1, 1), (1, 12)))', '((3, 8), ((1, 12),))', '((3, 5), ((1, 1), (1, 12)))', '((9, 4), ((1, 12),))', '((15, 9), ())', '((11, 3), ((1, 1),))', '((17, 6), ())', '((4, 6), ((1, 1), (1, 12)))', '((13, 5), ((1, 1), (1, 12)))', '((8, 2), ((1, 1), (1, 12)))', '((12, 4), ((1, 1),))']",[294 states],27,60,87
295,"((6, 2), ((1, 1),))","((7, 2), ((1, 1),))",West,"[(((5, 2), ((1, 1),)), 'West', 35, 52, 87)]","['((22, 8), ())', '((7, 8), ((1, 12),))', '((9, 4), ((1, 12),))', '((16, 3), ((1, 1), (1, 12)))', '((3, 8), ((1, 12),))', '((3, 5), ((1, 1), (1, 12)))', '((12, 4), ((1, 1),))', '((15, 9), ())', '((11, 3), ((1, 1),))', '((17, 6), ())', '((4, 6), ((1, 1), (1, 12)))', '((13, 5), ((1, 1), (1, 12)))', '((8, 2), ((1, 1), (1, 12)))']","['((22, 8), ())', '((7, 8), ((1, 12),))', '((5, 2), ((1, 1),))', '((16, 3), ((1, 1), (1, 12)))', '((3, 8), ((1, 12),))', '((3, 5), ((1, 1), (1, 12)))', '((9, 4), ((1, 12),))', '((15, 9), ())', '((11, 3), ((1, 1),))', '((17, 6), ())', '((4, 6), ((1, 1), (1, 12)))', '((13, 5), ((1, 1), (1, 12)))', '((8, 2), ((1, 1), (1, 12)))', '((12, 4), ((1, 1),))']",[295 states],34,53,87
296,"((22, 8), ())","((21, 8), ())",East,"[(((23, 8), ()), 'East', 29, 58, 87)]","['((5, 2), ((1, 1),))', '((7, 8), ((1, 12),))', '((9, 4), ((1, 12),))', '((16, 3), ((1, 1), (1, 12)))', '((3, 8), ((1, 12),))', '((3, 5), ((1, 1), (1, 12)))', '((12, 4), ((1, 1),))', '((15, 9), ())', '((11, 3), ((1, 1),))', '((17, 6), ())', '((4, 6), ((1, 1), (1, 12)))', '((13, 5), ((1, 1), (1, 12)))', '((8, 2), ((1, 1), (1, 12)))']","['((5, 2), ((1, 1),))', '((7, 8), ((1, 12),))', '((23, 8), ())', '((16, 3), ((1, 1), (1, 12)))', '((3, 8), ((1, 12),))', '((3, 5), ((1, 1), (1, 12)))', '((9, 4), ((1, 12),))', '((15, 9), ())', '((11, 3), ((1, 1),))', '((17, 6), ())', '((4, 6), ((1, 1), (1, 12)))', '((13, 5), ((1, 1), (1, 12)))', '((8, 2), ((1, 1), (1, 12)))', '((12, 4), ((1, 1),))']",[296 states],28,59,87
297,"((5, 2), ((1, 1),))","((6, 2), ((1, 1),))",West,"[(((5, 1), ((1, 1),)), 'South', 36, 53, 89)]","['((23, 8), ())', '((7, 8), ((1, 12),))', '((9, 4), ((1, 12),))', '((16, 3), ((1, 1), (1, 12)))', '((3, 8), ((1, 12),))', '((3, 5), ((1, 1), (1, 12)))', '((12, 4), ((1, 1),))', '((15, 9), ())', '((11, 3), ((1, 1),))', '((17, 6), ())', '((4, 6), ((1, 1), (1, 12)))', '((13, 5), ((1, 1), (1, 12)))', '((8, 2), ((1, 1), (1, 12)))']","['((23, 8), ())', '((7, 8), ((1, 12),))', '((9, 4), ((1, 12),))', '((16, 3), ((1, 1), (1, 12)))', '((3, 8), ((1, 12),))', '((3, 5), ((1, 1), (1, 12)))', '((12, 4), ((1, 1),))', '((15, 9), ())', '((11, 3), ((1, 1),))', '((17, 6), ())', '((4, 6), ((1, 1), (1, 12)))', '((13, 5), ((1, 1), (1, 12)))', '((8, 2), ((1, 1), (1, 12)))', '((5, 1), ((1, 1),))']",[297 states],35,52,87
298,"((23, 8), ())","((22, 8), ())",East,"[(((24, 8), ()), 'East', 30, 57, 87)]","['((7, 8), ((1, 12),))', '((3, 8), ((1, 12),))', '((9, 4), ((1, 12),))', '((16, 3), ((1, 1), (1, 12)))', '((17, 6), ())', '((3, 5), ((1, 1), (1, 12)))', '((12, 4), ((1, 1),))', '((15, 9), ())', '((11, 3), ((1, 1),))', '((5, 1), ((1, 1),))', '((4, 6), ((1, 1), (1, 12)))', '((13, 5), ((1, 1), (1, 12)))', '((8, 2), ((1, 1), (1, 12)))']","['((24, 8), ())', '((3, 8), ((1, 12),))', '((7, 8), ((1, 12),))', '((16, 3), ((1, 1), (1, 12)))', '((17, 6), ())', '((3, 5), ((1, 1), (1, 12)))', '((9, 4), ((1, 12),))', '((15, 9), ())', '((11, 3), ((1, 1),))', '((5, 1), ((1, 1),))', '((4, 6), ((1, 1), (1, 12)))', '((13, 5), ((1, 1), (1, 12)))', '((8, 2), ((1, 1), (1, 12)))', '((12, 4), ((1, 1),))']",[298 states],29,58,87
299,"((24, 8), ())","((23, 8), ())",East,"[(((24, 9), ()), 'North', 31, 56, 87), (((24, 7), ()), 'South', 31, 58, 89)]","['((7, 8), ((1, 12),))', '((3, 8), ((1, 12),))', '((9, 4), ((1, 12),))', '((16, 3), ((1, 1), (1, 12)))', '((17, 6), ())', '((3, 5), ((1, 1), (1, 12)))', '((12, 4), ((1, 1),))', '((15, 9), ())', '((11, 3), ((1, 1),))', '((5, 1), ((1, 1),))', '((4, 6), ((1, 1), (1, 12)))', '((13, 5), ((1, 1), (1, 12)))', '((8, 2), ((1, 1), (1, 12)))']","['((24, 9), ())', '((3, 8), ((1, 12),))', '((7, 8), ((1, 12),))', '((16, 3), ((1, 1), (1, 12)))', '((17, 6), ())', '((3, 5), ((1, 1), (1, 12)))', '((9, 4), ((1, 12),))', '((15, 9), ())', '((11, 3), ((1, 1),))', '((5, 1), ((1, 1),))', '((4, 6), ((1, 1), (1, 12)))', '((13, 5), ((1, 1), (1, 12)))', '((8, 2), ((1, 1), (1, 12)))', '((12, 4), ((1, 1),))', '((24, 7), ())']",[299 states],30,57,87
300,"((24, 9), ())","((24, 8), ())",North,"[(((24, 10), ()), 'North', 32, 55, 87)]","['((7, 8), ((1, 12),))', '((3, 8), ((1, 12),))', '((9, 4), ((1, 12),))', '((16, 3), ((1, 1), (1, 12)))', '((17, 6), ())', '((3, 5), ((1, 1), (1, 12)))', '((12, 4), ((1, 1),))', '((15, 9), ())', '((11, 3), ((1, 1),))', '((5, 1), ((1, 1),))', '((4, 6), ((1, 1), (1, 12)))', '((13, 5), ((1, 1), (1, 12)))', '((8, 2), ((1, 1), (1, 12)))', '((24, 7), ())']","['((24, 10), ())', '((3, 8), ((1, 12),))', '((7, 8), ((1, 12),))', '((16, 3), ((1, 1), (1, 12)))', '((17, 6), ())', '((3, 5), ((1, 1), (1, 12)))', '((9, 4), ((1, 12),))', '((15, 9), ())', '((11, 3), ((1, 1),))', '((5, 1), ((1, 1),))', '((4, 6), ((1, 1), (1, 12)))', '((13, 5), ((1, 1), (1, 12)))', '((8, 2), ((1, 1), (1, 12)))', '((24, 7), ())', '((12, 4), ((1, 1),))']",[300 states],31,56,87
301,"((24, 10), ())","((24, 9), ())",North,[],"['((7, 8), ((1, 12),))', '((3, 8), ((1, 12),))', '((9, 4), ((1, 12),))', '((16, 3), ((1, 1), (1, 12)))', '((17, 6), ())', '((3, 5), ((1, 1), (1, 12)))', '((12, 4), ((1, 1),))', '((15, 9), ())', '((11, 3), ((1, 1),))', '((5, 1), ((1, 1),))', '((4, 6), ((1, 1), (1, 12)))', '((13, 5), ((1, 1), (1, 12)))', '((8, 2), ((1, 1), (1, 12)))', '((24, 7), ())']","['((7, 8), ((1, 12),))', '((3, 8), ((1, 12),))', '((9, 4), ((1, 12),))', '((16, 3), ((1, 1), (1, 12)))', '((17, 6), ())', '((3, 5), ((1, 1), (1, 12)))', '((12, 4), ((1, 1),))', '((15, 9), ())', '((11, 3), ((1, 1),))', '((5, 1), ((1, 1),))', '((4, 6), ((1, 1), (1, 12)))', '((13, 5), ((1, 1), (1, 12)))', '((8, 2), ((1, 1), (1, 12)))', '((24, 7), ())']",[301 states],32,55,87
302,"((7, 8), ((1, 12),))","((7, 7), ((1, 12),))",North,[],"['((9, 4), ((1, 12),))', '((3, 8), ((1, 12),))', '((3, 5), ((1, 1), (1, 12)))', '((16, 3), ((1, 1), (1, 12)))', '((17, 6), ())', '((8, 2), ((1, 1), (1, 12)))', '((12, 4), ((1, 1),))', '((15, 9), ())', '((11, 3), ((1, 1),))', '((5, 1), ((1, 1),))', '((4, 6), ((1, 1), (1, 12)))', '((13, 5), ((1, 1), (1, 12)))', '((24, 7), ())']","['((9, 4), ((1, 12),))', '((3, 8), ((1, 12),))', '((3, 5), ((1, 1), (1, 12)))', '((16, 3), ((1, 1), (1, 12)))', '((17, 6), ())', '((8, 2), ((1, 1), (1, 12)))', '((12, 4), ((1, 1),))', '((15, 9), ())', '((11, 3), ((1, 1),))', '((5, 1), ((1, 1),))', '((4, 6), ((1, 1), (1, 12)))', '((13, 5), ((1, 1), (1, 12)))', '((24, 7), ())']",[302 states],37,51,88
303,"((9, 4), ((1, 12),))","((8, 4), ((1, 12),))",East,"[(((10, 4), ((1, 12),)), 'East', 40, 50, 90), (((9, 3), ((1, 12),)), 'South', 40, 48, 88)]","['((3, 8), ((1, 12),))', '((17, 6), ())', '((3, 5), ((1, 1), (1, 12)))', '((16, 3), ((1, 1), (1, 12)))', '((4, 6), ((1, 1), (1, 12)))', '((8, 2), ((1, 1), (1, 12)))', '((12, 4), ((1, 1),))', '((15, 9), ())', '((11, 3), ((1, 1),))', '((5, 1), ((1, 1),))', '((24, 7), ())', '((13, 5), ((1, 1), (1, 12)))']","['((3, 8), ((1, 12),))', '((17, 6), ())', '((3, 5), ((1, 1), (1, 12)))', '((16, 3), ((1, 1), (1, 12)))', '((4, 6), ((1, 1), (1, 12)))', '((8, 2), ((1, 1), (1, 12)))', '((9, 3), ((1, 12),))', '((15, 9), ())', '((11, 3), ((1, 1),))', '((5, 1), ((1, 1),))', '((24, 7), ())', '((13, 5), ((1, 1), (1, 12)))', '((10, 4), ((1, 12),))', '((12, 4), ((1, 1),))']",[303 states],39,49,88
304,"((3, 8), ((1, 12),))","((2, 8), ((1, 12),))",East,[],"['((3, 5), ((1, 1), (1, 12)))', '((17, 6), ())', '((8, 2), ((1, 1), (1, 12)))', '((16, 3), ((1, 1), (1, 12)))', '((4, 6), ((1, 1), (1, 12)))', '((13, 5), ((1, 1), (1, 12)))', '((9, 3), ((1, 12),))', '((15, 9), ())', '((11, 3), ((1, 1),))', '((5, 1), ((1, 1),))', '((24, 7), ())', '((12, 4), ((1, 1),))', '((10, 4), ((1, 12),))']","['((3, 5), ((1, 1), (1, 12)))', '((17, 6), ())', '((8, 2), ((1, 1), (1, 12)))', '((16, 3), ((1, 1), (1, 12)))', '((4, 6), ((1, 1), (1, 12)))', '((13, 5), ((1, 1), (1, 12)))', '((9, 3), ((1, 12),))', '((15, 9), ())', '((11, 3), ((1, 1),))', '((5, 1), ((1, 1),))', '((24, 7), ())', '((12, 4), ((1, 1),))', '((10, 4), ((1, 12),))']",[304 states],41,47,88
305,"((3, 5), ((1, 1), (1, 12)))","((3, 4), ((1, 1), (1, 12)))",North,"[(((3, 6), ((1, 1), (1, 12))), 'North', 49, 41, 90)]","['((17, 6), ())', '((4, 6), ((1, 1), (1, 12)))', '((8, 2), ((1, 1), (1, 12)))', '((16, 3), ((1, 1), (1, 12)))', '((5, 1), ((1, 1),))', '((13, 5), ((1, 1), (1, 12)))', '((9, 3), ((1, 12),))', '((15, 9), ())', '((11, 3), ((1, 1),))', '((10, 4), ((1, 12),))', '((24, 7), ())', '((12, 4), ((1, 1),))']","['((17, 6), ())', '((4, 6), ((1, 1), (1, 12)))', '((8, 2), ((1, 1), (1, 12)))', '((16, 3), ((1, 1), (1, 12)))', '((5, 1), ((1, 1),))', '((13, 5), ((1, 1), (1, 12)))', '((9, 3), ((1, 12),))', '((15, 9), ())', '((11, 3), ((1, 1),))', '((10, 4), ((1, 12),))', '((24, 7), ())', '((12, 4), ((1, 1),))', '((3, 6), ((1, 1), (1, 12)))']",[305 states],48,40,88
306,"((17, 6), ())","((18, 6), ())",West,"[(((16, 6), ()), 'West', 24, 66, 90)]","['((4, 6), ((1, 1), (1, 12)))', '((16, 3), ((1, 1), (1, 12)))', '((8, 2), ((1, 1), (1, 12)))', '((11, 3), ((1, 1),))', '((5, 1), ((1, 1),))', '((13, 5), ((1, 1), (1, 12)))', '((9, 3), ((1, 12),))', '((15, 9), ())', '((3, 6), ((1, 1), (1, 12)))', '((10, 4), ((1, 12),))', '((24, 7), ())', '((12, 4), ((1, 1),))']","['((4, 6), ((1, 1), (1, 12)))', '((16, 3), ((1, 1), (1, 12)))', '((8, 2), ((1, 1), (1, 12)))', '((11, 3), ((1, 1),))', '((5, 1), ((1, 1),))', '((13, 5), ((1, 1), (1, 12)))', '((9, 3), ((1, 12),))', '((15, 9), ())', '((3, 6), ((1, 1), (1, 12)))', '((10, 4), ((1, 12),))', '((24, 7), ())', '((12, 4), ((1, 1),))', '((16, 6), ())']",[306 states],23,65,88
307,"((4, 6), ((1, 1), (1, 12)))","((5, 6), ((1, 1), (1, 12)))",West,[],"['((8, 2), ((1, 1), (1, 12)))', '((16, 3), ((1, 1), (1, 12)))', '((13, 5), ((1, 1), (1, 12)))', '((11, 3), ((1, 1),))', '((5, 1), ((1, 1),))', '((12, 4), ((1, 1),))', '((9, 3), ((1, 12),))', '((15, 9), ())', '((3, 6), ((1, 1), (1, 12)))', '((10, 4), ((1, 12),))', '((24, 7), ())', '((16, 6), ())']","['((8, 2), ((1, 1), (1, 12)))', '((16, 3), ((1, 1), (1, 12)))', '((13, 5), ((1, 1), (1, 12)))', '((11, 3), ((1, 1),))', '((5, 1), ((1, 1),))', '((12, 4), ((1, 1),))', '((9, 3), ((1, 12),))', '((15, 9), ())', '((3, 6), ((1, 1), (1, 12)))', '((10, 4), ((1, 12),))', '((24, 7), ())', '((16, 6), ())']",[307 states],48,40,88
308,"((8, 2), ((1, 1), (1, 12)))","((9, 2), ((1, 1), (1, 12)))",West,"[(((7, 2), ((1, 1), (1, 12))), 'West', 57, 33, 90)]","['((13, 5), ((1, 1), (1, 12)))', '((16, 3), ((1, 1), (1, 12)))', '((9, 3), ((1, 12),))', '((11, 3), ((1, 1),))', '((5, 1), ((1, 1),))', '((12, 4), ((1, 1),))', '((16, 6), ())', '((15, 9), ())', '((3, 6), ((1, 1), (1, 12)))', '((10, 4), ((1, 12),))', '((24, 7), ())']","['((13, 5), ((1, 1), (1, 12)))', '((16, 3), ((1, 1), (1, 12)))', '((9, 3), ((1, 12),))', '((11, 3), ((1, 1),))', '((5, 1), ((1, 1),))', '((12, 4), ((1, 1),))', '((16, 6), ())', '((15, 9), ())', '((3, 6), ((1, 1), (1, 12)))', '((10, 4), ((1, 12),))', '((24, 7), ())', '((7, 2), ((1, 1), (1, 12)))']",[308 states],56,32,88
309,"((13, 5), ((1, 1), (1, 12)))","((13, 4), ((1, 1), (1, 12)))",North,"[(((13, 6), ((1, 1), (1, 12))), 'North', 59, 31, 90)]","['((16, 3), ((1, 1), (1, 12)))', '((11, 3), ((1, 1),))', '((9, 3), ((1, 12),))', '((15, 9), ())', '((5, 1), ((1, 1),))', '((12, 4), ((1, 1),))', '((16, 6), ())', '((7, 2), ((1, 1), (1, 12)))', '((3, 6), ((1, 1), (1, 12)))', '((10, 4), ((1, 12),))', '((24, 7), ())']","['((16, 3), ((1, 1), (1, 12)))', '((11, 3), ((1, 1),))', '((9, 3), ((1, 12),))', '((15, 9), ())', '((5, 1), ((1, 1),))', '((12, 4), ((1, 1),))', '((16, 6), ())', '((7, 2), ((1, 1), (1, 12)))', '((3, 6), ((1, 1), (1, 12)))', '((10, 4), ((1, 12),))', '((24, 7), ())', '((13, 6), ((1, 1), (1, 12)))']",[309 states],58,30,88
310,"((16, 3), ((1, 1), (1, 12)))","((16, 2), ((1, 1), (1, 12)))",North,"[(((16, 4), ((1, 1), (1, 12))), 'North', 64, 26, 90)]","['((9, 3), ((1, 12),))', '((11, 3), ((1, 1),))', '((12, 4), ((1, 1),))', '((15, 9), ())', '((5, 1), ((1, 1),))', '((13, 6), ((1, 1), (1, 12)))', '((16, 6), ())', '((7, 2), ((1, 1), (1, 12)))', '((3, 6), ((1, 1), (1, 12)))', '((10, 4), ((1, 12),))', '((24, 7), ())']","['((9, 3), ((1, 12),))', '((11, 3), ((1, 1),))', '((12, 4), ((1, 1),))', '((15, 9), ())', '((5, 1), ((1, 1),))', '((13, 6), ((1, 1), (1, 12)))', '((16, 6), ())', '((7, 2), ((1, 1), (1, 12)))', '((3, 6), ((1, 1), (1, 12)))', '((10, 4), ((1, 12),))', '((24, 7), ())', '((16, 4), ((1, 1), (1, 12)))']",[310 states],63,25,88
311,"((9, 3), ((1, 12),))","((9, 4), ((1, 12),))",South,"[(((9, 2), ((1, 12),)), 'South', 41, 47, 88)]","['((12, 4), ((1, 1),))', '((11, 3), ((1, 1),))', '((16, 6), ())', '((15, 9), ())', '((5, 1), ((1, 1),))', '((13, 6), ((1, 1), (1, 12)))', '((16, 4), ((1, 1), (1, 12)))', '((7, 2), ((1, 1), (1, 12)))', '((3, 6), ((1, 1), (1, 12)))', '((10, 4), ((1, 12),))', '((24, 7), ())']","['((9, 2), ((1, 12),))', '((11, 3), ((1, 1),))', '((12, 4), ((1, 1),))', '((15, 9), ())', '((5, 1), ((1, 1),))', '((16, 6), ())', '((16, 4), ((1, 1), (1, 12)))', '((7, 2), ((1, 1), (1, 12)))', '((3, 6), ((1, 1), (1, 12)))', '((10, 4), ((1, 12),))', '((24, 7), ())', '((13, 6), ((1, 1), (1, 12)))']",[311 states],40,48,88
312,"((9, 2), ((1, 12),))","((9, 3), ((1, 12),))",South,"[(((8, 2), ((1, 12),)), 'West', 42, 46, 88)]","['((12, 4), ((1, 1),))', '((11, 3), ((1, 1),))', '((16, 6), ())', '((15, 9), ())', '((5, 1), ((1, 1),))', '((13, 6), ((1, 1), (1, 12)))', '((16, 4), ((1, 1), (1, 12)))', '((7, 2), ((1, 1), (1, 12)))', '((3, 6), ((1, 1), (1, 12)))', '((10, 4), ((1, 12),))', '((24, 7), ())']","['((8, 2), ((1, 12),))', '((11, 3), ((1, 1),))', '((12, 4), ((1, 1),))', '((15, 9), ())', '((5, 1), ((1, 1),))', '((16, 6), ())', '((16, 4), ((1, 1), (1, 12)))', '((7, 2), ((1, 1), (1, 12)))', '((3, 6), ((1, 1), (1, 12)))', '((10, 4), ((1, 12),))', '((24, 7), ())', '((13, 6), ((1, 1), (1, 12)))']",[312 states],41,47,88
313,"((8, 2), ((1, 12),))","((9, 2), ((1, 12),))",West,"[(((7, 2), ((1, 12),)), 'West', 43, 45, 88)]","['((12, 4), ((1, 1),))', '((11, 3), ((1, 1),))', '((16, 6), ())', '((15, 9), ())', '((5, 1), ((1, 1),))', '((13, 6), ((1, 1), (1, 12)))', '((16, 4), ((1, 1), (1, 12)))', '((7, 2), ((1, 1), (1, 12)))', '((3, 6), ((1, 1), (1, 12)))', '((10, 4), ((1, 12),))', '((24, 7), ())']","['((7, 2), ((1, 12),))', '((11, 3), ((1, 1),))', '((12, 4), ((1, 1),))', '((15, 9), ())', '((5, 1), ((1, 1),))', '((16, 6), ())', '((16, 4), ((1, 1), (1, 12)))', '((7, 2), ((1, 1), (1, 12)))', '((3, 6), ((1, 1), (1, 12)))', '((10, 4), ((1, 12),))', '((24, 7), ())', '((13, 6), ((1, 1), (1, 12)))']",[313 states],42,46,88
314,"((7, 2), ((1, 12),))","((8, 2), ((1, 12),))",West,"[(((6, 2), ((1, 12),)), 'West', 44, 44, 88)]","['((12, 4), ((1, 1),))', '((11, 3), ((1, 1),))', '((16, 6), ())', '((15, 9), ())', '((5, 1), ((1, 1),))', '((13, 6), ((1, 1), (1, 12)))', '((16, 4), ((1, 1), (1, 12)))', '((7, 2), ((1, 1), (1, 12)))', '((3, 6), ((1, 1), (1, 12)))', '((10, 4), ((1, 12),))', '((24, 7), ())']","['((6, 2), ((1, 12),))', '((11, 3), ((1, 1),))', '((12, 4), ((1, 1),))', '((15, 9), ())', '((5, 1), ((1, 1),))', '((16, 6), ())', '((16, 4), ((1, 1), (1, 12)))', '((7, 2), ((1, 1), (1, 12)))', '((3, 6), ((1, 1), (1, 12)))', '((10, 4), ((1, 12),))', '((24, 7), ())', '((13, 6), ((1, 1), (1, 12)))']",[314 states],43,45,88
315,"((6, 2), ((1, 12),))","((7, 2), ((1, 12),))",West,"[(((5, 2), ((1, 12),)), 'West', 45, 43, 88)]","['((12, 4), ((1, 1),))', '((11, 3), ((1, 1),))', '((16, 6), ())', '((15, 9), ())', '((5, 1), ((1, 1),))', '((13, 6), ((1, 1), (1, 12)))', '((16, 4), ((1, 1), (1, 12)))', '((7, 2), ((1, 1), (1, 12)))', '((3, 6), ((1, 1), (1, 12)))', '((10, 4), ((1, 12),))', '((24, 7), ())']","['((5, 2), ((1, 12),))', '((11, 3), ((1, 1),))', '((12, 4), ((1, 1),))', '((15, 9), ())', '((5, 1), ((1, 1),))', '((16, 6), ())', '((16, 4), ((1, 1), (1, 12)))', '((7, 2), ((1, 1), (1, 12)))', '((3, 6), ((1, 1), (1, 12)))', '((10, 4), ((1, 12),))', '((24, 7), ())', '((13, 6), ((1, 1), (1, 12)))']",[315 states],44,44,88
316,"((5, 2), ((1, 12),))","((6, 2), ((1, 12),))",West,"[(((5, 1), ((1, 12),)), 'South', 46, 42, 88)]","['((12, 4), ((1, 1),))', '((11, 3), ((1, 1),))', '((16, 6), ())', '((15, 9), ())', '((5, 1), ((1, 1),))', '((13, 6), ((1, 1), (1, 12)))', '((16, 4), ((1, 1), (1, 12)))', '((7, 2), ((1, 1), (1, 12)))', '((3, 6), ((1, 1), (1, 12)))', '((10, 4), ((1, 12),))', '((24, 7), ())']","['((5, 1), ((1, 12),))', '((11, 3), ((1, 1),))', '((12, 4), ((1, 1),))', '((15, 9), ())', '((5, 1), ((1, 1),))', '((16, 6), ())', '((16, 4), ((1, 1), (1, 12)))', '((7, 2), ((1, 1), (1, 12)))', '((3, 6), ((1, 1), (1, 12)))', '((10, 4), ((1, 12),))', '((24, 7), ())', '((13, 6), ((1, 1), (1, 12)))']",[316 states],45,43,88
317,"((5, 1), ((1, 12),))","((5, 2), ((1, 12),))",South,[],"['((12, 4), ((1, 1),))', '((11, 3), ((1, 1),))', '((16, 6), ())', '((15, 9), ())', '((5, 1), ((1, 1),))', '((13, 6), ((1, 1), (1, 12)))', '((16, 4), ((1, 1), (1, 12)))', '((7, 2), ((1, 1), (1, 12)))', '((3, 6), ((1, 1), (1, 12)))', '((10, 4), ((1, 12),))', '((24, 7), ())']","['((12, 4), ((1, 1),))', '((11, 3), ((1, 1),))', '((16, 6), ())', '((15, 9), ())', '((5, 1), ((1, 1),))', '((13, 6), ((1, 1), (1, 12)))', '((16, 4), ((1, 1), (1, 12)))', '((7, 2), ((1, 1), (1, 12)))', '((3, 6), ((1, 1), (1, 12)))', '((10, 4), ((1, 12),))', '((24, 7), ())']",[317 states],46,42,88
318,"((12, 4), ((1, 1),))","((11, 4), ((1, 1),))",East,"[(((13, 4), ((1, 1),)), 'East', 33, 56, 89)]","['((11, 3), ((1, 1),))', '((15, 9), ())', '((16, 6), ())', '((24, 7), ())', '((5, 1), ((1, 1),))', '((13, 6), ((1, 1), (1, 12)))', '((16, 4), ((1, 1), (1, 12)))', '((7, 2), ((1, 1), (1, 12)))', '((3, 6), ((1, 1), (1, 12)))', '((10, 4), ((1, 12),))']","['((11, 3), ((1, 1),))', '((15, 9), ())', '((16, 6), ())', '((24, 7), ())', '((5, 1), ((1, 1),))', '((13, 6), ((1, 1), (1, 12)))', '((16, 4), ((1, 1), (1, 12)))', '((7, 2), ((1, 1), (1, 12)))', '((3, 6), ((1, 1), (1, 12)))', '((10, 4), ((1, 12),))', '((13, 4), ((1, 1),))']",[318 states],32,57,89
319,"((11, 3), ((1, 1),))","((11, 4), ((1, 1),))",South,"[(((11, 2), ((1, 1),)), 'South', 33, 56, 89)]","['((15, 9), ())', '((5, 1), ((1, 1),))', '((16, 6), ())', '((24, 7), ())', '((13, 4), ((1, 1),))', '((13, 6), ((1, 1), (1, 12)))', '((16, 4), ((1, 1), (1, 12)))', '((7, 2), ((1, 1), (1, 12)))', '((3, 6), ((1, 1), (1, 12)))', '((10, 4), ((1, 12),))']","['((15, 9), ())', '((5, 1), ((1, 1),))', '((16, 6), ())', '((24, 7), ())', '((13, 4), ((1, 1),))', '((13, 6), ((1, 1), (1, 12)))', '((16, 4), ((1, 1), (1, 12)))', '((7, 2), ((1, 1), (1, 12)))', '((3, 6), ((1, 1), (1, 12)))', '((10, 4), ((1, 12),))', '((11, 2), ((1, 1),))']",[319 states],32,57,89
320,"((15, 9), ())","((15, 10), ())",South,"[(((15, 8), ()), 'South', 25, 66, 91)]","['((5, 1), ((1, 1),))', '((24, 7), ())', '((16, 6), ())', '((11, 2), ((1, 1),))', '((13, 4), ((1, 1),))', '((13, 6), ((1, 1), (1, 12)))', '((16, 4), ((1, 1), (1, 12)))', '((7, 2), ((1, 1), (1, 12)))', '((3, 6), ((1, 1), (1, 12)))', '((10, 4), ((1, 12),))']","['((5, 1), ((1, 1),))', '((24, 7), ())', '((16, 6), ())', '((11, 2), ((1, 1),))', '((13, 4), ((1, 1),))', '((13, 6), ((1, 1), (1, 12)))', '((16, 4), ((1, 1), (1, 12)))', '((7, 2), ((1, 1), (1, 12)))', '((3, 6), ((1, 1), (1, 12)))', '((10, 4), ((1, 12),))', '((15, 8), ())']",[320 states],24,65,89
321,"((5, 1), ((1, 1),))","((5, 2), ((1, 1),))",South,[],"['((24, 7), ())', '((13, 4), ((1, 1),))', '((16, 6), ())', '((11, 2), ((1, 1),))', '((10, 4), ((1, 12),))', '((13, 6), ((1, 1), (1, 12)))', '((16, 4), ((1, 1), (1, 12)))', '((7, 2), ((1, 1), (1, 12)))', '((3, 6), ((1, 1), (1, 12)))', '((15, 8), ())']","['((24, 7), ())', '((13, 4), ((1, 1),))', '((16, 6), ())', '((11, 2), ((1, 1),))', '((10, 4), ((1, 12),))', '((13, 6), ((1, 1), (1, 12)))', '((16, 4), ((1, 1), (1, 12)))', '((7, 2), ((1, 1), (1, 12)))', '((3, 6), ((1, 1), (1, 12)))', '((15, 8), ())']",[321 states],36,53,89
322,"((24, 7), ())","((24, 8), ())",South,"[(((24, 6), ()), 'South', 32, 58, 90)]","['((13, 4), ((1, 1),))', '((11, 2), ((1, 1),))', '((16, 6), ())', '((3, 6), ((1, 1), (1, 12)))', '((10, 4), ((1, 12),))', '((13, 6), ((1, 1), (1, 12)))', '((16, 4), ((1, 1), (1, 12)))', '((7, 2), ((1, 1), (1, 12)))', '((15, 8), ())']","['((13, 4), ((1, 1),))', '((11, 2), ((1, 1),))', '((16, 6), ())', '((3, 6), ((1, 1), (1, 12)))', '((10, 4), ((1, 12),))', '((13, 6), ((1, 1), (1, 12)))', '((16, 4), ((1, 1), (1, 12)))', '((7, 2), ((1, 1), (1, 12)))', '((15, 8), ())', '((24, 6), ())']",[322 states],31,58,89
323,"((13, 4), ((1, 1),))","((12, 4), ((1, 1),))",East,"[(((13, 5), ((1, 1),)), 'North', 34, 57, 91)]","['((11, 2), ((1, 1),))', '((10, 4), ((1, 12),))', '((16, 6), ())', '((3, 6), ((1, 1), (1, 12)))', '((24, 6), ())', '((13, 6), ((1, 1), (1, 12)))', '((16, 4), ((1, 1), (1, 12)))', '((7, 2), ((1, 1), (1, 12)))', '((15, 8), ())']","['((11, 2), ((1, 1),))', '((10, 4), ((1, 12),))', '((16, 6), ())', '((3, 6), ((1, 1), (1, 12)))', '((24, 6), ())', '((13, 6), ((1, 1), (1, 12)))', '((16, 4), ((1, 1), (1, 12)))', '((7, 2), ((1, 1), (1, 12)))', '((15, 8), ())', '((13, 5), ((1, 1),))']",[323 states],33,56,89
324,"((11, 2), ((1, 1),))","((11, 3), ((1, 1),))",South,"[(((12, 2), ((1, 1),)), 'East', 34, 55, 89), (((11, 1), ((1, 1),)), 'South', 34, 55, 89)]","['((10, 4), ((1, 12),))', '((3, 6), ((1, 1), (1, 12)))', '((16, 6), ())', '((7, 2), ((1, 1), (1, 12)))', '((24, 6), ())', '((13, 6), ((1, 1), (1, 12)))', '((16, 4), ((1, 1), (1, 12)))', '((13, 5), ((1, 1),))', '((15, 8), ())']","['((12, 2), ((1, 1),))', '((11, 1), ((1, 1),))', '((16, 6), ())', '((7, 2), ((1, 1), (1, 12)))', '((10, 4), ((1, 12),))', '((13, 6), ((1, 1), (1, 12)))', '((16, 4), ((1, 1), (1, 12)))', '((13, 5), ((1, 1),))', '((15, 8), ())', '((24, 6), ())', '((3, 6), ((1, 1), (1, 12)))']",[324 states],33,56,89
325,"((12, 2), ((1, 1),))","((11, 2), ((1, 1),))",East,"[(((13, 2), ((1, 1),)), 'East', 35, 54, 89), (((12, 1), ((1, 1),)), 'South', 35, 54, 89)]","['((11, 1), ((1, 1),))', '((10, 4), ((1, 12),))', '((16, 6), ())', '((7, 2), ((1, 1), (1, 12)))', '((3, 6), ((1, 1), (1, 12)))', '((13, 6), ((1, 1), (1, 12)))', '((16, 4), ((1, 1), (1, 12)))', '((13, 5), ((1, 1),))', '((15, 8), ())', '((24, 6), ())']","['((11, 1), ((1, 1),))', '((13, 2), ((1, 1),))', '((12, 1), ((1, 1),))', '((7, 2), ((1, 1), (1, 12)))', '((10, 4), ((1, 12),))', '((16, 6), ())', '((16, 4), ((1, 1), (1, 12)))', '((13, 5), ((1, 1),))', '((15, 8), ())', '((24, 6), ())', '((3, 6), ((1, 1), (1, 12)))', '((13, 6), ((1, 1), (1, 12)))']",[325 states],34,55,89
326,"((11, 1), ((1, 1),))","((11, 2), ((1, 1),))",South,[],"['((13, 2), ((1, 1),))', '((10, 4), ((1, 12),))', '((12, 1), ((1, 1),))', '((7, 2), ((1, 1), (1, 12)))', '((3, 6), ((1, 1), (1, 12)))', '((16, 6), ())', '((16, 4), ((1, 1), (1, 12)))', '((13, 5), ((1, 1),))', '((15, 8), ())', '((24, 6), ())', '((13, 6), ((1, 1), (1, 12)))']","['((13, 2), ((1, 1),))', '((10, 4), ((1, 12),))', '((12, 1), ((1, 1),))', '((7, 2), ((1, 1), (1, 12)))', '((3, 6), ((1, 1), (1, 12)))', '((16, 6), ())', '((16, 4), ((1, 1), (1, 12)))', '((13, 5), ((1, 1),))', '((15, 8), ())', '((24, 6), ())', '((13, 6), ((1, 1), (1, 12)))']",[326 states],34,55,89
327,"((13, 2), ((1, 1),))","((12, 2), ((1, 1),))",East,"[(((14, 2), ((1, 1),)), 'East', 36, 53, 89), (((13, 1), ((1, 1),)), 'South', 36, 53, 89)]","['((12, 1), ((1, 1),))', '((10, 4), ((1, 12),))', '((16, 6), ())', '((7, 2), ((1, 1), (1, 12)))', '((3, 6), ((1, 1), (1, 12)))', '((13, 6), ((1, 1), (1, 12)))', '((16, 4), ((1, 1), (1, 12)))', '((13, 5), ((1, 1),))', '((15, 8), ())', '((24, 6), ())']","['((12, 1), ((1, 1),))', '((14, 2), ((1, 1),))', '((13, 1), ((1, 1),))', '((7, 2), ((1, 1), (1, 12)))', '((10, 4), ((1, 12),))', '((16, 6), ())', '((16, 4), ((1, 1), (1, 12)))', '((13, 5), ((1, 1),))', '((15, 8), ())', '((24, 6), ())', '((3, 6), ((1, 1), (1, 12)))', '((13, 6), ((1, 1), (1, 12)))']",[327 states],35,54,89
328,"((12, 1), ((1, 1),))","((12, 2), ((1, 1),))",South,[],"['((14, 2), ((1, 1),))', '((10, 4), ((1, 12),))', '((13, 1), ((1, 1),))', '((7, 2), ((1, 1), (1, 12)))', '((3, 6), ((1, 1), (1, 12)))', '((16, 6), ())', '((16, 4), ((1, 1), (1, 12)))', '((13, 5), ((1, 1),))', '((15, 8), ())', '((24, 6), ())', '((13, 6), ((1, 1), (1, 12)))']","['((14, 2), ((1, 1),))', '((10, 4), ((1, 12),))', '((13, 1), ((1, 1),))', '((7, 2), ((1, 1), (1, 12)))', '((3, 6), ((1, 1), (1, 12)))', '((16, 6), ())', '((16, 4), ((1, 1), (1, 12)))', '((13, 5), ((1, 1),))', '((15, 8), ())', '((24, 6), ())', '((13, 6), ((1, 1), (1, 12)))']",[328 states],35,54,89
329,"((14, 2), ((1, 1),))","((13, 2), ((1, 1),))",East,"[(((15, 2), ((1, 1),)), 'East', 37, 52, 89), (((14, 1), ((1, 1),)), 'South', 37, 52, 89)]","['((13, 1), ((1, 1),))', '((10, 4), ((1, 12),))', '((16, 6), ())', '((7, 2), ((1, 1), (1, 12)))', '((3, 6), ((1, 1), (1, 12)))', '((13, 6), ((1, 1), (1, 12)))', '((16, 4), ((1, 1), (1, 12)))', '((13, 5), ((1, 1),))', '((15, 8), ())', '((24, 6), ())']","['((13, 1), ((1, 1),))', '((15, 2), ((1, 1),))', '((14, 1), ((1, 1),))', '((7, 2), ((1, 1), (1, 12)))', '((10, 4), ((1, 12),))', '((16, 6), ())', '((16, 4), ((1, 1), (1, 12)))', '((13, 5), ((1, 1),))', '((15, 8), ())', '((24, 6), ())', '((3, 6), ((1, 1), (1, 12)))', '((13, 6), ((1, 1), (1, 12)))']",[329 states],36,53,89
330,"((13, 1), ((1, 1),))","((13, 2), ((1, 1),))",South,[],"['((15, 2), ((1, 1),))', '((10, 4), ((1, 12),))', '((14, 1), ((1, 1),))', '((7, 2), ((1, 1), (1, 12)))', '((3, 6), ((1, 1), (1, 12)))', '((16, 6), ())', '((16, 4), ((1, 1), (1, 12)))', '((13, 5), ((1, 1),))', '((15, 8), ())', '((24, 6), ())', '((13, 6), ((1, 1), (1, 12)))']","['((15, 2), ((1, 1),))', '((10, 4), ((1, 12),))', '((14, 1), ((1, 1),))', '((7, 2), ((1, 1), (1, 12)))', '((3, 6), ((1, 1), (1, 12)))', '((16, 6), ())', '((16, 4), ((1, 1), (1, 12)))', '((13, 5), ((1, 1),))', '((15, 8), ())', '((24, 6), ())', '((13, 6), ((1, 1), (1, 12)))']",[330 states],36,53,89
331,"((15, 2), ((1, 1),))","((14, 2), ((1, 1),))",East,"[(((16, 2), ((1, 1),)), 'East', 38, 51, 89), (((15, 1), ((1, 1),)), 'South', 38, 51, 89)]","['((14, 1), ((1, 1),))', '((10, 4), ((1, 12),))', '((16, 6), ())', '((7, 2), ((1, 1), (1, 12)))', '((3, 6), ((1, 1), (1, 12)))', '((13, 6), ((1, 1), (1, 12)))', '((16, 4), ((1, 1), (1, 12)))', '((13, 5), ((1, 1),))', '((15, 8), ())', '((24, 6), ())']","['((14, 1), ((1, 1),))', '((16, 2), ((1, 1),))', '((15, 1), ((1, 1),))', '((7, 2), ((1, 1), (1, 12)))', '((10, 4), ((1, 12),))', '((16, 6), ())', '((16, 4), ((1, 1), (1, 12)))', '((13, 5), ((1, 1),))', '((15, 8), ())', '((24, 6), ())', '((3, 6), ((1, 1), (1, 12)))', '((13, 6), ((1, 1), (1, 12)))']",[331 states],37,52,89
332,"((14, 1), ((1, 1),))","((14, 2), ((1, 1),))",South,[],"['((16, 2), ((1, 1),))', '((10, 4), ((1, 12),))', '((15, 1), ((1, 1),))', '((7, 2), ((1, 1), (1, 12)))', '((3, 6), ((1, 1), (1, 12)))', '((16, 6), ())', '((16, 4), ((1, 1), (1, 12)))', '((13, 5), ((1, 1),))', '((15, 8), ())', '((24, 6), ())', '((13, 6), ((1, 1), (1, 12)))']","['((16, 2), ((1, 1),))', '((10, 4), ((1, 12),))', '((15, 1), ((1, 1),))', '((7, 2), ((1, 1), (1, 12)))', '((3, 6), ((1, 1), (1, 12)))', '((16, 6), ())', '((16, 4), ((1, 1), (1, 12)))', '((13, 5), ((1, 1),))', '((15, 8), ())', '((24, 6), ())', '((13, 6), ((1, 1), (1, 12)))']",[332 states],37,52,89
333,"((16, 2), ((1, 1),))","((15, 2), ((1, 1),))",East,"[(((16, 3), ((1, 1),)), 'North', 39, 52, 91), (((16, 1), ((1, 1),)), 'South', 39, 50, 89)]","['((15, 1), ((1, 1),))', '((10, 4), ((1, 12),))', '((16, 6), ())', '((7, 2), ((1, 1), (1, 12)))', '((3, 6), ((1, 1), (1, 12)))', '((13, 6), ((1, 1), (1, 12)))', '((16, 4), ((1, 1), (1, 12)))', '((13, 5), ((1, 1),))', '((15, 8), ())', '((24, 6), ())']","['((15, 1), ((1, 1),))', '((10, 4), ((1, 12),))', '((16, 1), ((1, 1),))', '((7, 2), ((1, 1), (1, 12)))', '((3, 6), ((1, 1), (1, 12)))', '((16, 6), ())', '((16, 4), ((1, 1), (1, 12)))', '((13, 5), ((1, 1),))', '((15, 8), ())', '((24, 6), ())', '((16, 3), ((1, 1),))', '((13, 6), ((1, 1), (1, 12)))']",[333 states],38,51,89
334,"((15, 1), ((1, 1),))","((15, 2), ((1, 1),))",South,[],"['((16, 1), ((1, 1),))', '((10, 4), ((1, 12),))', '((16, 6), ())', '((7, 2), ((1, 1), (1, 12)))', '((3, 6), ((1, 1), (1, 12)))', '((13, 6), ((1, 1), (1, 12)))', '((16, 4), ((1, 1), (1, 12)))', '((13, 5), ((1, 1),))', '((15, 8), ())', '((24, 6), ())', '((16, 3), ((1, 1),))']","['((16, 1), ((1, 1),))', '((10, 4), ((1, 12),))', '((16, 6), ())', '((7, 2), ((1, 1), (1, 12)))', '((3, 6), ((1, 1), (1, 12)))', '((13, 6), ((1, 1), (1, 12)))', '((16, 4), ((1, 1), (1, 12)))', '((13, 5), ((1, 1),))', '((15, 8), ())', '((24, 6), ())', '((16, 3), ((1, 1),))']",[334 states],38,51,89
335,"((16, 1), ((1, 1),))","((16, 2), ((1, 1),))",South,[],"['((10, 4), ((1, 12),))', '((3, 6), ((1, 1), (1, 12)))', '((16, 6), ())', '((7, 2), ((1, 1), (1, 12)))', '((24, 6), ())', '((13, 6), ((1, 1), (1, 12)))', '((16, 4), ((1, 1), (1, 12)))', '((13, 5), ((1, 1),))', '((15, 8), ())', '((16, 3), ((1, 1),))']","['((10, 4), ((1, 12),))', '((3, 6), ((1, 1), (1, 12)))', '((16, 6), ())', '((7, 2), ((1, 1), (1, 12)))', '((24, 6), ())', '((13, 6), ((1, 1), (1, 12)))', '((16, 4), ((1, 1), (1, 12)))', '((13, 5), ((1, 1),))', '((15, 8), ())', '((16, 3), ((1, 1),))']",[335 states],39,50,89
336,"((10, 4), ((1, 12),))","((9, 4), ((1, 12),))",East,"[(((11, 4), ((1, 12),)), 'East', 41, 51, 92)]","['((3, 6), ((1, 1), (1, 12)))', '((7, 2), ((1, 1), (1, 12)))', '((16, 6), ())', '((15, 8), ())', '((24, 6), ())', '((13, 6), ((1, 1), (1, 12)))', '((16, 4), ((1, 1), (1, 12)))', '((13, 5), ((1, 1),))', '((16, 3), ((1, 1),))']","['((3, 6), ((1, 1), (1, 12)))', '((7, 2), ((1, 1), (1, 12)))', '((16, 6), ())', '((15, 8), ())', '((24, 6), ())', '((13, 6), ((1, 1), (1, 12)))', '((16, 4), ((1, 1), (1, 12)))', '((13, 5), ((1, 1),))', '((16, 3), ((1, 1),))', '((11, 4), ((1, 12),))']",[336 states],40,50,90
337,"((3, 6), ((1, 1), (1, 12)))","((3, 5), ((1, 1), (1, 12)))",North,"[(((2, 6), ((1, 1), (1, 12))), 'West', 50, 42, 92)]","['((16, 6), ())', '((7, 2), ((1, 1), (1, 12)))', '((13, 6), ((1, 1), (1, 12)))', '((15, 8), ())', '((24, 6), ())', '((11, 4), ((1, 12),))', '((16, 4), ((1, 1), (1, 12)))', '((13, 5), ((1, 1),))', '((16, 3), ((1, 1),))']","['((16, 6), ())', '((7, 2), ((1, 1), (1, 12)))', '((13, 6), ((1, 1), (1, 12)))', '((15, 8), ())', '((24, 6), ())', '((11, 4), ((1, 12),))', '((16, 4), ((1, 1), (1, 12)))', '((13, 5), ((1, 1),))', '((16, 3), ((1, 1),))', '((2, 6), ((1, 1), (1, 12)))']",[337 states],49,41,90
338,"((16, 6), ())","((17, 6), ())",West,[],"['((7, 2), ((1, 1), (1, 12)))', '((24, 6), ())', '((13, 6), ((1, 1), (1, 12)))', '((15, 8), ())', '((2, 6), ((1, 1), (1, 12)))', '((11, 4), ((1, 12),))', '((16, 4), ((1, 1), (1, 12)))', '((13, 5), ((1, 1),))', '((16, 3), ((1, 1),))']","['((7, 2), ((1, 1), (1, 12)))', '((24, 6), ())', '((13, 6), ((1, 1), (1, 12)))', '((15, 8), ())', '((2, 6), ((1, 1), (1, 12)))', '((11, 4), ((1, 12),))', '((16, 4), ((1, 1), (1, 12)))', '((13, 5), ((1, 1),))', '((16, 3), ((1, 1),))']",[338 states],24,66,90
339,"((7, 2), ((1, 1), (1, 12)))","((8, 2), ((1, 1), (1, 12)))",West,"[(((6, 2), ((1, 1), (1, 12))), 'West', 58, 34, 92)]","['((13, 6), ((1, 1), (1, 12)))', '((24, 6), ())', '((16, 4), ((1, 1), (1, 12)))', '((15, 8), ())', '((2, 6), ((1, 1), (1, 12)))', '((11, 4), ((1, 12),))', '((16, 3), ((1, 1),))', '((13, 5), ((1, 1),))']","['((13, 6), ((1, 1), (1, 12)))', '((24, 6), ())', '((16, 4), ((1, 1), (1, 12)))', '((15, 8), ())', '((2, 6), ((1, 1), (1, 12)))', '((11, 4), ((1, 12),))', '((16, 3), ((1, 1),))', '((13, 5), ((1, 1),))', '((6, 2), ((1, 1), (1, 12)))']",[339 states],57,33,90
340,"((13, 6), ((1, 1), (1, 12)))","((13, 5), ((1, 1), (1, 12)))",North,"[(((12, 6), ((1, 1), (1, 12))), 'West', 60, 32, 92)]","['((16, 4), ((1, 1), (1, 12)))', '((24, 6), ())', '((16, 3), ((1, 1),))', '((15, 8), ())', '((2, 6), ((1, 1), (1, 12)))', '((11, 4), ((1, 12),))', '((6, 2), ((1, 1), (1, 12)))', '((13, 5), ((1, 1),))']","['((16, 4), ((1, 1), (1, 12)))', '((24, 6), ())', '((16, 3), ((1, 1),))', '((15, 8), ())', '((2, 6), ((1, 1), (1, 12)))', '((11, 4), ((1, 12),))', '((6, 2), ((1, 1), (1, 12)))', '((13, 5), ((1, 1),))', '((12, 6), ((1, 1), (1, 12)))']",[340 states],59,31,90
341,"((16, 4), ((1, 1), (1, 12)))","((16, 3), ((1, 1), (1, 12)))",North,"[(((17, 4), ((1, 1), (1, 12))), 'East', 65, 25, 90)]","['((24, 6), ())', '((15, 8), ())', '((16, 3), ((1, 1),))', '((13, 5), ((1, 1),))', '((2, 6), ((1, 1), (1, 12)))', '((11, 4), ((1, 12),))', '((6, 2), ((1, 1), (1, 12)))', '((12, 6), ((1, 1), (1, 12)))']","['((24, 6), ())', '((17, 4), ((1, 1), (1, 12)))', '((16, 3), ((1, 1),))', '((15, 8), ())', '((2, 6), ((1, 1), (1, 12)))', '((11, 4), ((1, 12),))', '((6, 2), ((1, 1), (1, 12)))', '((12, 6), ((1, 1), (1, 12)))', '((13, 5), ((1, 1),))']",[341 states],64,26,90
342,"((24, 6), ())","((24, 7), ())",South,"[(((24, 5), ()), 'South', 33, 57, 90)]","['((17, 4), ((1, 1), (1, 12)))', '((15, 8), ())', '((16, 3), ((1, 1),))', '((13, 5), ((1, 1),))', '((2, 6), ((1, 1), (1, 12)))', '((11, 4), ((1, 12),))', '((6, 2), ((1, 1), (1, 12)))', '((12, 6), ((1, 1), (1, 12)))']","['((17, 4), ((1, 1), (1, 12)))', '((24, 5), ())', '((16, 3), ((1, 1),))', '((15, 8), ())', '((2, 6), ((1, 1), (1, 12)))', '((11, 4), ((1, 12),))', '((6, 2), ((1, 1), (1, 12)))', '((12, 6), ((1, 1), (1, 12)))', '((13, 5), ((1, 1),))']",[342 states],32,58,90
343,"((17, 4), ((1, 1), (1, 12)))","((16, 4), ((1, 1), (1, 12)))",East,"[(((18, 4), ((1, 1), (1, 12))), 'East', 66, 24, 90)]","['((24, 5), ())', '((15, 8), ())', '((16, 3), ((1, 1),))', '((13, 5), ((1, 1),))', '((2, 6), ((1, 1), (1, 12)))', '((11, 4), ((1, 12),))', '((6, 2), ((1, 1), (1, 12)))', '((12, 6), ((1, 1), (1, 12)))']","['((24, 5), ())', '((18, 4), ((1, 1), (1, 12)))', '((16, 3), ((1, 1),))', '((15, 8), ())', '((2, 6), ((1, 1), (1, 12)))', '((11, 4), ((1, 12),))', '((6, 2), ((1, 1), (1, 12)))', '((12, 6), ((1, 1), (1, 12)))', '((13, 5), ((1, 1),))']",[343 states],65,25,90
344,"((24, 5), ())","((24, 6), ())",South,"[(((24, 4), ()), 'South', 34, 56, 90)]","['((18, 4), ((1, 1), (1, 12)))', '((15, 8), ())', '((16, 3), ((1, 1),))', '((13, 5), ((1, 1),))', '((2, 6), ((1, 1), (1, 12)))', '((11, 4), ((1, 12),))', '((6, 2), ((1, 1), (1, 12)))', '((12, 6), ((1, 1), (1, 12)))']","['((18, 4), ((1, 1), (1, 12)))', '((24, 4), ())', '((16, 3), ((1, 1),))', '((15, 8), ())', '((2, 6), ((1, 1), (1, 12)))', '((11, 4), ((1, 12),))', '((6, 2), ((1, 1), (1, 12)))', '((12, 6), ((1, 1), (1, 12)))', '((13, 5), ((1, 1),))']",[344 states],33,57,90
345,"((18, 4), ((1, 1), (1, 12)))","((17, 4), ((1, 1), (1, 12)))",East,"[(((18, 5), ((1, 1), (1, 12))), 'North', 67, 25, 92), (((19, 4), ((1, 1), (1, 12))), 'East', 67, 23, 90), (((18, 3), ((1, 1), (1, 12))), 'South', 67, 23, 90)]","['((24, 4), ())', '((15, 8), ())', '((16, 3), ((1, 1),))', '((13, 5), ((1, 1),))', '((2, 6), ((1, 1), (1, 12)))', '((11, 4), ((1, 12),))', '((6, 2), ((1, 1), (1, 12)))', '((12, 6), ((1, 1), (1, 12)))']","['((24, 4), ())', '((19, 4), ((1, 1), (1, 12)))', '((16, 3), ((1, 1),))', '((13, 5), ((1, 1),))', '((18, 3), ((1, 1), (1, 12)))', '((11, 4), ((1, 12),))', '((6, 2), ((1, 1), (1, 12)))', '((12, 6), ((1, 1), (1, 12)))', '((18, 5), ((1, 1), (1, 12)))', '((2, 6), ((1, 1), (1, 12)))', '((15, 8), ())']",[345 states],66,24,90
346,"((24, 4), ())","((24, 5), ())",South,"[(((25, 4), ()), 'East', 35, 55, 90), (((23, 4), ()), 'West', 35, 57, 92)]","['((19, 4), ((1, 1), (1, 12)))', '((18, 3), ((1, 1), (1, 12)))', '((16, 3), ((1, 1),))', '((13, 5), ((1, 1),))', '((15, 8), ())', '((11, 4), ((1, 12),))', '((6, 2), ((1, 1), (1, 12)))', '((12, 6), ((1, 1), (1, 12)))', '((18, 5), ((1, 1), (1, 12)))', '((2, 6), ((1, 1), (1, 12)))']","['((19, 4), ((1, 1), (1, 12)))', '((18, 3), ((1, 1), (1, 12)))', '((16, 3), ((1, 1),))', '((13, 5), ((1, 1),))', '((25, 4), ())', '((11, 4), ((1, 12),))', '((6, 2), ((1, 1), (1, 12)))', '((12, 6), ((1, 1), (1, 12)))', '((18, 5), ((1, 1), (1, 12)))', '((2, 6), ((1, 1), (1, 12)))', '((15, 8), ())', '((23, 4), ())']",[346 states],34,56,90
347,"((19, 4), ((1, 1), (1, 12)))","((18, 4), ((1, 1), (1, 12)))",East,"[(((20, 4), ((1, 1), (1, 12))), 'East', 68, 22, 90)]","['((18, 3), ((1, 1), (1, 12)))', '((25, 4), ())', '((16, 3), ((1, 1),))', '((13, 5), ((1, 1),))', '((15, 8), ())', '((11, 4), ((1, 12),))', '((6, 2), ((1, 1), (1, 12)))', '((12, 6), ((1, 1), (1, 12)))', '((18, 5), ((1, 1), (1, 12)))', '((2, 6), ((1, 1), (1, 12)))', '((23, 4), ())']","['((18, 3), ((1, 1), (1, 12)))', '((25, 4), ())', '((20, 4), ((1, 1), (1, 12)))', '((13, 5), ((1, 1),))', '((15, 8), ())', '((16, 3), ((1, 1),))', '((6, 2), ((1, 1), (1, 12)))', '((12, 6), ((1, 1), (1, 12)))', '((18, 5), ((1, 1), (1, 12)))', '((2, 6), ((1, 1), (1, 12)))', '((23, 4), ())', '((11, 4), ((1, 12),))']",[347 states],67,23,90
348,"((18, 3), ((1, 1), (1, 12)))","((18, 4), ((1, 1), (1, 12)))",South,"[(((18, 2), ((1, 1), (1, 12))), 'South', 68, 22, 90)]","['((25, 4), ())', '((15, 8), ())', '((20, 4), ((1, 1), (1, 12)))', '((13, 5), ((1, 1),))', '((11, 4), ((1, 12),))', '((16, 3), ((1, 1),))', '((6, 2), ((1, 1), (1, 12)))', '((12, 6), ((1, 1), (1, 12)))', '((18, 5), ((1, 1), (1, 12)))', '((2, 6), ((1, 1), (1, 12)))', '((23, 4), ())']","['((25, 4), ())', '((15, 8), ())', '((20, 4), ((1, 1), (1, 12)))', '((13, 5), ((1, 1),))', '((11, 4), ((1, 12),))', '((18, 2), ((1, 1), (1, 12)))', '((6, 2), ((1, 1), (1, 12)))', '((12, 6), ((1, 1), (1, 12)))', '((18, 5), ((1, 1), (1, 12)))', '((2, 6), ((1, 1), (1, 12)))', '((23, 4), ())', '((16, 3), ((1, 1),))']",[348 states],67,23,90
349,"((25, 4), ())","((24, 4), ())",East,"[(((26, 4), ()), 'East', 36, 54, 90)]","['((20, 4), ((1, 1), (1, 12)))', '((15, 8), ())', '((18, 2), ((1, 1), (1, 12)))', '((13, 5), ((1, 1),))', '((11, 4), ((1, 12),))', '((16, 3), ((1, 1),))', '((6, 2), ((1, 1), (1, 12)))', '((12, 6), ((1, 1), (1, 12)))', '((18, 5), ((1, 1), (1, 12)))', '((2, 6), ((1, 1), (1, 12)))', '((23, 4), ())']","['((20, 4), ((1, 1), (1, 12)))', '((15, 8), ())', '((18, 2), ((1, 1), (1, 12)))', '((13, 5), ((1, 1),))', '((11, 4), ((1, 12),))', '((26, 4), ())', '((6, 2), ((1, 1), (1, 12)))', '((12, 6), ((1, 1), (1, 12)))', '((18, 5), ((1, 1), (1, 12)))', '((2, 6), ((1, 1), (1, 12)))', '((23, 4), ())', '((16, 3), ((1, 1),))']",[349 states],35,55,90
350,"((20, 4), ((1, 1), (1, 12)))","((19, 4), ((1, 1), (1, 12)))",East,[],"['((18, 2), ((1, 1), (1, 12)))', '((15, 8), ())', '((26, 4), ())', '((13, 5), ((1, 1),))', '((11, 4), ((1, 12),))', '((16, 3), ((1, 1),))', '((6, 2), ((1, 1), (1, 12)))', '((12, 6), ((1, 1), (1, 12)))', '((18, 5), ((1, 1), (1, 12)))', '((2, 6), ((1, 1), (1, 12)))', '((23, 4), ())']","['((18, 2), ((1, 1), (1, 12)))', '((15, 8), ())', '((26, 4), ())', '((13, 5), ((1, 1),))', '((11, 4), ((1, 12),))', '((16, 3), ((1, 1),))', '((6, 2), ((1, 1), (1, 12)))', '((12, 6), ((1, 1), (1, 12)))', '((18, 5), ((1, 1), (1, 12)))', '((2, 6), ((1, 1), (1, 12)))', '((23, 4), ())']",[350 states],68,22,90
351,"((18, 2), ((1, 1), (1, 12)))","((18, 3), ((1, 1), (1, 12)))",South,"[(((18, 1), ((1, 1), (1, 12))), 'South', 69, 21, 90)]","['((26, 4), ())', '((15, 8), ())', '((16, 3), ((1, 1),))', '((13, 5), ((1, 1),))', '((11, 4), ((1, 12),))', '((23, 4), ())', '((6, 2), ((1, 1), (1, 12)))', '((12, 6), ((1, 1), (1, 12)))', '((18, 5), ((1, 1), (1, 12)))', '((2, 6), ((1, 1), (1, 12)))']","['((26, 4), ())', '((18, 1), ((1, 1), (1, 12)))', '((16, 3), ((1, 1),))', '((13, 5), ((1, 1),))', '((15, 8), ())', '((23, 4), ())', '((6, 2), ((1, 1), (1, 12)))', '((12, 6), ((1, 1), (1, 12)))', '((18, 5), ((1, 1), (1, 12)))', '((2, 6), ((1, 1), (1, 12)))', '((11, 4), ((1, 12),))']",[351 states],68,22,90
352,"((26, 4), ())","((25, 4), ())",East,"[(((26, 5), ()), 'North', 37, 55, 92), (((26, 3), ()), 'South', 37, 53, 90)]","['((18, 1), ((1, 1), (1, 12)))', '((15, 8), ())', '((16, 3), ((1, 1),))', '((13, 5), ((1, 1),))', '((11, 4), ((1, 12),))', '((23, 4), ())', '((6, 2), ((1, 1), (1, 12)))', '((12, 6), ((1, 1), (1, 12)))', '((18, 5), ((1, 1), (1, 12)))', '((2, 6), ((1, 1), (1, 12)))']","['((18, 1), ((1, 1), (1, 12)))', '((15, 8), ())', '((26, 3), ())', '((13, 5), ((1, 1),))', '((11, 4), ((1, 12),))', '((16, 3), ((1, 1),))', '((6, 2), ((1, 1), (1, 12)))', '((12, 6), ((1, 1), (1, 12)))', '((18, 5), ((1, 1), (1, 12)))', '((2, 6), ((1, 1), (1, 12)))', '((26, 5), ())', '((23, 4), ())']",[352 states],36,54,90
353,"((18, 1), ((1, 1), (1, 12)))","((18, 2), ((1, 1), (1, 12)))",South,[],"['((26, 3), ())', '((15, 8), ())', '((16, 3), ((1, 1),))', '((13, 5), ((1, 1),))', '((11, 4), ((1, 12),))', '((23, 4), ())', '((6, 2), ((1, 1), (1, 12)))', '((12, 6), ((1, 1), (1, 12)))', '((18, 5), ((1, 1), (1, 12)))', '((2, 6), ((1, 1), (1, 12)))', '((26, 5), ())']","['((26, 3), ())', '((15, 8), ())', '((16, 3), ((1, 1),))', '((13, 5), ((1, 1),))', '((11, 4), ((1, 12),))', '((23, 4), ())', '((6, 2), ((1, 1), (1, 12)))', '((12, 6), ((1, 1), (1, 12)))', '((18, 5), ((1, 1), (1, 12)))', '((2, 6), ((1, 1), (1, 12)))', '((26, 5), ())']",[353 states],69,21,90
354,"((26, 3), ())","((26, 4), ())",South,[],"['((15, 8), ())', '((13, 5), ((1, 1),))', '((16, 3), ((1, 1),))', '((12, 6), ((1, 1), (1, 12)))', '((11, 4), ((1, 12),))', '((23, 4), ())', '((6, 2), ((1, 1), (1, 12)))', '((26, 5), ())', '((18, 5), ((1, 1), (1, 12)))', '((2, 6), ((1, 1), (1, 12)))']","['((15, 8), ())', '((13, 5), ((1, 1),))', '((16, 3), ((1, 1),))', '((12, 6), ((1, 1), (1, 12)))', '((11, 4), ((1, 12),))', '((23, 4), ())', '((6, 2), ((1, 1), (1, 12)))', '((26, 5), ())', '((18, 5), ((1, 1), (1, 12)))', '((2, 6), ((1, 1), (1, 12)))']",[354 states],37,53,90
355,"((15, 8), ())","((15, 9), ())",South,"[(((16, 8), ()), 'East', 26, 65, 91)]","['((13, 5), ((1, 1),))', '((11, 4), ((1, 12),))', '((16, 3), ((1, 1),))', '((12, 6), ((1, 1), (1, 12)))', '((2, 6), ((1, 1), (1, 12)))', '((23, 4), ())', '((6, 2), ((1, 1), (1, 12)))', '((26, 5), ())', '((18, 5), ((1, 1), (1, 12)))']","['((13, 5), ((1, 1),))', '((16, 8), ())', '((16, 3), ((1, 1),))', '((12, 6), ((1, 1), (1, 12)))', '((11, 4), ((1, 12),))', '((23, 4), ())', '((6, 2), ((1, 1), (1, 12)))', '((26, 5), ())', '((18, 5), ((1, 1), (1, 12)))', '((2, 6), ((1, 1), (1, 12)))']",[355 states],25,66,91
356,"((13, 5), ((1, 1),))","((13, 4), ((1, 1),))",North,"[(((13, 6), ((1, 1),)), 'North', 35, 56, 91)]","['((16, 3), ((1, 1),))', '((16, 8), ())', '((2, 6), ((1, 1), (1, 12)))', '((12, 6), ((1, 1), (1, 12)))', '((11, 4), ((1, 12),))', '((23, 4), ())', '((6, 2), ((1, 1), (1, 12)))', '((26, 5), ())', '((18, 5), ((1, 1), (1, 12)))']","['((16, 3), ((1, 1),))', '((16, 8), ())', '((2, 6), ((1, 1), (1, 12)))', '((12, 6), ((1, 1), (1, 12)))', '((13, 6), ((1, 1),))', '((23, 4), ())', '((6, 2), ((1, 1), (1, 12)))', '((26, 5), ())', '((18, 5), ((1, 1), (1, 12)))', '((11, 4), ((1, 12),))']",[356 states],34,57,91
357,"((16, 3), ((1, 1),))","((16, 2), ((1, 1),))",North,"[(((16, 4), ((1, 1),)), 'North', 40, 53, 93)]","['((16, 8), ())', '((13, 6), ((1, 1),))', '((2, 6), ((1, 1), (1, 12)))', '((12, 6), ((1, 1), (1, 12)))', '((11, 4), ((1, 12),))', '((23, 4), ())', '((6, 2), ((1, 1), (1, 12)))', '((26, 5), ())', '((18, 5), ((1, 1), (1, 12)))']","['((16, 8), ())', '((13, 6), ((1, 1),))', '((2, 6), ((1, 1), (1, 12)))', '((12, 6), ((1, 1), (1, 12)))', '((11, 4), ((1, 12),))', '((23, 4), ())', '((6, 2), ((1, 1), (1, 12)))', '((26, 5), ())', '((18, 5), ((1, 1), (1, 12)))', '((16, 4), ((1, 1),))']",[357 states],39,52,91
358,"((16, 8), ())","((15, 8), ())",East,"[(((17, 8), ()), 'East', 27, 64, 91)]","['((13, 6), ((1, 1),))', '((11, 4), ((1, 12),))', '((2, 6), ((1, 1), (1, 12)))', '((12, 6), ((1, 1), (1, 12)))', '((16, 4), ((1, 1),))', '((23, 4), ())', '((6, 2), ((1, 1), (1, 12)))', '((26, 5), ())', '((18, 5), ((1, 1), (1, 12)))']","['((13, 6), ((1, 1),))', '((17, 8), ())', '((2, 6), ((1, 1), (1, 12)))', '((12, 6), ((1, 1), (1, 12)))', '((11, 4), ((1, 12),))', '((23, 4), ())', '((6, 2), ((1, 1), (1, 12)))', '((26, 5), ())', '((18, 5), ((1, 1), (1, 12)))', '((16, 4), ((1, 1),))']",[358 states],26,65,91
359,"((13, 6), ((1, 1),))","((13, 5), ((1, 1),))",North,"[(((12, 6), ((1, 1),)), 'West', 36, 55, 91)]","['((17, 8), ())', '((11, 4), ((1, 12),))', '((2, 6), ((1, 1), (1, 12)))', '((12, 6), ((1, 1), (1, 12)))', '((16, 4), ((1, 1),))', '((23, 4), ())', '((6, 2), ((1, 1), (1, 12)))', '((26, 5), ())', '((18, 5), ((1, 1), (1, 12)))']","['((17, 8), ())', '((12, 6), ((1, 1),))', '((2, 6), ((1, 1), (1, 12)))', '((12, 6), ((1, 1), (1, 12)))', '((11, 4), ((1, 12),))', '((23, 4), ())', '((6, 2), ((1, 1), (1, 12)))', '((26, 5), ())', '((18, 5), ((1, 1), (1, 12)))', '((16, 4), ((1, 1),))']",[359 states],35,56,91
360,"((17, 8), ())","((16, 8), ())",East,"[(((18, 8), ()), 'East', 28, 63, 91)]","['((12, 6), ((1, 1),))', '((11, 4), ((1, 12),))', '((2, 6), ((1, 1), (1, 12)))', '((12, 6), ((1, 1), (1, 12)))', '((16, 4), ((1, 1),))', '((23, 4), ())', '((6, 2), ((1, 1), (1, 12)))', '((26, 5), ())', '((18, 5), ((1, 1), (1, 12)))']","['((12, 6), ((1, 1),))', '((18, 8), ())', '((2, 6), ((1, 1), (1, 12)))', '((12, 6), ((1, 1), (1, 12)))', '((11, 4), ((1, 12),))', '((23, 4), ())', '((6, 2), ((1, 1), (1, 12)))', '((26, 5), ())', '((18, 5), ((1, 1), (1, 12)))', '((16, 4), ((1, 1),))']",[360 states],27,64,91
361,"((12, 6), ((1, 1),))","((13, 6), ((1, 1),))",West,"[(((11, 6), ((1, 1),)), 'West', 37, 54, 91)]","['((18, 8), ())', '((11, 4), ((1, 12),))', '((2, 6), ((1, 1), (1, 12)))', '((12, 6), ((1, 1), (1, 12)))', '((16, 4), ((1, 1),))', '((23, 4), ())', '((6, 2), ((1, 1), (1, 12)))', '((26, 5), ())', '((18, 5), ((1, 1), (1, 12)))']","['((18, 8), ())', '((11, 6), ((1, 1),))', '((2, 6), ((1, 1), (1, 12)))', '((12, 6), ((1, 1), (1, 12)))', '((11, 4), ((1, 12),))', '((23, 4), ())', '((6, 2), ((1, 1), (1, 12)))', '((26, 5), ())', '((18, 5), ((1, 1), (1, 12)))', '((16, 4), ((1, 1),))']",[361 states],36,55,91
362,"((18, 8), ())","((17, 8), ())",East,"[(((18, 9), ()), 'North', 29, 62, 91)]","['((11, 6), ((1, 1),))', '((11, 4), ((1, 12),))', '((2, 6), ((1, 1), (1, 12)))', '((12, 6), ((1, 1), (1, 12)))', '((16, 4), ((1, 1),))', '((23, 4), ())', '((6, 2), ((1, 1), (1, 12)))', '((26, 5), ())', '((18, 5), ((1, 1), (1, 12)))']","['((11, 6), ((1, 1),))', '((18, 9), ())', '((2, 6), ((1, 1), (1, 12)))', '((12, 6), ((1, 1), (1, 12)))', '((11, 4), ((1, 12),))', '((23, 4), ())', '((6, 2), ((1, 1), (1, 12)))', '((26, 5), ())', '((18, 5), ((1, 1), (1, 12)))', '((16, 4), ((1, 1),))']",[362 states],28,63,91
363,"((11, 6), ((1, 1),))","((12, 6), ((1, 1),))",West,"[(((11, 7), ((1, 1),)), 'North', 38, 53, 91), (((10, 6), ((1, 1),)), 'West', 38, 53, 91)]","['((18, 9), ())', '((11, 4), ((1, 12),))', '((2, 6), ((1, 1), (1, 12)))', '((12, 6), ((1, 1), (1, 12)))', '((16, 4), ((1, 1),))', '((23, 4), ())', '((6, 2), ((1, 1), (1, 12)))', '((26, 5), ())', '((18, 5), ((1, 1), (1, 12)))']","['((18, 9), ())', '((11, 7), ((1, 1),))', '((2, 6), ((1, 1), (1, 12)))', '((12, 6), ((1, 1), (1, 12)))', '((10, 6), ((1, 1),))', '((23, 4), ())', '((6, 2), ((1, 1), (1, 12)))', '((26, 5), ())', '((18, 5), ((1, 1), (1, 12)))', '((16, 4), ((1, 1),))', '((11, 4), ((1, 12),))']",[363 states],37,54,91
364,"((18, 9), ())","((18, 8), ())",North,"[(((18, 10), ()), 'North', 30, 61, 91)]","['((11, 7), ((1, 1),))', '((10, 6), ((1, 1),))', '((2, 6), ((1, 1), (1, 12)))', '((12, 6), ((1, 1), (1, 12)))', '((11, 4), ((1, 12),))', '((23, 4), ())', '((6, 2), ((1, 1), (1, 12)))', '((26, 5), ())', '((18, 5), ((1, 1), (1, 12)))', '((16, 4), ((1, 1),))']","['((11, 7), ((1, 1),))', '((10, 6), ((1, 1),))', '((2, 6), ((1, 1), (1, 12)))', '((12, 6), ((1, 1), (1, 12)))', '((18, 10), ())', '((23, 4), ())', '((6, 2), ((1, 1), (1, 12)))', '((26, 5), ())', '((18, 5), ((1, 1), (1, 12)))', '((16, 4), ((1, 1),))', '((11, 4), ((1, 12),))']",[364 states],29,62,91
365,"((11, 7), ((1, 1),))","((11, 6), ((1, 1),))",North,"[(((11, 8), ((1, 1),)), 'North', 39, 52, 91)]","['((10, 6), ((1, 1),))', '((18, 10), ())', '((2, 6), ((1, 1), (1, 12)))', '((12, 6), ((1, 1), (1, 12)))', '((11, 4), ((1, 12),))', '((23, 4), ())', '((6, 2), ((1, 1), (1, 12)))', '((26, 5), ())', '((18, 5), ((1, 1), (1, 12)))', '((16, 4), ((1, 1),))']","['((10, 6), ((1, 1),))', '((18, 10), ())', '((2, 6), ((1, 1), (1, 12)))', '((12, 6), ((1, 1), (1, 12)))', '((11, 8), ((1, 1),))', '((23, 4), ())', '((6, 2), ((1, 1), (1, 12)))', '((26, 5), ())', '((18, 5), ((1, 1), (1, 12)))', '((16, 4), ((1, 1),))', '((11, 4), ((1, 12),))']",[365 states],38,53,91
366,"((10, 6), ((1, 1),))","((11, 6), ((1, 1),))",West,"[(((9, 6), ((1, 1),)), 'West', 39, 52, 91)]","['((18, 10), ())', '((11, 8), ((1, 1),))', '((2, 6), ((1, 1), (1, 12)))', '((12, 6), ((1, 1), (1, 12)))', '((11, 4), ((1, 12),))', '((23, 4), ())', '((6, 2), ((1, 1), (1, 12)))', '((26, 5), ())', '((18, 5), ((1, 1), (1, 12)))', '((16, 4), ((1, 1),))']","['((18, 10), ())', '((11, 8), ((1, 1),))', '((2, 6), ((1, 1), (1, 12)))', '((12, 6), ((1, 1), (1, 12)))', '((9, 6), ((1, 1),))', '((23, 4), ())', '((6, 2), ((1, 1), (1, 12)))', '((26, 5), ())', '((18, 5), ((1, 1), (1, 12)))', '((16, 4), ((1, 1),))', '((11, 4), ((1, 12),))']",[366 states],38,53,91
367,"((18, 10), ())","((18, 9), ())",North,"[(((18, 11), ()), 'North', 31, 60, 91), (((19, 10), ()), 'East', 31, 60, 91)]","['((11, 8), ((1, 1),))', '((9, 6), ((1, 1),))', '((2, 6), ((1, 1), (1, 12)))', '((12, 6), ((1, 1), (1, 12)))', '((11, 4), ((1, 12),))', '((23, 4), ())', '((6, 2), ((1, 1), (1, 12)))', '((26, 5), ())', '((18, 5), ((1, 1), (1, 12)))', '((16, 4), ((1, 1),))']","['((11, 8), ((1, 1),))', '((9, 6), ((1, 1),))', '((19, 10), ())', '((12, 6), ((1, 1), (1, 12)))', '((18, 11), ())', '((2, 6), ((1, 1), (1, 12)))', '((6, 2), ((1, 1), (1, 12)))', '((26, 5), ())', '((18, 5), ((1, 1), (1, 12)))', '((16, 4), ((1, 1),))', '((11, 4), ((1, 12),))', '((23, 4), ())']",[367 states],30,61,91
368,"((11, 8), ((1, 1),))","((11, 7), ((1, 1),))",North,"[(((11, 9), ((1, 1),)), 'North', 40, 51, 91), (((12, 8), ((1, 1),)), 'East', 40, 53, 93)]","['((9, 6), ((1, 1),))', '((18, 11), ())', '((19, 10), ())', '((12, 6), ((1, 1), (1, 12)))', '((11, 4), ((1, 12),))', '((2, 6), ((1, 1), (1, 12)))', '((6, 2), ((1, 1), (1, 12)))', '((26, 5), ())', '((18, 5), ((1, 1), (1, 12)))', '((16, 4), ((1, 1),))', '((23, 4), ())']","['((9, 6), ((1, 1),))', '((18, 11), ())', '((19, 10), ())', '((12, 6), ((1, 1), (1, 12)))', '((11, 4), ((1, 12),))', '((11, 9), ((1, 1),))', '((6, 2), ((1, 1), (1, 12)))', '((26, 5), ())', '((18, 5), ((1, 1), (1, 12)))', '((16, 4), ((1, 1),))', '((23, 4), ())', '((2, 6), ((1, 1), (1, 12)))', '((12, 8), ((1, 1),))']",[368 states],39,52,91
369,"((9, 6), ((1, 1),))","((10, 6), ((1, 1),))",West,"[(((9, 7), ((1, 1),)), 'North', 40, 51, 91)]","['((18, 11), ())', '((11, 4), ((1, 12),))', '((19, 10), ())', '((12, 6), ((1, 1), (1, 12)))', '((23, 4), ())', '((11, 9), ((1, 1),))', '((6, 2), ((1, 1), (1, 12)))', '((26, 5), ())', '((18, 5), ((1, 1), (1, 12)))', '((16, 4), ((1, 1),))', '((12, 8), ((1, 1),))', '((2, 6), ((1, 1), (1, 12)))']","['((18, 11), ())', '((11, 4), ((1, 12),))', '((19, 10), ())', '((12, 6), ((1, 1), (1, 12)))', '((23, 4), ())', '((11, 9), ((1, 1),))', '((6, 2), ((1, 1), (1, 12)))', '((26, 5), ())', '((18, 5), ((1, 1), (1, 12)))', '((16, 4), ((1, 1),))', '((12, 8), ((1, 1),))', '((2, 6), ((1, 1), (1, 12)))', '((9, 7), ((1, 1),))']",[369 states],39,52,91
370,"((18, 11), ())","((18, 10), ())",North,"[(((18, 12), ()), 'North', 32, 59, 91)]","['((19, 10), ())', '((11, 4), ((1, 12),))', '((11, 9), ((1, 1),))', '((12, 6), ((1, 1), (1, 12)))', '((23, 4), ())', '((9, 7), ((1, 1),))', '((6, 2), ((1, 1), (1, 12)))', '((26, 5), ())', '((18, 5), ((1, 1), (1, 12)))', '((16, 4), ((1, 1),))', '((12, 8), ((1, 1),))', '((2, 6), ((1, 1), (1, 12)))']","['((19, 10), ())', '((11, 4), ((1, 12),))', '((11, 9), ((1, 1),))', '((12, 6), ((1, 1), (1, 12)))', '((23, 4), ())', '((9, 7), ((1, 1),))', '((6, 2), ((1, 1), (1, 12)))', '((26, 5), ())', '((18, 5), ((1, 1), (1, 12)))', '((16, 4), ((1, 1),))', '((12, 8), ((1, 1),))', '((2, 6), ((1, 1), (1, 12)))', '((18, 12), ())']",[370 states],31,60,91
371,"((19, 10), ())","((18, 10), ())",East,"[(((20, 10), ()), 'East', 32, 59, 91)]","['((11, 9), ((1, 1),))', '((11, 4), ((1, 12),))', '((9, 7), ((1, 1),))', '((12, 6), ((1, 1), (1, 12)))', '((23, 4), ())', '((18, 12), ())', '((6, 2), ((1, 1), (1, 12)))', '((26, 5), ())', '((18, 5), ((1, 1), (1, 12)))', '((16, 4), ((1, 1),))', '((12, 8), ((1, 1),))', '((2, 6), ((1, 1), (1, 12)))']","['((11, 9), ((1, 1),))', '((11, 4), ((1, 12),))', '((9, 7), ((1, 1),))', '((12, 6), ((1, 1), (1, 12)))', '((23, 4), ())', '((18, 12), ())', '((6, 2), ((1, 1), (1, 12)))', '((26, 5), ())', '((18, 5), ((1, 1), (1, 12)))', '((16, 4), ((1, 1),))', '((12, 8), ((1, 1),))', '((2, 6), ((1, 1), (1, 12)))', '((20, 10), ())']",[371 states],31,60,91
372,"((11, 9), ((1, 1),))","((11, 8), ((1, 1),))",North,"[(((11, 10), ((1, 1),)), 'North', 41, 50, 91)]","['((9, 7), ((1, 1),))', '((11, 4), ((1, 12),))', '((18, 12), ())', '((12, 6), ((1, 1), (1, 12)))', '((23, 4), ())', '((20, 10), ())', '((6, 2), ((1, 1), (1, 12)))', '((26, 5), ())', '((18, 5), ((1, 1), (1, 12)))', '((16, 4), ((1, 1),))', '((12, 8), ((1, 1),))', '((2, 6), ((1, 1), (1, 12)))']","['((9, 7), ((1, 1),))', '((11, 4), ((1, 12),))', '((18, 12), ())', '((12, 6), ((1, 1), (1, 12)))', '((23, 4), ())', '((20, 10), ())', '((6, 2), ((1, 1), (1, 12)))', '((26, 5), ())', '((18, 5), ((1, 1), (1, 12)))', '((16, 4), ((1, 1),))', '((12, 8), ((1, 1),))', '((2, 6), ((1, 1), (1, 12)))', '((11, 10), ((1, 1),))']",[372 states],40,51,91
373,"((9, 7), ((1, 1),))","((9, 6), ((1, 1),))",North,"[(((9, 8), ((1, 1),)), 'North', 41, 50, 91)]","['((18, 12), ())', '((11, 4), ((1, 12),))', '((20, 10), ())', '((12, 6), ((1, 1), (1, 12)))', '((23, 4), ())', '((11, 10), ((1, 1),))', '((6, 2), ((1, 1), (1, 12)))', '((26, 5), ())', '((18, 5), ((1, 1), (1, 12)))', '((16, 4), ((1, 1),))', '((12, 8), ((1, 1),))', '((2, 6), ((1, 1), (1, 12)))']","['((18, 12), ())', '((11, 4), ((1, 12),))', '((20, 10), ())', '((12, 6), ((1, 1), (1, 12)))', '((23, 4), ())', '((11, 10), ((1, 1),))', '((6, 2), ((1, 1), (1, 12)))', '((26, 5), ())', '((18, 5), ((1, 1), (1, 12)))', '((16, 4), ((1, 1),))', '((12, 8), ((1, 1),))', '((2, 6), ((1, 1), (1, 12)))', '((9, 8), ((1, 1),))']",[373 states],40,51,91
374,"((18, 12), ())","((18, 11), ())",North,"[(((19, 12), ()), 'East', 33, 58, 91), (((17, 12), ()), 'West', 33, 60, 93)]","['((20, 10), ())', '((11, 4), ((1, 12),))', '((11, 10), ((1, 1),))', '((12, 6), ((1, 1), (1, 12)))', '((23, 4), ())', '((9, 8), ((1, 1),))', '((6, 2), ((1, 1), (1, 12)))', '((26, 5), ())', '((18, 5), ((1, 1), (1, 12)))', '((16, 4), ((1, 1),))', '((12, 8), ((1, 1),))', '((2, 6), ((1, 1), (1, 12)))']","['((20, 10), ())', '((11, 4), ((1, 12),))', '((11, 10), ((1, 1),))', '((12, 6), ((1, 1), (1, 12)))', '((23, 4), ())', '((9, 8), ((1, 1),))', '((6, 2), ((1, 1), (1, 12)))', '((26, 5), ())', '((18, 5), ((1, 1), (1, 12)))', '((16, 4), ((1, 1),))', '((12, 8), ((1, 1),))', '((2, 6), ((1, 1), (1, 12)))', '((19, 12), ())', '((17, 12), ())']",[374 states],32,59,91
375,"((20, 10), ())","((19, 10), ())",East,"[(((21, 10), ()), 'East', 33, 58, 91)]","['((11, 10), ((1, 1),))', '((11, 4), ((1, 12),))', '((9, 8), ((1, 1),))', '((12, 6), ((1, 1), (1, 12)))', '((23, 4), ())', '((19, 12), ())', '((6, 2), ((1, 1), (1, 12)))', '((26, 5), ())', '((18, 5), ((1, 1), (1, 12)))', '((16, 4), ((1, 1),))', '((12, 8), ((1, 1),))', '((2, 6), ((1, 1), (1, 12)))', '((17, 12), ())']","['((11, 10), ((1, 1),))', '((11, 4), ((1, 12),))', '((9, 8), ((1, 1),))', '((12, 6), ((1, 1), (1, 12)))', '((23, 4), ())', '((19, 12), ())', '((21, 10), ())', '((26, 5), ())', '((18, 5), ((1, 1), (1, 12)))', '((16, 4), ((1, 1),))', '((12, 8), ((1, 1),))', '((2, 6), ((1, 1), (1, 12)))', '((17, 12), ())', '((6, 2), ((1, 1), (1, 12)))']",[375 states],32,59,91
376,"((11, 10), ((1, 1),))","((11, 9), ((1, 1),))",North,"[(((11, 11), ((1, 1),)), 'North', 42, 49, 91), (((12, 10), ((1, 1),)), 'East', 42, 51, 93), (((10, 10), ((1, 1),)), 'West', 42, 49, 91)]","['((9, 8), ((1, 1),))', '((11, 4), ((1, 12),))', '((19, 12), ())', '((12, 6), ((1, 1), (1, 12)))', '((23, 4), ())', '((2, 6), ((1, 1), (1, 12)))', '((21, 10), ())', '((26, 5), ())', '((18, 5), ((1, 1), (1, 12)))', '((16, 4), ((1, 1),))', '((12, 8), ((1, 1),))', '((6, 2), ((1, 1), (1, 12)))', '((17, 12), ())']","['((9, 8), ((1, 1),))', '((10, 10), ((1, 1),))', '((19, 12), ())', '((11, 4), ((1, 12),))', '((23, 4), ())', '((2, 6), ((1, 1), (1, 12)))', '((21, 10), ())', '((12, 6), ((1, 1), (1, 12)))', '((18, 5), ((1, 1), (1, 12)))', '((16, 4), ((1, 1),))', '((12, 8), ((1, 1),))', '((6, 2), ((1, 1), (1, 12)))', '((17, 12), ())', '((11, 11), ((1, 1),))', '((12, 10), ((1, 1),))', '((26, 5), ())']",[376 states],41,50,91
377,"((9, 8), ((1, 1),))","((9, 7), ((1, 1),))",North,[],"['((19, 12), ())', '((10, 10), ((1, 1),))', '((21, 10), ())', '((11, 4), ((1, 12),))', '((23, 4), ())', '((2, 6), ((1, 1), (1, 12)))', '((11, 11), ((1, 1),))', '((12, 6), ((1, 1), (1, 12)))', '((18, 5), ((1, 1), (1, 12)))', '((16, 4), ((1, 1),))', '((12, 8), ((1, 1),))', '((6, 2), ((1, 1), (1, 12)))', '((17, 12), ())', '((26, 5), ())', '((12, 10), ((1, 1),))']","['((19, 12), ())', '((10, 10), ((1, 1),))', '((21, 10), ())', '((11, 4), ((1, 12),))', '((23, 4), ())', '((2, 6), ((1, 1), (1, 12)))', '((11, 11), ((1, 1),))', '((12, 6), ((1, 1), (1, 12)))', '((18, 5), ((1, 1), (1, 12)))', '((16, 4), ((1, 1),))', '((12, 8), ((1, 1),))', '((6, 2), ((1, 1), (1, 12)))', '((17, 12), ())', '((26, 5), ())', '((12, 10), ((1, 1),))']",[377 states],41,50,91
378,"((19, 12), ())","((18, 12), ())",East,"[(((20, 12), ()), 'East', 34, 57, 91)]","['((21, 10), ())', '((10, 10), ((1, 1),))', '((11, 11), ((1, 1),))', '((11, 4), ((1, 12),))', '((23, 4), ())', '((2, 6), ((1, 1), (1, 12)))', '((26, 5), ())', '((12, 6), ((1, 1), (1, 12)))', '((18, 5), ((1, 1), (1, 12)))', '((16, 4), ((1, 1),))', '((12, 8), ((1, 1),))', '((6, 2), ((1, 1), (1, 12)))', '((17, 12), ())', '((12, 10), ((1, 1),))']","['((21, 10), ())', '((10, 10), ((1, 1),))', '((11, 11), ((1, 1),))', '((11, 4), ((1, 12),))', '((23, 4), ())', '((2, 6), ((1, 1), (1, 12)))', '((20, 12), ())', '((12, 6), ((1, 1), (1, 12)))', '((18, 5), ((1, 1), (1, 12)))', '((16, 4), ((1, 1),))', '((12, 8), ((1, 1),))', '((6, 2), ((1, 1), (1, 12)))', '((17, 12), ())', '((12, 10), ((1, 1),))', '((26, 5), ())']",[378 states],33,58,91
379,"((21, 10), ())","((20, 10), ())",East,"[(((22, 10), ()), 'East', 34, 57, 91)]","['((11, 11), ((1, 1),))', '((10, 10), ((1, 1),))', '((20, 12), ())', '((11, 4), ((1, 12),))', '((23, 4), ())', '((2, 6), ((1, 1), (1, 12)))', '((26, 5), ())', '((12, 6), ((1, 1), (1, 12)))', '((18, 5), ((1, 1), (1, 12)))', '((16, 4), ((1, 1),))', '((12, 8), ((1, 1),))', '((6, 2), ((1, 1), (1, 12)))', '((17, 12), ())', '((12, 10), ((1, 1),))']","['((11, 11), ((1, 1),))', '((10, 10), ((1, 1),))', '((20, 12), ())', '((11, 4), ((1, 12),))', '((23, 4), ())', '((2, 6), ((1, 1), (1, 12)))', '((22, 10), ())', '((12, 6), ((1, 1), (1, 12)))', '((18, 5), ((1, 1), (1, 12)))', '((16, 4), ((1, 1),))', '((12, 8), ((1, 1),))', '((6, 2), ((1, 1), (1, 12)))', '((17, 12), ())', '((12, 10), ((1, 1),))', '((26, 5), ())']",[379 states],33,58,91
380,"((11, 11), ((1, 1),))","((11, 10), ((1, 1),))",North,"[(((11, 12), ((1, 1),)), 'North', 43, 48, 91)]","['((10, 10), ((1, 1),))', '((11, 4), ((1, 12),))', '((20, 12), ())', '((12, 6), ((1, 1), (1, 12)))', '((23, 4), ())', '((2, 6), ((1, 1), (1, 12)))', '((22, 10), ())', '((26, 5), ())', '((18, 5), ((1, 1), (1, 12)))', '((16, 4), ((1, 1),))', '((12, 8), ((1, 1),))', '((6, 2), ((1, 1), (1, 12)))', '((17, 12), ())', '((12, 10), ((1, 1),))']","['((10, 10), ((1, 1),))', '((11, 4), ((1, 12),))', '((20, 12), ())', '((12, 6), ((1, 1), (1, 12)))', '((23, 4), ())', '((2, 6), ((1, 1), (1, 12)))', '((22, 10), ())', '((26, 5), ())', '((18, 5), ((1, 1), (1, 12)))', '((16, 4), ((1, 1),))', '((12, 8), ((1, 1),))', '((6, 2), ((1, 1), (1, 12)))', '((17, 12), ())', '((12, 10), ((1, 1),))', '((11, 12), ((1, 1),))']",[380 states],42,49,91
381,"((10, 10), ((1, 1),))","((11, 10), ((1, 1),))",West,"[(((9, 10), ((1, 1),)), 'West', 43, 48, 91)]","['((20, 12), ())', '((11, 4), ((1, 12),))', '((22, 10), ())', '((12, 6), ((1, 1), (1, 12)))', '((23, 4), ())', '((2, 6), ((1, 1), (1, 12)))', '((11, 12), ((1, 1),))', '((26, 5), ())', '((18, 5), ((1, 1), (1, 12)))', '((16, 4), ((1, 1),))', '((12, 8), ((1, 1),))', '((6, 2), ((1, 1), (1, 12)))', '((17, 12), ())', '((12, 10), ((1, 1),))']","['((20, 12), ())', '((11, 4), ((1, 12),))', '((22, 10), ())', '((12, 6), ((1, 1), (1, 12)))', '((23, 4), ())', '((2, 6), ((1, 1), (1, 12)))', '((11, 12), ((1, 1),))', '((26, 5), ())', '((18, 5), ((1, 1), (1, 12)))', '((16, 4), ((1, 1),))', '((12, 8), ((1, 1),))', '((6, 2), ((1, 1), (1, 12)))', '((17, 12), ())', '((12, 10), ((1, 1),))', '((9, 10), ((1, 1),))']",[381 states],42,49,91
382,"((20, 12), ())","((19, 12), ())",East,"[(((21, 12), ()), 'East', 35, 56, 91)]","['((22, 10), ())', '((11, 4), ((1, 12),))', '((11, 12), ((1, 1),))', '((12, 6), ((1, 1), (1, 12)))', '((23, 4), ())', '((2, 6), ((1, 1), (1, 12)))', '((9, 10), ((1, 1),))', '((26, 5), ())', '((18, 5), ((1, 1), (1, 12)))', '((16, 4), ((1, 1),))', '((12, 8), ((1, 1),))', '((6, 2), ((1, 1), (1, 12)))', '((17, 12), ())', '((12, 10), ((1, 1),))']","['((22, 10), ())', '((11, 4), ((1, 12),))', '((11, 12), ((1, 1),))', '((12, 6), ((1, 1), (1, 12)))', '((23, 4), ())', '((2, 6), ((1, 1), (1, 12)))', '((9, 10), ((1, 1),))', '((26, 5), ())', '((18, 5), ((1, 1), (1, 12)))', '((16, 4), ((1, 1),))', '((12, 8), ((1, 1),))', '((6, 2), ((1, 1), (1, 12)))', '((17, 12), ())', '((12, 10), ((1, 1),))', '((21, 12), ())']",[382 states],34,57,91
383,"((22, 10), ())","((21, 10), ())",East,[],"['((11, 12), ((1, 1),))', '((11, 4), ((1, 12),))', '((9, 10), ((1, 1),))', '((12, 6), ((1, 1), (1, 12)))', '((23, 4), ())', '((2, 6), ((1, 1), (1, 12)))', '((21, 12), ())', '((26, 5), ())', '((18, 5), ((1, 1), (1, 12)))', '((16, 4), ((1, 1),))', '((12, 8), ((1, 1),))', '((6, 2), ((1, 1), (1, 12)))', '((17, 12), ())', '((12, 10), ((1, 1),))']","['((11, 12), ((1, 1),))', '((11, 4), ((1, 12),))', '((9, 10), ((1, 1),))', '((12, 6), ((1, 1), (1, 12)))', '((23, 4), ())', '((2, 6), ((1, 1), (1, 12)))', '((21, 12), ())', '((26, 5), ())', '((18, 5), ((1, 1), (1, 12)))', '((16, 4), ((1, 1),))', '((12, 8), ((1, 1),))', '((6, 2), ((1, 1), (1, 12)))', '((17, 12), ())', '((12, 10), ((1, 1),))']",[383 states],34,57,91
384,"((11, 12), ((1, 1),))","((11, 11), ((1, 1),))",North,[],"['((9, 10), ((1, 1),))', '((11, 4), ((1, 12),))', '((21, 12), ())', '((12, 6), ((1, 1), (1, 12)))', '((23, 4), ())', '((2, 6), ((1, 1), (1, 12)))', '((12, 10), ((1, 1),))', '((26, 5), ())', '((18, 5), ((1, 1), (1, 12)))', '((16, 4), ((1, 1),))', '((12, 8), ((1, 1),))', '((6, 2), ((1, 1), (1, 12)))', '((17, 12), ())']","['((9, 10), ((1, 1),))', '((11, 4), ((1, 12),))', '((21, 12), ())', '((12, 6), ((1, 1), (1, 12)))', '((23, 4), ())', '((2, 6), ((1, 1), (1, 12)))', '((12, 10), ((1, 1),))', '((26, 5), ())', '((18, 5), ((1, 1), (1, 12)))', '((16, 4), ((1, 1),))', '((12, 8), ((1, 1),))', '((6, 2), ((1, 1), (1, 12)))', '((17, 12), ())']",[384 states],43,48,91
385,"((9, 10), ((1, 1),))","((10, 10), ((1, 1),))",West,"[(((9, 11), ((1, 1),)), 'North', 44, 47, 91)]","['((21, 12), ())', '((11, 4), ((1, 12),))', '((2, 6), ((1, 1), (1, 12)))', '((12, 6), ((1, 1), (1, 12)))', '((23, 4), ())', '((6, 2), ((1, 1), (1, 12)))', '((12, 10), ((1, 1),))', '((26, 5), ())', '((18, 5), ((1, 1), (1, 12)))', '((16, 4), ((1, 1),))', '((12, 8), ((1, 1),))', '((17, 12), ())']","['((21, 12), ())', '((11, 4), ((1, 12),))', '((9, 11), ((1, 1),))', '((12, 6), ((1, 1), (1, 12)))', '((23, 4), ())', '((2, 6), ((1, 1), (1, 12)))', '((12, 10), ((1, 1),))', '((26, 5), ())', '((18, 5), ((1, 1), (1, 12)))', '((16, 4), ((1, 1),))', '((12, 8), ((1, 1),))', '((17, 12), ())', '((6, 2), ((1, 1), (1, 12)))']",[385 states],43,48,91
386,"((21, 12), ())","((20, 12), ())",East,"[(((22, 12), ()), 'East', 36, 55, 91)]","['((9, 11), ((1, 1),))', '((11, 4), ((1, 12),))', '((2, 6), ((1, 1), (1, 12)))', '((12, 6), ((1, 1), (1, 12)))', '((23, 4), ())', '((6, 2), ((1, 1), (1, 12)))', '((12, 10), ((1, 1),))', '((26, 5), ())', '((18, 5), ((1, 1), (1, 12)))', '((16, 4), ((1, 1),))', '((12, 8), ((1, 1),))', '((17, 12), ())']","['((9, 11), ((1, 1),))', '((11, 4), ((1, 12),))', '((22, 12), ())', '((12, 6), ((1, 1), (1, 12)))', '((23, 4), ())', '((2, 6), ((1, 1), (1, 12)))', '((12, 10), ((1, 1),))', '((26, 5), ())', '((18, 5), ((1, 1), (1, 12)))', '((16, 4), ((1, 1),))', '((12, 8), ((1, 1),))', '((17, 12), ())', '((6, 2), ((1, 1), (1, 12)))']",[386 states],35,56,91
387,"((9, 11), ((1, 1),))","((9, 10), ((1, 1),))",North,"[(((9, 12), ((1, 1),)), 'North', 45, 46, 91)]","['((22, 12), ())', '((11, 4), ((1, 12),))', '((2, 6), ((1, 1), (1, 12)))', '((12, 6), ((1, 1), (1, 12)))', '((23, 4), ())', '((6, 2), ((1, 1), (1, 12)))', '((12, 10), ((1, 1),))', '((26, 5), ())', '((18, 5), ((1, 1), (1, 12)))', '((16, 4), ((1, 1),))', '((12, 8), ((1, 1),))', '((17, 12), ())']","['((22, 12), ())', '((11, 4), ((1, 12),))', '((9, 12), ((1, 1),))', '((12, 6), ((1, 1), (1, 12)))', '((23, 4), ())', '((2, 6), ((1, 1), (1, 12)))', '((12, 10), ((1, 1),))', '((26, 5), ())', '((18, 5), ((1, 1), (1, 12)))', '((16, 4), ((1, 1),))', '((12, 8), ((1, 1),))', '((17, 12), ())', '((6, 2), ((1, 1), (1, 12)))']",[387 states],44,47,91
388,"((22, 12), ())","((21, 12), ())",East,"[(((23, 12), ()), 'East', 37, 54, 91)]","['((9, 12), ((1, 1),))', '((11, 4), ((1, 12),))', '((2, 6), ((1, 1), (1, 12)))', '((12, 6), ((1, 1), (1, 12)))', '((23, 4), ())', '((6, 2), ((1, 1), (1, 12)))', '((12, 10), ((1, 1),))', '((26, 5), ())', '((18, 5), ((1, 1), (1, 12)))', '((16, 4), ((1, 1),))', '((12, 8), ((1, 1),))', '((17, 12), ())']","['((9, 12), ((1, 1),))', '((11, 4), ((1, 12),))', '((23, 12), ())', '((12, 6), ((1, 1), (1, 12)))', '((23, 4), ())', '((2, 6), ((1, 1), (1, 12)))', '((12, 10), ((1, 1),))', '((26, 5), ())', '((18, 5), ((1, 1), (1, 12)))', '((16, 4), ((1, 1),))', '((12, 8), ((1, 1),))', '((17, 12), ())', '((6, 2), ((1, 1), (1, 12)))']",[388 states],36,55,91
389,"((9, 12), ((1, 1),))","((9, 11), ((1, 1),))",North,[],"['((23, 12), ())', '((11, 4), ((1, 12),))', '((2, 6), ((1, 1), (1, 12)))', '((12, 6), ((1, 1), (1, 12)))', '((23, 4), ())', '((6, 2), ((1, 1), (1, 12)))', '((12, 10), ((1, 1),))', '((26, 5), ())', '((18, 5), ((1, 1), (1, 12)))', '((16, 4), ((1, 1),))', '((12, 8), ((1, 1),))', '((17, 12), ())']","['((23, 12), ())', '((11, 4), ((1, 12),))', '((2, 6), ((1, 1), (1, 12)))', '((12, 6), ((1, 1), (1, 12)))', '((23, 4), ())', '((6, 2), ((1, 1), (1, 12)))', '((12, 10), ((1, 1),))', '((26, 5), ())', '((18, 5), ((1, 1), (1, 12)))', '((16, 4), ((1, 1),))', '((12, 8), ((1, 1),))', '((17, 12), ())']",[389 states],45,46,91
390,"((23, 12), ())","((22, 12), ())",East,"[(((24, 12), ()), 'East', 38, 53, 91)]","['((11, 4), ((1, 12),))', '((12, 6), ((1, 1), (1, 12)))', '((2, 6), ((1, 1), (1, 12)))', '((18, 5), ((1, 1), (1, 12)))', '((23, 4), ())', '((6, 2), ((1, 1), (1, 12)))', '((12, 10), ((1, 1),))', '((26, 5), ())', '((17, 12), ())', '((16, 4), ((1, 1),))', '((12, 8), ((1, 1),))']","['((24, 12), ())', '((12, 6), ((1, 1), (1, 12)))', '((11, 4), ((1, 12),))', '((18, 5), ((1, 1), (1, 12)))', '((23, 4), ())', '((2, 6), ((1, 1), (1, 12)))', '((12, 10), ((1, 1),))', '((26, 5), ())', '((17, 12), ())', '((16, 4), ((1, 1),))', '((12, 8), ((1, 1),))', '((6, 2), ((1, 1), (1, 12)))']",[390 states],37,54,91
391,"((24, 12), ())","((23, 12), ())",East,"[(((25, 12), ()), 'East', 39, 52, 91)]","['((11, 4), ((1, 12),))', '((12, 6), ((1, 1), (1, 12)))', '((2, 6), ((1, 1), (1, 12)))', '((18, 5), ((1, 1), (1, 12)))', '((23, 4), ())', '((6, 2), ((1, 1), (1, 12)))', '((12, 10), ((1, 1),))', '((26, 5), ())', '((17, 12), ())', '((16, 4), ((1, 1),))', '((12, 8), ((1, 1),))']","['((25, 12), ())', '((12, 6), ((1, 1), (1, 12)))', '((11, 4), ((1, 12),))', '((18, 5), ((1, 1), (1, 12)))', '((23, 4), ())', '((2, 6), ((1, 1), (1, 12)))', '((12, 10), ((1, 1),))', '((26, 5), ())', '((17, 12), ())', '((16, 4), ((1, 1),))', '((12, 8), ((1, 1),))', '((6, 2), ((1, 1), (1, 12)))']",[391 states],38,53,91
392,"((25, 12), ())","((24, 12), ())",East,"[(((26, 12), ()), 'East', 40, 51, 91)]","['((11, 4), ((1, 12),))', '((12, 6), ((1, 1), (1, 12)))', '((2, 6), ((1, 1), (1, 12)))', '((18, 5), ((1, 1), (1, 12)))', '((23, 4), ())', '((6, 2), ((1, 1), (1, 12)))', '((12, 10), ((1, 1),))', '((26, 5), ())', '((17, 12), ())', '((16, 4), ((1, 1),))', '((12, 8), ((1, 1),))']","['((26, 12), ())', '((12, 6), ((1, 1), (1, 12)))', '((11, 4), ((1, 12),))', '((18, 5), ((1, 1), (1, 12)))', '((23, 4), ())', '((2, 6), ((1, 1), (1, 12)))', '((12, 10), ((1, 1),))', '((26, 5), ())', '((17, 12), ())', '((16, 4), ((1, 1),))', '((12, 8), ((1, 1),))', '((6, 2), ((1, 1), (1, 12)))']",[392 states],39,52,91
393,"((26, 12), ())","((25, 12), ())",East,"[(((26, 11), ()), 'South', 41, 52, 93)]","['((11, 4), ((1, 12),))', '((12, 6), ((1, 1), (1, 12)))', '((2, 6), ((1, 1), (1, 12)))', '((18, 5), ((1, 1), (1, 12)))', '((23, 4), ())', '((6, 2), ((1, 1), (1, 12)))', '((12, 10), ((1, 1),))', '((26, 5), ())', '((17, 12), ())', '((16, 4), ((1, 1),))', '((12, 8), ((1, 1),))']","['((11, 4), ((1, 12),))', '((12, 6), ((1, 1), (1, 12)))', '((2, 6), ((1, 1), (1, 12)))', '((18, 5), ((1, 1), (1, 12)))', '((23, 4), ())', '((6, 2), ((1, 1), (1, 12)))', '((12, 10), ((1, 1),))', '((26, 5), ())', '((17, 12), ())', '((16, 4), ((1, 1),))', '((12, 8), ((1, 1),))', '((26, 11), ())']",[393 states],40,51,91
394,"((11, 4), ((1, 12),))","((10, 4), ((1, 12),))",East,"[(((12, 4), ((1, 12),)), 'East', 42, 52, 94), (((11, 3), ((1, 12),)), 'South', 42, 50, 92)]","['((2, 6), ((1, 1), (1, 12)))', '((12, 6), ((1, 1), (1, 12)))', '((6, 2), ((1, 1), (1, 12)))', '((18, 5), ((1, 1), (1, 12)))', '((23, 4), ())', '((26, 11), ())', '((12, 10), ((1, 1),))', '((26, 5), ())', '((17, 12), ())', '((16, 4), ((1, 1),))', '((12, 8), ((1, 1),))']","['((2, 6), ((1, 1), (1, 12)))', '((12, 6), ((1, 1), (1, 12)))', '((6, 2), ((1, 1), (1, 12)))', '((18, 5), ((1, 1), (1, 12)))', '((23, 4), ())', '((11, 3), ((1, 12),))', '((12, 10), ((1, 1),))', '((26, 5), ())', '((17, 12), ())', '((16, 4), ((1, 1),))', '((12, 8), ((1, 1),))', '((12, 4), ((1, 12),))', '((26, 11), ())']",[394 states],41,51,92
395,"((2, 6), ((1, 1), (1, 12)))","((3, 6), ((1, 1), (1, 12)))",West,"[(((1, 6), ((1, 1), (1, 12))), 'West', 51, 43, 94)]","['((6, 2), ((1, 1), (1, 12)))', '((12, 6), ((1, 1), (1, 12)))', '((11, 3), ((1, 12),))', '((18, 5), ((1, 1), (1, 12)))', '((23, 4), ())', '((26, 11), ())', '((12, 10), ((1, 1),))', '((26, 5), ())', '((17, 12), ())', '((16, 4), ((1, 1),))', '((12, 8), ((1, 1),))', '((12, 4), ((1, 12),))']","['((6, 2), ((1, 1), (1, 12)))', '((12, 6), ((1, 1), (1, 12)))', '((11, 3), ((1, 12),))', '((18, 5), ((1, 1), (1, 12)))', '((23, 4), ())', '((26, 11), ())', '((12, 10), ((1, 1),))', '((26, 5), ())', '((17, 12), ())', '((16, 4), ((1, 1),))', '((12, 8), ((1, 1),))', '((12, 4), ((1, 12),))', '((1, 6), ((1, 1), (1, 12)))']",[395 states],50,42,92
396,"((6, 2), ((1, 1), (1, 12)))","((7, 2), ((1, 1), (1, 12)))",West,"[(((5, 2), ((1, 1), (1, 12))), 'West', 59, 35, 94)]","['((12, 6), ((1, 1), (1, 12)))', '((18, 5), ((1, 1), (1, 12)))', '((11, 3), ((1, 12),))', '((26, 5), ())', '((23, 4), ())', '((26, 11), ())', '((12, 10), ((1, 1),))', '((1, 6), ((1, 1), (1, 12)))', '((17, 12), ())', '((16, 4), ((1, 1),))', '((12, 8), ((1, 1),))', '((12, 4), ((1, 12),))']","['((12, 6), ((1, 1), (1, 12)))', '((18, 5), ((1, 1), (1, 12)))', '((11, 3), ((1, 12),))', '((26, 5), ())', '((23, 4), ())', '((26, 11), ())', '((12, 10), ((1, 1),))', '((1, 6), ((1, 1), (1, 12)))', '((17, 12), ())', '((16, 4), ((1, 1),))', '((12, 8), ((1, 1),))', '((12, 4), ((1, 12),))', '((5, 2), ((1, 1), (1, 12)))']",[396 states],58,34,92
397,"((12, 6), ((1, 1), (1, 12)))","((13, 6), ((1, 1), (1, 12)))",West,"[(((11, 6), ((1, 1), (1, 12))), 'West', 61, 33, 94)]","['((18, 5), ((1, 1), (1, 12)))', '((23, 4), ())', '((11, 3), ((1, 12),))', '((26, 5), ())', '((16, 4), ((1, 1),))', '((26, 11), ())', '((12, 10), ((1, 1),))', '((1, 6), ((1, 1), (1, 12)))', '((17, 12), ())', '((5, 2), ((1, 1), (1, 12)))', '((12, 8), ((1, 1),))', '((12, 4), ((1, 12),))']","['((18, 5), ((1, 1), (1, 12)))', '((23, 4), ())', '((11, 3), ((1, 12),))', '((26, 5), ())', '((16, 4), ((1, 1),))', '((26, 11), ())', '((12, 10), ((1, 1),))', '((1, 6), ((1, 1), (1, 12)))', '((17, 12), ())', '((5, 2), ((1, 1), (1, 12)))', '((12, 8), ((1, 1),))', '((12, 4), ((1, 12),))', '((11, 6), ((1, 1), (1, 12)))']",[397 states],60,32,92
398,"((18, 5), ((1, 1), (1, 12)))","((18, 4), ((1, 1), (1, 12)))",North,"[(((18, 6), ((1, 1), (1, 12))), 'North', 68, 26, 94)]","['((23, 4), ())', '((26, 5), ())', '((11, 3), ((1, 12),))', '((17, 12), ())', '((16, 4), ((1, 1),))', '((26, 11), ())', '((12, 10), ((1, 1),))', '((1, 6), ((1, 1), (1, 12)))', '((11, 6), ((1, 1), (1, 12)))', '((5, 2), ((1, 1), (1, 12)))', '((12, 8), ((1, 1),))', '((12, 4), ((1, 12),))']","['((23, 4), ())', '((26, 5), ())', '((11, 3), ((1, 12),))', '((17, 12), ())', '((16, 4), ((1, 1),))', '((26, 11), ())', '((12, 10), ((1, 1),))', '((1, 6), ((1, 1), (1, 12)))', '((11, 6), ((1, 1), (1, 12)))', '((5, 2), ((1, 1), (1, 12)))', '((12, 8), ((1, 1),))', '((12, 4), ((1, 12),))', '((18, 6), ((1, 1), (1, 12)))']",[398 states],67,25,92
399,"((23, 4), ())","((24, 4), ())",West,"[(((22, 4), ()), 'West', 36, 58, 94)]","['((26, 5), ())', '((16, 4), ((1, 1),))', '((11, 3), ((1, 12),))', '((17, 12), ())', '((12, 8), ((1, 1),))', '((26, 11), ())', '((12, 10), ((1, 1),))', '((1, 6), ((1, 1), (1, 12)))', '((11, 6), ((1, 1), (1, 12)))', '((5, 2), ((1, 1), (1, 12)))', '((18, 6), ((1, 1), (1, 12)))', '((12, 4), ((1, 12),))']","['((26, 5), ())', '((16, 4), ((1, 1),))', '((11, 3), ((1, 12),))', '((17, 12), ())', '((12, 8), ((1, 1),))', '((26, 11), ())', '((12, 10), ((1, 1),))', '((1, 6), ((1, 1), (1, 12)))', '((11, 6), ((1, 1), (1, 12)))', '((5, 2), ((1, 1), (1, 12)))', '((18, 6), ((1, 1), (1, 12)))', '((12, 4), ((1, 12),))', '((22, 4), ())']",[399 states],35,57,92
400,"((26, 5), ())","((26, 4), ())",North,"[(((26, 6), ()), 'North', 38, 56, 94)]","['((11, 3), ((1, 12),))', '((16, 4), ((1, 1),))', '((12, 10), ((1, 1),))', '((17, 12), ())', '((12, 8), ((1, 1),))', '((26, 11), ())', '((22, 4), ())', '((1, 6), ((1, 1), (1, 12)))', '((11, 6), ((1, 1), (1, 12)))', '((5, 2), ((1, 1), (1, 12)))', '((18, 6), ((1, 1), (1, 12)))', '((12, 4), ((1, 12),))']","['((11, 3), ((1, 12),))', '((16, 4), ((1, 1),))', '((12, 10), ((1, 1),))', '((17, 12), ())', '((12, 8), ((1, 1),))', '((26, 11), ())', '((22, 4), ())', '((1, 6), ((1, 1), (1, 12)))', '((11, 6), ((1, 1), (1, 12)))', '((5, 2), ((1, 1), (1, 12)))', '((18, 6), ((1, 1), (1, 12)))', '((12, 4), ((1, 12),))', '((26, 6), ())']",[400 states],37,55,92
401,"((11, 3), ((1, 12),))","((11, 4), ((1, 12),))",South,"[(((11, 2), ((1, 12),)), 'South', 43, 49, 92)]","['((16, 4), ((1, 1),))', '((12, 8), ((1, 1),))', '((12, 10), ((1, 1),))', '((17, 12), ())', '((5, 2), ((1, 1), (1, 12)))', '((26, 11), ())', '((22, 4), ())', '((1, 6), ((1, 1), (1, 12)))', '((11, 6), ((1, 1), (1, 12)))', '((26, 6), ())', '((18, 6), ((1, 1), (1, 12)))', '((12, 4), ((1, 12),))']","['((11, 2), ((1, 12),))', '((12, 8), ((1, 1),))', '((16, 4), ((1, 1),))', '((17, 12), ())', '((5, 2), ((1, 1), (1, 12)))', '((12, 10), ((1, 1),))', '((22, 4), ())', '((1, 6), ((1, 1), (1, 12)))', '((11, 6), ((1, 1), (1, 12)))', '((26, 6), ())', '((18, 6), ((1, 1), (1, 12)))', '((12, 4), ((1, 12),))', '((26, 11), ())']",[401 states],42,50,92
402,"((11, 2), ((1, 12),))","((11, 3), ((1, 12),))",South,"[(((12, 2), ((1, 12),)), 'East', 44, 50, 94), (((11, 1), ((1, 12),)), 'South', 44, 48, 92)]","['((16, 4), ((1, 1),))', '((12, 8), ((1, 1),))', '((12, 10), ((1, 1),))', '((17, 12), ())', '((5, 2), ((1, 1), (1, 12)))', '((26, 11), ())', '((22, 4), ())', '((1, 6), ((1, 1), (1, 12)))', '((11, 6), ((1, 1), (1, 12)))', '((26, 6), ())', '((18, 6), ((1, 1), (1, 12)))', '((12, 4), ((1, 12),))']","['((11, 1), ((1, 12),))', '((12, 8), ((1, 1),))', '((16, 4), ((1, 1),))', '((17, 12), ())', '((5, 2), ((1, 1), (1, 12)))', '((26, 11), ())', '((12, 10), ((1, 1),))', '((1, 6), ((1, 1), (1, 12)))', '((11, 6), ((1, 1), (1, 12)))', '((26, 6), ())', '((18, 6), ((1, 1), (1, 12)))', '((12, 4), ((1, 12),))', '((12, 2), ((1, 12),))', '((22, 4), ())']",[402 states],43,49,92
403,"((11, 1), ((1, 12),))","((11, 2), ((1, 12),))",South,"[(((12, 1), ((1, 12),)), 'East', 45, 49, 94)]","['((16, 4), ((1, 1),))', '((12, 8), ((1, 1),))', '((12, 10), ((1, 1),))', '((17, 12), ())', '((5, 2), ((1, 1), (1, 12)))', '((26, 11), ())', '((22, 4), ())', '((1, 6), ((1, 1), (1, 12)))', '((11, 6), ((1, 1), (1, 12)))', '((26, 6), ())', '((18, 6), ((1, 1), (1, 12)))', '((12, 4), ((1, 12),))', '((12, 2), ((1, 12),))']","['((16, 4), ((1, 1),))', '((12, 8), ((1, 1),))', '((12, 10), ((1, 1),))', '((17, 12), ())', '((5, 2), ((1, 1), (1, 12)))', '((26, 11), ())', '((22, 4), ())', '((1, 6), ((1, 1), (1, 12)))', '((11, 6), ((1, 1), (1, 12)))', '((26, 6), ())', '((18, 6), ((1, 1), (1, 12)))', '((12, 4), ((1, 12),))', '((12, 2), ((1, 12),))', '((12, 1), ((1, 12),))']",[403 states],44,48,92
404,"((16, 4), ((1, 1),))","((16, 3), ((1, 1),))",North,"[(((17, 4), ((1, 1),)), 'East', 41, 52, 93)]","['((12, 8), ((1, 1),))', '((17, 12), ())', '((12, 10), ((1, 1),))', '((1, 6), ((1, 1), (1, 12)))', '((5, 2), ((1, 1), (1, 12)))', '((26, 11), ())', '((22, 4), ())', '((12, 1), ((1, 12),))', '((11, 6), ((1, 1), (1, 12)))', '((26, 6), ())', '((18, 6), ((1, 1), (1, 12)))', '((12, 4), ((1, 12),))', '((12, 2), ((1, 12),))']","['((12, 8), ((1, 1),))', '((17, 12), ())', '((12, 10), ((1, 1),))', '((1, 6), ((1, 1), (1, 12)))', '((5, 2), ((1, 1), (1, 12)))', '((26, 11), ())', '((17, 4), ((1, 1),))', '((12, 1), ((1, 12),))', '((11, 6), ((1, 1), (1, 12)))', '((26, 6), ())', '((18, 6), ((1, 1), (1, 12)))', '((12, 4), ((1, 12),))', '((12, 2), ((1, 12),))', '((22, 4), ())']",[404 states],40,53,93
405,"((12, 8), ((1, 1),))","((11, 8), ((1, 1),))",East,"[(((13, 8), ((1, 1),)), 'East', 41, 54, 95)]","['((17, 12), ())', '((1, 6), ((1, 1), (1, 12)))', '((12, 10), ((1, 1),))', '((11, 6), ((1, 1), (1, 12)))', '((5, 2), ((1, 1), (1, 12)))', '((26, 11), ())', '((17, 4), ((1, 1),))', '((12, 1), ((1, 12),))', '((22, 4), ())', '((26, 6), ())', '((18, 6), ((1, 1), (1, 12)))', '((12, 4), ((1, 12),))', '((12, 2), ((1, 12),))']","['((17, 12), ())', '((1, 6), ((1, 1), (1, 12)))', '((12, 10), ((1, 1),))', '((11, 6), ((1, 1), (1, 12)))', '((5, 2), ((1, 1), (1, 12)))', '((26, 11), ())', '((17, 4), ((1, 1),))', '((12, 1), ((1, 12),))', '((22, 4), ())', '((26, 6), ())', '((18, 6), ((1, 1), (1, 12)))', '((12, 4), ((1, 12),))', '((12, 2), ((1, 12),))', '((13, 8), ((1, 1),))']",[405 states],40,53,93
406,"((17, 12), ())","((18, 12), ())",West,"[(((16, 12), ()), 'West', 34, 61, 95)]","['((12, 10), ((1, 1),))', '((1, 6), ((1, 1), (1, 12)))', '((26, 11), ())', '((11, 6), ((1, 1), (1, 12)))', '((5, 2), ((1, 1), (1, 12)))', '((12, 4), ((1, 12),))', '((17, 4), ((1, 1),))', '((12, 1), ((1, 12),))', '((22, 4), ())', '((26, 6), ())', '((18, 6), ((1, 1), (1, 12)))', '((13, 8), ((1, 1),))', '((12, 2), ((1, 12),))']","['((12, 10), ((1, 1),))', '((1, 6), ((1, 1), (1, 12)))', '((26, 11), ())', '((11, 6), ((1, 1), (1, 12)))', '((5, 2), ((1, 1), (1, 12)))', '((12, 4), ((1, 12),))', '((17, 4), ((1, 1),))', '((12, 1), ((1, 12),))', '((22, 4), ())', '((26, 6), ())', '((18, 6), ((1, 1), (1, 12)))', '((13, 8), ((1, 1),))', '((12, 2), ((1, 12),))', '((16, 12), ())']",[406 states],33,60,93
407,"((12, 10), ((1, 1),))","((11, 10), ((1, 1),))",East,"[(((13, 10), ((1, 1),)), 'East', 43, 52, 95)]","['((26, 11), ())', '((1, 6), ((1, 1), (1, 12)))', '((17, 4), ((1, 1),))', '((11, 6), ((1, 1), (1, 12)))', '((5, 2), ((1, 1), (1, 12)))', '((12, 4), ((1, 12),))', '((16, 12), ())', '((12, 1), ((1, 12),))', '((22, 4), ())', '((26, 6), ())', '((18, 6), ((1, 1), (1, 12)))', '((13, 8), ((1, 1),))', '((12, 2), ((1, 12),))']","['((26, 11), ())', '((1, 6), ((1, 1), (1, 12)))', '((17, 4), ((1, 1),))', '((11, 6), ((1, 1), (1, 12)))', '((5, 2), ((1, 1), (1, 12)))', '((12, 4), ((1, 12),))', '((16, 12), ())', '((12, 1), ((1, 12),))', '((22, 4), ())', '((26, 6), ())', '((18, 6), ((1, 1), (1, 12)))', '((13, 8), ((1, 1),))', '((12, 2), ((1, 12),))', '((13, 10), ((1, 1),))']",[407 states],42,51,93
408,"((26, 11), ())","((26, 12), ())",South,"[(((26, 10), ()), 'South', 42, 53, 95)]","['((17, 4), ((1, 1),))', '((1, 6), ((1, 1), (1, 12)))', '((12, 4), ((1, 12),))', '((11, 6), ((1, 1), (1, 12)))', '((5, 2), ((1, 1), (1, 12)))', '((12, 2), ((1, 12),))', '((16, 12), ())', '((12, 1), ((1, 12),))', '((22, 4), ())', '((26, 6), ())', '((18, 6), ((1, 1), (1, 12)))', '((13, 8), ((1, 1),))', '((13, 10), ((1, 1),))']","['((17, 4), ((1, 1),))', '((1, 6), ((1, 1), (1, 12)))', '((12, 4), ((1, 12),))', '((11, 6), ((1, 1), (1, 12)))', '((5, 2), ((1, 1), (1, 12)))', '((12, 2), ((1, 12),))', '((16, 12), ())', '((12, 1), ((1, 12),))', '((22, 4), ())', '((26, 6), ())', '((18, 6), ((1, 1), (1, 12)))', '((13, 8), ((1, 1),))', '((13, 10), ((1, 1),))', '((26, 10), ())']",[408 states],41,52,93
409,"((17, 4), ((1, 1),))","((16, 4), ((1, 1),))",East,"[(((18, 4), ((1, 1),)), 'East', 42, 51, 93)]","['((12, 4), ((1, 12),))', '((1, 6), ((1, 1), (1, 12)))', '((12, 2), ((1, 12),))', '((11, 6), ((1, 1), (1, 12)))', '((5, 2), ((1, 1), (1, 12)))', '((13, 8), ((1, 1),))', '((16, 12), ())', '((12, 1), ((1, 12),))', '((22, 4), ())', '((26, 6), ())', '((18, 6), ((1, 1), (1, 12)))', '((26, 10), ())', '((13, 10), ((1, 1),))']","['((18, 4), ((1, 1),))', '((1, 6), ((1, 1), (1, 12)))', '((12, 4), ((1, 12),))', '((11, 6), ((1, 1), (1, 12)))', '((5, 2), ((1, 1), (1, 12)))', '((13, 8), ((1, 1),))', '((12, 2), ((1, 12),))', '((12, 1), ((1, 12),))', '((22, 4), ())', '((26, 6), ())', '((18, 6), ((1, 1), (1, 12)))', '((26, 10), ())', '((13, 10), ((1, 1),))', '((16, 12), ())']",[409 states],41,52,93
410,"((18, 4), ((1, 1),))","((17, 4), ((1, 1),))",East,"[(((18, 5), ((1, 1),)), 'North', 43, 52, 95), (((19, 4), ((1, 1),)), 'East', 43, 50, 93), (((18, 3), ((1, 1),)), 'South', 43, 50, 93)]","['((12, 4), ((1, 12),))', '((1, 6), ((1, 1), (1, 12)))', '((12, 2), ((1, 12),))', '((11, 6), ((1, 1), (1, 12)))', '((5, 2), ((1, 1), (1, 12)))', '((13, 8), ((1, 1),))', '((16, 12), ())', '((12, 1), ((1, 12),))', '((22, 4), ())', '((26, 6), ())', '((18, 6), ((1, 1), (1, 12)))', '((26, 10), ())', '((13, 10), ((1, 1),))']","['((19, 4), ((1, 1),))', '((18, 3), ((1, 1),))', '((12, 4), ((1, 12),))', '((1, 6), ((1, 1), (1, 12)))', '((5, 2), ((1, 1), (1, 12)))', '((13, 8), ((1, 1),))', '((12, 2), ((1, 12),))', '((11, 6), ((1, 1), (1, 12)))', '((22, 4), ())', '((26, 6), ())', '((18, 6), ((1, 1), (1, 12)))', '((26, 10), ())', '((13, 10), ((1, 1),))', '((18, 5), ((1, 1),))', '((16, 12), ())', '((12, 1), ((1, 12),))']",[410 states],42,51,93
411,"((19, 4), ((1, 1),))","((18, 4), ((1, 1),))",East,"[(((20, 4), ((1, 1),)), 'East', 44, 49, 93)]","['((18, 3), ((1, 1),))', '((1, 6), ((1, 1), (1, 12)))', '((12, 4), ((1, 12),))', '((11, 6), ((1, 1), (1, 12)))', '((5, 2), ((1, 1), (1, 12)))', '((13, 8), ((1, 1),))', '((12, 2), ((1, 12),))', '((12, 1), ((1, 12),))', '((22, 4), ())', '((26, 6), ())', '((18, 6), ((1, 1), (1, 12)))', '((26, 10), ())', '((13, 10), ((1, 1),))', '((18, 5), ((1, 1),))', '((16, 12), ())']","['((18, 3), ((1, 1),))', '((20, 4), ((1, 1),))', '((12, 4), ((1, 12),))', '((1, 6), ((1, 1), (1, 12)))', '((5, 2), ((1, 1), (1, 12)))', '((13, 8), ((1, 1),))', '((12, 2), ((1, 12),))', '((11, 6), ((1, 1), (1, 12)))', '((22, 4), ())', '((26, 6), ())', '((18, 6), ((1, 1), (1, 12)))', '((26, 10), ())', '((13, 10), ((1, 1),))', '((18, 5), ((1, 1),))', '((16, 12), ())', '((12, 1), ((1, 12),))']",[411 states],43,50,93
412,"((18, 3), ((1, 1),))","((18, 4), ((1, 1),))",South,"[(((18, 2), ((1, 1),)), 'South', 44, 49, 93)]","['((20, 4), ((1, 1),))', '((1, 6), ((1, 1), (1, 12)))', '((12, 4), ((1, 12),))', '((11, 6), ((1, 1), (1, 12)))', '((5, 2), ((1, 1), (1, 12)))', '((13, 8), ((1, 1),))', '((12, 2), ((1, 12),))', '((12, 1), ((1, 12),))', '((22, 4), ())', '((26, 6), ())', '((18, 6), ((1, 1), (1, 12)))', '((26, 10), ())', '((13, 10), ((1, 1),))', '((18, 5), ((1, 1),))', '((16, 12), ())']","['((20, 4), ((1, 1),))', '((18, 2), ((1, 1),))', '((12, 4), ((1, 12),))', '((1, 6), ((1, 1), (1, 12)))', '((5, 2), ((1, 1), (1, 12)))', '((13, 8), ((1, 1),))', '((12, 2), ((1, 12),))', '((11, 6), ((1, 1), (1, 12)))', '((22, 4), ())', '((26, 6), ())', '((18, 6), ((1, 1), (1, 12)))', '((26, 10), ())', '((13, 10), ((1, 1),))', '((18, 5), ((1, 1),))', '((16, 12), ())', '((12, 1), ((1, 12),))']",[412 states],43,50,93
413,"((20, 4), ((1, 1),))","((19, 4), ((1, 1),))",East,[],"['((18, 2), ((1, 1),))', '((1, 6), ((1, 1), (1, 12)))', '((12, 4), ((1, 12),))', '((11, 6), ((1, 1), (1, 12)))', '((5, 2), ((1, 1), (1, 12)))', '((13, 8), ((1, 1),))', '((12, 2), ((1, 12),))', '((12, 1), ((1, 12),))', '((22, 4), ())', '((26, 6), ())', '((18, 6), ((1, 1), (1, 12)))', '((26, 10), ())', '((13, 10), ((1, 1),))', '((18, 5), ((1, 1),))', '((16, 12), ())']","['((18, 2), ((1, 1),))', '((1, 6), ((1, 1), (1, 12)))', '((12, 4), ((1, 12),))', '((11, 6), ((1, 1), (1, 12)))', '((5, 2), ((1, 1), (1, 12)))', '((13, 8), ((1, 1),))', '((12, 2), ((1, 12),))', '((12, 1), ((1, 12),))', '((22, 4), ())', '((26, 6), ())', '((18, 6), ((1, 1), (1, 12)))', '((26, 10), ())', '((13, 10), ((1, 1),))', '((18, 5), ((1, 1),))', '((16, 12), ())']",[413 states],44,49,93
414,"((18, 2), ((1, 1),))","((18, 3), ((1, 1),))",South,"[(((18, 1), ((1, 1),)), 'South', 45, 48, 93)]","['((12, 4), ((1, 12),))', '((1, 6), ((1, 1), (1, 12)))', '((12, 2), ((1, 12),))', '((11, 6), ((1, 1), (1, 12)))', '((5, 2), ((1, 1), (1, 12)))', '((13, 8), ((1, 1),))', '((16, 12), ())', '((12, 1), ((1, 12),))', '((22, 4), ())', '((26, 6), ())', '((18, 6), ((1, 1), (1, 12)))', '((26, 10), ())', '((13, 10), ((1, 1),))', '((18, 5), ((1, 1),))']","['((18, 1), ((1, 1),))', '((1, 6), ((1, 1), (1, 12)))', '((12, 4), ((1, 12),))', '((11, 6), ((1, 1), (1, 12)))', '((5, 2), ((1, 1), (1, 12)))', '((13, 8), ((1, 1),))', '((12, 2), ((1, 12),))', '((12, 1), ((1, 12),))', '((22, 4), ())', '((26, 6), ())', '((18, 6), ((1, 1), (1, 12)))', '((26, 10), ())', '((13, 10), ((1, 1),))', '((18, 5), ((1, 1),))', '((16, 12), ())']",[414 states],44,49,93
415,"((18, 1), ((1, 1),))","((18, 2), ((1, 1),))",South,[],"['((12, 4), ((1, 12),))', '((1, 6), ((1, 1), (1, 12)))', '((12, 2), ((1, 12),))', '((11, 6), ((1, 1), (1, 12)))', '((5, 2), ((1, 1), (1, 12)))', '((13, 8), ((1, 1),))', '((16, 12), ())', '((12, 1), ((1, 12),))', '((22, 4), ())', '((26, 6), ())', '((18, 6), ((1, 1), (1, 12)))', '((26, 10), ())', '((13, 10), ((1, 1),))', '((18, 5), ((1, 1),))']","['((12, 4), ((1, 12),))', '((1, 6), ((1, 1), (1, 12)))', '((12, 2), ((1, 12),))', '((11, 6), ((1, 1), (1, 12)))', '((5, 2), ((1, 1), (1, 12)))', '((13, 8), ((1, 1),))', '((16, 12), ())', '((12, 1), ((1, 12),))', '((22, 4), ())', '((26, 6), ())', '((18, 6), ((1, 1), (1, 12)))', '((26, 10), ())', '((13, 10), ((1, 1),))', '((18, 5), ((1, 1),))']",[415 states],45,48,93
416,"((12, 4), ((1, 12),))","((11, 4), ((1, 12),))",East,"[(((13, 4), ((1, 12),)), 'East', 43, 53, 96)]","['((1, 6), ((1, 1), (1, 12)))', '((5, 2), ((1, 1), (1, 12)))', '((12, 2), ((1, 12),))', '((11, 6), ((1, 1), (1, 12)))', '((18, 6), ((1, 1), (1, 12)))', '((13, 8), ((1, 1),))', '((16, 12), ())', '((12, 1), ((1, 12),))', '((22, 4), ())', '((26, 6), ())', '((18, 5), ((1, 1),))', '((26, 10), ())', '((13, 10), ((1, 1),))']","['((1, 6), ((1, 1), (1, 12)))', '((5, 2), ((1, 1), (1, 12)))', '((12, 2), ((1, 12),))', '((11, 6), ((1, 1), (1, 12)))', '((18, 6), ((1, 1), (1, 12)))', '((13, 8), ((1, 1),))', '((16, 12), ())', '((12, 1), ((1, 12),))', '((22, 4), ())', '((26, 6), ())', '((18, 5), ((1, 1),))', '((26, 10), ())', '((13, 10), ((1, 1),))', '((13, 4), ((1, 12),))']",[416 states],42,52,94
417,"((1, 6), ((1, 1), (1, 12)))","((2, 6), ((1, 1), (1, 12)))",West,"[(((1, 7), ((1, 1), (1, 12))), 'North', 52, 43, 95)]","['((5, 2), ((1, 1), (1, 12)))', '((11, 6), ((1, 1), (1, 12)))', '((12, 2), ((1, 12),))', '((22, 4), ())', '((18, 6), ((1, 1), (1, 12)))', '((13, 8), ((1, 1),))', '((16, 12), ())', '((12, 1), ((1, 12),))', '((13, 4), ((1, 12),))', '((26, 6), ())', '((18, 5), ((1, 1),))', '((26, 10), ())', '((13, 10), ((1, 1),))']","['((5, 2), ((1, 1), (1, 12)))', '((11, 6), ((1, 1), (1, 12)))', '((12, 2), ((1, 12),))', '((22, 4), ())', '((18, 6), ((1, 1), (1, 12)))', '((13, 8), ((1, 1),))', '((16, 12), ())', '((12, 1), ((1, 12),))', '((13, 4), ((1, 12),))', '((26, 6), ())', '((18, 5), ((1, 1),))', '((26, 10), ())', '((13, 10), ((1, 1),))', '((1, 7), ((1, 1), (1, 12)))']",[417 states],51,43,94
418,"((5, 2), ((1, 1), (1, 12)))","((6, 2), ((1, 1), (1, 12)))",West,"[(((5, 1), ((1, 1), (1, 12))), 'South', 60, 34, 94)]","['((11, 6), ((1, 1), (1, 12)))', '((18, 6), ((1, 1), (1, 12)))', '((12, 2), ((1, 12),))', '((22, 4), ())', '((26, 6), ())', '((13, 8), ((1, 1),))', '((16, 12), ())', '((12, 1), ((1, 12),))', '((13, 4), ((1, 12),))', '((1, 7), ((1, 1), (1, 12)))', '((18, 5), ((1, 1),))', '((26, 10), ())', '((13, 10), ((1, 1),))']","['((11, 6), ((1, 1), (1, 12)))', '((18, 6), ((1, 1), (1, 12)))', '((12, 2), ((1, 12),))', '((22, 4), ())', '((26, 6), ())', '((13, 8), ((1, 1),))', '((5, 1), ((1, 1), (1, 12)))', '((12, 1), ((1, 12),))', '((13, 4), ((1, 12),))', '((1, 7), ((1, 1), (1, 12)))', '((18, 5), ((1, 1),))', '((26, 10), ())', '((13, 10), ((1, 1),))', '((16, 12), ())']",[418 states],59,35,94
419,"((11, 6), ((1, 1), (1, 12)))","((12, 6), ((1, 1), (1, 12)))",West,"[(((11, 7), ((1, 1), (1, 12))), 'North', 62, 33, 95), (((10, 6), ((1, 1), (1, 12))), 'West', 62, 34, 96)]","['((18, 6), ((1, 1), (1, 12)))', '((22, 4), ())', '((12, 2), ((1, 12),))', '((12, 1), ((1, 12),))', '((26, 6), ())', '((13, 8), ((1, 1),))', '((5, 1), ((1, 1), (1, 12)))', '((16, 12), ())', '((13, 4), ((1, 12),))', '((1, 7), ((1, 1), (1, 12)))', '((18, 5), ((1, 1),))', '((26, 10), ())', '((13, 10), ((1, 1),))']","['((18, 6), ((1, 1), (1, 12)))', '((22, 4), ())', '((12, 2), ((1, 12),))', '((12, 1), ((1, 12),))', '((26, 6), ())', '((13, 8), ((1, 1),))', '((5, 1), ((1, 1), (1, 12)))', '((16, 12), ())', '((13, 4), ((1, 12),))', '((1, 7), ((1, 1), (1, 12)))', '((18, 5), ((1, 1),))', '((26, 10), ())', '((13, 10), ((1, 1),))', '((11, 7), ((1, 1), (1, 12)))', '((10, 6), ((1, 1), (1, 12)))']",[419 states],61,33,94
420,"((18, 6), ((1, 1), (1, 12)))","((18, 5), ((1, 1), (1, 12)))",North,"[(((19, 6), ((1, 1), (1, 12))), 'East', 69, 25, 94), (((17, 6), ((1, 1), (1, 12))), 'West', 69, 27, 96)]","['((22, 4), ())', '((26, 6), ())', '((12, 2), ((1, 12),))', '((12, 1), ((1, 12),))', '((18, 5), ((1, 1),))', '((13, 8), ((1, 1),))', '((5, 1), ((1, 1), (1, 12)))', '((16, 12), ())', '((13, 4), ((1, 12),))', '((1, 7), ((1, 1), (1, 12)))', '((10, 6), ((1, 1), (1, 12)))', '((26, 10), ())', '((13, 10), ((1, 1),))', '((11, 7), ((1, 1), (1, 12)))']","['((22, 4), ())', '((26, 6), ())', '((12, 2), ((1, 12),))', '((12, 1), ((1, 12),))', '((18, 5), ((1, 1),))', '((13, 8), ((1, 1),))', '((5, 1), ((1, 1), (1, 12)))', '((16, 12), ())', '((13, 4), ((1, 12),))', '((1, 7), ((1, 1), (1, 12)))', '((10, 6), ((1, 1), (1, 12)))', '((26, 10), ())', '((13, 10), ((1, 1),))', '((11, 7), ((1, 1), (1, 12)))', '((19, 6), ((1, 1), (1, 12)))', '((17, 6), ((1, 1), (1, 12)))']",[420 states],68,26,94
421,"((22, 4), ())","((23, 4), ())",West,"[(((22, 5), ()), 'North', 37, 59, 96), (((22, 3), ()), 'South', 37, 57, 94)]","['((26, 6), ())', '((12, 1), ((1, 12),))', '((12, 2), ((1, 12),))', '((16, 12), ())', '((18, 5), ((1, 1),))', '((13, 8), ((1, 1),))', '((5, 1), ((1, 1), (1, 12)))', '((17, 6), ((1, 1), (1, 12)))', '((13, 4), ((1, 12),))', '((1, 7), ((1, 1), (1, 12)))', '((10, 6), ((1, 1), (1, 12)))', '((26, 10), ())', '((13, 10), ((1, 1),))', '((11, 7), ((1, 1), (1, 12)))', '((19, 6), ((1, 1), (1, 12)))']","['((26, 6), ())', '((12, 1), ((1, 12),))', '((12, 2), ((1, 12),))', '((22, 3), ())', '((18, 5), ((1, 1),))', '((13, 8), ((1, 1),))', '((5, 1), ((1, 1), (1, 12)))', '((16, 12), ())', '((13, 4), ((1, 12),))', '((1, 7), ((1, 1), (1, 12)))', '((10, 6), ((1, 1), (1, 12)))', '((26, 10), ())', '((13, 10), ((1, 1),))', '((11, 7), ((1, 1), (1, 12)))', '((19, 6), ((1, 1), (1, 12)))', '((22, 5), ())', '((17, 6), ((1, 1), (1, 12)))']",[421 states],36,58,94
422,"((26, 6), ())","((26, 5), ())",North,"[(((27, 6), ()), 'East', 39, 55, 94)]","['((12, 2), ((1, 12),))', '((12, 1), ((1, 12),))', '((5, 1), ((1, 1), (1, 12)))', '((22, 3), ())', '((18, 5), ((1, 1),))', '((13, 8), ((1, 1),))', '((19, 6), ((1, 1), (1, 12)))', '((16, 12), ())', '((13, 4), ((1, 12),))', '((1, 7), ((1, 1), (1, 12)))', '((10, 6), ((1, 1), (1, 12)))', '((26, 10), ())', '((13, 10), ((1, 1),))', '((11, 7), ((1, 1), (1, 12)))', '((17, 6), ((1, 1), (1, 12)))', '((22, 5), ())']","['((12, 2), ((1, 12),))', '((12, 1), ((1, 12),))', '((5, 1), ((1, 1), (1, 12)))', '((22, 3), ())', '((18, 5), ((1, 1),))', '((13, 8), ((1, 1),))', '((19, 6), ((1, 1), (1, 12)))', '((27, 6), ())', '((13, 4), ((1, 12),))', '((1, 7), ((1, 1), (1, 12)))', '((10, 6), ((1, 1), (1, 12)))', '((26, 10), ())', '((13, 10), ((1, 1),))', '((11, 7), ((1, 1), (1, 12)))', '((17, 6), ((1, 1), (1, 12)))', '((22, 5), ())', '((16, 12), ())']",[422 states],38,56,94
423,"((12, 2), ((1, 12),))","((11, 2), ((1, 12),))",East,"[(((13, 2), ((1, 12),)), 'East', 45, 51, 96)]","['((12, 1), ((1, 12),))', '((22, 3), ())', '((5, 1), ((1, 1), (1, 12)))', '((27, 6), ())', '((18, 5), ((1, 1),))', '((13, 8), ((1, 1),))', '((19, 6), ((1, 1), (1, 12)))', '((16, 12), ())', '((13, 4), ((1, 12),))', '((1, 7), ((1, 1), (1, 12)))', '((10, 6), ((1, 1), (1, 12)))', '((26, 10), ())', '((13, 10), ((1, 1),))', '((11, 7), ((1, 1), (1, 12)))', '((17, 6), ((1, 1), (1, 12)))', '((22, 5), ())']","['((12, 1), ((1, 12),))', '((22, 3), ())', '((5, 1), ((1, 1), (1, 12)))', '((27, 6), ())', '((18, 5), ((1, 1),))', '((13, 8), ((1, 1),))', '((19, 6), ((1, 1), (1, 12)))', '((16, 12), ())', '((13, 4), ((1, 12),))', '((1, 7), ((1, 1), (1, 12)))', '((10, 6), ((1, 1), (1, 12)))', '((26, 10), ())', '((13, 10), ((1, 1),))', '((11, 7), ((1, 1), (1, 12)))', '((17, 6), ((1, 1), (1, 12)))', '((22, 5), ())', '((13, 2), ((1, 12),))']",[423 states],44,50,94
424,"((12, 1), ((1, 12),))","((11, 1), ((1, 12),))",East,"[(((13, 1), ((1, 12),)), 'East', 46, 50, 96)]","['((5, 1), ((1, 1), (1, 12)))', '((22, 3), ())', '((19, 6), ((1, 1), (1, 12)))', '((27, 6), ())', '((18, 5), ((1, 1),))', '((13, 8), ((1, 1),))', '((11, 7), ((1, 1), (1, 12)))', '((16, 12), ())', '((13, 4), ((1, 12),))', '((1, 7), ((1, 1), (1, 12)))', '((10, 6), ((1, 1), (1, 12)))', '((26, 10), ())', '((13, 10), ((1, 1),))', '((13, 2), ((1, 12),))', '((17, 6), ((1, 1), (1, 12)))', '((22, 5), ())']","['((5, 1), ((1, 1), (1, 12)))', '((22, 3), ())', '((19, 6), ((1, 1), (1, 12)))', '((27, 6), ())', '((18, 5), ((1, 1),))', '((13, 8), ((1, 1),))', '((11, 7), ((1, 1), (1, 12)))', '((16, 12), ())', '((13, 4), ((1, 12),))', '((1, 7), ((1, 1), (1, 12)))', '((10, 6), ((1, 1), (1, 12)))', '((26, 10), ())', '((13, 10), ((1, 1),))', '((13, 2), ((1, 12),))', '((17, 6), ((1, 1), (1, 12)))', '((22, 5), ())', '((13, 1), ((1, 12),))']",[424 states],45,49,94
425,"((5, 1), ((1, 1), (1, 12)))","((5, 2), ((1, 1), (1, 12)))",South,[],"['((19, 6), ((1, 1), (1, 12)))', '((22, 3), ())', '((13, 8), ((1, 1),))', '((27, 6), ())', '((18, 5), ((1, 1),))', '((13, 10), ((1, 1),))', '((11, 7), ((1, 1), (1, 12)))', '((16, 12), ())', '((13, 4), ((1, 12),))', '((1, 7), ((1, 1), (1, 12)))', '((10, 6), ((1, 1), (1, 12)))', '((26, 10), ())', '((13, 1), ((1, 12),))', '((13, 2), ((1, 12),))', '((17, 6), ((1, 1), (1, 12)))', '((22, 5), ())']","['((19, 6), ((1, 1), (1, 12)))', '((22, 3), ())', '((13, 8), ((1, 1),))', '((27, 6), ())', '((18, 5), ((1, 1),))', '((13, 10), ((1, 1),))', '((11, 7), ((1, 1), (1, 12)))', '((16, 12), ())', '((13, 4), ((1, 12),))', '((1, 7), ((1, 1), (1, 12)))', '((10, 6), ((1, 1), (1, 12)))', '((26, 10), ())', '((13, 1), ((1, 12),))', '((13, 2), ((1, 12),))', '((17, 6), ((1, 1), (1, 12)))', '((22, 5), ())']",[425 states],60,34,94
426,"((19, 6), ((1, 1), (1, 12)))","((18, 6), ((1, 1), (1, 12)))",East,"[(((20, 6), ((1, 1), (1, 12))), 'East', 70, 24, 94)]","['((22, 3), ())', '((27, 6), ())', '((13, 8), ((1, 1),))', '((16, 12), ())', '((18, 5), ((1, 1),))', '((13, 10), ((1, 1),))', '((11, 7), ((1, 1), (1, 12)))', '((22, 5), ())', '((13, 4), ((1, 12),))', '((1, 7), ((1, 1), (1, 12)))', '((10, 6), ((1, 1), (1, 12)))', '((26, 10), ())', '((13, 1), ((1, 12),))', '((13, 2), ((1, 12),))', '((17, 6), ((1, 1), (1, 12)))']","['((22, 3), ())', '((27, 6), ())', '((13, 8), ((1, 1),))', '((20, 6), ((1, 1), (1, 12)))', '((18, 5), ((1, 1),))', '((13, 10), ((1, 1),))', '((11, 7), ((1, 1), (1, 12)))', '((16, 12), ())', '((13, 4), ((1, 12),))', '((1, 7), ((1, 1), (1, 12)))', '((10, 6), ((1, 1), (1, 12)))', '((26, 10), ())', '((13, 1), ((1, 12),))', '((13, 2), ((1, 12),))', '((17, 6), ((1, 1), (1, 12)))', '((22, 5), ())']",[426 states],69,25,94
427,"((22, 3), ())","((22, 4), ())",South,"[(((22, 2), ()), 'South', 38, 56, 94)]","['((27, 6), ())', '((20, 6), ((1, 1), (1, 12)))', '((13, 8), ((1, 1),))', '((16, 12), ())', '((18, 5), ((1, 1),))', '((13, 10), ((1, 1),))', '((11, 7), ((1, 1), (1, 12)))', '((22, 5), ())', '((13, 4), ((1, 12),))', '((1, 7), ((1, 1), (1, 12)))', '((10, 6), ((1, 1), (1, 12)))', '((26, 10), ())', '((13, 1), ((1, 12),))', '((13, 2), ((1, 12),))', '((17, 6), ((1, 1), (1, 12)))']","['((27, 6), ())', '((20, 6), ((1, 1), (1, 12)))', '((13, 8), ((1, 1),))', '((22, 2), ())', '((18, 5), ((1, 1),))', '((13, 10), ((1, 1),))', '((11, 7), ((1, 1), (1, 12)))', '((16, 12), ())', '((13, 4), ((1, 12),))', '((1, 7), ((1, 1), (1, 12)))', '((10, 6), ((1, 1), (1, 12)))', '((26, 10), ())', '((13, 1), ((1, 12),))', '((13, 2), ((1, 12),))', '((17, 6), ((1, 1), (1, 12)))', '((22, 5), ())']",[427 states],37,57,94
428,"((27, 6), ())","((26, 6), ())",East,"[(((28, 6), ()), 'East', 40, 54, 94)]","['((20, 6), ((1, 1), (1, 12)))', '((22, 2), ())', '((13, 8), ((1, 1),))', '((16, 12), ())', '((18, 5), ((1, 1),))', '((13, 10), ((1, 1),))', '((11, 7), ((1, 1), (1, 12)))', '((22, 5), ())', '((13, 4), ((1, 12),))', '((1, 7), ((1, 1), (1, 12)))', '((10, 6), ((1, 1), (1, 12)))', '((26, 10), ())', '((13, 1), ((1, 12),))', '((13, 2), ((1, 12),))', '((17, 6), ((1, 1), (1, 12)))']","['((20, 6), ((1, 1), (1, 12)))', '((22, 2), ())', '((13, 8), ((1, 1),))', '((28, 6), ())', '((18, 5), ((1, 1),))', '((13, 10), ((1, 1),))', '((11, 7), ((1, 1), (1, 12)))', '((16, 12), ())', '((13, 4), ((1, 12),))', '((1, 7), ((1, 1), (1, 12)))', '((10, 6), ((1, 1), (1, 12)))', '((26, 10), ())', '((13, 1), ((1, 12),))', '((13, 2), ((1, 12),))', '((17, 6), ((1, 1), (1, 12)))', '((22, 5), ())']",[428 states],39,55,94
429,"((20, 6), ((1, 1), (1, 12)))","((19, 6), ((1, 1), (1, 12)))",East,"[(((20, 7), ((1, 1), (1, 12))), 'North', 71, 24, 95)]","['((22, 2), ())', '((28, 6), ())', '((13, 8), ((1, 1),))', '((16, 12), ())', '((18, 5), ((1, 1),))', '((13, 10), ((1, 1),))', '((11, 7), ((1, 1), (1, 12)))', '((22, 5), ())', '((13, 4), ((1, 12),))', '((1, 7), ((1, 1), (1, 12)))', '((10, 6), ((1, 1), (1, 12)))', '((26, 10), ())', '((13, 1), ((1, 12),))', '((13, 2), ((1, 12),))', '((17, 6), ((1, 1), (1, 12)))']","['((22, 2), ())', '((28, 6), ())', '((13, 8), ((1, 1),))', '((16, 12), ())', '((18, 5), ((1, 1),))', '((13, 10), ((1, 1),))', '((11, 7), ((1, 1), (1, 12)))', '((20, 7), ((1, 1), (1, 12)))', '((13, 4), ((1, 12),))', '((1, 7), ((1, 1), (1, 12)))', '((10, 6), ((1, 1), (1, 12)))', '((26, 10), ())', '((13, 1), ((1, 12),))', '((13, 2), ((1, 12),))', '((17, 6), ((1, 1), (1, 12)))', '((22, 5), ())']",[429 states],70,24,94
430,"((22, 2), ())","((22, 3), ())",South,"[(((22, 1), ()), 'South', 39, 55, 94), (((21, 2), ()), 'West', 39, 57, 96)]","['((28, 6), ())', '((16, 12), ())', '((13, 8), ((1, 1),))', '((20, 7), ((1, 1), (1, 12)))', '((18, 5), ((1, 1),))', '((13, 10), ((1, 1),))', '((11, 7), ((1, 1), (1, 12)))', '((22, 5), ())', '((13, 4), ((1, 12),))', '((1, 7), ((1, 1), (1, 12)))', '((10, 6), ((1, 1), (1, 12)))', '((26, 10), ())', '((13, 1), ((1, 12),))', '((13, 2), ((1, 12),))', '((17, 6), ((1, 1), (1, 12)))']","['((28, 6), ())', '((22, 1), ())', '((13, 8), ((1, 1),))', '((16, 12), ())', '((18, 5), ((1, 1),))', '((13, 10), ((1, 1),))', '((11, 7), ((1, 1), (1, 12)))', '((20, 7), ((1, 1), (1, 12)))', '((13, 4), ((1, 12),))', '((1, 7), ((1, 1), (1, 12)))', '((10, 6), ((1, 1), (1, 12)))', '((26, 10), ())', '((13, 1), ((1, 12),))', '((13, 2), ((1, 12),))', '((17, 6), ((1, 1), (1, 12)))', '((22, 5), ())', '((21, 2), ())']",[430 states],38,56,94
431,"((28, 6), ())","((27, 6), ())",East,"[(((28, 7), ()), 'North', 41, 54, 95), (((28, 5), ()), 'South', 41, 53, 94)]","['((22, 1), ())', '((16, 12), ())', '((13, 8), ((1, 1),))', '((20, 7), ((1, 1), (1, 12)))', '((18, 5), ((1, 1),))', '((13, 10), ((1, 1),))', '((11, 7), ((1, 1), (1, 12)))', '((22, 5), ())', '((13, 4), ((1, 12),))', '((1, 7), ((1, 1), (1, 12)))', '((10, 6), ((1, 1), (1, 12)))', '((26, 10), ())', '((13, 1), ((1, 12),))', '((13, 2), ((1, 12),))', '((17, 6), ((1, 1), (1, 12)))', '((21, 2), ())']","['((22, 1), ())', '((28, 5), ())', '((13, 8), ((1, 1),))', '((16, 12), ())', '((18, 5), ((1, 1),))', '((13, 10), ((1, 1),))', '((11, 7), ((1, 1), (1, 12)))', '((28, 7), ())', '((20, 7), ((1, 1), (1, 12)))', '((1, 7), ((1, 1), (1, 12)))', '((10, 6), ((1, 1), (1, 12)))', '((26, 10), ())', '((13, 1), ((1, 12),))', '((13, 2), ((1, 12),))', '((17, 6), ((1, 1), (1, 12)))', '((21, 2), ())', '((22, 5), ())', '((13, 4), ((1, 12),))']",[431 states],40,54,94
432,"((22, 1), ())","((22, 2), ())",South,[],"['((28, 5), ())', '((16, 12), ())', '((13, 8), ((1, 1),))', '((20, 7), ((1, 1), (1, 12)))', '((18, 5), ((1, 1),))', '((13, 10), ((1, 1),))', '((11, 7), ((1, 1), (1, 12)))', '((28, 7), ())', '((13, 4), ((1, 12),))', '((1, 7), ((1, 1), (1, 12)))', '((10, 6), ((1, 1), (1, 12)))', '((26, 10), ())', '((13, 1), ((1, 12),))', '((13, 2), ((1, 12),))', '((17, 6), ((1, 1), (1, 12)))', '((21, 2), ())', '((22, 5), ())']","['((28, 5), ())', '((16, 12), ())', '((13, 8), ((1, 1),))', '((20, 7), ((1, 1), (1, 12)))', '((18, 5), ((1, 1),))', '((13, 10), ((1, 1),))', '((11, 7), ((1, 1), (1, 12)))', '((28, 7), ())', '((13, 4), ((1, 12),))', '((1, 7), ((1, 1), (1, 12)))', '((10, 6), ((1, 1), (1, 12)))', '((26, 10), ())', '((13, 1), ((1, 12),))', '((13, 2), ((1, 12),))', '((17, 6), ((1, 1), (1, 12)))', '((21, 2), ())', '((22, 5), ())']",[432 states],39,55,94
433,"((28, 5), ())","((28, 6), ())",South,"[(((28, 4), ()), 'South', 42, 52, 94)]","['((13, 8), ((1, 1),))', '((16, 12), ())', '((13, 10), ((1, 1),))', '((20, 7), ((1, 1), (1, 12)))', '((18, 5), ((1, 1),))', '((26, 10), ())', '((11, 7), ((1, 1), (1, 12)))', '((28, 7), ())', '((13, 4), ((1, 12),))', '((1, 7), ((1, 1), (1, 12)))', '((10, 6), ((1, 1), (1, 12)))', '((22, 5), ())', '((13, 1), ((1, 12),))', '((13, 2), ((1, 12),))', '((17, 6), ((1, 1), (1, 12)))', '((21, 2), ())']","['((28, 4), ())', '((13, 8), ((1, 1),))', '((13, 10), ((1, 1),))', '((16, 12), ())', '((18, 5), ((1, 1),))', '((26, 10), ())', '((11, 7), ((1, 1), (1, 12)))', '((20, 7), ((1, 1), (1, 12)))', '((13, 4), ((1, 12),))', '((1, 7), ((1, 1), (1, 12)))', '((10, 6), ((1, 1), (1, 12)))', '((22, 5), ())', '((13, 1), ((1, 12),))', '((13, 2), ((1, 12),))', '((17, 6), ((1, 1), (1, 12)))', '((21, 2), ())', '((28, 7), ())']",[433 states],41,53,94
434,"((28, 4), ())","((28, 5), ())",South,"[(((28, 3), ()), 'South', 43, 51, 94)]","['((13, 8), ((1, 1),))', '((16, 12), ())', '((13, 10), ((1, 1),))', '((20, 7), ((1, 1), (1, 12)))', '((18, 5), ((1, 1),))', '((26, 10), ())', '((11, 7), ((1, 1), (1, 12)))', '((28, 7), ())', '((13, 4), ((1, 12),))', '((1, 7), ((1, 1), (1, 12)))', '((10, 6), ((1, 1), (1, 12)))', '((22, 5), ())', '((13, 1), ((1, 12),))', '((13, 2), ((1, 12),))', '((17, 6), ((1, 1), (1, 12)))', '((21, 2), ())']","['((28, 3), ())', '((13, 8), ((1, 1),))', '((13, 10), ((1, 1),))', '((16, 12), ())', '((18, 5), ((1, 1),))', '((26, 10), ())', '((11, 7), ((1, 1), (1, 12)))', '((20, 7), ((1, 1), (1, 12)))', '((13, 4), ((1, 12),))', '((1, 7), ((1, 1), (1, 12)))', '((10, 6), ((1, 1), (1, 12)))', '((22, 5), ())', '((13, 1), ((1, 12),))', '((13, 2), ((1, 12),))', '((17, 6), ((1, 1), (1, 12)))', '((21, 2), ())', '((28, 7), ())']",[434 states],42,52,94
435,"((28, 3), ())","((28, 4), ())",South,"[(((28, 2), ()), 'South', 44, 50, 94)]","['((13, 8), ((1, 1),))', '((16, 12), ())', '((13, 10), ((1, 1),))', '((20, 7), ((1, 1), (1, 12)))', '((18, 5), ((1, 1),))', '((26, 10), ())', '((11, 7), ((1, 1), (1, 12)))', '((28, 7), ())', '((13, 4), ((1, 12),))', '((1, 7), ((1, 1), (1, 12)))', '((10, 6), ((1, 1), (1, 12)))', '((22, 5), ())', '((13, 1), ((1, 12),))', '((13, 2), ((1, 12),))', '((17, 6), ((1, 1), (1, 12)))', '((21, 2), ())']","['((28, 2), ())', '((13, 8), ((1, 1),))', '((13, 10), ((1, 1),))', '((16, 12), ())', '((18, 5), ((1, 1),))', '((26, 10), ())', '((11, 7), ((1, 1), (1, 12)))', '((20, 7), ((1, 1), (1, 12)))', '((13, 4), ((1, 12),))', '((1, 7), ((1, 1), (1, 12)))', '((10, 6), ((1, 1), (1, 12)))', '((22, 5), ())', '((13, 1), ((1, 12),))', '((13, 2), ((1, 12),))', '((17, 6), ((1, 1), (1, 12)))', '((21, 2), ())', '((28, 7), ())']",[435 states],43,51,94
436,"((28, 2), ())","((28, 3), ())",South,"[(((28, 1), ((28, 1),)), 'South', 45, 49, 94)]","['((13, 8), ((1, 1),))', '((16, 12), ())', '((13, 10), ((1, 1),))', '((20, 7), ((1, 1), (1, 12)))', '((18, 5), ((1, 1),))', '((26, 10), ())', '((11, 7), ((1, 1), (1, 12)))', '((28, 7), ())', '((13, 4), ((1, 12),))', '((1, 7), ((1, 1), (1, 12)))', '((10, 6), ((1, 1), (1, 12)))', '((22, 5), ())', '((13, 1), ((1, 12),))', '((13, 2), ((1, 12),))', '((17, 6), ((1, 1), (1, 12)))', '((21, 2), ())']","['((28, 1), ((28, 1),))', '((13, 8), ((1, 1),))', '((13, 10), ((1, 1),))', '((16, 12), ())', '((18, 5), ((1, 1),))', '((26, 10), ())', '((11, 7), ((1, 1), (1, 12)))', '((20, 7), ((1, 1), (1, 12)))', '((13, 4), ((1, 12),))', '((1, 7), ((1, 1), (1, 12)))', '((10, 6), ((1, 1), (1, 12)))', '((22, 5), ())', '((13, 1), ((1, 12),))', '((13, 2), ((1, 12),))', '((17, 6), ((1, 1), (1, 12)))', '((21, 2), ())', '((28, 7), ())']",[436 states],44,50,94
437,"((28, 1), ((28, 1),))","((28, 2), ())",South,"[(((28, 2), ((28, 1),)), 'North', 46, 48, 94), (((27, 1), ((28, 1),)), 'West', 46, 50, 96)]","['((13, 8), ((1, 1),))', '((16, 12), ())', '((13, 10), ((1, 1),))', '((20, 7), ((1, 1), (1, 12)))', '((18, 5), ((1, 1),))', '((26, 10), ())', '((11, 7), ((1, 1), (1, 12)))', '((28, 7), ())', '((13, 4), ((1, 12),))', '((1, 7), ((1, 1), (1, 12)))', '((10, 6), ((1, 1), (1, 12)))', '((22, 5), ())', '((13, 1), ((1, 12),))', '((13, 2), ((1, 12),))', '((17, 6), ((1, 1), (1, 12)))', '((21, 2), ())']","['((28, 2), ((28, 1),))', '((13, 8), ((1, 1),))', '((13, 10), ((1, 1),))', '((16, 12), ())', '((18, 5), ((1, 1),))', '((26, 10), ())', '((11, 7), ((1, 1), (1, 12)))', '((20, 7), ((1, 1), (1, 12)))', '((13, 4), ((1, 12),))', '((1, 7), ((1, 1), (1, 12)))', '((10, 6), ((1, 1), (1, 12)))', '((22, 5), ())', '((13, 1), ((1, 12),))', '((13, 2), ((1, 12),))', '((17, 6), ((1, 1), (1, 12)))', '((21, 2), ())', '((28, 7), ())', '((27, 1), ((28, 1),))']",[437 states],45,49,94
438,"((28, 2), ((28, 1),))","((28, 1), ((28, 1),))",North,"[(((28, 3), ((28, 1),)), 'North', 47, 47, 94)]","['((13, 8), ((1, 1),))', '((16, 12), ())', '((13, 10), ((1, 1),))', '((20, 7), ((1, 1), (1, 12)))', '((18, 5), ((1, 1),))', '((26, 10), ())', '((11, 7), ((1, 1), (1, 12)))', '((28, 7), ())', '((13, 4), ((1, 12),))', '((1, 7), ((1, 1), (1, 12)))', '((10, 6), ((1, 1), (1, 12)))', '((22, 5), ())', '((13, 1), ((1, 12),))', '((13, 2), ((1, 12),))', '((17, 6), ((1, 1), (1, 12)))', '((21, 2), ())', '((27, 1), ((28, 1),))']","['((28, 3), ((28, 1),))', '((13, 8), ((1, 1),))', '((13, 10), ((1, 1),))', '((16, 12), ())', '((18, 5), ((1, 1),))', '((26, 10), ())', '((11, 7), ((1, 1), (1, 12)))', '((28, 7), ())', '((20, 7), ((1, 1), (1, 12)))', '((1, 7), ((1, 1), (1, 12)))', '((10, 6), ((1, 1), (1, 12)))', '((22, 5), ())', '((13, 1), ((1, 12),))', '((13, 2), ((1, 12),))', '((17, 6), ((1, 1), (1, 12)))', '((21, 2), ())', '((27, 1), ((28, 1),))', '((13, 4), ((1, 12),))']",[438 states],46,48,94
439,"((28, 3), ((28, 1),))","((28, 2), ((28, 1),))",North,"[(((28, 4), ((28, 1),)), 'North', 48, 46, 94)]","['((13, 8), ((1, 1),))', '((16, 12), ())', '((13, 10), ((1, 1),))', '((20, 7), ((1, 1), (1, 12)))', '((18, 5), ((1, 1),))', '((26, 10), ())', '((11, 7), ((1, 1), (1, 12)))', '((28, 7), ())', '((13, 4), ((1, 12),))', '((1, 7), ((1, 1), (1, 12)))', '((10, 6), ((1, 1), (1, 12)))', '((22, 5), ())', '((13, 1), ((1, 12),))', '((13, 2), ((1, 12),))', '((17, 6), ((1, 1), (1, 12)))', '((21, 2), ())', '((27, 1), ((28, 1),))']","['((28, 4), ((28, 1),))', '((13, 8), ((1, 1),))', '((13, 10), ((1, 1),))', '((16, 12), ())', '((18, 5), ((1, 1),))', '((26, 10), ())', '((11, 7), ((1, 1), (1, 12)))', '((28, 7), ())', '((20, 7), ((1, 1), (1, 12)))', '((1, 7), ((1, 1), (1, 12)))', '((10, 6), ((1, 1), (1, 12)))', '((22, 5), ())', '((13, 1), ((1, 12),))', '((13, 2), ((1, 12),))', '((17, 6), ((1, 1), (1, 12)))', '((21, 2), ())', '((27, 1), ((28, 1),))', '((13, 4), ((1, 12),))']",[439 states],47,47,94
440,"((28, 4), ((28, 1),))","((28, 3), ((28, 1),))",North,"[(((28, 5), ((28, 1),)), 'North', 49, 45, 94)]","['((13, 8), ((1, 1),))', '((16, 12), ())', '((13, 10), ((1, 1),))', '((20, 7), ((1, 1), (1, 12)))', '((18, 5), ((1, 1),))', '((26, 10), ())', '((11, 7), ((1, 1), (1, 12)))', '((28, 7), ())', '((13, 4), ((1, 12),))', '((1, 7), ((1, 1), (1, 12)))', '((10, 6), ((1, 1), (1, 12)))', '((22, 5), ())', '((13, 1), ((1, 12),))', '((13, 2), ((1, 12),))', '((17, 6), ((1, 1), (1, 12)))', '((21, 2), ())', '((27, 1), ((28, 1),))']","['((28, 5), ((28, 1),))', '((13, 8), ((1, 1),))', '((13, 10), ((1, 1),))', '((16, 12), ())', '((18, 5), ((1, 1),))', '((26, 10), ())', '((11, 7), ((1, 1), (1, 12)))', '((28, 7), ())', '((20, 7), ((1, 1), (1, 12)))', '((1, 7), ((1, 1), (1, 12)))', '((10, 6), ((1, 1), (1, 12)))', '((22, 5), ())', '((13, 1), ((1, 12),))', '((13, 2), ((1, 12),))', '((17, 6), ((1, 1), (1, 12)))', '((21, 2), ())', '((27, 1), ((28, 1),))', '((13, 4), ((1, 12),))']",[440 states],48,46,94
441,"((28, 5), ((28, 1),))","((28, 4), ((28, 1),))",North,"[(((28, 6), ((28, 1),)), 'North', 50, 44, 94)]","['((13, 8), ((1, 1),))', '((16, 12), ())', '((13, 10), ((1, 1),))', '((20, 7), ((1, 1), (1, 12)))', '((18, 5), ((1, 1),))', '((26, 10), ())', '((11, 7), ((1, 1), (1, 12)))', '((28, 7), ())', '((13, 4), ((1, 12),))', '((1, 7), ((1, 1), (1, 12)))', '((10, 6), ((1, 1), (1, 12)))', '((22, 5), ())', '((13, 1), ((1, 12),))', '((13, 2), ((1, 12),))', '((17, 6), ((1, 1), (1, 12)))', '((21, 2), ())', '((27, 1), ((28, 1),))']","['((28, 6), ((28, 1),))', '((13, 8), ((1, 1),))', '((13, 10), ((1, 1),))', '((16, 12), ())', '((18, 5), ((1, 1),))', '((26, 10), ())', '((11, 7), ((1, 1), (1, 12)))', '((28, 7), ())', '((20, 7), ((1, 1), (1, 12)))', '((1, 7), ((1, 1), (1, 12)))', '((10, 6), ((1, 1), (1, 12)))', '((22, 5), ())', '((13, 1), ((1, 12),))', '((13, 2), ((1, 12),))', '((17, 6), ((1, 1), (1, 12)))', '((21, 2), ())', '((27, 1), ((28, 1),))', '((13, 4), ((1, 12),))']",[441 states],49,45,94
442,"((28, 6), ((28, 1),))","((28, 5), ((28, 1),))",North,"[(((28, 7), ((28, 1),)), 'North', 51, 43, 94), (((27, 6), ((28, 1),)), 'West', 51, 45, 96)]","['((13, 8), ((1, 1),))', '((16, 12), ())', '((13, 10), ((1, 1),))', '((20, 7), ((1, 1), (1, 12)))', '((18, 5), ((1, 1),))', '((26, 10), ())', '((11, 7), ((1, 1), (1, 12)))', '((28, 7), ())', '((13, 4), ((1, 12),))', '((1, 7), ((1, 1), (1, 12)))', '((10, 6), ((1, 1), (1, 12)))', '((22, 5), ())', '((13, 1), ((1, 12),))', '((13, 2), ((1, 12),))', '((17, 6), ((1, 1), (1, 12)))', '((21, 2), ())', '((27, 1), ((28, 1),))']","['((28, 7), ((28, 1),))', '((13, 8), ((1, 1),))', '((13, 10), ((1, 1),))', '((16, 12), ())', '((18, 5), ((1, 1),))', '((26, 10), ())', '((11, 7), ((1, 1), (1, 12)))', '((28, 7), ())', '((20, 7), ((1, 1), (1, 12)))', '((1, 7), ((1, 1), (1, 12)))', '((10, 6), ((1, 1), (1, 12)))', '((22, 5), ())', '((13, 1), ((1, 12),))', '((13, 2), ((1, 12),))', '((17, 6), ((1, 1), (1, 12)))', '((21, 2), ())', '((27, 1), ((28, 1),))', '((13, 4), ((1, 12),))', '((27, 6), ((28, 1),))']",[442 states],50,44,94
443,"((28, 7), ((28, 1),))","((28, 6), ((28, 1),))",North,"[(((28, 8), ((28, 1),)), 'North', 52, 42, 94)]","['((13, 8), ((1, 1),))', '((16, 12), ())', '((13, 10), ((1, 1),))', '((20, 7), ((1, 1), (1, 12)))', '((18, 5), ((1, 1),))', '((26, 10), ())', '((11, 7), ((1, 1), (1, 12)))', '((28, 7), ())', '((13, 4), ((1, 12),))', '((1, 7), ((1, 1), (1, 12)))', '((10, 6), ((1, 1), (1, 12)))', '((22, 5), ())', '((13, 1), ((1, 12),))', '((13, 2), ((1, 12),))', '((17, 6), ((1, 1), (1, 12)))', '((21, 2), ())', '((27, 1), ((28, 1),))', '((27, 6), ((28, 1),))']","['((28, 8), ((28, 1),))', '((13, 8), ((1, 1),))', '((13, 10), ((1, 1),))', '((16, 12), ())', '((18, 5), ((1, 1),))', '((26, 10), ())', '((11, 7), ((1, 1), (1, 12)))', '((28, 7), ())', '((20, 7), ((1, 1), (1, 12)))', '((1, 7), ((1, 1), (1, 12)))', '((10, 6), ((1, 1), (1, 12)))', '((22, 5), ())', '((13, 1), ((1, 12),))', '((13, 2), ((1, 12),))', '((17, 6), ((1, 1), (1, 12)))', '((21, 2), ())', '((27, 1), ((28, 1),))', '((27, 6), ((28, 1),))', '((13, 4), ((1, 12),))']",[443 states],51,43,94
444,"((28, 8), ((28, 1),))","((28, 7), ((28, 1),))",North,"[(((27, 8), ((28, 1),)), 'West', 53, 43, 96)]","['((13, 8), ((1, 1),))', '((16, 12), ())', '((13, 10), ((1, 1),))', '((20, 7), ((1, 1), (1, 12)))', '((18, 5), ((1, 1),))', '((26, 10), ())', '((11, 7), ((1, 1), (1, 12)))', '((28, 7), ())', '((13, 4), ((1, 12),))', '((1, 7), ((1, 1), (1, 12)))', '((10, 6), ((1, 1), (1, 12)))', '((22, 5), ())', '((13, 1), ((1, 12),))', '((13, 2), ((1, 12),))', '((17, 6), ((1, 1), (1, 12)))', '((21, 2), ())', '((27, 1), ((28, 1),))', '((27, 6), ((28, 1),))']","['((13, 8), ((1, 1),))', '((16, 12), ())', '((13, 10), ((1, 1),))', '((20, 7), ((1, 1), (1, 12)))', '((18, 5), ((1, 1),))', '((26, 10), ())', '((11, 7), ((1, 1), (1, 12)))', '((28, 7), ())', '((13, 4), ((1, 12),))', '((1, 7), ((1, 1), (1, 12)))', '((10, 6), ((1, 1), (1, 12)))', '((22, 5), ())', '((13, 1), ((1, 12),))', '((13, 2), ((1, 12),))', '((17, 6), ((1, 1), (1, 12)))', '((21, 2), ())', '((27, 1), ((28, 1),))', '((27, 6), ((28, 1),))', '((27, 8), ((28, 1),))']",[444 states],52,42,94
445,"((13, 8), ((1, 1),))","((12, 8), ((1, 1),))",East,[],"['((16, 12), ())', '((18, 5), ((1, 1),))', '((13, 10), ((1, 1),))', '((20, 7), ((1, 1), (1, 12)))', '((1, 7), ((1, 1), (1, 12)))', '((26, 10), ())', '((11, 7), ((1, 1), (1, 12)))', '((28, 7), ())', '((13, 4), ((1, 12),))', '((27, 8), ((28, 1),))', '((10, 6), ((1, 1), (1, 12)))', '((22, 5), ())', '((13, 1), ((1, 12),))', '((13, 2), ((1, 12),))', '((17, 6), ((1, 1), (1, 12)))', '((21, 2), ())', '((27, 1), ((28, 1),))', '((27, 6), ((28, 1),))']","['((16, 12), ())', '((18, 5), ((1, 1),))', '((13, 10), ((1, 1),))', '((20, 7), ((1, 1), (1, 12)))', '((1, 7), ((1, 1), (1, 12)))', '((26, 10), ())', '((11, 7), ((1, 1), (1, 12)))', '((28, 7), ())', '((13, 4), ((1, 12),))', '((27, 8), ((28, 1),))', '((10, 6), ((1, 1), (1, 12)))', '((22, 5), ())', '((13, 1), ((1, 12),))', '((13, 2), ((1, 12),))', '((17, 6), ((1, 1), (1, 12)))', '((21, 2), ())', '((27, 1), ((28, 1),))', '((27, 6), ((28, 1),))']",[445 states],41,54,95
446,"((16, 12), ())","((17, 12), ())",West,"[(((15, 12), ()), 'West', 35, 62, 97)]","['((13, 10), ((1, 1),))', '((18, 5), ((1, 1),))', '((26, 10), ())', '((20, 7), ((1, 1), (1, 12)))', '((1, 7), ((1, 1), (1, 12)))', '((22, 5), ())', '((11, 7), ((1, 1), (1, 12)))', '((28, 7), ())', '((13, 4), ((1, 12),))', '((27, 8), ((28, 1),))', '((10, 6), ((1, 1), (1, 12)))', '((27, 6), ((28, 1),))', '((13, 1), ((1, 12),))', '((13, 2), ((1, 12),))', '((17, 6), ((1, 1), (1, 12)))', '((21, 2), ())', '((27, 1), ((28, 1),))']","['((13, 10), ((1, 1),))', '((18, 5), ((1, 1),))', '((26, 10), ())', '((20, 7), ((1, 1), (1, 12)))', '((1, 7), ((1, 1), (1, 12)))', '((22, 5), ())', '((11, 7), ((1, 1), (1, 12)))', '((28, 7), ())', '((13, 4), ((1, 12),))', '((27, 8), ((28, 1),))', '((10, 6), ((1, 1), (1, 12)))', '((27, 6), ((28, 1),))', '((13, 1), ((1, 12),))', '((13, 2), ((1, 12),))', '((17, 6), ((1, 1), (1, 12)))', '((21, 2), ())', '((27, 1), ((28, 1),))', '((15, 12), ())']",[446 states],34,61,95
447,"((13, 10), ((1, 1),))","((12, 10), ((1, 1),))",East,"[(((14, 10), ((1, 1),)), 'East', 44, 53, 97)]","['((26, 10), ())', '((18, 5), ((1, 1),))', '((11, 7), ((1, 1), (1, 12)))', '((20, 7), ((1, 1), (1, 12)))', '((1, 7), ((1, 1), (1, 12)))', '((22, 5), ())', '((17, 6), ((1, 1), (1, 12)))', '((28, 7), ())', '((13, 4), ((1, 12),))', '((27, 8), ((28, 1),))', '((10, 6), ((1, 1), (1, 12)))', '((27, 6), ((28, 1),))', '((13, 1), ((1, 12),))', '((13, 2), ((1, 12),))', '((15, 12), ())', '((21, 2), ())', '((27, 1), ((28, 1),))']","['((26, 10), ())', '((18, 5), ((1, 1),))', '((11, 7), ((1, 1), (1, 12)))', '((20, 7), ((1, 1), (1, 12)))', '((1, 7), ((1, 1), (1, 12)))', '((22, 5), ())', '((17, 6), ((1, 1), (1, 12)))', '((28, 7), ())', '((13, 4), ((1, 12),))', '((27, 8), ((28, 1),))', '((10, 6), ((1, 1), (1, 12)))', '((27, 6), ((28, 1),))', '((13, 1), ((1, 12),))', '((13, 2), ((1, 12),))', '((15, 12), ())', '((21, 2), ())', '((27, 1), ((28, 1),))', '((14, 10), ((1, 1),))']",[447 states],43,52,95
448,"((26, 10), ())","((26, 11), ())",South,"[(((27, 10), ()), 'East', 43, 52, 95), (((26, 9), ()), 'South', 43, 54, 97)]","['((18, 5), ((1, 1),))', '((1, 7), ((1, 1), (1, 12)))', '((11, 7), ((1, 1), (1, 12)))', '((20, 7), ((1, 1), (1, 12)))', '((10, 6), ((1, 1), (1, 12)))', '((22, 5), ())', '((17, 6), ((1, 1), (1, 12)))', '((28, 7), ())', '((13, 4), ((1, 12),))', '((27, 8), ((28, 1),))', '((14, 10), ((1, 1),))', '((27, 6), ((28, 1),))', '((13, 1), ((1, 12),))', '((13, 2), ((1, 12),))', '((15, 12), ())', '((21, 2), ())', '((27, 1), ((28, 1),))']","['((18, 5), ((1, 1),))', '((1, 7), ((1, 1), (1, 12)))', '((11, 7), ((1, 1), (1, 12)))', '((20, 7), ((1, 1), (1, 12)))', '((10, 6), ((1, 1), (1, 12)))', '((22, 5), ())', '((17, 6), ((1, 1), (1, 12)))', '((28, 7), ())', '((27, 10), ())', '((27, 8), ((28, 1),))', '((14, 10), ((1, 1),))', '((27, 6), ((28, 1),))', '((13, 1), ((1, 12),))', '((13, 2), ((1, 12),))', '((15, 12), ())', '((21, 2), ())', '((27, 1), ((28, 1),))', '((13, 4), ((1, 12),))', '((26, 9), ())']",[448 states],42,53,95
449,"((18, 5), ((1, 1),))","((18, 4), ((1, 1),))",North,"[(((18, 6), ((1, 1),)), 'North', 44, 53, 97)]","['((1, 7), ((1, 1), (1, 12)))', '((20, 7), ((1, 1), (1, 12)))', '((11, 7), ((1, 1), (1, 12)))', '((28, 7), ())', '((10, 6), ((1, 1), (1, 12)))', '((22, 5), ())', '((17, 6), ((1, 1), (1, 12)))', '((21, 2), ())', '((27, 10), ())', '((27, 8), ((28, 1),))', '((14, 10), ((1, 1),))', '((27, 6), ((28, 1),))', '((13, 1), ((1, 12),))', '((13, 2), ((1, 12),))', '((15, 12), ())', '((26, 9), ())', '((27, 1), ((28, 1),))', '((13, 4), ((1, 12),))']","['((1, 7), ((1, 1), (1, 12)))', '((20, 7), ((1, 1), (1, 12)))', '((11, 7), ((1, 1), (1, 12)))', '((28, 7), ())', '((10, 6), ((1, 1), (1, 12)))', '((22, 5), ())', '((17, 6), ((1, 1), (1, 12)))', '((21, 2), ())', '((27, 10), ())', '((27, 8), ((28, 1),))', '((14, 10), ((1, 1),))', '((27, 6), ((28, 1),))', '((13, 1), ((1, 12),))', '((13, 2), ((1, 12),))', '((15, 12), ())', '((26, 9), ())', '((27, 1), ((28, 1),))', '((13, 4), ((1, 12),))', '((18, 6), ((1, 1),))']",[449 states],43,52,95
450,"((1, 7), ((1, 1), (1, 12)))","((1, 6), ((1, 1), (1, 12)))",North,"[(((1, 8), ((1, 1), (1, 12))), 'North', 53, 42, 95)]","['((11, 7), ((1, 1), (1, 12)))', '((20, 7), ((1, 1), (1, 12)))', '((17, 6), ((1, 1), (1, 12)))', '((28, 7), ())', '((10, 6), ((1, 1), (1, 12)))', '((22, 5), ())', '((13, 2), ((1, 12),))', '((21, 2), ())', '((27, 10), ())', '((27, 8), ((28, 1),))', '((14, 10), ((1, 1),))', '((27, 6), ((28, 1),))', '((13, 1), ((1, 12),))', '((18, 6), ((1, 1),))', '((15, 12), ())', '((26, 9), ())', '((27, 1), ((28, 1),))', '((13, 4), ((1, 12),))']","['((11, 7), ((1, 1), (1, 12)))', '((20, 7), ((1, 1), (1, 12)))', '((17, 6), ((1, 1), (1, 12)))', '((28, 7), ())', '((10, 6), ((1, 1), (1, 12)))', '((22, 5), ())', '((13, 2), ((1, 12),))', '((21, 2), ())', '((27, 10), ())', '((27, 8), ((28, 1),))', '((14, 10), ((1, 1),))', '((27, 6), ((28, 1),))', '((13, 1), ((1, 12),))', '((18, 6), ((1, 1),))', '((15, 12), ())', '((26, 9), ())', '((27, 1), ((28, 1),))', '((13, 4), ((1, 12),))', '((1, 8), ((1, 1), (1, 12)))']",[450 states],52,43,95
451,"((11, 7), ((1, 1), (1, 12)))","((11, 6), ((1, 1), (1, 12)))",North,"[(((11, 8), ((1, 1), (1, 12))), 'North', 63, 32, 95)]","['((20, 7), ((1, 1), (1, 12)))', '((28, 7), ())', '((17, 6), ((1, 1), (1, 12)))', '((27, 10), ())', '((10, 6), ((1, 1), (1, 12)))', '((22, 5), ())', '((13, 2), ((1, 12),))', '((21, 2), ())', '((1, 8), ((1, 1), (1, 12)))', '((27, 8), ((28, 1),))', '((14, 10), ((1, 1),))', '((27, 6), ((28, 1),))', '((13, 1), ((1, 12),))', '((18, 6), ((1, 1),))', '((15, 12), ())', '((26, 9), ())', '((27, 1), ((28, 1),))', '((13, 4), ((1, 12),))']","['((20, 7), ((1, 1), (1, 12)))', '((28, 7), ())', '((17, 6), ((1, 1), (1, 12)))', '((27, 10), ())', '((10, 6), ((1, 1), (1, 12)))', '((22, 5), ())', '((13, 2), ((1, 12),))', '((21, 2), ())', '((1, 8), ((1, 1), (1, 12)))', '((27, 8), ((28, 1),))', '((14, 10), ((1, 1),))', '((27, 6), ((28, 1),))', '((13, 1), ((1, 12),))', '((18, 6), ((1, 1),))', '((15, 12), ())', '((26, 9), ())', '((27, 1), ((28, 1),))', '((13, 4), ((1, 12),))', '((11, 8), ((1, 1), (1, 12)))']",[451 states],62,33,95
452,"((20, 7), ((1, 1), (1, 12)))","((20, 6), ((1, 1), (1, 12)))",North,"[(((20, 8), ((1, 1), (1, 12))), 'North', 72, 23, 95)]","['((28, 7), ())', '((27, 10), ())', '((17, 6), ((1, 1), (1, 12)))', '((1, 8), ((1, 1), (1, 12)))', '((10, 6), ((1, 1), (1, 12)))', '((22, 5), ())', '((13, 2), ((1, 12),))', '((21, 2), ())', '((11, 8), ((1, 1), (1, 12)))', '((27, 8), ((28, 1),))', '((14, 10), ((1, 1),))', '((27, 6), ((28, 1),))', '((13, 1), ((1, 12),))', '((18, 6), ((1, 1),))', '((15, 12), ())', '((26, 9), ())', '((27, 1), ((28, 1),))', '((13, 4), ((1, 12),))']","['((28, 7), ())', '((27, 10), ())', '((17, 6), ((1, 1), (1, 12)))', '((1, 8), ((1, 1), (1, 12)))', '((10, 6), ((1, 1), (1, 12)))', '((22, 5), ())', '((13, 2), ((1, 12),))', '((21, 2), ())', '((11, 8), ((1, 1), (1, 12)))', '((27, 8), ((28, 1),))', '((14, 10), ((1, 1),))', '((27, 6), ((28, 1),))', '((13, 1), ((1, 12),))', '((18, 6), ((1, 1),))', '((15, 12), ())', '((26, 9), ())', '((27, 1), ((28, 1),))', '((13, 4), ((1, 12),))', '((20, 8), ((1, 1), (1, 12)))']",[452 states],71,24,95
453,"((28, 7), ())","((28, 6), ())",North,"[(((28, 8), ()), 'North', 42, 53, 95)]","['((27, 10), ())', '((1, 8), ((1, 1), (1, 12)))', '((17, 6), ((1, 1), (1, 12)))', '((11, 8), ((1, 1), (1, 12)))', '((10, 6), ((1, 1), (1, 12)))', '((22, 5), ())', '((13, 2), ((1, 12),))', '((21, 2), ())', '((20, 8), ((1, 1), (1, 12)))', '((27, 8), ((28, 1),))', '((14, 10), ((1, 1),))', '((27, 6), ((28, 1),))', '((13, 1), ((1, 12),))', '((18, 6), ((1, 1),))', '((15, 12), ())', '((26, 9), ())', '((27, 1), ((28, 1),))', '((13, 4), ((1, 12),))']","['((27, 10), ())', '((1, 8), ((1, 1), (1, 12)))', '((17, 6), ((1, 1), (1, 12)))', '((11, 8), ((1, 1), (1, 12)))', '((10, 6), ((1, 1), (1, 12)))', '((22, 5), ())', '((13, 2), ((1, 12),))', '((21, 2), ())', '((20, 8), ((1, 1), (1, 12)))', '((27, 8), ((28, 1),))', '((14, 10), ((1, 1),))', '((27, 6), ((28, 1),))', '((13, 1), ((1, 12),))', '((18, 6), ((1, 1),))', '((15, 12), ())', '((26, 9), ())', '((27, 1), ((28, 1),))', '((13, 4), ((1, 12),))', '((28, 8), ())']",[453 states],41,54,95
454,"((27, 10), ())","((26, 10), ())",East,"[(((28, 10), ()), 'East', 44, 51, 95)]","['((1, 8), ((1, 1), (1, 12)))', '((11, 8), ((1, 1), (1, 12)))', '((17, 6), ((1, 1), (1, 12)))', '((20, 8), ((1, 1), (1, 12)))', '((10, 6), ((1, 1), (1, 12)))', '((22, 5), ())', '((13, 2), ((1, 12),))', '((21, 2), ())', '((28, 8), ())', '((27, 8), ((28, 1),))', '((14, 10), ((1, 1),))', '((27, 6), ((28, 1),))', '((13, 1), ((1, 12),))', '((18, 6), ((1, 1),))', '((15, 12), ())', '((26, 9), ())', '((27, 1), ((28, 1),))', '((13, 4), ((1, 12),))']","['((1, 8), ((1, 1), (1, 12)))', '((11, 8), ((1, 1), (1, 12)))', '((17, 6), ((1, 1), (1, 12)))', '((20, 8), ((1, 1), (1, 12)))', '((10, 6), ((1, 1), (1, 12)))', '((22, 5), ())', '((13, 2), ((1, 12),))', '((21, 2), ())', '((28, 8), ())', '((27, 8), ((28, 1),))', '((14, 10), ((1, 1),))', '((27, 6), ((28, 1),))', '((13, 1), ((1, 12),))', '((18, 6), ((1, 1),))', '((15, 12), ())', '((26, 9), ())', '((27, 1), ((28, 1),))', '((13, 4), ((1, 12),))', '((28, 10), ())']",[454 states],43,52,95
455,"((1, 8), ((1, 1), (1, 12)))","((1, 7), ((1, 1), (1, 12)))",North,"[(((2, 8), ((1, 1), (1, 12))), 'East', 54, 41, 95)]","['((11, 8), ((1, 1), (1, 12)))', '((20, 8), ((1, 1), (1, 12)))', '((17, 6), ((1, 1), (1, 12)))', '((28, 8), ())', '((10, 6), ((1, 1), (1, 12)))', '((22, 5), ())', '((13, 2), ((1, 12),))', '((21, 2), ())', '((28, 10), ())', '((27, 8), ((28, 1),))', '((14, 10), ((1, 1),))', '((27, 6), ((28, 1),))', '((13, 1), ((1, 12),))', '((18, 6), ((1, 1),))', '((15, 12), ())', '((26, 9), ())', '((27, 1), ((28, 1),))', '((13, 4), ((1, 12),))']","['((11, 8), ((1, 1), (1, 12)))', '((20, 8), ((1, 1), (1, 12)))', '((17, 6), ((1, 1), (1, 12)))', '((28, 8), ())', '((10, 6), ((1, 1), (1, 12)))', '((22, 5), ())', '((13, 2), ((1, 12),))', '((21, 2), ())', '((28, 10), ())', '((27, 8), ((28, 1),))', '((14, 10), ((1, 1),))', '((27, 6), ((28, 1),))', '((13, 1), ((1, 12),))', '((18, 6), ((1, 1),))', '((15, 12), ())', '((26, 9), ())', '((27, 1), ((28, 1),))', '((13, 4), ((1, 12),))', '((2, 8), ((1, 1), (1, 12)))']",[455 states],53,42,95
456,"((11, 8), ((1, 1), (1, 12)))","((11, 7), ((1, 1), (1, 12)))",North,"[(((11, 9), ((1, 1), (1, 12))), 'North', 64, 31, 95), (((12, 8), ((1, 1), (1, 12))), 'East', 64, 31, 95)]","['((20, 8), ((1, 1), (1, 12)))', '((28, 8), ())', '((17, 6), ((1, 1), (1, 12)))', '((28, 10), ())', '((10, 6), ((1, 1), (1, 12)))', '((22, 5), ())', '((13, 2), ((1, 12),))', '((21, 2), ())', '((2, 8), ((1, 1), (1, 12)))', '((27, 8), ((28, 1),))', '((14, 10), ((1, 1),))', '((27, 6), ((28, 1),))', '((13, 1), ((1, 12),))', '((18, 6), ((1, 1),))', '((15, 12), ())', '((26, 9), ())', '((27, 1), ((28, 1),))', '((13, 4), ((1, 12),))']","['((20, 8), ((1, 1), (1, 12)))', '((28, 8), ())', '((17, 6), ((1, 1), (1, 12)))', '((28, 10), ())', '((12, 8), ((1, 1), (1, 12)))', '((22, 5), ())', '((13, 2), ((1, 12),))', '((21, 2), ())', '((2, 8), ((1, 1), (1, 12)))', '((10, 6), ((1, 1), (1, 12)))', '((14, 10), ((1, 1),))', '((27, 6), ((28, 1),))', '((13, 1), ((1, 12),))', '((18, 6), ((1, 1),))', '((15, 12), ())', '((26, 9), ())', '((27, 1), ((28, 1),))', '((13, 4), ((1, 12),))', '((11, 9), ((1, 1), (1, 12)))', '((27, 8), ((28, 1),))']",[456 states],63,32,95
457,"((20, 8), ((1, 1), (1, 12)))","((20, 7), ((1, 1), (1, 12)))",North,"[(((21, 8), ((1, 1), (1, 12))), 'East', 73, 22, 95)]","['((28, 8), ())', '((28, 10), ())', '((17, 6), ((1, 1), (1, 12)))', '((2, 8), ((1, 1), (1, 12)))', '((12, 8), ((1, 1), (1, 12)))', '((22, 5), ())', '((13, 2), ((1, 12),))', '((21, 2), ())', '((11, 9), ((1, 1), (1, 12)))', '((10, 6), ((1, 1), (1, 12)))', '((14, 10), ((1, 1),))', '((27, 6), ((28, 1),))', '((13, 1), ((1, 12),))', '((18, 6), ((1, 1),))', '((15, 12), ())', '((26, 9), ())', '((27, 1), ((28, 1),))', '((13, 4), ((1, 12),))', '((27, 8), ((28, 1),))']","['((28, 8), ())', '((28, 10), ())', '((17, 6), ((1, 1), (1, 12)))', '((2, 8), ((1, 1), (1, 12)))', '((12, 8), ((1, 1), (1, 12)))', '((22, 5), ())', '((13, 2), ((1, 12),))', '((21, 2), ())', '((11, 9), ((1, 1), (1, 12)))', '((21, 8), ((1, 1), (1, 12)))', '((14, 10), ((1, 1),))', '((27, 6), ((28, 1),))', '((13, 1), ((1, 12),))', '((18, 6), ((1, 1),))', '((15, 12), ())', '((26, 9), ())', '((27, 1), ((28, 1),))', '((13, 4), ((1, 12),))', '((27, 8), ((28, 1),))', '((10, 6), ((1, 1), (1, 12)))']",[457 states],72,23,95
458,"((28, 8), ())","((28, 7), ())",North,"[(((27, 8), ()), 'West', 43, 54, 97)]","['((28, 10), ())', '((2, 8), ((1, 1), (1, 12)))', '((17, 6), ((1, 1), (1, 12)))', '((11, 9), ((1, 1), (1, 12)))', '((12, 8), ((1, 1), (1, 12)))', '((22, 5), ())', '((13, 2), ((1, 12),))', '((21, 2), ())', '((13, 4), ((1, 12),))', '((21, 8), ((1, 1), (1, 12)))', '((14, 10), ((1, 1),))', '((27, 6), ((28, 1),))', '((13, 1), ((1, 12),))', '((18, 6), ((1, 1),))', '((15, 12), ())', '((26, 9), ())', '((27, 1), ((28, 1),))', '((10, 6), ((1, 1), (1, 12)))', '((27, 8), ((28, 1),))']","['((28, 10), ())', '((2, 8), ((1, 1), (1, 12)))', '((17, 6), ((1, 1), (1, 12)))', '((11, 9), ((1, 1), (1, 12)))', '((12, 8), ((1, 1), (1, 12)))', '((22, 5), ())', '((13, 2), ((1, 12),))', '((21, 2), ())', '((13, 4), ((1, 12),))', '((21, 8), ((1, 1), (1, 12)))', '((14, 10), ((1, 1),))', '((27, 6), ((28, 1),))', '((13, 1), ((1, 12),))', '((18, 6), ((1, 1),))', '((15, 12), ())', '((26, 9), ())', '((27, 1), ((28, 1),))', '((10, 6), ((1, 1), (1, 12)))', '((27, 8), ((28, 1),))', '((27, 8), ())']",[458 states],42,53,95
459,"((28, 10), ())","((27, 10), ())",East,"[(((28, 11), ()), 'North', 45, 50, 95)]","['((2, 8), ((1, 1), (1, 12)))', '((11, 9), ((1, 1), (1, 12)))', '((17, 6), ((1, 1), (1, 12)))', '((13, 4), ((1, 12),))', '((12, 8), ((1, 1), (1, 12)))', '((22, 5), ())', '((13, 2), ((1, 12),))', '((21, 2), ())', '((10, 6), ((1, 1), (1, 12)))', '((21, 8), ((1, 1), (1, 12)))', '((14, 10), ((1, 1),))', '((27, 6), ((28, 1),))', '((13, 1), ((1, 12),))', '((18, 6), ((1, 1),))', '((15, 12), ())', '((26, 9), ())', '((27, 1), ((28, 1),))', '((27, 8), ())', '((27, 8), ((28, 1),))']","['((2, 8), ((1, 1), (1, 12)))', '((11, 9), ((1, 1), (1, 12)))', '((17, 6), ((1, 1), (1, 12)))', '((13, 4), ((1, 12),))', '((12, 8), ((1, 1), (1, 12)))', '((22, 5), ())', '((13, 2), ((1, 12),))', '((21, 2), ())', '((10, 6), ((1, 1), (1, 12)))', '((21, 8), ((1, 1), (1, 12)))', '((14, 10), ((1, 1),))', '((27, 6), ((28, 1),))', '((13, 1), ((1, 12),))', '((18, 6), ((1, 1),))', '((15, 12), ())', '((26, 9), ())', '((27, 1), ((28, 1),))', '((27, 8), ())', '((27, 8), ((28, 1),))', '((28, 11), ())']",[459 states],44,51,95
460,"((2, 8), ((1, 1), (1, 12)))","((1, 8), ((1, 1), (1, 12)))",East,"[(((3, 8), ((1, 1), (1, 12))), 'East', 55, 40, 95)]","['((11, 9), ((1, 1), (1, 12)))', '((12, 8), ((1, 1), (1, 12)))', '((17, 6), ((1, 1), (1, 12)))', '((13, 4), ((1, 12),))', '((21, 8), ((1, 1), (1, 12)))', '((22, 5), ())', '((13, 2), ((1, 12),))', '((21, 2), ())', '((10, 6), ((1, 1), (1, 12)))', '((28, 11), ())', '((14, 10), ((1, 1),))', '((27, 6), ((28, 1),))', '((13, 1), ((1, 12),))', '((18, 6), ((1, 1),))', '((15, 12), ())', '((26, 9), ())', '((27, 1), ((28, 1),))', '((27, 8), ())', '((27, 8), ((28, 1),))']","['((11, 9), ((1, 1), (1, 12)))', '((12, 8), ((1, 1), (1, 12)))', '((17, 6), ((1, 1), (1, 12)))', '((13, 4), ((1, 12),))', '((21, 8), ((1, 1), (1, 12)))', '((22, 5), ())', '((13, 2), ((1, 12),))', '((21, 2), ())', '((10, 6), ((1, 1), (1, 12)))', '((28, 11), ())', '((14, 10), ((1, 1),))', '((27, 6), ((28, 1),))', '((13, 1), ((1, 12),))', '((18, 6), ((1, 1),))', '((15, 12), ())', '((26, 9), ())', '((27, 1), ((28, 1),))', '((27, 8), ())', '((27, 8), ((28, 1),))', '((3, 8), ((1, 1), (1, 12)))']",[460 states],54,41,95
461,"((11, 9), ((1, 1), (1, 12)))","((11, 8), ((1, 1), (1, 12)))",North,"[(((11, 10), ((1, 1), (1, 12))), 'North', 65, 30, 95)]","['((12, 8), ((1, 1), (1, 12)))', '((21, 8), ((1, 1), (1, 12)))', '((17, 6), ((1, 1), (1, 12)))', '((13, 4), ((1, 12),))', '((28, 11), ())', '((22, 5), ())', '((13, 2), ((1, 12),))', '((21, 2), ())', '((10, 6), ((1, 1), (1, 12)))', '((3, 8), ((1, 1), (1, 12)))', '((14, 10), ((1, 1),))', '((27, 6), ((28, 1),))', '((13, 1), ((1, 12),))', '((18, 6), ((1, 1),))', '((15, 12), ())', '((26, 9), ())', '((27, 1), ((28, 1),))', '((27, 8), ())', '((27, 8), ((28, 1),))']","['((12, 8), ((1, 1), (1, 12)))', '((21, 8), ((1, 1), (1, 12)))', '((17, 6), ((1, 1), (1, 12)))', '((13, 4), ((1, 12),))', '((28, 11), ())', '((22, 5), ())', '((13, 2), ((1, 12),))', '((21, 2), ())', '((10, 6), ((1, 1), (1, 12)))', '((3, 8), ((1, 1), (1, 12)))', '((14, 10), ((1, 1),))', '((27, 6), ((28, 1),))', '((13, 1), ((1, 12),))', '((18, 6), ((1, 1),))', '((15, 12), ())', '((26, 9), ())', '((27, 1), ((28, 1),))', '((27, 8), ())', '((27, 8), ((28, 1),))', '((11, 10), ((1, 1), (1, 12)))']",[461 states],64,31,95
462,"((12, 8), ((1, 1), (1, 12)))","((11, 8), ((1, 1), (1, 12)))",East,"[(((13, 8), ((1, 1), (1, 12))), 'East', 65, 30, 95)]","['((21, 8), ((1, 1), (1, 12)))', '((28, 11), ())', '((17, 6), ((1, 1), (1, 12)))', '((13, 4), ((1, 12),))', '((3, 8), ((1, 1), (1, 12)))', '((22, 5), ())', '((13, 2), ((1, 12),))', '((21, 2), ())', '((10, 6), ((1, 1), (1, 12)))', '((11, 10), ((1, 1), (1, 12)))', '((14, 10), ((1, 1),))', '((27, 6), ((28, 1),))', '((13, 1), ((1, 12),))', '((18, 6), ((1, 1),))', '((15, 12), ())', '((26, 9), ())', '((27, 1), ((28, 1),))', '((27, 8), ())', '((27, 8), ((28, 1),))']","['((21, 8), ((1, 1), (1, 12)))', '((28, 11), ())', '((17, 6), ((1, 1), (1, 12)))', '((13, 4), ((1, 12),))', '((3, 8), ((1, 1), (1, 12)))', '((22, 5), ())', '((13, 2), ((1, 12),))', '((21, 2), ())', '((10, 6), ((1, 1), (1, 12)))', '((11, 10), ((1, 1), (1, 12)))', '((14, 10), ((1, 1),))', '((27, 6), ((28, 1),))', '((13, 1), ((1, 12),))', '((18, 6), ((1, 1),))', '((15, 12), ())', '((26, 9), ())', '((27, 1), ((28, 1),))', '((27, 8), ())', '((27, 8), ((28, 1),))', '((13, 8), ((1, 1), (1, 12)))']",[462 states],64,31,95
463,"((21, 8), ((1, 1), (1, 12)))","((20, 8), ((1, 1), (1, 12)))",East,"[(((22, 8), ((1, 1), (1, 12))), 'East', 74, 21, 95)]","['((28, 11), ())', '((3, 8), ((1, 1), (1, 12)))', '((17, 6), ((1, 1), (1, 12)))', '((13, 4), ((1, 12),))', '((11, 10), ((1, 1), (1, 12)))', '((22, 5), ())', '((13, 2), ((1, 12),))', '((21, 2), ())', '((10, 6), ((1, 1), (1, 12)))', '((13, 8), ((1, 1), (1, 12)))', '((14, 10), ((1, 1),))', '((27, 6), ((28, 1),))', '((13, 1), ((1, 12),))', '((18, 6), ((1, 1),))', '((15, 12), ())', '((26, 9), ())', '((27, 1), ((28, 1),))', '((27, 8), ())', '((27, 8), ((28, 1),))']","['((28, 11), ())', '((3, 8), ((1, 1), (1, 12)))', '((17, 6), ((1, 1), (1, 12)))', '((13, 4), ((1, 12),))', '((11, 10), ((1, 1), (1, 12)))', '((22, 5), ())', '((13, 2), ((1, 12),))', '((21, 2), ())', '((10, 6), ((1, 1), (1, 12)))', '((13, 8), ((1, 1), (1, 12)))', '((14, 10), ((1, 1),))', '((27, 6), ((28, 1),))', '((13, 1), ((1, 12),))', '((18, 6), ((1, 1),))', '((15, 12), ())', '((26, 9), ())', '((27, 1), ((28, 1),))', '((27, 8), ())', '((27, 8), ((28, 1),))', '((22, 8), ((1, 1), (1, 12)))']",[463 states],73,22,95
464,"((28, 11), ())","((28, 10), ())",North,"[(((28, 12), ((28, 12),)), 'North', 46, 49, 95)]","['((3, 8), ((1, 1), (1, 12)))', '((11, 10), ((1, 1), (1, 12)))', '((17, 6), ((1, 1), (1, 12)))', '((13, 4), ((1, 12),))', '((13, 8), ((1, 1), (1, 12)))', '((22, 5), ())', '((13, 2), ((1, 12),))', '((21, 2), ())', '((10, 6), ((1, 1), (1, 12)))', '((22, 8), ((1, 1), (1, 12)))', '((14, 10), ((1, 1),))', '((27, 6), ((28, 1),))', '((13, 1), ((1, 12),))', '((18, 6), ((1, 1),))', '((15, 12), ())', '((26, 9), ())', '((27, 1), ((28, 1),))', '((27, 8), ())', '((27, 8), ((28, 1),))']","['((3, 8), ((1, 1), (1, 12)))', '((11, 10), ((1, 1), (1, 12)))', '((17, 6), ((1, 1), (1, 12)))', '((13, 4), ((1, 12),))', '((13, 8), ((1, 1), (1, 12)))', '((22, 5), ())', '((13, 2), ((1, 12),))', '((21, 2), ())', '((10, 6), ((1, 1), (1, 12)))', '((22, 8), ((1, 1), (1, 12)))', '((14, 10), ((1, 1),))', '((27, 6), ((28, 1),))', '((13, 1), ((1, 12),))', '((18, 6), ((1, 1),))', '((15, 12), ())', '((26, 9), ())', '((27, 1), ((28, 1),))', '((27, 8), ())', '((27, 8), ((28, 1),))', '((28, 12), ((28, 12),))']",[464 states],45,50,95
465,"((3, 8), ((1, 1), (1, 12)))","((2, 8), ((1, 1), (1, 12)))",East,[],"['((11, 10), ((1, 1), (1, 12)))', '((13, 8), ((1, 1), (1, 12)))', '((17, 6), ((1, 1), (1, 12)))', '((13, 4), ((1, 12),))', '((22, 8), ((1, 1), (1, 12)))', '((22, 5), ())', '((13, 2), ((1, 12),))', '((21, 2), ())', '((10, 6), ((1, 1), (1, 12)))', '((28, 12), ((28, 12),))', '((14, 10), ((1, 1),))', '((27, 6), ((28, 1),))', '((13, 1), ((1, 12),))', '((18, 6), ((1, 1),))', '((15, 12), ())', '((26, 9), ())', '((27, 1), ((28, 1),))', '((27, 8), ())', '((27, 8), ((28, 1),))']","['((11, 10), ((1, 1), (1, 12)))', '((13, 8), ((1, 1), (1, 12)))', '((17, 6), ((1, 1), (1, 12)))', '((13, 4), ((1, 12),))', '((22, 8), ((1, 1), (1, 12)))', '((22, 5), ())', '((13, 2), ((1, 12),))', '((21, 2), ())', '((10, 6), ((1, 1), (1, 12)))', '((28, 12), ((28, 12),))', '((14, 10), ((1, 1),))', '((27, 6), ((28, 1),))', '((13, 1), ((1, 12),))', '((18, 6), ((1, 1),))', '((15, 12), ())', '((26, 9), ())', '((27, 1), ((28, 1),))', '((27, 8), ())', '((27, 8), ((28, 1),))']",[465 states],55,40,95
466,"((11, 10), ((1, 1), (1, 12)))","((11, 9), ((1, 1), (1, 12)))",North,"[(((11, 11), ((1, 1), (1, 12))), 'North', 66, 29, 95), (((12, 10), ((1, 1), (1, 12))), 'East', 66, 29, 95), (((10, 10), ((1, 1), (1, 12))), 'West', 66, 31, 97)]","['((13, 8), ((1, 1), (1, 12)))', '((22, 8), ((1, 1), (1, 12)))', '((17, 6), ((1, 1), (1, 12)))', '((13, 4), ((1, 12),))', '((28, 12), ((28, 12),))', '((22, 5), ())', '((13, 2), ((1, 12),))', '((21, 2), ())', '((10, 6), ((1, 1), (1, 12)))', '((27, 8), ((28, 1),))', '((14, 10), ((1, 1),))', '((27, 6), ((28, 1),))', '((13, 1), ((1, 12),))', '((18, 6), ((1, 1),))', '((15, 12), ())', '((26, 9), ())', '((27, 1), ((28, 1),))', '((27, 8), ())']","['((13, 8), ((1, 1), (1, 12)))', '((22, 8), ((1, 1), (1, 12)))', '((17, 6), ((1, 1), (1, 12)))', '((11, 11), ((1, 1), (1, 12)))', '((28, 12), ((28, 12),))', '((22, 5), ())', '((13, 2), ((1, 12),))', '((21, 2), ())', '((13, 4), ((1, 12),))', '((12, 10), ((1, 1), (1, 12)))', '((14, 10), ((1, 1),))', '((27, 6), ((28, 1),))', '((13, 1), ((1, 12),))', '((18, 6), ((1, 1),))', '((15, 12), ())', '((26, 9), ())', '((27, 1), ((28, 1),))', '((27, 8), ())', '((10, 6), ((1, 1), (1, 12)))', '((27, 8), ((28, 1),))', '((10, 10), ((1, 1), (1, 12)))']",[466 states],65,30,95
467,"((13, 8), ((1, 1), (1, 12)))","((12, 8), ((1, 1), (1, 12)))",East,[],"['((22, 8), ((1, 1), (1, 12)))', '((28, 12), ((28, 12),))', '((17, 6), ((1, 1), (1, 12)))', '((11, 11), ((1, 1), (1, 12)))', '((12, 10), ((1, 1), (1, 12)))', '((22, 5), ())', '((13, 2), ((1, 12),))', '((21, 2), ())', '((13, 4), ((1, 12),))', '((27, 8), ((28, 1),))', '((14, 10), ((1, 1),))', '((27, 6), ((28, 1),))', '((13, 1), ((1, 12),))', '((18, 6), ((1, 1),))', '((15, 12), ())', '((26, 9), ())', '((27, 1), ((28, 1),))', '((27, 8), ())', '((10, 6), ((1, 1), (1, 12)))', '((10, 10), ((1, 1), (1, 12)))']","['((22, 8), ((1, 1), (1, 12)))', '((28, 12), ((28, 12),))', '((17, 6), ((1, 1), (1, 12)))', '((11, 11), ((1, 1), (1, 12)))', '((12, 10), ((1, 1), (1, 12)))', '((22, 5), ())', '((13, 2), ((1, 12),))', '((21, 2), ())', '((13, 4), ((1, 12),))', '((27, 8), ((28, 1),))', '((14, 10), ((1, 1),))', '((27, 6), ((28, 1),))', '((13, 1), ((1, 12),))', '((18, 6), ((1, 1),))', '((15, 12), ())', '((26, 9), ())', '((27, 1), ((28, 1),))', '((27, 8), ())', '((10, 6), ((1, 1), (1, 12)))', '((10, 10), ((1, 1), (1, 12)))']",[467 states],65,30,95
468,"((22, 8), ((1, 1), (1, 12)))","((21, 8), ((1, 1), (1, 12)))",East,"[(((23, 8), ((1, 1), (1, 12))), 'East', 75, 20, 95)]","['((28, 12), ((28, 12),))', '((11, 11), ((1, 1), (1, 12)))', '((17, 6), ((1, 1), (1, 12)))', '((13, 4), ((1, 12),))', '((12, 10), ((1, 1), (1, 12)))', '((22, 5), ())', '((13, 2), ((1, 12),))', '((21, 2), ())', '((10, 6), ((1, 1), (1, 12)))', '((27, 8), ((28, 1),))', '((14, 10), ((1, 1),))', '((27, 6), ((28, 1),))', '((13, 1), ((1, 12),))', '((18, 6), ((1, 1),))', '((15, 12), ())', '((26, 9), ())', '((27, 1), ((28, 1),))', '((27, 8), ())', '((10, 10), ((1, 1), (1, 12)))']","['((28, 12), ((28, 12),))', '((11, 11), ((1, 1), (1, 12)))', '((17, 6), ((1, 1), (1, 12)))', '((13, 4), ((1, 12),))', '((12, 10), ((1, 1), (1, 12)))', '((22, 5), ())', '((13, 2), ((1, 12),))', '((21, 2), ())', '((10, 6), ((1, 1), (1, 12)))', '((23, 8), ((1, 1), (1, 12)))', '((14, 10), ((1, 1),))', '((27, 6), ((28, 1),))', '((13, 1), ((1, 12),))', '((18, 6), ((1, 1),))', '((15, 12), ())', '((26, 9), ())', '((27, 1), ((28, 1),))', '((27, 8), ())', '((10, 10), ((1, 1), (1, 12)))', '((27, 8), ((28, 1),))']",[468 states],74,21,95
469,"((28, 12), ((28, 12),))","((28, 11), ())",North,"[(((28, 11), ((28, 12),)), 'South', 47, 48, 95)]","['((11, 11), ((1, 1), (1, 12)))', '((12, 10), ((1, 1), (1, 12)))', '((17, 6), ((1, 1), (1, 12)))', '((13, 4), ((1, 12),))', '((23, 8), ((1, 1), (1, 12)))', '((22, 5), ())', '((13, 2), ((1, 12),))', '((21, 2), ())', '((10, 6), ((1, 1), (1, 12)))', '((27, 8), ((28, 1),))', '((14, 10), ((1, 1),))', '((27, 6), ((28, 1),))', '((13, 1), ((1, 12),))', '((18, 6), ((1, 1),))', '((15, 12), ())', '((26, 9), ())', '((27, 1), ((28, 1),))', '((27, 8), ())', '((10, 10), ((1, 1), (1, 12)))']","['((11, 11), ((1, 1), (1, 12)))', '((12, 10), ((1, 1), (1, 12)))', '((17, 6), ((1, 1), (1, 12)))', '((13, 4), ((1, 12),))', '((23, 8), ((1, 1), (1, 12)))', '((22, 5), ())', '((13, 2), ((1, 12),))', '((21, 2), ())', '((10, 6), ((1, 1), (1, 12)))', '((28, 11), ((28, 12),))', '((14, 10), ((1, 1),))', '((27, 6), ((28, 1),))', '((13, 1), ((1, 12),))', '((18, 6), ((1, 1),))', '((15, 12), ())', '((26, 9), ())', '((27, 1), ((28, 1),))', '((27, 8), ())', '((10, 10), ((1, 1), (1, 12)))', '((27, 8), ((28, 1),))']",[469 states],46,49,95
470,"((11, 11), ((1, 1), (1, 12)))","((11, 10), ((1, 1), (1, 12)))",North,"[(((11, 12), ((1, 1), (1, 12))), 'North', 67, 28, 95)]","['((12, 10), ((1, 1), (1, 12)))', '((23, 8), ((1, 1), (1, 12)))', '((17, 6), ((1, 1), (1, 12)))', '((13, 4), ((1, 12),))', '((28, 11), ((28, 12),))', '((22, 5), ())', '((13, 2), ((1, 12),))', '((21, 2), ())', '((10, 6), ((1, 1), (1, 12)))', '((27, 8), ((28, 1),))', '((14, 10), ((1, 1),))', '((27, 6), ((28, 1),))', '((13, 1), ((1, 12),))', '((18, 6), ((1, 1),))', '((15, 12), ())', '((26, 9), ())', '((27, 1), ((28, 1),))', '((27, 8), ())', '((10, 10), ((1, 1), (1, 12)))']","['((12, 10), ((1, 1), (1, 12)))', '((23, 8), ((1, 1), (1, 12)))', '((17, 6), ((1, 1), (1, 12)))', '((13, 4), ((1, 12),))', '((28, 11), ((28, 12),))', '((22, 5), ())', '((13, 2), ((1, 12),))', '((21, 2), ())', '((10, 6), ((1, 1), (1, 12)))', '((11, 12), ((1, 1), (1, 12)))', '((14, 10), ((1, 1),))', '((27, 6), ((28, 1),))', '((13, 1), ((1, 12),))', '((18, 6), ((1, 1),))', '((15, 12), ())', '((26, 9), ())', '((27, 1), ((28, 1),))', '((27, 8), ())', '((10, 10), ((1, 1), (1, 12)))', '((27, 8), ((28, 1),))']",[470 states],66,29,95
471,"((12, 10), ((1, 1), (1, 12)))","((11, 10), ((1, 1), (1, 12)))",East,"[(((13, 10), ((1, 1), (1, 12))), 'East', 67, 28, 95)]","['((23, 8), ((1, 1), (1, 12)))', '((28, 11), ((28, 12),))', '((17, 6), ((1, 1), (1, 12)))', '((13, 4), ((1, 12),))', '((11, 12), ((1, 1), (1, 12)))', '((22, 5), ())', '((13, 2), ((1, 12),))', '((21, 2), ())', '((10, 6), ((1, 1), (1, 12)))', '((27, 8), ((28, 1),))', '((14, 10), ((1, 1),))', '((27, 6), ((28, 1),))', '((13, 1), ((1, 12),))', '((18, 6), ((1, 1),))', '((15, 12), ())', '((26, 9), ())', '((27, 1), ((28, 1),))', '((27, 8), ())', '((10, 10), ((1, 1), (1, 12)))']","['((23, 8), ((1, 1), (1, 12)))', '((28, 11), ((28, 12),))', '((17, 6), ((1, 1), (1, 12)))', '((13, 4), ((1, 12),))', '((11, 12), ((1, 1), (1, 12)))', '((22, 5), ())', '((13, 2), ((1, 12),))', '((21, 2), ())', '((10, 6), ((1, 1), (1, 12)))', '((13, 10), ((1, 1), (1, 12)))', '((14, 10), ((1, 1),))', '((27, 6), ((28, 1),))', '((13, 1), ((1, 12),))', '((18, 6), ((1, 1),))', '((15, 12), ())', '((26, 9), ())', '((27, 1), ((28, 1),))', '((27, 8), ())', '((10, 10), ((1, 1), (1, 12)))', '((27, 8), ((28, 1),))']",[471 states],66,29,95
472,"((23, 8), ((1, 1), (1, 12)))","((22, 8), ((1, 1), (1, 12)))",East,"[(((24, 8), ((1, 1), (1, 12))), 'East', 76, 19, 95)]","['((28, 11), ((28, 12),))', '((11, 12), ((1, 1), (1, 12)))', '((17, 6), ((1, 1), (1, 12)))', '((13, 4), ((1, 12),))', '((13, 10), ((1, 1), (1, 12)))', '((22, 5), ())', '((13, 2), ((1, 12),))', '((21, 2), ())', '((10, 6), ((1, 1), (1, 12)))', '((27, 8), ((28, 1),))', '((14, 10), ((1, 1),))', '((27, 6), ((28, 1),))', '((13, 1), ((1, 12),))', '((18, 6), ((1, 1),))', '((15, 12), ())', '((26, 9), ())', '((27, 1), ((28, 1),))', '((27, 8), ())', '((10, 10), ((1, 1), (1, 12)))']","['((28, 11), ((28, 12),))', '((11, 12), ((1, 1), (1, 12)))', '((17, 6), ((1, 1), (1, 12)))', '((13, 4), ((1, 12),))', '((13, 10), ((1, 1), (1, 12)))', '((22, 5), ())', '((13, 2), ((1, 12),))', '((21, 2), ())', '((10, 6), ((1, 1), (1, 12)))', '((24, 8), ((1, 1), (1, 12)))', '((14, 10), ((1, 1),))', '((27, 6), ((28, 1),))', '((13, 1), ((1, 12),))', '((18, 6), ((1, 1),))', '((15, 12), ())', '((26, 9), ())', '((27, 1), ((28, 1),))', '((27, 8), ())', '((10, 10), ((1, 1), (1, 12)))', '((27, 8), ((28, 1),))']",[472 states],75,20,95
473,"((28, 11), ((28, 12),))","((28, 12), ((28, 12),))",South,"[(((28, 10), ((28, 12),)), 'South', 48, 47, 95)]","['((11, 12), ((1, 1), (1, 12)))', '((13, 10), ((1, 1), (1, 12)))', '((17, 6), ((1, 1), (1, 12)))', '((13, 4), ((1, 12),))', '((24, 8), ((1, 1), (1, 12)))', '((22, 5), ())', '((13, 2), ((1, 12),))', '((21, 2), ())', '((10, 6), ((1, 1), (1, 12)))', '((27, 8), ((28, 1),))', '((14, 10), ((1, 1),))', '((27, 6), ((28, 1),))', '((13, 1), ((1, 12),))', '((18, 6), ((1, 1),))', '((15, 12), ())', '((26, 9), ())', '((27, 1), ((28, 1),))', '((27, 8), ())', '((10, 10), ((1, 1), (1, 12)))']","['((11, 12), ((1, 1), (1, 12)))', '((13, 10), ((1, 1), (1, 12)))', '((17, 6), ((1, 1), (1, 12)))', '((13, 4), ((1, 12),))', '((24, 8), ((1, 1), (1, 12)))', '((22, 5), ())', '((13, 2), ((1, 12),))', '((21, 2), ())', '((10, 6), ((1, 1), (1, 12)))', '((28, 10), ((28, 12),))', '((14, 10), ((1, 1),))', '((27, 6), ((28, 1),))', '((13, 1), ((1, 12),))', '((18, 6), ((1, 1),))', '((15, 12), ())', '((26, 9), ())', '((27, 1), ((28, 1),))', '((27, 8), ())', '((10, 10), ((1, 1), (1, 12)))', '((27, 8), ((28, 1),))']",[473 states],47,48,95
474,"((11, 12), ((1, 1), (1, 12)))","((11, 11), ((1, 1), (1, 12)))",North,[],"['((13, 10), ((1, 1), (1, 12)))', '((24, 8), ((1, 1), (1, 12)))', '((17, 6), ((1, 1), (1, 12)))', '((13, 4), ((1, 12),))', '((28, 10), ((28, 12),))', '((22, 5), ())', '((13, 2), ((1, 12),))', '((21, 2), ())', '((10, 6), ((1, 1), (1, 12)))', '((27, 8), ((28, 1),))', '((14, 10), ((1, 1),))', '((27, 6), ((28, 1),))', '((13, 1), ((1, 12),))', '((18, 6), ((1, 1),))', '((15, 12), ())', '((26, 9), ())', '((27, 1), ((28, 1),))', '((27, 8), ())', '((10, 10), ((1, 1), (1, 12)))']","['((13, 10), ((1, 1), (1, 12)))', '((24, 8), ((1, 1), (1, 12)))', '((17, 6), ((1, 1), (1, 12)))', '((13, 4), ((1, 12),))', '((28, 10), ((28, 12),))', '((22, 5), ())', '((13, 2), ((1, 12),))', '((21, 2), ())', '((10, 6), ((1, 1), (1, 12)))', '((27, 8), ((28, 1),))', '((14, 10), ((1, 1),))', '((27, 6), ((28, 1),))', '((13, 1), ((1, 12),))', '((18, 6), ((1, 1),))', '((15, 12), ())', '((26, 9), ())', '((27, 1), ((28, 1),))', '((27, 8), ())', '((10, 10), ((1, 1), (1, 12)))']",[474 states],67,28,95
475,"((13, 10), ((1, 1), (1, 12)))","((12, 10), ((1, 1), (1, 12)))",East,"[(((14, 10), ((1, 1), (1, 12))), 'East', 68, 27, 95)]","['((24, 8), ((1, 1), (1, 12)))', '((28, 10), ((28, 12),))', '((17, 6), ((1, 1), (1, 12)))', '((13, 4), ((1, 12),))', '((27, 8), ((28, 1),))', '((22, 5), ())', '((13, 2), ((1, 12),))', '((21, 2), ())', '((10, 6), ((1, 1), (1, 12)))', '((10, 10), ((1, 1), (1, 12)))', '((14, 10), ((1, 1),))', '((27, 6), ((28, 1),))', '((13, 1), ((1, 12),))', '((18, 6), ((1, 1),))', '((15, 12), ())', '((26, 9), ())', '((27, 1), ((28, 1),))', '((27, 8), ())']","['((24, 8), ((1, 1), (1, 12)))', '((28, 10), ((28, 12),))', '((17, 6), ((1, 1), (1, 12)))', '((14, 10), ((1, 1), (1, 12)))', '((27, 8), ((28, 1),))', '((22, 5), ())', '((13, 2), ((1, 12),))', '((21, 2), ())', '((13, 4), ((1, 12),))', '((10, 10), ((1, 1), (1, 12)))', '((14, 10), ((1, 1),))', '((27, 6), ((28, 1),))', '((13, 1), ((1, 12),))', '((18, 6), ((1, 1),))', '((15, 12), ())', '((26, 9), ())', '((27, 1), ((28, 1),))', '((27, 8), ())', '((10, 6), ((1, 1), (1, 12)))']",[475 states],67,28,95
476,"((24, 8), ((1, 1), (1, 12)))","((23, 8), ((1, 1), (1, 12)))",East,"[(((24, 9), ((1, 1), (1, 12))), 'North', 77, 18, 95), (((24, 7), ((1, 1), (1, 12))), 'South', 77, 20, 97)]","['((28, 10), ((28, 12),))', '((14, 10), ((1, 1), (1, 12)))', '((17, 6), ((1, 1), (1, 12)))', '((13, 4), ((1, 12),))', '((27, 8), ((28, 1),))', '((22, 5), ())', '((13, 2), ((1, 12),))', '((21, 2), ())', '((10, 6), ((1, 1), (1, 12)))', '((10, 10), ((1, 1), (1, 12)))', '((14, 10), ((1, 1),))', '((27, 6), ((28, 1),))', '((13, 1), ((1, 12),))', '((18, 6), ((1, 1),))', '((15, 12), ())', '((26, 9), ())', '((27, 1), ((28, 1),))', '((27, 8), ())']","['((28, 10), ((28, 12),))', '((14, 10), ((1, 1), (1, 12)))', '((17, 6), ((1, 1), (1, 12)))', '((24, 9), ((1, 1), (1, 12)))', '((27, 8), ((28, 1),))', '((22, 5), ())', '((13, 2), ((1, 12),))', '((21, 2), ())', '((13, 4), ((1, 12),))', '((10, 10), ((1, 1), (1, 12)))', '((14, 10), ((1, 1),))', '((27, 6), ((28, 1),))', '((13, 1), ((1, 12),))', '((18, 6), ((1, 1),))', '((15, 12), ())', '((26, 9), ())', '((27, 1), ((28, 1),))', '((27, 8), ())', '((10, 6), ((1, 1), (1, 12)))', '((24, 7), ((1, 1), (1, 12)))']",[476 states],76,19,95
477,"((28, 10), ((28, 12),))","((28, 11), ((28, 12),))",South,"[(((27, 10), ((28, 12),)), 'West', 49, 48, 97)]","['((14, 10), ((1, 1), (1, 12)))', '((24, 9), ((1, 1), (1, 12)))', '((17, 6), ((1, 1), (1, 12)))', '((13, 4), ((1, 12),))', '((27, 8), ((28, 1),))', '((22, 5), ())', '((13, 2), ((1, 12),))', '((21, 2), ())', '((10, 6), ((1, 1), (1, 12)))', '((10, 10), ((1, 1), (1, 12)))', '((14, 10), ((1, 1),))', '((27, 6), ((28, 1),))', '((13, 1), ((1, 12),))', '((18, 6), ((1, 1),))', '((15, 12), ())', '((26, 9), ())', '((27, 1), ((28, 1),))', '((27, 8), ())', '((24, 7), ((1, 1), (1, 12)))']","['((14, 10), ((1, 1), (1, 12)))', '((24, 9), ((1, 1), (1, 12)))', '((17, 6), ((1, 1), (1, 12)))', '((13, 4), ((1, 12),))', '((27, 8), ((28, 1),))', '((22, 5), ())', '((13, 2), ((1, 12),))', '((21, 2), ())', '((10, 6), ((1, 1), (1, 12)))', '((10, 10), ((1, 1), (1, 12)))', '((14, 10), ((1, 1),))', '((27, 6), ((28, 1),))', '((13, 1), ((1, 12),))', '((18, 6), ((1, 1),))', '((15, 12), ())', '((26, 9), ())', '((27, 1), ((28, 1),))', '((27, 8), ())', '((24, 7), ((1, 1), (1, 12)))', '((27, 10), ((28, 12),))']",[477 states],48,47,95
478,"((14, 10), ((1, 1), (1, 12)))","((13, 10), ((1, 1), (1, 12)))",East,"[(((15, 10), ((1, 1), (1, 12))), 'East', 69, 26, 95)]","['((24, 9), ((1, 1), (1, 12)))', '((13, 4), ((1, 12),))', '((17, 6), ((1, 1), (1, 12)))', '((10, 6), ((1, 1), (1, 12)))', '((27, 8), ((28, 1),))', '((22, 5), ())', '((13, 2), ((1, 12),))', '((21, 2), ())', '((27, 8), ())', '((10, 10), ((1, 1), (1, 12)))', '((14, 10), ((1, 1),))', '((27, 6), ((28, 1),))', '((13, 1), ((1, 12),))', '((18, 6), ((1, 1),))', '((15, 12), ())', '((26, 9), ())', '((27, 1), ((28, 1),))', '((27, 10), ((28, 12),))', '((24, 7), ((1, 1), (1, 12)))']","['((24, 9), ((1, 1), (1, 12)))', '((15, 10), ((1, 1), (1, 12)))', '((17, 6), ((1, 1), (1, 12)))', '((10, 6), ((1, 1), (1, 12)))', '((13, 4), ((1, 12),))', '((22, 5), ())', '((13, 2), ((1, 12),))', '((21, 2), ())', '((27, 8), ())', '((27, 8), ((28, 1),))', '((14, 10), ((1, 1),))', '((27, 6), ((28, 1),))', '((13, 1), ((1, 12),))', '((18, 6), ((1, 1),))', '((15, 12), ())', '((26, 9), ())', '((27, 1), ((28, 1),))', '((27, 10), ((28, 12),))', '((24, 7), ((1, 1), (1, 12)))', '((10, 10), ((1, 1), (1, 12)))']",[478 states],68,27,95
479,"((24, 9), ((1, 1), (1, 12)))","((24, 8), ((1, 1), (1, 12)))",North,"[(((24, 10), ((1, 1), (1, 12))), 'North', 78, 17, 95)]","['((15, 10), ((1, 1), (1, 12)))', '((13, 4), ((1, 12),))', '((17, 6), ((1, 1), (1, 12)))', '((10, 6), ((1, 1), (1, 12)))', '((27, 8), ((28, 1),))', '((22, 5), ())', '((13, 2), ((1, 12),))', '((21, 2), ())', '((27, 8), ())', '((10, 10), ((1, 1), (1, 12)))', '((14, 10), ((1, 1),))', '((27, 6), ((28, 1),))', '((13, 1), ((1, 12),))', '((18, 6), ((1, 1),))', '((15, 12), ())', '((26, 9), ())', '((27, 1), ((28, 1),))', '((27, 10), ((28, 12),))', '((24, 7), ((1, 1), (1, 12)))']","['((15, 10), ((1, 1), (1, 12)))', '((24, 10), ((1, 1), (1, 12)))', '((17, 6), ((1, 1), (1, 12)))', '((10, 6), ((1, 1), (1, 12)))', '((13, 4), ((1, 12),))', '((22, 5), ())', '((13, 2), ((1, 12),))', '((21, 2), ())', '((27, 8), ())', '((27, 8), ((28, 1),))', '((14, 10), ((1, 1),))', '((27, 6), ((28, 1),))', '((13, 1), ((1, 12),))', '((18, 6), ((1, 1),))', '((15, 12), ())', '((26, 9), ())', '((27, 1), ((28, 1),))', '((27, 10), ((28, 12),))', '((24, 7), ((1, 1), (1, 12)))', '((10, 10), ((1, 1), (1, 12)))']",[479 states],77,18,95
480,"((15, 10), ((1, 1), (1, 12)))","((14, 10), ((1, 1), (1, 12)))",East,"[(((16, 10), ((1, 1), (1, 12))), 'East', 70, 25, 95), (((15, 9), ((1, 1), (1, 12))), 'South', 70, 27, 97)]","['((24, 10), ((1, 1), (1, 12)))', '((13, 4), ((1, 12),))', '((17, 6), ((1, 1), (1, 12)))', '((10, 6), ((1, 1), (1, 12)))', '((27, 8), ((28, 1),))', '((22, 5), ())', '((13, 2), ((1, 12),))', '((21, 2), ())', '((27, 8), ())', '((10, 10), ((1, 1), (1, 12)))', '((14, 10), ((1, 1),))', '((27, 6), ((28, 1),))', '((13, 1), ((1, 12),))', '((18, 6), ((1, 1),))', '((15, 12), ())', '((26, 9), ())', '((27, 1), ((28, 1),))', '((27, 10), ((28, 12),))', '((24, 7), ((1, 1), (1, 12)))']","['((24, 10), ((1, 1), (1, 12)))', '((16, 10), ((1, 1), (1, 12)))', '((17, 6), ((1, 1), (1, 12)))', '((10, 6), ((1, 1), (1, 12)))', '((13, 4), ((1, 12),))', '((22, 5), ())', '((13, 2), ((1, 12),))', '((21, 2), ())', '((27, 8), ())', '((27, 8), ((28, 1),))', '((14, 10), ((1, 1),))', '((27, 6), ((28, 1),))', '((13, 1), ((1, 12),))', '((18, 6), ((1, 1),))', '((15, 12), ())', '((26, 9), ())', '((27, 1), ((28, 1),))', '((27, 10), ((28, 12),))', '((24, 7), ((1, 1), (1, 12)))', '((10, 10), ((1, 1), (1, 12)))', '((15, 9), ((1, 1), (1, 12)))']",[480 states],69,26,95
481,"((24, 10), ((1, 1), (1, 12)))","((24, 9), ((1, 1), (1, 12)))",North,[],"['((16, 10), ((1, 1), (1, 12)))', '((13, 4), ((1, 12),))', '((17, 6), ((1, 1), (1, 12)))', '((10, 6), ((1, 1), (1, 12)))', '((27, 8), ((28, 1),))', '((22, 5), ())', '((13, 2), ((1, 12),))', '((21, 2), ())', '((27, 8), ())', '((10, 10), ((1, 1), (1, 12)))', '((14, 10), ((1, 1),))', '((27, 6), ((28, 1),))', '((13, 1), ((1, 12),))', '((18, 6), ((1, 1),))', '((15, 12), ())', '((26, 9), ())', '((27, 1), ((28, 1),))', '((27, 10), ((28, 12),))', '((24, 7), ((1, 1), (1, 12)))', '((15, 9), ((1, 1), (1, 12)))']","['((16, 10), ((1, 1), (1, 12)))', '((13, 4), ((1, 12),))', '((17, 6), ((1, 1), (1, 12)))', '((10, 6), ((1, 1), (1, 12)))', '((27, 8), ((28, 1),))', '((22, 5), ())', '((13, 2), ((1, 12),))', '((21, 2), ())', '((27, 8), ())', '((10, 10), ((1, 1), (1, 12)))', '((14, 10), ((1, 1),))', '((27, 6), ((28, 1),))', '((13, 1), ((1, 12),))', '((18, 6), ((1, 1),))', '((15, 12), ())', '((26, 9), ())', '((27, 1), ((28, 1),))', '((27, 10), ((28, 12),))', '((24, 7), ((1, 1), (1, 12)))', '((15, 9), ((1, 1), (1, 12)))']",[481 states],78,17,95
482,"((16, 10), ((1, 1), (1, 12)))","((15, 10), ((1, 1), (1, 12)))",East,[],"['((13, 4), ((1, 12),))', '((10, 6), ((1, 1), (1, 12)))', '((17, 6), ((1, 1), (1, 12)))', '((21, 2), ())', '((27, 8), ((28, 1),))', '((22, 5), ())', '((13, 2), ((1, 12),))', '((27, 1), ((28, 1),))', '((27, 8), ())', '((10, 10), ((1, 1), (1, 12)))', '((14, 10), ((1, 1),))', '((27, 6), ((28, 1),))', '((13, 1), ((1, 12),))', '((18, 6), ((1, 1),))', '((15, 12), ())', '((26, 9), ())', '((15, 9), ((1, 1), (1, 12)))', '((27, 10), ((28, 12),))', '((24, 7), ((1, 1), (1, 12)))']","['((13, 4), ((1, 12),))', '((10, 6), ((1, 1), (1, 12)))', '((17, 6), ((1, 1), (1, 12)))', '((21, 2), ())', '((27, 8), ((28, 1),))', '((22, 5), ())', '((13, 2), ((1, 12),))', '((27, 1), ((28, 1),))', '((27, 8), ())', '((10, 10), ((1, 1), (1, 12)))', '((14, 10), ((1, 1),))', '((27, 6), ((28, 1),))', '((13, 1), ((1, 12),))', '((18, 6), ((1, 1),))', '((15, 12), ())', '((26, 9), ())', '((15, 9), ((1, 1), (1, 12)))', '((27, 10), ((28, 12),))', '((24, 7), ((1, 1), (1, 12)))']",[482 states],70,25,95
483,"((13, 4), ((1, 12),))","((12, 4), ((1, 12),))",East,"[(((13, 5), ((1, 12),)), 'North', 44, 54, 98)]","['((10, 6), ((1, 1), (1, 12)))', '((21, 2), ())', '((17, 6), ((1, 1), (1, 12)))', '((27, 1), ((28, 1),))', '((27, 8), ((28, 1),))', '((22, 5), ())', '((13, 2), ((1, 12),))', '((26, 9), ())', '((27, 8), ())', '((10, 10), ((1, 1), (1, 12)))', '((14, 10), ((1, 1),))', '((27, 6), ((28, 1),))', '((13, 1), ((1, 12),))', '((18, 6), ((1, 1),))', '((15, 12), ())', '((24, 7), ((1, 1), (1, 12)))', '((15, 9), ((1, 1), (1, 12)))', '((27, 10), ((28, 12),))']","['((10, 6), ((1, 1), (1, 12)))', '((21, 2), ())', '((17, 6), ((1, 1), (1, 12)))', '((27, 1), ((28, 1),))', '((27, 8), ((28, 1),))', '((22, 5), ())', '((13, 2), ((1, 12),))', '((26, 9), ())', '((27, 8), ())', '((10, 10), ((1, 1), (1, 12)))', '((14, 10), ((1, 1),))', '((27, 6), ((28, 1),))', '((13, 1), ((1, 12),))', '((18, 6), ((1, 1),))', '((15, 12), ())', '((24, 7), ((1, 1), (1, 12)))', '((15, 9), ((1, 1), (1, 12)))', '((27, 10), ((28, 12),))', '((13, 5), ((1, 12),))']",[483 states],43,53,96
484,"((10, 6), ((1, 1), (1, 12)))","((11, 6), ((1, 1), (1, 12)))",West,"[(((9, 6), ((1, 1), (1, 12))), 'West', 63, 35, 98)]","['((17, 6), ((1, 1), (1, 12)))', '((21, 2), ())', '((22, 5), ())', '((27, 1), ((28, 1),))', '((27, 8), ((28, 1),))', '((13, 1), ((1, 12),))', '((13, 2), ((1, 12),))', '((26, 9), ())', '((27, 8), ())', '((10, 10), ((1, 1), (1, 12)))', '((14, 10), ((1, 1),))', '((27, 6), ((28, 1),))', '((13, 5), ((1, 12),))', '((18, 6), ((1, 1),))', '((15, 12), ())', '((24, 7), ((1, 1), (1, 12)))', '((15, 9), ((1, 1), (1, 12)))', '((27, 10), ((28, 12),))']","['((17, 6), ((1, 1), (1, 12)))', '((21, 2), ())', '((22, 5), ())', '((27, 1), ((28, 1),))', '((27, 8), ((28, 1),))', '((13, 1), ((1, 12),))', '((13, 2), ((1, 12),))', '((26, 9), ())', '((27, 8), ())', '((10, 10), ((1, 1), (1, 12)))', '((14, 10), ((1, 1),))', '((27, 6), ((28, 1),))', '((13, 5), ((1, 12),))', '((18, 6), ((1, 1),))', '((15, 12), ())', '((24, 7), ((1, 1), (1, 12)))', '((15, 9), ((1, 1), (1, 12)))', '((27, 10), ((28, 12),))', '((9, 6), ((1, 1), (1, 12)))']",[484 states],62,34,96
485,"((17, 6), ((1, 1), (1, 12)))","((18, 6), ((1, 1), (1, 12)))",West,"[(((16, 6), ((1, 1), (1, 12))), 'West', 70, 28, 98)]","['((22, 5), ())', '((21, 2), ())', '((13, 2), ((1, 12),))', '((27, 1), ((28, 1),))', '((27, 8), ((28, 1),))', '((13, 1), ((1, 12),))', '((15, 12), ())', '((26, 9), ())', '((27, 8), ())', '((10, 10), ((1, 1), (1, 12)))', '((14, 10), ((1, 1),))', '((27, 6), ((28, 1),))', '((13, 5), ((1, 12),))', '((18, 6), ((1, 1),))', '((9, 6), ((1, 1), (1, 12)))', '((24, 7), ((1, 1), (1, 12)))', '((15, 9), ((1, 1), (1, 12)))', '((27, 10), ((28, 12),))']","['((22, 5), ())', '((21, 2), ())', '((13, 2), ((1, 12),))', '((27, 1), ((28, 1),))', '((27, 8), ((28, 1),))', '((13, 1), ((1, 12),))', '((15, 12), ())', '((26, 9), ())', '((27, 8), ())', '((10, 10), ((1, 1), (1, 12)))', '((14, 10), ((1, 1),))', '((27, 6), ((28, 1),))', '((13, 5), ((1, 12),))', '((18, 6), ((1, 1),))', '((9, 6), ((1, 1), (1, 12)))', '((24, 7), ((1, 1), (1, 12)))', '((15, 9), ((1, 1), (1, 12)))', '((27, 10), ((28, 12),))', '((16, 6), ((1, 1), (1, 12)))']",[485 states],69,27,96
486,"((22, 5), ())","((22, 4), ())",North,"[(((22, 6), ()), 'North', 38, 60, 98)]","['((13, 2), ((1, 12),))', '((21, 2), ())', '((13, 1), ((1, 12),))', '((27, 1), ((28, 1),))', '((27, 8), ((28, 1),))', '((27, 6), ((28, 1),))', '((15, 12), ())', '((26, 9), ())', '((27, 8), ())', '((10, 10), ((1, 1), (1, 12)))', '((14, 10), ((1, 1),))', '((16, 6), ((1, 1), (1, 12)))', '((13, 5), ((1, 12),))', '((18, 6), ((1, 1),))', '((9, 6), ((1, 1), (1, 12)))', '((24, 7), ((1, 1), (1, 12)))', '((15, 9), ((1, 1), (1, 12)))', '((27, 10), ((28, 12),))']","['((13, 2), ((1, 12),))', '((21, 2), ())', '((13, 1), ((1, 12),))', '((27, 1), ((28, 1),))', '((27, 8), ((28, 1),))', '((27, 6), ((28, 1),))', '((15, 12), ())', '((26, 9), ())', '((27, 8), ())', '((10, 10), ((1, 1), (1, 12)))', '((14, 10), ((1, 1),))', '((16, 6), ((1, 1), (1, 12)))', '((13, 5), ((1, 12),))', '((18, 6), ((1, 1),))', '((9, 6), ((1, 1), (1, 12)))', '((24, 7), ((1, 1), (1, 12)))', '((15, 9), ((1, 1), (1, 12)))', '((27, 10), ((28, 12),))', '((22, 6), ())']",[486 states],37,59,96
487,"((13, 2), ((1, 12),))","((12, 2), ((1, 12),))",East,"[(((14, 2), ((1, 12),)), 'East', 46, 52, 98)]","['((13, 1), ((1, 12),))', '((21, 2), ())', '((27, 6), ((28, 1),))', '((27, 1), ((28, 1),))', '((27, 8), ((28, 1),))', '((13, 5), ((1, 12),))', '((15, 12), ())', '((26, 9), ())', '((27, 8), ())', '((10, 10), ((1, 1), (1, 12)))', '((14, 10), ((1, 1),))', '((16, 6), ((1, 1), (1, 12)))', '((22, 6), ())', '((18, 6), ((1, 1),))', '((9, 6), ((1, 1), (1, 12)))', '((24, 7), ((1, 1), (1, 12)))', '((15, 9), ((1, 1), (1, 12)))', '((27, 10), ((28, 12),))']","['((13, 1), ((1, 12),))', '((21, 2), ())', '((27, 6), ((28, 1),))', '((27, 1), ((28, 1),))', '((27, 8), ((28, 1),))', '((13, 5), ((1, 12),))', '((15, 12), ())', '((26, 9), ())', '((27, 8), ())', '((10, 10), ((1, 1), (1, 12)))', '((14, 10), ((1, 1),))', '((16, 6), ((1, 1), (1, 12)))', '((22, 6), ())', '((18, 6), ((1, 1),))', '((9, 6), ((1, 1), (1, 12)))', '((24, 7), ((1, 1), (1, 12)))', '((15, 9), ((1, 1), (1, 12)))', '((27, 10), ((28, 12),))', '((14, 2), ((1, 12),))']",[487 states],45,51,96
488,"((13, 1), ((1, 12),))","((12, 1), ((1, 12),))",East,"[(((14, 1), ((1, 12),)), 'East', 47, 51, 98)]","['((21, 2), ())', '((27, 1), ((28, 1),))', '((27, 6), ((28, 1),))', '((26, 9), ())', '((27, 8), ((28, 1),))', '((13, 5), ((1, 12),))', '((15, 12), ())', '((24, 7), ((1, 1), (1, 12)))', '((27, 8), ())', '((10, 10), ((1, 1), (1, 12)))', '((14, 10), ((1, 1),))', '((16, 6), ((1, 1), (1, 12)))', '((22, 6), ())', '((18, 6), ((1, 1),))', '((9, 6), ((1, 1), (1, 12)))', '((14, 2), ((1, 12),))', '((15, 9), ((1, 1), (1, 12)))', '((27, 10), ((28, 12),))']","['((21, 2), ())', '((27, 1), ((28, 1),))', '((27, 6), ((28, 1),))', '((26, 9), ())', '((27, 8), ((28, 1),))', '((13, 5), ((1, 12),))', '((15, 12), ())', '((24, 7), ((1, 1), (1, 12)))', '((27, 8), ())', '((10, 10), ((1, 1), (1, 12)))', '((14, 10), ((1, 1),))', '((16, 6), ((1, 1), (1, 12)))', '((22, 6), ())', '((18, 6), ((1, 1),))', '((9, 6), ((1, 1), (1, 12)))', '((14, 2), ((1, 12),))', '((15, 9), ((1, 1), (1, 12)))', '((27, 10), ((28, 12),))', '((14, 1), ((1, 12),))']",[488 states],46,50,96
489,"((21, 2), ())","((22, 2), ())",West,"[(((20, 2), ()), 'West', 40, 58, 98)]","['((27, 1), ((28, 1),))', '((27, 8), ((28, 1),))', '((27, 6), ((28, 1),))', '((26, 9), ())', '((14, 10), ((1, 1),))', '((13, 5), ((1, 12),))', '((15, 12), ())', '((24, 7), ((1, 1), (1, 12)))', '((27, 8), ())', '((10, 10), ((1, 1), (1, 12)))', '((14, 1), ((1, 12),))', '((16, 6), ((1, 1), (1, 12)))', '((22, 6), ())', '((18, 6), ((1, 1),))', '((9, 6), ((1, 1), (1, 12)))', '((14, 2), ((1, 12),))', '((15, 9), ((1, 1), (1, 12)))', '((27, 10), ((28, 12),))']","['((27, 1), ((28, 1),))', '((27, 8), ((28, 1),))', '((27, 6), ((28, 1),))', '((26, 9), ())', '((14, 10), ((1, 1),))', '((13, 5), ((1, 12),))', '((15, 12), ())', '((24, 7), ((1, 1), (1, 12)))', '((27, 8), ())', '((10, 10), ((1, 1), (1, 12)))', '((14, 1), ((1, 12),))', '((16, 6), ((1, 1), (1, 12)))', '((22, 6), ())', '((18, 6), ((1, 1),))', '((9, 6), ((1, 1), (1, 12)))', '((14, 2), ((1, 12),))', '((15, 9), ((1, 1), (1, 12)))', '((27, 10), ((28, 12),))', '((20, 2), ())']",[489 states],39,57,96
490,"((27, 1), ((28, 1),))","((28, 1), ((28, 1),))",West,"[(((26, 1), ((28, 1),)), 'West', 47, 51, 98)]","['((27, 6), ((28, 1),))', '((27, 8), ((28, 1),))', '((15, 12), ())', '((26, 9), ())', '((14, 10), ((1, 1),))', '((13, 5), ((1, 12),))', '((18, 6), ((1, 1),))', '((24, 7), ((1, 1), (1, 12)))', '((27, 8), ())', '((10, 10), ((1, 1), (1, 12)))', '((14, 1), ((1, 12),))', '((16, 6), ((1, 1), (1, 12)))', '((22, 6), ())', '((20, 2), ())', '((9, 6), ((1, 1), (1, 12)))', '((14, 2), ((1, 12),))', '((15, 9), ((1, 1), (1, 12)))', '((27, 10), ((28, 12),))']","['((27, 6), ((28, 1),))', '((27, 8), ((28, 1),))', '((15, 12), ())', '((26, 9), ())', '((14, 10), ((1, 1),))', '((13, 5), ((1, 12),))', '((18, 6), ((1, 1),))', '((24, 7), ((1, 1), (1, 12)))', '((27, 8), ())', '((10, 10), ((1, 1), (1, 12)))', '((14, 1), ((1, 12),))', '((16, 6), ((1, 1), (1, 12)))', '((22, 6), ())', '((20, 2), ())', '((9, 6), ((1, 1), (1, 12)))', '((14, 2), ((1, 12),))', '((15, 9), ((1, 1), (1, 12)))', '((27, 10), ((28, 12),))', '((26, 1), ((28, 1),))']",[490 states],46,50,96
491,"((27, 6), ((28, 1),))","((28, 6), ((28, 1),))",West,"[(((26, 6), ((28, 1),)), 'West', 52, 46, 98)]","['((27, 8), ((28, 1),))', '((14, 10), ((1, 1),))', '((15, 12), ())', '((26, 9), ())', '((10, 10), ((1, 1), (1, 12)))', '((13, 5), ((1, 12),))', '((18, 6), ((1, 1),))', '((24, 7), ((1, 1), (1, 12)))', '((27, 8), ())', '((26, 1), ((28, 1),))', '((14, 1), ((1, 12),))', '((16, 6), ((1, 1), (1, 12)))', '((22, 6), ())', '((20, 2), ())', '((9, 6), ((1, 1), (1, 12)))', '((14, 2), ((1, 12),))', '((15, 9), ((1, 1), (1, 12)))', '((27, 10), ((28, 12),))']","['((27, 8), ((28, 1),))', '((14, 10), ((1, 1),))', '((15, 12), ())', '((26, 9), ())', '((10, 10), ((1, 1), (1, 12)))', '((13, 5), ((1, 12),))', '((18, 6), ((1, 1),))', '((24, 7), ((1, 1), (1, 12)))', '((27, 8), ())', '((26, 1), ((28, 1),))', '((14, 1), ((1, 12),))', '((16, 6), ((1, 1), (1, 12)))', '((22, 6), ())', '((20, 2), ())', '((9, 6), ((1, 1), (1, 12)))', '((14, 2), ((1, 12),))', '((15, 9), ((1, 1), (1, 12)))', '((27, 10), ((28, 12),))', '((26, 6), ((28, 1),))']",[491 states],51,45,96
492,"((27, 8), ((28, 1),))","((28, 8), ((28, 1),))",West,"[(((26, 8), ((28, 1),)), 'West', 54, 44, 98)]","['((15, 12), ())', '((14, 10), ((1, 1),))', '((18, 6), ((1, 1),))', '((26, 9), ())', '((10, 10), ((1, 1), (1, 12)))', '((13, 5), ((1, 12),))', '((9, 6), ((1, 1), (1, 12)))', '((24, 7), ((1, 1), (1, 12)))', '((27, 8), ())', '((26, 1), ((28, 1),))', '((14, 1), ((1, 12),))', '((16, 6), ((1, 1), (1, 12)))', '((22, 6), ())', '((20, 2), ())', '((26, 6), ((28, 1),))', '((14, 2), ((1, 12),))', '((15, 9), ((1, 1), (1, 12)))', '((27, 10), ((28, 12),))']","['((15, 12), ())', '((14, 10), ((1, 1),))', '((18, 6), ((1, 1),))', '((26, 9), ())', '((10, 10), ((1, 1), (1, 12)))', '((13, 5), ((1, 12),))', '((9, 6), ((1, 1), (1, 12)))', '((24, 7), ((1, 1), (1, 12)))', '((27, 8), ())', '((26, 1), ((28, 1),))', '((14, 1), ((1, 12),))', '((16, 6), ((1, 1), (1, 12)))', '((22, 6), ())', '((20, 2), ())', '((26, 6), ((28, 1),))', '((14, 2), ((1, 12),))', '((15, 9), ((1, 1), (1, 12)))', '((27, 10), ((28, 12),))', '((26, 8), ((28, 1),))']",[492 states],53,43,96
493,"((15, 12), ())","((16, 12), ())",West,"[(((14, 12), ()), 'West', 36, 62, 98)]","['((14, 10), ((1, 1),))', '((26, 9), ())', '((18, 6), ((1, 1),))', '((27, 8), ())', '((10, 10), ((1, 1), (1, 12)))', '((13, 5), ((1, 12),))', '((9, 6), ((1, 1), (1, 12)))', '((24, 7), ((1, 1), (1, 12)))', '((27, 10), ((28, 12),))', '((26, 1), ((28, 1),))', '((14, 1), ((1, 12),))', '((16, 6), ((1, 1), (1, 12)))', '((22, 6), ())', '((20, 2), ())', '((26, 6), ((28, 1),))', '((14, 2), ((1, 12),))', '((15, 9), ((1, 1), (1, 12)))', '((26, 8), ((28, 1),))']","['((14, 10), ((1, 1),))', '((26, 9), ())', '((18, 6), ((1, 1),))', '((27, 8), ())', '((10, 10), ((1, 1), (1, 12)))', '((13, 5), ((1, 12),))', '((9, 6), ((1, 1), (1, 12)))', '((24, 7), ((1, 1), (1, 12)))', '((27, 10), ((28, 12),))', '((26, 1), ((28, 1),))', '((14, 1), ((1, 12),))', '((16, 6), ((1, 1), (1, 12)))', '((22, 6), ())', '((20, 2), ())', '((26, 6), ((28, 1),))', '((14, 2), ((1, 12),))', '((15, 9), ((1, 1), (1, 12)))', '((26, 8), ((28, 1),))', '((14, 12), ())']",[493 states],35,62,97
494,"((14, 10), ((1, 1),))","((13, 10), ((1, 1),))",East,"[(((15, 10), ((1, 1),)), 'East', 45, 54, 99)]","['((26, 9), ())', '((27, 8), ())', '((18, 6), ((1, 1),))', '((24, 7), ((1, 1), (1, 12)))', '((10, 10), ((1, 1), (1, 12)))', '((13, 5), ((1, 12),))', '((9, 6), ((1, 1), (1, 12)))', '((15, 9), ((1, 1), (1, 12)))', '((27, 10), ((28, 12),))', '((26, 1), ((28, 1),))', '((14, 1), ((1, 12),))', '((16, 6), ((1, 1), (1, 12)))', '((22, 6), ())', '((20, 2), ())', '((26, 6), ((28, 1),))', '((14, 2), ((1, 12),))', '((14, 12), ())', '((26, 8), ((28, 1),))']","['((26, 9), ())', '((27, 8), ())', '((18, 6), ((1, 1),))', '((24, 7), ((1, 1), (1, 12)))', '((10, 10), ((1, 1), (1, 12)))', '((13, 5), ((1, 12),))', '((9, 6), ((1, 1), (1, 12)))', '((15, 9), ((1, 1), (1, 12)))', '((27, 10), ((28, 12),))', '((26, 1), ((28, 1),))', '((14, 1), ((1, 12),))', '((16, 6), ((1, 1), (1, 12)))', '((22, 6), ())', '((20, 2), ())', '((26, 6), ((28, 1),))', '((14, 2), ((1, 12),))', '((14, 12), ())', '((26, 8), ((28, 1),))', '((15, 10), ((1, 1),))']",[494 states],44,53,97
495,"((26, 9), ())","((26, 10), ())",South,"[(((26, 8), ()), 'South', 44, 55, 99)]","['((18, 6), ((1, 1),))', '((27, 8), ())', '((13, 5), ((1, 12),))', '((24, 7), ((1, 1), (1, 12)))', '((10, 10), ((1, 1), (1, 12)))', '((16, 6), ((1, 1), (1, 12)))', '((9, 6), ((1, 1), (1, 12)))', '((15, 9), ((1, 1), (1, 12)))', '((27, 10), ((28, 12),))', '((26, 1), ((28, 1),))', '((14, 1), ((1, 12),))', '((15, 10), ((1, 1),))', '((22, 6), ())', '((20, 2), ())', '((26, 6), ((28, 1),))', '((14, 2), ((1, 12),))', '((14, 12), ())', '((26, 8), ((28, 1),))']","['((18, 6), ((1, 1),))', '((27, 8), ())', '((13, 5), ((1, 12),))', '((24, 7), ((1, 1), (1, 12)))', '((10, 10), ((1, 1), (1, 12)))', '((16, 6), ((1, 1), (1, 12)))', '((9, 6), ((1, 1), (1, 12)))', '((15, 9), ((1, 1), (1, 12)))', '((27, 10), ((28, 12),))', '((26, 1), ((28, 1),))', '((14, 1), ((1, 12),))', '((15, 10), ((1, 1),))', '((22, 6), ())', '((20, 2), ())', '((26, 6), ((28, 1),))', '((14, 2), ((1, 12),))', '((14, 12), ())', '((26, 8), ((28, 1),))', '((26, 8), ())']",[495 states],43,54,97
496,"((18, 6), ((1, 1),))","((18, 5), ((1, 1),))",North,"[(((19, 6), ((1, 1),)), 'East', 45, 52, 97), (((17, 6), ((1, 1),)), 'West', 45, 54, 99)]","['((27, 8), ())', '((10, 10), ((1, 1), (1, 12)))', '((13, 5), ((1, 12),))', '((24, 7), ((1, 1), (1, 12)))', '((14, 1), ((1, 12),))', '((16, 6), ((1, 1), (1, 12)))', '((9, 6), ((1, 1), (1, 12)))', '((15, 9), ((1, 1), (1, 12)))', '((27, 10), ((28, 12),))', '((26, 1), ((28, 1),))', '((26, 8), ())', '((15, 10), ((1, 1),))', '((22, 6), ())', '((20, 2), ())', '((26, 6), ((28, 1),))', '((14, 2), ((1, 12),))', '((14, 12), ())', '((26, 8), ((28, 1),))']","['((27, 8), ())', '((10, 10), ((1, 1), (1, 12)))', '((13, 5), ((1, 12),))', '((24, 7), ((1, 1), (1, 12)))', '((14, 1), ((1, 12),))', '((16, 6), ((1, 1), (1, 12)))', '((9, 6), ((1, 1), (1, 12)))', '((15, 9), ((1, 1), (1, 12)))', '((27, 10), ((28, 12),))', '((26, 1), ((28, 1),))', '((26, 8), ())', '((15, 10), ((1, 1),))', '((22, 6), ())', '((20, 2), ())', '((26, 6), ((28, 1),))', '((14, 2), ((1, 12),))', '((14, 12), ())', '((26, 8), ((28, 1),))', '((19, 6), ((1, 1),))', '((17, 6), ((1, 1),))']",[496 states],44,53,97
497,"((27, 8), ())","((28, 8), ())",West,[],"['((10, 10), ((1, 1), (1, 12)))', '((24, 7), ((1, 1), (1, 12)))', '((13, 5), ((1, 12),))', '((27, 10), ((28, 12),))', '((14, 1), ((1, 12),))', '((16, 6), ((1, 1), (1, 12)))', '((9, 6), ((1, 1), (1, 12)))', '((15, 9), ((1, 1), (1, 12)))', '((19, 6), ((1, 1),))', '((26, 1), ((28, 1),))', '((26, 8), ())', '((15, 10), ((1, 1),))', '((22, 6), ())', '((20, 2), ())', '((26, 6), ((28, 1),))', '((14, 2), ((1, 12),))', '((14, 12), ())', '((26, 8), ((28, 1),))', '((17, 6), ((1, 1),))']","['((10, 10), ((1, 1), (1, 12)))', '((24, 7), ((1, 1), (1, 12)))', '((13, 5), ((1, 12),))', '((27, 10), ((28, 12),))', '((14, 1), ((1, 12),))', '((16, 6), ((1, 1), (1, 12)))', '((9, 6), ((1, 1), (1, 12)))', '((15, 9), ((1, 1), (1, 12)))', '((19, 6), ((1, 1),))', '((26, 1), ((28, 1),))', '((26, 8), ())', '((15, 10), ((1, 1),))', '((22, 6), ())', '((20, 2), ())', '((26, 6), ((28, 1),))', '((14, 2), ((1, 12),))', '((14, 12), ())', '((26, 8), ((28, 1),))', '((17, 6), ((1, 1),))']",[497 states],43,54,97
498,"((10, 10), ((1, 1), (1, 12)))","((11, 10), ((1, 1), (1, 12)))",West,"[(((9, 10), ((1, 1), (1, 12))), 'West', 67, 32, 99)]","['((24, 7), ((1, 1), (1, 12)))', '((27, 10), ((28, 12),))', '((13, 5), ((1, 12),))', '((15, 9), ((1, 1), (1, 12)))', '((14, 1), ((1, 12),))', '((16, 6), ((1, 1), (1, 12)))', '((9, 6), ((1, 1), (1, 12)))', '((14, 2), ((1, 12),))', '((19, 6), ((1, 1),))', '((26, 1), ((28, 1),))', '((26, 8), ())', '((15, 10), ((1, 1),))', '((22, 6), ())', '((20, 2), ())', '((26, 6), ((28, 1),))', '((17, 6), ((1, 1),))', '((14, 12), ())', '((26, 8), ((28, 1),))']","['((24, 7), ((1, 1), (1, 12)))', '((27, 10), ((28, 12),))', '((13, 5), ((1, 12),))', '((15, 9), ((1, 1), (1, 12)))', '((14, 1), ((1, 12),))', '((16, 6), ((1, 1), (1, 12)))', '((9, 6), ((1, 1), (1, 12)))', '((14, 2), ((1, 12),))', '((19, 6), ((1, 1),))', '((26, 1), ((28, 1),))', '((26, 8), ())', '((15, 10), ((1, 1),))', '((22, 6), ())', '((20, 2), ())', '((26, 6), ((28, 1),))', '((17, 6), ((1, 1),))', '((14, 12), ())', '((26, 8), ((28, 1),))', '((9, 10), ((1, 1), (1, 12)))']",[498 states],66,31,97
499,"((24, 7), ((1, 1), (1, 12)))","((24, 8), ((1, 1), (1, 12)))",South,"[(((24, 6), ((1, 1), (1, 12))), 'South', 78, 20, 98)]","['((27, 10), ((28, 12),))', '((15, 9), ((1, 1), (1, 12)))', '((13, 5), ((1, 12),))', '((19, 6), ((1, 1),))', '((14, 1), ((1, 12),))', '((16, 6), ((1, 1), (1, 12)))', '((9, 6), ((1, 1), (1, 12)))', '((14, 2), ((1, 12),))', '((26, 8), ((28, 1),))', '((26, 1), ((28, 1),))', '((26, 8), ())', '((15, 10), ((1, 1),))', '((22, 6), ())', '((20, 2), ())', '((26, 6), ((28, 1),))', '((17, 6), ((1, 1),))', '((14, 12), ())', '((9, 10), ((1, 1), (1, 12)))']","['((27, 10), ((28, 12),))', '((15, 9), ((1, 1), (1, 12)))', '((13, 5), ((1, 12),))', '((19, 6), ((1, 1),))', '((14, 1), ((1, 12),))', '((16, 6), ((1, 1), (1, 12)))', '((9, 6), ((1, 1), (1, 12)))', '((14, 2), ((1, 12),))', '((26, 8), ((28, 1),))', '((26, 1), ((28, 1),))', '((26, 8), ())', '((15, 10), ((1, 1),))', '((22, 6), ())', '((20, 2), ())', '((26, 6), ((28, 1),))', '((17, 6), ((1, 1),))', '((14, 12), ())', '((9, 10), ((1, 1), (1, 12)))', '((24, 6), ((1, 1), (1, 12)))']",[499 states],77,20,97
500,"((27, 10), ((28, 12),))","((28, 10), ((28, 12),))",West,"[(((26, 10), ((28, 12),)), 'West', 50, 49, 99)]","['((15, 9), ((1, 1), (1, 12)))', '((19, 6), ((1, 1),))', '((13, 5), ((1, 12),))', '((14, 2), ((1, 12),))', '((14, 1), ((1, 12),))', '((16, 6), ((1, 1), (1, 12)))', '((9, 6), ((1, 1), (1, 12)))', '((14, 12), ())', '((26, 8), ((28, 1),))', '((26, 1), ((28, 1),))', '((26, 8), ())', '((15, 10), ((1, 1),))', '((22, 6), ())', '((20, 2), ())', '((26, 6), ((28, 1),))', '((17, 6), ((1, 1),))', '((24, 6), ((1, 1), (1, 12)))', '((9, 10), ((1, 1), (1, 12)))']","['((15, 9), ((1, 1), (1, 12)))', '((19, 6), ((1, 1),))', '((13, 5), ((1, 12),))', '((14, 2), ((1, 12),))', '((14, 1), ((1, 12),))', '((16, 6), ((1, 1), (1, 12)))', '((9, 6), ((1, 1), (1, 12)))', '((14, 12), ())', '((26, 8), ((28, 1),))', '((26, 1), ((28, 1),))', '((26, 8), ())', '((15, 10), ((1, 1),))', '((22, 6), ())', '((20, 2), ())', '((26, 6), ((28, 1),))', '((17, 6), ((1, 1),))', '((24, 6), ((1, 1), (1, 12)))', '((9, 10), ((1, 1), (1, 12)))', '((26, 10), ((28, 12),))']",[500 states],49,48,97
501,"((15, 9), ((1, 1), (1, 12)))","((15, 10), ((1, 1), (1, 12)))",South,"[(((15, 8), ((1, 1), (1, 12))), 'South', 71, 28, 99)]","['((19, 6), ((1, 1),))', '((14, 2), ((1, 12),))', '((13, 5), ((1, 12),))', '((26, 8), ((28, 1),))', '((14, 1), ((1, 12),))', '((16, 6), ((1, 1), (1, 12)))', '((9, 6), ((1, 1), (1, 12)))', '((14, 12), ())', '((9, 10), ((1, 1), (1, 12)))', '((26, 1), ((28, 1),))', '((26, 8), ())', '((15, 10), ((1, 1),))', '((22, 6), ())', '((20, 2), ())', '((26, 6), ((28, 1),))', '((17, 6), ((1, 1),))', '((24, 6), ((1, 1), (1, 12)))', '((26, 10), ((28, 12),))']","['((19, 6), ((1, 1),))', '((14, 2), ((1, 12),))', '((13, 5), ((1, 12),))', '((26, 8), ((28, 1),))', '((14, 1), ((1, 12),))', '((16, 6), ((1, 1), (1, 12)))', '((9, 6), ((1, 1), (1, 12)))', '((14, 12), ())', '((9, 10), ((1, 1), (1, 12)))', '((26, 1), ((28, 1),))', '((26, 8), ())', '((15, 10), ((1, 1),))', '((22, 6), ())', '((20, 2), ())', '((26, 6), ((28, 1),))', '((17, 6), ((1, 1),))', '((24, 6), ((1, 1), (1, 12)))', '((26, 10), ((28, 12),))', '((15, 8), ((1, 1), (1, 12)))']",[501 states],70,27,97
502,"((19, 6), ((1, 1),))","((18, 6), ((1, 1),))",East,"[(((20, 6), ((1, 1),)), 'East', 46, 51, 97)]","['((13, 5), ((1, 12),))', '((14, 2), ((1, 12),))', '((9, 6), ((1, 1), (1, 12)))', '((26, 8), ((28, 1),))', '((14, 1), ((1, 12),))', '((16, 6), ((1, 1), (1, 12)))', '((20, 2), ())', '((14, 12), ())', '((9, 10), ((1, 1), (1, 12)))', '((26, 1), ((28, 1),))', '((26, 8), ())', '((15, 10), ((1, 1),))', '((22, 6), ())', '((15, 8), ((1, 1), (1, 12)))', '((26, 6), ((28, 1),))', '((17, 6), ((1, 1),))', '((24, 6), ((1, 1), (1, 12)))', '((26, 10), ((28, 12),))']","['((20, 6), ((1, 1),))', '((13, 5), ((1, 12),))', '((9, 6), ((1, 1), (1, 12)))', '((14, 2), ((1, 12),))', '((14, 1), ((1, 12),))', '((16, 6), ((1, 1), (1, 12)))', '((20, 2), ())', '((14, 12), ())', '((26, 8), ((28, 1),))', '((26, 1), ((28, 1),))', '((26, 8), ())', '((15, 10), ((1, 1),))', '((22, 6), ())', '((15, 8), ((1, 1), (1, 12)))', '((26, 6), ((28, 1),))', '((17, 6), ((1, 1),))', '((24, 6), ((1, 1), (1, 12)))', '((26, 10), ((28, 12),))', '((9, 10), ((1, 1), (1, 12)))']",[502 states],45,52,97
503,"((20, 6), ((1, 1),))","((19, 6), ((1, 1),))",East,"[(((20, 7), ((1, 1),)), 'North', 47, 52, 99)]","['((13, 5), ((1, 12),))', '((14, 2), ((1, 12),))', '((9, 6), ((1, 1), (1, 12)))', '((26, 8), ((28, 1),))', '((14, 1), ((1, 12),))', '((16, 6), ((1, 1), (1, 12)))', '((20, 2), ())', '((14, 12), ())', '((9, 10), ((1, 1), (1, 12)))', '((26, 1), ((28, 1),))', '((26, 8), ())', '((15, 10), ((1, 1),))', '((22, 6), ())', '((15, 8), ((1, 1), (1, 12)))', '((26, 6), ((28, 1),))', '((17, 6), ((1, 1),))', '((24, 6), ((1, 1), (1, 12)))', '((26, 10), ((28, 12),))']","['((13, 5), ((1, 12),))', '((14, 2), ((1, 12),))', '((9, 6), ((1, 1), (1, 12)))', '((26, 8), ((28, 1),))', '((14, 1), ((1, 12),))', '((16, 6), ((1, 1), (1, 12)))', '((20, 2), ())', '((14, 12), ())', '((9, 10), ((1, 1), (1, 12)))', '((26, 1), ((28, 1),))', '((26, 8), ())', '((15, 10), ((1, 1),))', '((22, 6), ())', '((15, 8), ((1, 1), (1, 12)))', '((26, 6), ((28, 1),))', '((17, 6), ((1, 1),))', '((24, 6), ((1, 1), (1, 12)))', '((26, 10), ((28, 12),))', '((20, 7), ((1, 1),))']",[503 states],46,51,97
504,"((13, 5), ((1, 12),))","((13, 4), ((1, 12),))",North,"[(((13, 6), ((1, 12),)), 'North', 45, 55, 100)]","['((9, 6), ((1, 1), (1, 12)))', '((14, 2), ((1, 12),))', '((16, 6), ((1, 1), (1, 12)))', '((26, 8), ((28, 1),))', '((14, 1), ((1, 12),))', '((22, 6), ())', '((20, 2), ())', '((14, 12), ())', '((9, 10), ((1, 1), (1, 12)))', '((26, 1), ((28, 1),))', '((26, 8), ())', '((15, 10), ((1, 1),))', '((20, 7), ((1, 1),))', '((15, 8), ((1, 1), (1, 12)))', '((26, 6), ((28, 1),))', '((17, 6), ((1, 1),))', '((24, 6), ((1, 1), (1, 12)))', '((26, 10), ((28, 12),))']","['((9, 6), ((1, 1), (1, 12)))', '((14, 2), ((1, 12),))', '((16, 6), ((1, 1), (1, 12)))', '((26, 8), ((28, 1),))', '((14, 1), ((1, 12),))', '((22, 6), ())', '((20, 2), ())', '((14, 12), ())', '((9, 10), ((1, 1), (1, 12)))', '((26, 1), ((28, 1),))', '((26, 8), ())', '((15, 10), ((1, 1),))', '((20, 7), ((1, 1),))', '((15, 8), ((1, 1), (1, 12)))', '((26, 6), ((28, 1),))', '((17, 6), ((1, 1),))', '((24, 6), ((1, 1), (1, 12)))', '((26, 10), ((28, 12),))', '((13, 6), ((1, 12),))']",[504 states],44,54,98
505,"((9, 6), ((1, 1), (1, 12)))","((10, 6), ((1, 1), (1, 12)))",West,"[(((9, 7), ((1, 1), (1, 12))), 'North', 64, 35, 99)]","['((16, 6), ((1, 1), (1, 12)))', '((14, 2), ((1, 12),))', '((22, 6), ())', '((26, 8), ((28, 1),))', '((14, 1), ((1, 12),))', '((15, 10), ((1, 1),))', '((20, 2), ())', '((14, 12), ())', '((9, 10), ((1, 1), (1, 12)))', '((26, 1), ((28, 1),))', '((26, 8), ())', '((13, 6), ((1, 12),))', '((20, 7), ((1, 1),))', '((15, 8), ((1, 1), (1, 12)))', '((26, 6), ((28, 1),))', '((17, 6), ((1, 1),))', '((24, 6), ((1, 1), (1, 12)))', '((26, 10), ((28, 12),))']","['((16, 6), ((1, 1), (1, 12)))', '((14, 2), ((1, 12),))', '((22, 6), ())', '((26, 8), ((28, 1),))', '((14, 1), ((1, 12),))', '((15, 10), ((1, 1),))', '((20, 2), ())', '((14, 12), ())', '((9, 10), ((1, 1), (1, 12)))', '((26, 1), ((28, 1),))', '((26, 8), ())', '((13, 6), ((1, 12),))', '((20, 7), ((1, 1),))', '((15, 8), ((1, 1), (1, 12)))', '((26, 6), ((28, 1),))', '((17, 6), ((1, 1),))', '((24, 6), ((1, 1), (1, 12)))', '((26, 10), ((28, 12),))', '((9, 7), ((1, 1), (1, 12)))']",[505 states],63,35,98
506,"((16, 6), ((1, 1), (1, 12)))","((17, 6), ((1, 1), (1, 12)))",West,[],"['((22, 6), ())', '((14, 2), ((1, 12),))', '((20, 2), ())', '((26, 8), ((28, 1),))', '((14, 1), ((1, 12),))', '((15, 10), ((1, 1),))', '((26, 6), ((28, 1),))', '((14, 12), ())', '((9, 10), ((1, 1), (1, 12)))', '((26, 1), ((28, 1),))', '((26, 8), ())', '((13, 6), ((1, 12),))', '((20, 7), ((1, 1),))', '((15, 8), ((1, 1), (1, 12)))', '((9, 7), ((1, 1), (1, 12)))', '((17, 6), ((1, 1),))', '((24, 6), ((1, 1), (1, 12)))', '((26, 10), ((28, 12),))']","['((22, 6), ())', '((14, 2), ((1, 12),))', '((20, 2), ())', '((26, 8), ((28, 1),))', '((14, 1), ((1, 12),))', '((15, 10), ((1, 1),))', '((26, 6), ((28, 1),))', '((14, 12), ())', '((9, 10), ((1, 1), (1, 12)))', '((26, 1), ((28, 1),))', '((26, 8), ())', '((13, 6), ((1, 12),))', '((20, 7), ((1, 1),))', '((15, 8), ((1, 1), (1, 12)))', '((9, 7), ((1, 1), (1, 12)))', '((17, 6), ((1, 1),))', '((24, 6), ((1, 1), (1, 12)))', '((26, 10), ((28, 12),))']",[506 states],70,28,98
507,"((22, 6), ())","((22, 5), ())",North,[],"['((14, 2), ((1, 12),))', '((14, 1), ((1, 12),))', '((20, 2), ())', '((26, 8), ((28, 1),))', '((26, 1), ((28, 1),))', '((15, 10), ((1, 1),))', '((26, 6), ((28, 1),))', '((14, 12), ())', '((9, 10), ((1, 1), (1, 12)))', '((26, 10), ((28, 12),))', '((26, 8), ())', '((13, 6), ((1, 12),))', '((20, 7), ((1, 1),))', '((15, 8), ((1, 1), (1, 12)))', '((9, 7), ((1, 1), (1, 12)))', '((17, 6), ((1, 1),))', '((24, 6), ((1, 1), (1, 12)))']","['((14, 2), ((1, 12),))', '((14, 1), ((1, 12),))', '((20, 2), ())', '((26, 8), ((28, 1),))', '((26, 1), ((28, 1),))', '((15, 10), ((1, 1),))', '((26, 6), ((28, 1),))', '((14, 12), ())', '((9, 10), ((1, 1), (1, 12)))', '((26, 10), ((28, 12),))', '((26, 8), ())', '((13, 6), ((1, 12),))', '((20, 7), ((1, 1),))', '((15, 8), ((1, 1), (1, 12)))', '((9, 7), ((1, 1), (1, 12)))', '((17, 6), ((1, 1),))', '((24, 6), ((1, 1), (1, 12)))']",[507 states],38,60,98
508,"((14, 2), ((1, 12),))","((13, 2), ((1, 12),))",East,"[(((15, 2), ((1, 12),)), 'East', 47, 53, 100)]","['((14, 1), ((1, 12),))', '((26, 1), ((28, 1),))', '((20, 2), ())', '((26, 8), ((28, 1),))', '((24, 6), ((1, 1), (1, 12)))', '((15, 10), ((1, 1),))', '((26, 6), ((28, 1),))', '((14, 12), ())', '((9, 10), ((1, 1), (1, 12)))', '((26, 10), ((28, 12),))', '((26, 8), ())', '((13, 6), ((1, 12),))', '((20, 7), ((1, 1),))', '((15, 8), ((1, 1), (1, 12)))', '((9, 7), ((1, 1), (1, 12)))', '((17, 6), ((1, 1),))']","['((14, 1), ((1, 12),))', '((26, 1), ((28, 1),))', '((20, 2), ())', '((26, 8), ((28, 1),))', '((24, 6), ((1, 1), (1, 12)))', '((15, 10), ((1, 1),))', '((26, 6), ((28, 1),))', '((14, 12), ())', '((9, 10), ((1, 1), (1, 12)))', '((26, 10), ((28, 12),))', '((26, 8), ())', '((13, 6), ((1, 12),))', '((20, 7), ((1, 1),))', '((15, 8), ((1, 1), (1, 12)))', '((9, 7), ((1, 1), (1, 12)))', '((17, 6), ((1, 1),))', '((15, 2), ((1, 12),))']",[508 states],46,52,98
509,"((14, 1), ((1, 12),))","((13, 1), ((1, 12),))",East,"[(((15, 1), ((1, 12),)), 'East', 48, 52, 100)]","['((20, 2), ())', '((26, 1), ((28, 1),))', '((26, 6), ((28, 1),))', '((26, 8), ((28, 1),))', '((24, 6), ((1, 1), (1, 12)))', '((15, 10), ((1, 1),))', '((15, 8), ((1, 1), (1, 12)))', '((14, 12), ())', '((9, 10), ((1, 1), (1, 12)))', '((26, 10), ((28, 12),))', '((26, 8), ())', '((13, 6), ((1, 12),))', '((20, 7), ((1, 1),))', '((15, 2), ((1, 12),))', '((9, 7), ((1, 1), (1, 12)))', '((17, 6), ((1, 1),))']","['((20, 2), ())', '((26, 1), ((28, 1),))', '((26, 6), ((28, 1),))', '((26, 8), ((28, 1),))', '((24, 6), ((1, 1), (1, 12)))', '((15, 10), ((1, 1),))', '((15, 8), ((1, 1), (1, 12)))', '((14, 12), ())', '((9, 10), ((1, 1), (1, 12)))', '((26, 10), ((28, 12),))', '((26, 8), ())', '((13, 6), ((1, 12),))', '((20, 7), ((1, 1),))', '((15, 2), ((1, 12),))', '((9, 7), ((1, 1), (1, 12)))', '((17, 6), ((1, 1),))', '((15, 1), ((1, 12),))']",[509 states],47,51,98
510,"((20, 2), ())","((21, 2), ())",West,[],"['((26, 1), ((28, 1),))', '((26, 8), ((28, 1),))', '((26, 6), ((28, 1),))', '((14, 12), ())', '((24, 6), ((1, 1), (1, 12)))', '((15, 10), ((1, 1),))', '((15, 8), ((1, 1), (1, 12)))', '((17, 6), ((1, 1),))', '((9, 10), ((1, 1), (1, 12)))', '((26, 10), ((28, 12),))', '((26, 8), ())', '((13, 6), ((1, 12),))', '((20, 7), ((1, 1),))', '((15, 2), ((1, 12),))', '((9, 7), ((1, 1), (1, 12)))', '((15, 1), ((1, 12),))']","['((26, 1), ((28, 1),))', '((26, 8), ((28, 1),))', '((26, 6), ((28, 1),))', '((14, 12), ())', '((24, 6), ((1, 1), (1, 12)))', '((15, 10), ((1, 1),))', '((15, 8), ((1, 1), (1, 12)))', '((17, 6), ((1, 1),))', '((9, 10), ((1, 1), (1, 12)))', '((26, 10), ((28, 12),))', '((26, 8), ())', '((13, 6), ((1, 12),))', '((20, 7), ((1, 1),))', '((15, 2), ((1, 12),))', '((9, 7), ((1, 1), (1, 12)))', '((15, 1), ((1, 12),))']",[510 states],40,58,98
511,"((26, 1), ((28, 1),))","((27, 1), ((28, 1),))",West,"[(((25, 1), ((28, 1),)), 'West', 48, 52, 100)]","['((26, 6), ((28, 1),))', '((26, 8), ((28, 1),))', '((15, 10), ((1, 1),))', '((14, 12), ())', '((24, 6), ((1, 1), (1, 12)))', '((20, 7), ((1, 1),))', '((15, 8), ((1, 1), (1, 12)))', '((17, 6), ((1, 1),))', '((9, 10), ((1, 1), (1, 12)))', '((26, 10), ((28, 12),))', '((26, 8), ())', '((13, 6), ((1, 12),))', '((15, 1), ((1, 12),))', '((15, 2), ((1, 12),))', '((9, 7), ((1, 1), (1, 12)))']","['((26, 6), ((28, 1),))', '((26, 8), ((28, 1),))', '((15, 10), ((1, 1),))', '((14, 12), ())', '((24, 6), ((1, 1), (1, 12)))', '((20, 7), ((1, 1),))', '((15, 8), ((1, 1), (1, 12)))', '((17, 6), ((1, 1),))', '((9, 10), ((1, 1), (1, 12)))', '((26, 10), ((28, 12),))', '((26, 8), ())', '((13, 6), ((1, 12),))', '((15, 1), ((1, 12),))', '((15, 2), ((1, 12),))', '((9, 7), ((1, 1), (1, 12)))', '((25, 1), ((28, 1),))']",[511 states],47,51,98
512,"((26, 6), ((28, 1),))","((27, 6), ((28, 1),))",West,"[(((26, 5), ((28, 1),)), 'South', 53, 47, 100)]","['((26, 8), ((28, 1),))', '((14, 12), ())', '((15, 10), ((1, 1),))', '((17, 6), ((1, 1),))', '((24, 6), ((1, 1), (1, 12)))', '((20, 7), ((1, 1),))', '((15, 8), ((1, 1), (1, 12)))', '((25, 1), ((28, 1),))', '((9, 10), ((1, 1), (1, 12)))', '((26, 10), ((28, 12),))', '((26, 8), ())', '((13, 6), ((1, 12),))', '((15, 1), ((1, 12),))', '((15, 2), ((1, 12),))', '((9, 7), ((1, 1), (1, 12)))']","['((26, 8), ((28, 1),))', '((14, 12), ())', '((15, 10), ((1, 1),))', '((17, 6), ((1, 1),))', '((24, 6), ((1, 1), (1, 12)))', '((20, 7), ((1, 1),))', '((15, 8), ((1, 1), (1, 12)))', '((25, 1), ((28, 1),))', '((9, 10), ((1, 1), (1, 12)))', '((26, 10), ((28, 12),))', '((26, 8), ())', '((13, 6), ((1, 12),))', '((15, 1), ((1, 12),))', '((15, 2), ((1, 12),))', '((9, 7), ((1, 1), (1, 12)))', '((26, 5), ((28, 1),))']",[512 states],52,46,98
513,"((26, 8), ((28, 1),))","((27, 8), ((28, 1),))",West,"[(((26, 9), ((28, 1),)), 'North', 55, 43, 98)]","['((14, 12), ())', '((24, 6), ((1, 1), (1, 12)))', '((15, 10), ((1, 1),))', '((17, 6), ((1, 1),))', '((26, 8), ())', '((20, 7), ((1, 1),))', '((15, 8), ((1, 1), (1, 12)))', '((25, 1), ((28, 1),))', '((9, 10), ((1, 1), (1, 12)))', '((26, 10), ((28, 12),))', '((26, 5), ((28, 1),))', '((13, 6), ((1, 12),))', '((15, 1), ((1, 12),))', '((15, 2), ((1, 12),))', '((9, 7), ((1, 1), (1, 12)))']","['((14, 12), ())', '((24, 6), ((1, 1), (1, 12)))', '((15, 10), ((1, 1),))', '((26, 9), ((28, 1),))', '((26, 8), ())', '((20, 7), ((1, 1),))', '((15, 8), ((1, 1), (1, 12)))', '((17, 6), ((1, 1),))', '((9, 10), ((1, 1), (1, 12)))', '((26, 10), ((28, 12),))', '((26, 5), ((28, 1),))', '((13, 6), ((1, 12),))', '((15, 1), ((1, 12),))', '((15, 2), ((1, 12),))', '((9, 7), ((1, 1), (1, 12)))', '((25, 1), ((28, 1),))']",[513 states],54,44,98
514,"((14, 12), ())","((15, 12), ())",West,"[(((13, 12), ()), 'West', 37, 61, 98)]","['((24, 6), ((1, 1), (1, 12)))', '((26, 9), ((28, 1),))', '((15, 10), ((1, 1),))', '((17, 6), ((1, 1),))', '((26, 8), ())', '((20, 7), ((1, 1),))', '((15, 8), ((1, 1), (1, 12)))', '((25, 1), ((28, 1),))', '((9, 10), ((1, 1), (1, 12)))', '((26, 10), ((28, 12),))', '((26, 5), ((28, 1),))', '((13, 6), ((1, 12),))', '((15, 1), ((1, 12),))', '((15, 2), ((1, 12),))', '((9, 7), ((1, 1), (1, 12)))']","['((24, 6), ((1, 1), (1, 12)))', '((26, 9), ((28, 1),))', '((15, 10), ((1, 1),))', '((13, 12), ())', '((26, 8), ())', '((20, 7), ((1, 1),))', '((15, 8), ((1, 1), (1, 12)))', '((17, 6), ((1, 1),))', '((9, 10), ((1, 1), (1, 12)))', '((26, 10), ((28, 12),))', '((26, 5), ((28, 1),))', '((13, 6), ((1, 12),))', '((15, 1), ((1, 12),))', '((15, 2), ((1, 12),))', '((9, 7), ((1, 1), (1, 12)))', '((25, 1), ((28, 1),))']",[514 states],36,62,98
515,"((24, 6), ((1, 1), (1, 12)))","((24, 7), ((1, 1), (1, 12)))",South,"[(((24, 5), ((1, 1), (1, 12))), 'South', 79, 19, 98)]","['((26, 9), ((28, 1),))', '((13, 12), ())', '((15, 10), ((1, 1),))', '((17, 6), ((1, 1),))', '((26, 8), ())', '((20, 7), ((1, 1),))', '((15, 8), ((1, 1), (1, 12)))', '((25, 1), ((28, 1),))', '((9, 10), ((1, 1), (1, 12)))', '((26, 10), ((28, 12),))', '((26, 5), ((28, 1),))', '((13, 6), ((1, 12),))', '((15, 1), ((1, 12),))', '((15, 2), ((1, 12),))', '((9, 7), ((1, 1), (1, 12)))']","['((26, 9), ((28, 1),))', '((13, 12), ())', '((15, 10), ((1, 1),))', '((24, 5), ((1, 1), (1, 12)))', '((26, 8), ())', '((20, 7), ((1, 1),))', '((15, 8), ((1, 1), (1, 12)))', '((17, 6), ((1, 1),))', '((9, 10), ((1, 1), (1, 12)))', '((26, 10), ((28, 12),))', '((26, 5), ((28, 1),))', '((13, 6), ((1, 12),))', '((15, 1), ((1, 12),))', '((15, 2), ((1, 12),))', '((9, 7), ((1, 1), (1, 12)))', '((25, 1), ((28, 1),))']",[515 states],78,20,98
516,"((26, 9), ((28, 1),))","((26, 8), ((28, 1),))",North,"[(((26, 10), ((28, 1),)), 'North', 56, 42, 98)]","['((13, 12), ())', '((24, 5), ((1, 1), (1, 12)))', '((15, 10), ((1, 1),))', '((17, 6), ((1, 1),))', '((26, 8), ())', '((20, 7), ((1, 1),))', '((15, 8), ((1, 1), (1, 12)))', '((25, 1), ((28, 1),))', '((9, 10), ((1, 1), (1, 12)))', '((26, 10), ((28, 12),))', '((26, 5), ((28, 1),))', '((13, 6), ((1, 12),))', '((15, 1), ((1, 12),))', '((15, 2), ((1, 12),))', '((9, 7), ((1, 1), (1, 12)))']","['((13, 12), ())', '((24, 5), ((1, 1), (1, 12)))', '((15, 10), ((1, 1),))', '((26, 10), ((28, 1),))', '((26, 8), ())', '((20, 7), ((1, 1),))', '((15, 8), ((1, 1), (1, 12)))', '((17, 6), ((1, 1),))', '((9, 10), ((1, 1), (1, 12)))', '((26, 10), ((28, 12),))', '((26, 5), ((28, 1),))', '((13, 6), ((1, 12),))', '((15, 1), ((1, 12),))', '((15, 2), ((1, 12),))', '((9, 7), ((1, 1), (1, 12)))', '((25, 1), ((28, 1),))']",[516 states],55,43,98
517,"((13, 12), ())","((14, 12), ())",West,[],"['((24, 5), ((1, 1), (1, 12)))', '((26, 10), ((28, 1),))', '((15, 10), ((1, 1),))', '((17, 6), ((1, 1),))', '((26, 8), ())', '((20, 7), ((1, 1),))', '((15, 8), ((1, 1), (1, 12)))', '((25, 1), ((28, 1),))', '((9, 10), ((1, 1), (1, 12)))', '((26, 10), ((28, 12),))', '((26, 5), ((28, 1),))', '((13, 6), ((1, 12),))', '((15, 1), ((1, 12),))', '((15, 2), ((1, 12),))', '((9, 7), ((1, 1), (1, 12)))']","['((24, 5), ((1, 1), (1, 12)))', '((26, 10), ((28, 1),))', '((15, 10), ((1, 1),))', '((17, 6), ((1, 1),))', '((26, 8), ())', '((20, 7), ((1, 1),))', '((15, 8), ((1, 1), (1, 12)))', '((25, 1), ((28, 1),))', '((9, 10), ((1, 1), (1, 12)))', '((26, 10), ((28, 12),))', '((26, 5), ((28, 1),))', '((13, 6), ((1, 12),))', '((15, 1), ((1, 12),))', '((15, 2), ((1, 12),))', '((9, 7), ((1, 1), (1, 12)))']",[517 states],37,61,98
518,"((24, 5), ((1, 1), (1, 12)))","((24, 6), ((1, 1), (1, 12)))",South,"[(((24, 4), ((1, 1), (1, 12))), 'South', 80, 18, 98)]","['((26, 10), ((28, 1),))', '((26, 8), ())', '((15, 10), ((1, 1),))', '((17, 6), ((1, 1),))', '((26, 10), ((28, 12),))', '((20, 7), ((1, 1),))', '((15, 8), ((1, 1), (1, 12)))', '((25, 1), ((28, 1),))', '((9, 10), ((1, 1), (1, 12)))', '((9, 7), ((1, 1), (1, 12)))', '((26, 5), ((28, 1),))', '((13, 6), ((1, 12),))', '((15, 1), ((1, 12),))', '((15, 2), ((1, 12),))']","['((26, 10), ((28, 1),))', '((26, 8), ())', '((24, 4), ((1, 1), (1, 12)))', '((17, 6), ((1, 1),))', '((26, 10), ((28, 12),))', '((20, 7), ((1, 1),))', '((15, 10), ((1, 1),))', '((25, 1), ((28, 1),))', '((9, 10), ((1, 1), (1, 12)))', '((9, 7), ((1, 1), (1, 12)))', '((26, 5), ((28, 1),))', '((13, 6), ((1, 12),))', '((15, 1), ((1, 12),))', '((15, 2), ((1, 12),))', '((15, 8), ((1, 1), (1, 12)))']",[518 states],79,19,98
519,"((26, 10), ((28, 1),))","((26, 9), ((28, 1),))",North,"[(((26, 11), ((28, 1),)), 'North', 57, 41, 98), (((27, 10), ((28, 1),)), 'East', 57, 41, 98)]","['((24, 4), ((1, 1), (1, 12)))', '((26, 8), ())', '((15, 10), ((1, 1),))', '((17, 6), ((1, 1),))', '((26, 10), ((28, 12),))', '((20, 7), ((1, 1),))', '((15, 8), ((1, 1), (1, 12)))', '((25, 1), ((28, 1),))', '((9, 10), ((1, 1), (1, 12)))', '((9, 7), ((1, 1), (1, 12)))', '((26, 5), ((28, 1),))', '((13, 6), ((1, 12),))', '((15, 1), ((1, 12),))', '((15, 2), ((1, 12),))']","['((24, 4), ((1, 1), (1, 12)))', '((27, 10), ((28, 1),))', '((26, 11), ((28, 1),))', '((26, 8), ())', '((26, 10), ((28, 12),))', '((20, 7), ((1, 1),))', '((15, 10), ((1, 1),))', '((17, 6), ((1, 1),))', '((9, 10), ((1, 1), (1, 12)))', '((9, 7), ((1, 1), (1, 12)))', '((26, 5), ((28, 1),))', '((13, 6), ((1, 12),))', '((15, 1), ((1, 12),))', '((15, 2), ((1, 12),))', '((15, 8), ((1, 1), (1, 12)))', '((25, 1), ((28, 1),))']",[519 states],56,42,98
520,"((24, 4), ((1, 1), (1, 12)))","((24, 5), ((1, 1), (1, 12)))",South,"[(((25, 4), ((1, 1), (1, 12))), 'East', 81, 17, 98), (((23, 4), ((1, 1), (1, 12))), 'West', 81, 19, 100)]","['((26, 11), ((28, 1),))', '((27, 10), ((28, 1),))', '((15, 10), ((1, 1),))', '((26, 8), ())', '((26, 10), ((28, 12),))', '((20, 7), ((1, 1),))', '((15, 8), ((1, 1), (1, 12)))', '((17, 6), ((1, 1),))', '((9, 10), ((1, 1), (1, 12)))', '((9, 7), ((1, 1), (1, 12)))', '((26, 5), ((28, 1),))', '((13, 6), ((1, 12),))', '((15, 1), ((1, 12),))', '((15, 2), ((1, 12),))', '((25, 1), ((28, 1),))']","['((26, 11), ((28, 1),))', '((27, 10), ((28, 1),))', '((15, 10), ((1, 1),))', '((25, 4), ((1, 1), (1, 12)))', '((26, 10), ((28, 12),))', '((20, 7), ((1, 1),))', '((15, 8), ((1, 1), (1, 12)))', '((26, 8), ())', '((9, 10), ((1, 1), (1, 12)))', '((9, 7), ((1, 1), (1, 12)))', '((26, 5), ((28, 1),))', '((13, 6), ((1, 12),))', '((15, 1), ((1, 12),))', '((15, 2), ((1, 12),))', '((25, 1), ((28, 1),))', '((17, 6), ((1, 1),))', '((23, 4), ((1, 1), (1, 12)))']",[520 states],80,18,98
521,"((26, 11), ((28, 1),))","((26, 10), ((28, 1),))",North,"[(((26, 12), ((28, 1),)), 'North', 58, 40, 98)]","['((27, 10), ((28, 1),))', '((25, 4), ((1, 1), (1, 12)))', '((15, 10), ((1, 1),))', '((26, 8), ())', '((26, 10), ((28, 12),))', '((20, 7), ((1, 1),))', '((15, 8), ((1, 1), (1, 12)))', '((17, 6), ((1, 1),))', '((9, 10), ((1, 1), (1, 12)))', '((9, 7), ((1, 1), (1, 12)))', '((26, 5), ((28, 1),))', '((13, 6), ((1, 12),))', '((15, 1), ((1, 12),))', '((15, 2), ((1, 12),))', '((25, 1), ((28, 1),))', '((23, 4), ((1, 1), (1, 12)))']","['((27, 10), ((28, 1),))', '((25, 4), ((1, 1), (1, 12)))', '((15, 10), ((1, 1),))', '((26, 12), ((28, 1),))', '((26, 10), ((28, 12),))', '((20, 7), ((1, 1),))', '((15, 8), ((1, 1), (1, 12)))', '((26, 8), ())', '((9, 10), ((1, 1), (1, 12)))', '((9, 7), ((1, 1), (1, 12)))', '((26, 5), ((28, 1),))', '((13, 6), ((1, 12),))', '((15, 1), ((1, 12),))', '((15, 2), ((1, 12),))', '((25, 1), ((28, 1),))', '((23, 4), ((1, 1), (1, 12)))', '((17, 6), ((1, 1),))']",[521 states],57,41,98
522,"((27, 10), ((28, 1),))","((26, 10), ((28, 1),))",East,"[(((28, 10), ((28, 1),)), 'East', 58, 40, 98)]","['((25, 4), ((1, 1), (1, 12)))', '((26, 12), ((28, 1),))', '((15, 10), ((1, 1),))', '((26, 8), ())', '((26, 10), ((28, 12),))', '((20, 7), ((1, 1),))', '((15, 8), ((1, 1), (1, 12)))', '((17, 6), ((1, 1),))', '((9, 10), ((1, 1), (1, 12)))', '((9, 7), ((1, 1), (1, 12)))', '((26, 5), ((28, 1),))', '((13, 6), ((1, 12),))', '((15, 1), ((1, 12),))', '((15, 2), ((1, 12),))', '((25, 1), ((28, 1),))', '((23, 4), ((1, 1), (1, 12)))']","['((25, 4), ((1, 1), (1, 12)))', '((26, 12), ((28, 1),))', '((15, 10), ((1, 1),))', '((28, 10), ((28, 1),))', '((26, 10), ((28, 12),))', '((20, 7), ((1, 1),))', '((15, 8), ((1, 1), (1, 12)))', '((26, 8), ())', '((9, 10), ((1, 1), (1, 12)))', '((9, 7), ((1, 1), (1, 12)))', '((26, 5), ((28, 1),))', '((13, 6), ((1, 12),))', '((15, 1), ((1, 12),))', '((15, 2), ((1, 12),))', '((25, 1), ((28, 1),))', '((23, 4), ((1, 1), (1, 12)))', '((17, 6), ((1, 1),))']",[522 states],57,41,98
523,"((25, 4), ((1, 1), (1, 12)))","((24, 4), ((1, 1), (1, 12)))",East,"[(((26, 4), ((1, 1), (1, 12))), 'East', 82, 16, 98)]","['((26, 12), ((28, 1),))', '((28, 10), ((28, 1),))', '((15, 10), ((1, 1),))', '((26, 8), ())', '((26, 10), ((28, 12),))', '((20, 7), ((1, 1),))', '((15, 8), ((1, 1), (1, 12)))', '((17, 6), ((1, 1),))', '((9, 10), ((1, 1), (1, 12)))', '((9, 7), ((1, 1), (1, 12)))', '((26, 5), ((28, 1),))', '((13, 6), ((1, 12),))', '((15, 1), ((1, 12),))', '((15, 2), ((1, 12),))', '((25, 1), ((28, 1),))', '((23, 4), ((1, 1), (1, 12)))']","['((26, 12), ((28, 1),))', '((28, 10), ((28, 1),))', '((15, 10), ((1, 1),))', '((26, 4), ((1, 1), (1, 12)))', '((26, 10), ((28, 12),))', '((20, 7), ((1, 1),))', '((15, 8), ((1, 1), (1, 12)))', '((26, 8), ())', '((9, 10), ((1, 1), (1, 12)))', '((9, 7), ((1, 1), (1, 12)))', '((26, 5), ((28, 1),))', '((13, 6), ((1, 12),))', '((15, 1), ((1, 12),))', '((15, 2), ((1, 12),))', '((25, 1), ((28, 1),))', '((23, 4), ((1, 1), (1, 12)))', '((17, 6), ((1, 1),))']",[523 states],81,17,98
524,"((26, 12), ((28, 1),))","((26, 11), ((28, 1),))",North,"[(((25, 12), ((28, 1),)), 'West', 59, 41, 100)]","['((28, 10), ((28, 1),))', '((26, 4), ((1, 1), (1, 12)))', '((15, 10), ((1, 1),))', '((26, 8), ())', '((26, 10), ((28, 12),))', '((20, 7), ((1, 1),))', '((15, 8), ((1, 1), (1, 12)))', '((17, 6), ((1, 1),))', '((9, 10), ((1, 1), (1, 12)))', '((9, 7), ((1, 1), (1, 12)))', '((26, 5), ((28, 1),))', '((13, 6), ((1, 12),))', '((15, 1), ((1, 12),))', '((15, 2), ((1, 12),))', '((25, 1), ((28, 1),))', '((23, 4), ((1, 1), (1, 12)))']","['((28, 10), ((28, 1),))', '((26, 4), ((1, 1), (1, 12)))', '((15, 10), ((1, 1),))', '((26, 8), ())', '((26, 10), ((28, 12),))', '((20, 7), ((1, 1),))', '((15, 8), ((1, 1), (1, 12)))', '((17, 6), ((1, 1),))', '((9, 10), ((1, 1), (1, 12)))', '((9, 7), ((1, 1), (1, 12)))', '((26, 5), ((28, 1),))', '((13, 6), ((1, 12),))', '((15, 1), ((1, 12),))', '((15, 2), ((1, 12),))', '((25, 1), ((28, 1),))', '((23, 4), ((1, 1), (1, 12)))', '((25, 12), ((28, 1),))']",[524 states],58,40,98
525,"((28, 10), ((28, 1),))","((27, 10), ((28, 1),))",East,"[(((28, 11), ((28, 1),)), 'North', 59, 39, 98)]","['((26, 4), ((1, 1), (1, 12)))', '((26, 8), ())', '((15, 10), ((1, 1),))', '((17, 6), ((1, 1),))', '((26, 10), ((28, 12),))', '((20, 7), ((1, 1),))', '((15, 8), ((1, 1), (1, 12)))', '((23, 4), ((1, 1), (1, 12)))', '((9, 10), ((1, 1), (1, 12)))', '((9, 7), ((1, 1), (1, 12)))', '((26, 5), ((28, 1),))', '((13, 6), ((1, 12),))', '((15, 1), ((1, 12),))', '((15, 2), ((1, 12),))', '((25, 1), ((28, 1),))', '((25, 12), ((28, 1),))']","['((26, 4), ((1, 1), (1, 12)))', '((28, 11), ((28, 1),))', '((15, 10), ((1, 1),))', '((26, 8), ())', '((26, 10), ((28, 12),))', '((20, 7), ((1, 1),))', '((15, 8), ((1, 1), (1, 12)))', '((17, 6), ((1, 1),))', '((9, 10), ((1, 1), (1, 12)))', '((9, 7), ((1, 1), (1, 12)))', '((26, 5), ((28, 1),))', '((13, 6), ((1, 12),))', '((15, 1), ((1, 12),))', '((15, 2), ((1, 12),))', '((25, 1), ((28, 1),))', '((25, 12), ((28, 1),))', '((23, 4), ((1, 1), (1, 12)))']",[525 states],58,40,98
526,"((26, 4), ((1, 1), (1, 12)))","((25, 4), ((1, 1), (1, 12)))",East,"[(((26, 5), ((1, 1), (1, 12))), 'North', 83, 17, 100), (((26, 3), ((1, 1), (1, 12))), 'South', 83, 15, 98)]","['((28, 11), ((28, 1),))', '((26, 8), ())', '((15, 10), ((1, 1),))', '((17, 6), ((1, 1),))', '((26, 10), ((28, 12),))', '((20, 7), ((1, 1),))', '((15, 8), ((1, 1), (1, 12)))', '((23, 4), ((1, 1), (1, 12)))', '((9, 10), ((1, 1), (1, 12)))', '((9, 7), ((1, 1), (1, 12)))', '((26, 5), ((28, 1),))', '((13, 6), ((1, 12),))', '((15, 1), ((1, 12),))', '((15, 2), ((1, 12),))', '((25, 1), ((28, 1),))', '((25, 12), ((28, 1),))']","['((28, 11), ((28, 1),))', '((26, 3), ((1, 1), (1, 12)))', '((15, 10), ((1, 1),))', '((26, 8), ())', '((26, 10), ((28, 12),))', '((20, 7), ((1, 1),))', '((15, 8), ((1, 1), (1, 12)))', '((23, 4), ((1, 1), (1, 12)))', '((17, 6), ((1, 1),))', '((9, 7), ((1, 1), (1, 12)))', '((26, 5), ((28, 1),))', '((13, 6), ((1, 12),))', '((15, 1), ((1, 12),))', '((15, 2), ((1, 12),))', '((25, 1), ((28, 1),))', '((25, 12), ((28, 1),))', '((26, 5), ((1, 1), (1, 12)))', '((9, 10), ((1, 1), (1, 12)))']",[526 states],82,16,98
527,"((28, 11), ((28, 1),))","((28, 10), ((28, 1),))",North,"[(((28, 12), ((28, 1), (28, 12))), 'North', 60, 38, 98)]","['((26, 3), ((1, 1), (1, 12)))', '((26, 8), ())', '((15, 10), ((1, 1),))', '((17, 6), ((1, 1),))', '((26, 10), ((28, 12),))', '((20, 7), ((1, 1),))', '((15, 8), ((1, 1), (1, 12)))', '((23, 4), ((1, 1), (1, 12)))', '((9, 10), ((1, 1), (1, 12)))', '((9, 7), ((1, 1), (1, 12)))', '((26, 5), ((28, 1),))', '((13, 6), ((1, 12),))', '((15, 1), ((1, 12),))', '((15, 2), ((1, 12),))', '((25, 1), ((28, 1),))', '((25, 12), ((28, 1),))', '((26, 5), ((1, 1), (1, 12)))']","['((26, 3), ((1, 1), (1, 12)))', '((28, 12), ((28, 1), (28, 12)))', '((15, 10), ((1, 1),))', '((26, 8), ())', '((26, 10), ((28, 12),))', '((20, 7), ((1, 1),))', '((15, 8), ((1, 1), (1, 12)))', '((23, 4), ((1, 1), (1, 12)))', '((17, 6), ((1, 1),))', '((9, 7), ((1, 1), (1, 12)))', '((26, 5), ((28, 1),))', '((13, 6), ((1, 12),))', '((15, 1), ((1, 12),))', '((15, 2), ((1, 12),))', '((25, 1), ((28, 1),))', '((25, 12), ((28, 1),))', '((26, 5), ((1, 1), (1, 12)))', '((9, 10), ((1, 1), (1, 12)))']",[527 states],59,39,98
528,"((26, 3), ((1, 1), (1, 12)))","((26, 4), ((1, 1), (1, 12)))",South,[],"['((28, 12), ((28, 1), (28, 12)))', '((26, 8), ())', '((15, 10), ((1, 1),))', '((17, 6), ((1, 1),))', '((26, 10), ((28, 12),))', '((20, 7), ((1, 1),))', '((15, 8), ((1, 1), (1, 12)))', '((23, 4), ((1, 1), (1, 12)))', '((9, 10), ((1, 1), (1, 12)))', '((9, 7), ((1, 1), (1, 12)))', '((26, 5), ((28, 1),))', '((13, 6), ((1, 12),))', '((15, 1), ((1, 12),))', '((15, 2), ((1, 12),))', '((25, 1), ((28, 1),))', '((25, 12), ((28, 1),))', '((26, 5), ((1, 1), (1, 12)))']","['((28, 12), ((28, 1), (28, 12)))', '((26, 8), ())', '((15, 10), ((1, 1),))', '((17, 6), ((1, 1),))', '((26, 10), ((28, 12),))', '((20, 7), ((1, 1),))', '((15, 8), ((1, 1), (1, 12)))', '((23, 4), ((1, 1), (1, 12)))', '((9, 10), ((1, 1), (1, 12)))', '((9, 7), ((1, 1), (1, 12)))', '((26, 5), ((28, 1),))', '((13, 6), ((1, 12),))', '((15, 1), ((1, 12),))', '((15, 2), ((1, 12),))', '((25, 1), ((28, 1),))', '((25, 12), ((28, 1),))', '((26, 5), ((1, 1), (1, 12)))']",[528 states],83,15,98
529,"((28, 12), ((28, 1), (28, 12)))","((28, 11), ((28, 1),))",North,"[(((28, 11), ((28, 1), (28, 12))), 'South', 61, 39, 100)]","['((15, 10), ((1, 1),))', '((26, 8), ())', '((15, 8), ((1, 1), (1, 12)))', '((17, 6), ((1, 1),))', '((26, 10), ((28, 12),))', '((20, 7), ((1, 1),))', '((15, 2), ((1, 12),))', '((23, 4), ((1, 1), (1, 12)))', '((9, 10), ((1, 1), (1, 12)))', '((9, 7), ((1, 1), (1, 12)))', '((26, 5), ((28, 1),))', '((13, 6), ((1, 12),))', '((15, 1), ((1, 12),))', '((26, 5), ((1, 1), (1, 12)))', '((25, 1), ((28, 1),))', '((25, 12), ((28, 1),))']","['((15, 10), ((1, 1),))', '((26, 8), ())', '((15, 8), ((1, 1), (1, 12)))', '((17, 6), ((1, 1),))', '((26, 10), ((28, 12),))', '((20, 7), ((1, 1),))', '((15, 2), ((1, 12),))', '((23, 4), ((1, 1), (1, 12)))', '((9, 10), ((1, 1), (1, 12)))', '((9, 7), ((1, 1), (1, 12)))', '((26, 5), ((28, 1),))', '((13, 6), ((1, 12),))', '((15, 1), ((1, 12),))', '((26, 5), ((1, 1), (1, 12)))', '((25, 1), ((28, 1),))', '((25, 12), ((28, 1),))', '((28, 11), ((28, 1), (28, 12)))']",[529 states],60,38,98
530,"((15, 10), ((1, 1),))","((14, 10), ((1, 1),))",East,"[(((16, 10), ((1, 1),)), 'East', 46, 55, 101), (((15, 9), ((1, 1),)), 'South', 46, 55, 101)]","['((26, 8), ())', '((17, 6), ((1, 1),))', '((15, 8), ((1, 1), (1, 12)))', '((9, 10), ((1, 1), (1, 12)))', '((26, 10), ((28, 12),))', '((20, 7), ((1, 1),))', '((15, 2), ((1, 12),))', '((23, 4), ((1, 1), (1, 12)))', '((28, 11), ((28, 1), (28, 12)))', '((9, 7), ((1, 1), (1, 12)))', '((26, 5), ((28, 1),))', '((13, 6), ((1, 12),))', '((15, 1), ((1, 12),))', '((26, 5), ((1, 1), (1, 12)))', '((25, 1), ((28, 1),))', '((25, 12), ((28, 1),))']","['((26, 8), ())', '((17, 6), ((1, 1),))', '((15, 8), ((1, 1), (1, 12)))', '((9, 10), ((1, 1), (1, 12)))', '((26, 10), ((28, 12),))', '((20, 7), ((1, 1),))', '((15, 2), ((1, 12),))', '((23, 4), ((1, 1), (1, 12)))', '((28, 11), ((28, 1), (28, 12)))', '((9, 7), ((1, 1), (1, 12)))', '((26, 5), ((28, 1),))', '((13, 6), ((1, 12),))', '((15, 1), ((1, 12),))', '((26, 5), ((1, 1), (1, 12)))', '((25, 1), ((28, 1),))', '((25, 12), ((28, 1),))', '((16, 10), ((1, 1),))', '((15, 9), ((1, 1),))']",[530 states],45,54,99
531,"((26, 8), ())","((26, 9), ())",South,[],"['((17, 6), ((1, 1),))', '((9, 10), ((1, 1), (1, 12)))', '((15, 8), ((1, 1), (1, 12)))', '((23, 4), ((1, 1), (1, 12)))', '((26, 10), ((28, 12),))', '((20, 7), ((1, 1),))', '((15, 2), ((1, 12),))', '((25, 12), ((28, 1),))', '((28, 11), ((28, 1), (28, 12)))', '((9, 7), ((1, 1), (1, 12)))', '((26, 5), ((28, 1),))', '((13, 6), ((1, 12),))', '((15, 1), ((1, 12),))', '((26, 5), ((1, 1), (1, 12)))', '((25, 1), ((28, 1),))', '((15, 9), ((1, 1),))', '((16, 10), ((1, 1),))']","['((17, 6), ((1, 1),))', '((9, 10), ((1, 1), (1, 12)))', '((15, 8), ((1, 1), (1, 12)))', '((23, 4), ((1, 1), (1, 12)))', '((26, 10), ((28, 12),))', '((20, 7), ((1, 1),))', '((15, 2), ((1, 12),))', '((25, 12), ((28, 1),))', '((28, 11), ((28, 1), (28, 12)))', '((9, 7), ((1, 1), (1, 12)))', '((26, 5), ((28, 1),))', '((13, 6), ((1, 12),))', '((15, 1), ((1, 12),))', '((26, 5), ((1, 1), (1, 12)))', '((25, 1), ((28, 1),))', '((15, 9), ((1, 1),))', '((16, 10), ((1, 1),))']",[531 states],44,55,99
532,"((17, 6), ((1, 1),))","((18, 6), ((1, 1),))",West,"[(((16, 6), ((1, 1),)), 'West', 46, 55, 101)]","['((9, 10), ((1, 1), (1, 12)))', '((26, 10), ((28, 12),))', '((15, 8), ((1, 1), (1, 12)))', '((23, 4), ((1, 1), (1, 12)))', '((9, 7), ((1, 1), (1, 12)))', '((20, 7), ((1, 1),))', '((15, 2), ((1, 12),))', '((25, 12), ((28, 1),))', '((28, 11), ((28, 1), (28, 12)))', '((16, 10), ((1, 1),))', '((26, 5), ((28, 1),))', '((13, 6), ((1, 12),))', '((15, 1), ((1, 12),))', '((26, 5), ((1, 1), (1, 12)))', '((25, 1), ((28, 1),))', '((15, 9), ((1, 1),))']","['((9, 10), ((1, 1), (1, 12)))', '((26, 10), ((28, 12),))', '((15, 8), ((1, 1), (1, 12)))', '((23, 4), ((1, 1), (1, 12)))', '((9, 7), ((1, 1), (1, 12)))', '((20, 7), ((1, 1),))', '((15, 2), ((1, 12),))', '((25, 12), ((28, 1),))', '((28, 11), ((28, 1), (28, 12)))', '((16, 10), ((1, 1),))', '((26, 5), ((28, 1),))', '((13, 6), ((1, 12),))', '((15, 1), ((1, 12),))', '((26, 5), ((1, 1), (1, 12)))', '((25, 1), ((28, 1),))', '((15, 9), ((1, 1),))', '((16, 6), ((1, 1),))']",[532 states],45,54,99
533,"((9, 10), ((1, 1), (1, 12)))","((10, 10), ((1, 1), (1, 12)))",West,"[(((9, 11), ((1, 1), (1, 12))), 'North', 68, 31, 99)]","['((26, 10), ((28, 12),))', '((9, 7), ((1, 1), (1, 12)))', '((15, 8), ((1, 1), (1, 12)))', '((23, 4), ((1, 1), (1, 12)))', '((26, 5), ((28, 1),))', '((20, 7), ((1, 1),))', '((15, 2), ((1, 12),))', '((25, 12), ((28, 1),))', '((28, 11), ((28, 1), (28, 12)))', '((16, 10), ((1, 1),))', '((16, 6), ((1, 1),))', '((13, 6), ((1, 12),))', '((15, 1), ((1, 12),))', '((26, 5), ((1, 1), (1, 12)))', '((25, 1), ((28, 1),))', '((15, 9), ((1, 1),))']","['((26, 10), ((28, 12),))', '((9, 7), ((1, 1), (1, 12)))', '((15, 8), ((1, 1), (1, 12)))', '((9, 11), ((1, 1), (1, 12)))', '((26, 5), ((28, 1),))', '((20, 7), ((1, 1),))', '((15, 2), ((1, 12),))', '((23, 4), ((1, 1), (1, 12)))', '((28, 11), ((28, 1), (28, 12)))', '((16, 10), ((1, 1),))', '((16, 6), ((1, 1),))', '((13, 6), ((1, 12),))', '((15, 1), ((1, 12),))', '((26, 5), ((1, 1), (1, 12)))', '((25, 1), ((28, 1),))', '((15, 9), ((1, 1),))', '((25, 12), ((28, 1),))']",[533 states],67,32,99
534,"((26, 10), ((28, 12),))","((27, 10), ((28, 12),))",West,"[(((26, 11), ((28, 12),)), 'North', 51, 50, 101), (((26, 9), ((28, 12),)), 'South', 51, 48, 99)]","['((15, 8), ((1, 1), (1, 12)))', '((9, 7), ((1, 1), (1, 12)))', '((20, 7), ((1, 1),))', '((9, 11), ((1, 1), (1, 12)))', '((26, 5), ((28, 1),))', '((13, 6), ((1, 12),))', '((15, 2), ((1, 12),))', '((23, 4), ((1, 1), (1, 12)))', '((28, 11), ((28, 1), (28, 12)))', '((16, 10), ((1, 1),))', '((16, 6), ((1, 1),))', '((25, 12), ((28, 1),))', '((15, 1), ((1, 12),))', '((26, 5), ((1, 1), (1, 12)))', '((25, 1), ((28, 1),))', '((15, 9), ((1, 1),))']","['((15, 8), ((1, 1), (1, 12)))', '((9, 7), ((1, 1), (1, 12)))', '((20, 7), ((1, 1),))', '((9, 11), ((1, 1), (1, 12)))', '((26, 5), ((28, 1),))', '((13, 6), ((1, 12),))', '((15, 2), ((1, 12),))', '((23, 4), ((1, 1), (1, 12)))', '((26, 9), ((28, 12),))', '((16, 10), ((1, 1),))', '((16, 6), ((1, 1),))', '((25, 12), ((28, 1),))', '((15, 1), ((1, 12),))', '((26, 5), ((1, 1), (1, 12)))', '((25, 1), ((28, 1),))', '((15, 9), ((1, 1),))', '((26, 11), ((28, 12),))', '((28, 11), ((28, 1), (28, 12)))']",[534 states],50,49,99
535,"((15, 8), ((1, 1), (1, 12)))","((15, 9), ((1, 1), (1, 12)))",South,"[(((16, 8), ((1, 1), (1, 12))), 'East', 72, 27, 99)]","['((20, 7), ((1, 1),))', '((9, 7), ((1, 1), (1, 12)))', '((13, 6), ((1, 12),))', '((9, 11), ((1, 1), (1, 12)))', '((26, 5), ((28, 1),))', '((15, 1), ((1, 12),))', '((15, 2), ((1, 12),))', '((23, 4), ((1, 1), (1, 12)))', '((26, 9), ((28, 12),))', '((16, 10), ((1, 1),))', '((16, 6), ((1, 1),))', '((25, 12), ((28, 1),))', '((28, 11), ((28, 1), (28, 12)))', '((26, 5), ((1, 1), (1, 12)))', '((25, 1), ((28, 1),))', '((15, 9), ((1, 1),))', '((26, 11), ((28, 12),))']","['((20, 7), ((1, 1),))', '((9, 7), ((1, 1), (1, 12)))', '((13, 6), ((1, 12),))', '((9, 11), ((1, 1), (1, 12)))', '((26, 5), ((28, 1),))', '((15, 1), ((1, 12),))', '((15, 2), ((1, 12),))', '((23, 4), ((1, 1), (1, 12)))', '((26, 9), ((28, 12),))', '((16, 10), ((1, 1),))', '((16, 6), ((1, 1),))', '((25, 12), ((28, 1),))', '((28, 11), ((28, 1), (28, 12)))', '((26, 5), ((1, 1), (1, 12)))', '((25, 1), ((28, 1),))', '((15, 9), ((1, 1),))', '((26, 11), ((28, 12),))', '((16, 8), ((1, 1), (1, 12)))']",[535 states],71,28,99
536,"((20, 7), ((1, 1),))","((20, 6), ((1, 1),))",North,"[(((20, 8), ((1, 1),)), 'North', 48, 53, 101)]","['((9, 7), ((1, 1), (1, 12)))', '((9, 11), ((1, 1), (1, 12)))', '((13, 6), ((1, 12),))', '((26, 9), ((28, 12),))', '((26, 5), ((28, 1),))', '((15, 1), ((1, 12),))', '((15, 2), ((1, 12),))', '((23, 4), ((1, 1), (1, 12)))', '((16, 8), ((1, 1), (1, 12)))', '((16, 10), ((1, 1),))', '((16, 6), ((1, 1),))', '((25, 12), ((28, 1),))', '((28, 11), ((28, 1), (28, 12)))', '((26, 5), ((1, 1), (1, 12)))', '((25, 1), ((28, 1),))', '((15, 9), ((1, 1),))', '((26, 11), ((28, 12),))']","['((9, 7), ((1, 1), (1, 12)))', '((9, 11), ((1, 1), (1, 12)))', '((13, 6), ((1, 12),))', '((26, 9), ((28, 12),))', '((26, 5), ((28, 1),))', '((15, 1), ((1, 12),))', '((15, 2), ((1, 12),))', '((23, 4), ((1, 1), (1, 12)))', '((16, 8), ((1, 1), (1, 12)))', '((16, 10), ((1, 1),))', '((16, 6), ((1, 1),))', '((25, 12), ((28, 1),))', '((28, 11), ((28, 1), (28, 12)))', '((26, 5), ((1, 1), (1, 12)))', '((25, 1), ((28, 1),))', '((15, 9), ((1, 1),))', '((26, 11), ((28, 12),))', '((20, 8), ((1, 1),))']",[536 states],47,52,99
537,"((9, 7), ((1, 1), (1, 12)))","((9, 6), ((1, 1), (1, 12)))",North,"[(((9, 8), ((1, 1), (1, 12))), 'North', 65, 34, 99)]","['((9, 11), ((1, 1), (1, 12)))', '((26, 9), ((28, 12),))', '((13, 6), ((1, 12),))', '((16, 8), ((1, 1), (1, 12)))', '((26, 5), ((28, 1),))', '((15, 1), ((1, 12),))', '((15, 2), ((1, 12),))', '((23, 4), ((1, 1), (1, 12)))', '((20, 8), ((1, 1),))', '((16, 10), ((1, 1),))', '((16, 6), ((1, 1),))', '((25, 12), ((28, 1),))', '((28, 11), ((28, 1), (28, 12)))', '((26, 5), ((1, 1), (1, 12)))', '((25, 1), ((28, 1),))', '((15, 9), ((1, 1),))', '((26, 11), ((28, 12),))']","['((9, 11), ((1, 1), (1, 12)))', '((26, 9), ((28, 12),))', '((13, 6), ((1, 12),))', '((16, 8), ((1, 1), (1, 12)))', '((26, 5), ((28, 1),))', '((15, 1), ((1, 12),))', '((15, 2), ((1, 12),))', '((23, 4), ((1, 1), (1, 12)))', '((9, 8), ((1, 1), (1, 12)))', '((16, 10), ((1, 1),))', '((16, 6), ((1, 1),))', '((25, 12), ((28, 1),))', '((28, 11), ((28, 1), (28, 12)))', '((26, 5), ((1, 1), (1, 12)))', '((25, 1), ((28, 1),))', '((15, 9), ((1, 1),))', '((26, 11), ((28, 12),))', '((20, 8), ((1, 1),))']",[537 states],64,35,99
538,"((9, 11), ((1, 1), (1, 12)))","((9, 10), ((1, 1), (1, 12)))",North,"[(((9, 12), ((1, 1), (1, 12))), 'North', 69, 30, 99)]","['((26, 9), ((28, 12),))', '((16, 8), ((1, 1), (1, 12)))', '((13, 6), ((1, 12),))', '((9, 8), ((1, 1), (1, 12)))', '((26, 5), ((28, 1),))', '((15, 1), ((1, 12),))', '((15, 2), ((1, 12),))', '((23, 4), ((1, 1), (1, 12)))', '((20, 8), ((1, 1),))', '((16, 10), ((1, 1),))', '((16, 6), ((1, 1),))', '((25, 12), ((28, 1),))', '((28, 11), ((28, 1), (28, 12)))', '((26, 5), ((1, 1), (1, 12)))', '((25, 1), ((28, 1),))', '((15, 9), ((1, 1),))', '((26, 11), ((28, 12),))']","['((26, 9), ((28, 12),))', '((16, 8), ((1, 1), (1, 12)))', '((13, 6), ((1, 12),))', '((9, 8), ((1, 1), (1, 12)))', '((26, 5), ((28, 1),))', '((15, 1), ((1, 12),))', '((15, 2), ((1, 12),))', '((23, 4), ((1, 1), (1, 12)))', '((9, 12), ((1, 1), (1, 12)))', '((16, 10), ((1, 1),))', '((16, 6), ((1, 1),))', '((25, 12), ((28, 1),))', '((28, 11), ((28, 1), (28, 12)))', '((26, 5), ((1, 1), (1, 12)))', '((25, 1), ((28, 1),))', '((15, 9), ((1, 1),))', '((26, 11), ((28, 12),))', '((20, 8), ((1, 1),))']",[538 states],68,31,99
539,"((26, 9), ((28, 12),))","((26, 10), ((28, 12),))",South,"[(((26, 8), ((28, 12),)), 'South', 52, 47, 99)]","['((16, 8), ((1, 1), (1, 12)))', '((9, 8), ((1, 1), (1, 12)))', '((13, 6), ((1, 12),))', '((9, 12), ((1, 1), (1, 12)))', '((26, 5), ((28, 1),))', '((15, 1), ((1, 12),))', '((15, 2), ((1, 12),))', '((23, 4), ((1, 1), (1, 12)))', '((20, 8), ((1, 1),))', '((16, 10), ((1, 1),))', '((16, 6), ((1, 1),))', '((25, 12), ((28, 1),))', '((28, 11), ((28, 1), (28, 12)))', '((26, 5), ((1, 1), (1, 12)))', '((25, 1), ((28, 1),))', '((15, 9), ((1, 1),))', '((26, 11), ((28, 12),))']","['((16, 8), ((1, 1), (1, 12)))', '((9, 8), ((1, 1), (1, 12)))', '((13, 6), ((1, 12),))', '((9, 12), ((1, 1), (1, 12)))', '((26, 5), ((28, 1),))', '((15, 1), ((1, 12),))', '((15, 2), ((1, 12),))', '((23, 4), ((1, 1), (1, 12)))', '((26, 8), ((28, 12),))', '((16, 10), ((1, 1),))', '((16, 6), ((1, 1),))', '((25, 12), ((28, 1),))', '((28, 11), ((28, 1), (28, 12)))', '((26, 5), ((1, 1), (1, 12)))', '((25, 1), ((28, 1),))', '((15, 9), ((1, 1),))', '((26, 11), ((28, 12),))', '((20, 8), ((1, 1),))']",[539 states],51,48,99
540,"((16, 8), ((1, 1), (1, 12)))","((15, 8), ((1, 1), (1, 12)))",East,"[(((17, 8), ((1, 1), (1, 12))), 'East', 73, 26, 99)]","['((9, 8), ((1, 1), (1, 12)))', '((9, 12), ((1, 1), (1, 12)))', '((13, 6), ((1, 12),))', '((26, 8), ((28, 12),))', '((26, 5), ((28, 1),))', '((15, 1), ((1, 12),))', '((15, 2), ((1, 12),))', '((23, 4), ((1, 1), (1, 12)))', '((20, 8), ((1, 1),))', '((16, 10), ((1, 1),))', '((16, 6), ((1, 1),))', '((25, 12), ((28, 1),))', '((28, 11), ((28, 1), (28, 12)))', '((26, 5), ((1, 1), (1, 12)))', '((25, 1), ((28, 1),))', '((15, 9), ((1, 1),))', '((26, 11), ((28, 12),))']","['((9, 8), ((1, 1), (1, 12)))', '((9, 12), ((1, 1), (1, 12)))', '((13, 6), ((1, 12),))', '((26, 8), ((28, 12),))', '((26, 5), ((28, 1),))', '((15, 1), ((1, 12),))', '((15, 2), ((1, 12),))', '((23, 4), ((1, 1), (1, 12)))', '((17, 8), ((1, 1), (1, 12)))', '((16, 10), ((1, 1),))', '((16, 6), ((1, 1),))', '((25, 12), ((28, 1),))', '((28, 11), ((28, 1), (28, 12)))', '((26, 5), ((1, 1), (1, 12)))', '((25, 1), ((28, 1),))', '((15, 9), ((1, 1),))', '((26, 11), ((28, 12),))', '((20, 8), ((1, 1),))']",[540 states],72,27,99
541,"((9, 8), ((1, 1), (1, 12)))","((9, 7), ((1, 1), (1, 12)))",North,[],"['((9, 12), ((1, 1), (1, 12)))', '((26, 8), ((28, 12),))', '((13, 6), ((1, 12),))', '((17, 8), ((1, 1), (1, 12)))', '((26, 5), ((28, 1),))', '((15, 1), ((1, 12),))', '((15, 2), ((1, 12),))', '((23, 4), ((1, 1), (1, 12)))', '((20, 8), ((1, 1),))', '((16, 10), ((1, 1),))', '((16, 6), ((1, 1),))', '((25, 12), ((28, 1),))', '((28, 11), ((28, 1), (28, 12)))', '((26, 5), ((1, 1), (1, 12)))', '((25, 1), ((28, 1),))', '((15, 9), ((1, 1),))', '((26, 11), ((28, 12),))']","['((9, 12), ((1, 1), (1, 12)))', '((26, 8), ((28, 12),))', '((13, 6), ((1, 12),))', '((17, 8), ((1, 1), (1, 12)))', '((26, 5), ((28, 1),))', '((15, 1), ((1, 12),))', '((15, 2), ((1, 12),))', '((23, 4), ((1, 1), (1, 12)))', '((20, 8), ((1, 1),))', '((16, 10), ((1, 1),))', '((16, 6), ((1, 1),))', '((25, 12), ((28, 1),))', '((28, 11), ((28, 1), (28, 12)))', '((26, 5), ((1, 1), (1, 12)))', '((25, 1), ((28, 1),))', '((15, 9), ((1, 1),))', '((26, 11), ((28, 12),))']",[541 states],65,34,99
542,"((9, 12), ((1, 1), (1, 12)))","((9, 11), ((1, 1), (1, 12)))",North,[],"['((26, 8), ((28, 12),))', '((17, 8), ((1, 1), (1, 12)))', '((13, 6), ((1, 12),))', '((23, 4), ((1, 1), (1, 12)))', '((26, 5), ((28, 1),))', '((15, 1), ((1, 12),))', '((15, 2), ((1, 12),))', '((15, 9), ((1, 1),))', '((20, 8), ((1, 1),))', '((16, 10), ((1, 1),))', '((16, 6), ((1, 1),))', '((25, 12), ((28, 1),))', '((28, 11), ((28, 1), (28, 12)))', '((26, 5), ((1, 1), (1, 12)))', '((25, 1), ((28, 1),))', '((26, 11), ((28, 12),))']","['((26, 8), ((28, 12),))', '((17, 8), ((1, 1), (1, 12)))', '((13, 6), ((1, 12),))', '((23, 4), ((1, 1), (1, 12)))', '((26, 5), ((28, 1),))', '((15, 1), ((1, 12),))', '((15, 2), ((1, 12),))', '((15, 9), ((1, 1),))', '((20, 8), ((1, 1),))', '((16, 10), ((1, 1),))', '((16, 6), ((1, 1),))', '((25, 12), ((28, 1),))', '((28, 11), ((28, 1), (28, 12)))', '((26, 5), ((1, 1), (1, 12)))', '((25, 1), ((28, 1),))', '((26, 11), ((28, 12),))']",[542 states],69,30,99
543,"((26, 8), ((28, 12),))","((26, 9), ((28, 12),))",South,"[(((27, 8), ((28, 12),)), 'East', 53, 46, 99)]","['((17, 8), ((1, 1), (1, 12)))', '((26, 5), ((28, 1),))', '((13, 6), ((1, 12),))', '((23, 4), ((1, 1), (1, 12)))', '((16, 10), ((1, 1),))', '((15, 1), ((1, 12),))', '((15, 2), ((1, 12),))', '((15, 9), ((1, 1),))', '((20, 8), ((1, 1),))', '((26, 11), ((28, 12),))', '((16, 6), ((1, 1),))', '((25, 12), ((28, 1),))', '((28, 11), ((28, 1), (28, 12)))', '((26, 5), ((1, 1), (1, 12)))', '((25, 1), ((28, 1),))']","['((17, 8), ((1, 1), (1, 12)))', '((27, 8), ((28, 12),))', '((13, 6), ((1, 12),))', '((26, 5), ((28, 1),))', '((16, 10), ((1, 1),))', '((15, 1), ((1, 12),))', '((15, 2), ((1, 12),))', '((23, 4), ((1, 1), (1, 12)))', '((20, 8), ((1, 1),))', '((26, 11), ((28, 12),))', '((16, 6), ((1, 1),))', '((25, 12), ((28, 1),))', '((28, 11), ((28, 1), (28, 12)))', '((26, 5), ((1, 1), (1, 12)))', '((25, 1), ((28, 1),))', '((15, 9), ((1, 1),))']",[543 states],52,47,99
544,"((17, 8), ((1, 1), (1, 12)))","((16, 8), ((1, 1), (1, 12)))",East,"[(((18, 8), ((1, 1), (1, 12))), 'East', 74, 25, 99)]","['((27, 8), ((28, 12),))', '((26, 5), ((28, 1),))', '((13, 6), ((1, 12),))', '((23, 4), ((1, 1), (1, 12)))', '((16, 10), ((1, 1),))', '((15, 1), ((1, 12),))', '((15, 2), ((1, 12),))', '((15, 9), ((1, 1),))', '((20, 8), ((1, 1),))', '((26, 11), ((28, 12),))', '((16, 6), ((1, 1),))', '((25, 12), ((28, 1),))', '((28, 11), ((28, 1), (28, 12)))', '((26, 5), ((1, 1), (1, 12)))', '((25, 1), ((28, 1),))']","['((27, 8), ((28, 12),))', '((18, 8), ((1, 1), (1, 12)))', '((13, 6), ((1, 12),))', '((26, 5), ((28, 1),))', '((16, 10), ((1, 1),))', '((15, 1), ((1, 12),))', '((15, 2), ((1, 12),))', '((23, 4), ((1, 1), (1, 12)))', '((20, 8), ((1, 1),))', '((26, 11), ((28, 12),))', '((16, 6), ((1, 1),))', '((25, 12), ((28, 1),))', '((28, 11), ((28, 1), (28, 12)))', '((26, 5), ((1, 1), (1, 12)))', '((25, 1), ((28, 1),))', '((15, 9), ((1, 1),))']",[544 states],73,26,99
545,"((27, 8), ((28, 12),))","((26, 8), ((28, 12),))",East,"[(((28, 8), ((28, 12),)), 'East', 54, 45, 99)]","['((18, 8), ((1, 1), (1, 12)))', '((26, 5), ((28, 1),))', '((13, 6), ((1, 12),))', '((23, 4), ((1, 1), (1, 12)))', '((16, 10), ((1, 1),))', '((15, 1), ((1, 12),))', '((15, 2), ((1, 12),))', '((15, 9), ((1, 1),))', '((20, 8), ((1, 1),))', '((26, 11), ((28, 12),))', '((16, 6), ((1, 1),))', '((25, 12), ((28, 1),))', '((28, 11), ((28, 1), (28, 12)))', '((26, 5), ((1, 1), (1, 12)))', '((25, 1), ((28, 1),))']","['((18, 8), ((1, 1), (1, 12)))', '((28, 8), ((28, 12),))', '((13, 6), ((1, 12),))', '((26, 5), ((28, 1),))', '((16, 10), ((1, 1),))', '((15, 1), ((1, 12),))', '((15, 2), ((1, 12),))', '((23, 4), ((1, 1), (1, 12)))', '((20, 8), ((1, 1),))', '((26, 11), ((28, 12),))', '((16, 6), ((1, 1),))', '((25, 12), ((28, 1),))', '((28, 11), ((28, 1), (28, 12)))', '((26, 5), ((1, 1), (1, 12)))', '((25, 1), ((28, 1),))', '((15, 9), ((1, 1),))']",[545 states],53,46,99
546,"((18, 8), ((1, 1), (1, 12)))","((17, 8), ((1, 1), (1, 12)))",East,"[(((18, 9), ((1, 1), (1, 12))), 'North', 75, 24, 99)]","['((28, 8), ((28, 12),))', '((26, 5), ((28, 1),))', '((13, 6), ((1, 12),))', '((23, 4), ((1, 1), (1, 12)))', '((16, 10), ((1, 1),))', '((15, 1), ((1, 12),))', '((15, 2), ((1, 12),))', '((15, 9), ((1, 1),))', '((20, 8), ((1, 1),))', '((26, 11), ((28, 12),))', '((16, 6), ((1, 1),))', '((25, 12), ((28, 1),))', '((28, 11), ((28, 1), (28, 12)))', '((26, 5), ((1, 1), (1, 12)))', '((25, 1), ((28, 1),))']","['((28, 8), ((28, 12),))', '((18, 9), ((1, 1), (1, 12)))', '((13, 6), ((1, 12),))', '((26, 5), ((28, 1),))', '((16, 10), ((1, 1),))', '((15, 1), ((1, 12),))', '((15, 2), ((1, 12),))', '((23, 4), ((1, 1), (1, 12)))', '((20, 8), ((1, 1),))', '((26, 11), ((28, 12),))', '((16, 6), ((1, 1),))', '((25, 12), ((28, 1),))', '((28, 11), ((28, 1), (28, 12)))', '((26, 5), ((1, 1), (1, 12)))', '((25, 1), ((28, 1),))', '((15, 9), ((1, 1),))']",[546 states],74,25,99
547,"((28, 8), ((28, 12),))","((27, 8), ((28, 12),))",East,"[(((28, 7), ((28, 12),)), 'South', 55, 44, 99)]","['((18, 9), ((1, 1), (1, 12)))', '((26, 5), ((28, 1),))', '((13, 6), ((1, 12),))', '((23, 4), ((1, 1), (1, 12)))', '((16, 10), ((1, 1),))', '((15, 1), ((1, 12),))', '((15, 2), ((1, 12),))', '((15, 9), ((1, 1),))', '((20, 8), ((1, 1),))', '((26, 11), ((28, 12),))', '((16, 6), ((1, 1),))', '((25, 12), ((28, 1),))', '((28, 11), ((28, 1), (28, 12)))', '((26, 5), ((1, 1), (1, 12)))', '((25, 1), ((28, 1),))']","['((18, 9), ((1, 1), (1, 12)))', '((28, 7), ((28, 12),))', '((13, 6), ((1, 12),))', '((26, 5), ((28, 1),))', '((16, 10), ((1, 1),))', '((15, 1), ((1, 12),))', '((15, 2), ((1, 12),))', '((23, 4), ((1, 1), (1, 12)))', '((20, 8), ((1, 1),))', '((26, 11), ((28, 12),))', '((16, 6), ((1, 1),))', '((25, 12), ((28, 1),))', '((28, 11), ((28, 1), (28, 12)))', '((26, 5), ((1, 1), (1, 12)))', '((25, 1), ((28, 1),))', '((15, 9), ((1, 1),))']",[547 states],54,45,99
548,"((18, 9), ((1, 1), (1, 12)))","((18, 8), ((1, 1), (1, 12)))",North,"[(((18, 10), ((1, 1), (1, 12))), 'North', 76, 23, 99)]","['((28, 7), ((28, 12),))', '((26, 5), ((28, 1),))', '((13, 6), ((1, 12),))', '((23, 4), ((1, 1), (1, 12)))', '((16, 10), ((1, 1),))', '((15, 1), ((1, 12),))', '((15, 2), ((1, 12),))', '((15, 9), ((1, 1),))', '((20, 8), ((1, 1),))', '((26, 11), ((28, 12),))', '((16, 6), ((1, 1),))', '((25, 12), ((28, 1),))', '((28, 11), ((28, 1), (28, 12)))', '((26, 5), ((1, 1), (1, 12)))', '((25, 1), ((28, 1),))']","['((28, 7), ((28, 12),))', '((18, 10), ((1, 1), (1, 12)))', '((13, 6), ((1, 12),))', '((26, 5), ((28, 1),))', '((16, 10), ((1, 1),))', '((15, 1), ((1, 12),))', '((15, 2), ((1, 12),))', '((23, 4), ((1, 1), (1, 12)))', '((20, 8), ((1, 1),))', '((26, 11), ((28, 12),))', '((16, 6), ((1, 1),))', '((25, 12), ((28, 1),))', '((28, 11), ((28, 1), (28, 12)))', '((26, 5), ((1, 1), (1, 12)))', '((25, 1), ((28, 1),))', '((15, 9), ((1, 1),))']",[548 states],75,24,99
549,"((28, 7), ((28, 12),))","((28, 8), ((28, 12),))",South,"[(((28, 6), ((28, 12),)), 'South', 56, 43, 99)]","['((18, 10), ((1, 1), (1, 12)))', '((26, 5), ((28, 1),))', '((13, 6), ((1, 12),))', '((23, 4), ((1, 1), (1, 12)))', '((16, 10), ((1, 1),))', '((15, 1), ((1, 12),))', '((15, 2), ((1, 12),))', '((15, 9), ((1, 1),))', '((20, 8), ((1, 1),))', '((26, 11), ((28, 12),))', '((16, 6), ((1, 1),))', '((25, 12), ((28, 1),))', '((28, 11), ((28, 1), (28, 12)))', '((26, 5), ((1, 1), (1, 12)))', '((25, 1), ((28, 1),))']","['((18, 10), ((1, 1), (1, 12)))', '((28, 6), ((28, 12),))', '((13, 6), ((1, 12),))', '((26, 5), ((28, 1),))', '((16, 10), ((1, 1),))', '((15, 1), ((1, 12),))', '((15, 2), ((1, 12),))', '((23, 4), ((1, 1), (1, 12)))', '((20, 8), ((1, 1),))', '((26, 11), ((28, 12),))', '((16, 6), ((1, 1),))', '((25, 12), ((28, 1),))', '((28, 11), ((28, 1), (28, 12)))', '((26, 5), ((1, 1), (1, 12)))', '((25, 1), ((28, 1),))', '((15, 9), ((1, 1),))']",[549 states],55,44,99
550,"((18, 10), ((1, 1), (1, 12)))","((18, 9), ((1, 1), (1, 12)))",North,"[(((18, 11), ((1, 1), (1, 12))), 'North', 77, 22, 99), (((19, 10), ((1, 1), (1, 12))), 'East', 77, 22, 99)]","['((28, 6), ((28, 12),))', '((26, 5), ((28, 1),))', '((13, 6), ((1, 12),))', '((23, 4), ((1, 1), (1, 12)))', '((16, 10), ((1, 1),))', '((15, 1), ((1, 12),))', '((15, 2), ((1, 12),))', '((15, 9), ((1, 1),))', '((20, 8), ((1, 1),))', '((26, 11), ((28, 12),))', '((16, 6), ((1, 1),))', '((25, 12), ((28, 1),))', '((28, 11), ((28, 1), (28, 12)))', '((26, 5), ((1, 1), (1, 12)))', '((25, 1), ((28, 1),))']","['((28, 6), ((28, 12),))', '((18, 11), ((1, 1), (1, 12)))', '((13, 6), ((1, 12),))', '((19, 10), ((1, 1), (1, 12)))', '((16, 10), ((1, 1),))', '((15, 1), ((1, 12),))', '((15, 2), ((1, 12),))', '((26, 5), ((28, 1),))', '((20, 8), ((1, 1),))', '((26, 11), ((28, 12),))', '((16, 6), ((1, 1),))', '((25, 12), ((28, 1),))', '((28, 11), ((28, 1), (28, 12)))', '((26, 5), ((1, 1), (1, 12)))', '((25, 1), ((28, 1),))', '((15, 9), ((1, 1),))', '((23, 4), ((1, 1), (1, 12)))']",[550 states],76,23,99
551,"((28, 6), ((28, 12),))","((28, 7), ((28, 12),))",South,"[(((28, 5), ((28, 12),)), 'South', 57, 42, 99), (((27, 6), ((28, 12),)), 'West', 57, 44, 101)]","['((18, 11), ((1, 1), (1, 12)))', '((19, 10), ((1, 1), (1, 12)))', '((13, 6), ((1, 12),))', '((26, 5), ((28, 1),))', '((16, 10), ((1, 1),))', '((15, 1), ((1, 12),))', '((15, 2), ((1, 12),))', '((23, 4), ((1, 1), (1, 12)))', '((20, 8), ((1, 1),))', '((26, 11), ((28, 12),))', '((16, 6), ((1, 1),))', '((25, 12), ((28, 1),))', '((28, 11), ((28, 1), (28, 12)))', '((26, 5), ((1, 1), (1, 12)))', '((25, 1), ((28, 1),))', '((15, 9), ((1, 1),))']","['((18, 11), ((1, 1), (1, 12)))', '((19, 10), ((1, 1), (1, 12)))', '((13, 6), ((1, 12),))', '((28, 5), ((28, 12),))', '((16, 10), ((1, 1),))', '((15, 1), ((1, 12),))', '((15, 2), ((1, 12),))', '((26, 5), ((28, 1),))', '((20, 8), ((1, 1),))', '((26, 11), ((28, 12),))', '((16, 6), ((1, 1),))', '((25, 12), ((28, 1),))', '((28, 11), ((28, 1), (28, 12)))', '((26, 5), ((1, 1), (1, 12)))', '((25, 1), ((28, 1),))', '((15, 9), ((1, 1),))', '((23, 4), ((1, 1), (1, 12)))', '((27, 6), ((28, 12),))']",[551 states],56,43,99
552,"((18, 11), ((1, 1), (1, 12)))","((18, 10), ((1, 1), (1, 12)))",North,"[(((18, 12), ((1, 1), (1, 12))), 'North', 78, 21, 99)]","['((19, 10), ((1, 1), (1, 12)))', '((28, 5), ((28, 12),))', '((13, 6), ((1, 12),))', '((26, 5), ((28, 1),))', '((16, 10), ((1, 1),))', '((15, 1), ((1, 12),))', '((15, 2), ((1, 12),))', '((23, 4), ((1, 1), (1, 12)))', '((20, 8), ((1, 1),))', '((26, 11), ((28, 12),))', '((16, 6), ((1, 1),))', '((25, 12), ((28, 1),))', '((28, 11), ((28, 1), (28, 12)))', '((26, 5), ((1, 1), (1, 12)))', '((25, 1), ((28, 1),))', '((15, 9), ((1, 1),))', '((27, 6), ((28, 12),))']","['((19, 10), ((1, 1), (1, 12)))', '((28, 5), ((28, 12),))', '((13, 6), ((1, 12),))', '((18, 12), ((1, 1), (1, 12)))', '((16, 10), ((1, 1),))', '((15, 1), ((1, 12),))', '((15, 2), ((1, 12),))', '((23, 4), ((1, 1), (1, 12)))', '((26, 5), ((28, 1),))', '((26, 11), ((28, 12),))', '((16, 6), ((1, 1),))', '((25, 12), ((28, 1),))', '((28, 11), ((28, 1), (28, 12)))', '((26, 5), ((1, 1), (1, 12)))', '((25, 1), ((28, 1),))', '((15, 9), ((1, 1),))', '((27, 6), ((28, 12),))', '((20, 8), ((1, 1),))']",[552 states],77,22,99
553,"((19, 10), ((1, 1), (1, 12)))","((18, 10), ((1, 1), (1, 12)))",East,"[(((20, 10), ((1, 1), (1, 12))), 'East', 78, 21, 99)]","['((28, 5), ((28, 12),))', '((18, 12), ((1, 1), (1, 12)))', '((13, 6), ((1, 12),))', '((26, 5), ((28, 1),))', '((16, 10), ((1, 1),))', '((15, 1), ((1, 12),))', '((15, 2), ((1, 12),))', '((23, 4), ((1, 1), (1, 12)))', '((20, 8), ((1, 1),))', '((26, 11), ((28, 12),))', '((16, 6), ((1, 1),))', '((25, 12), ((28, 1),))', '((28, 11), ((28, 1), (28, 12)))', '((26, 5), ((1, 1), (1, 12)))', '((25, 1), ((28, 1),))', '((15, 9), ((1, 1),))', '((27, 6), ((28, 12),))']","['((28, 5), ((28, 12),))', '((18, 12), ((1, 1), (1, 12)))', '((13, 6), ((1, 12),))', '((20, 10), ((1, 1), (1, 12)))', '((16, 10), ((1, 1),))', '((15, 1), ((1, 12),))', '((15, 2), ((1, 12),))', '((23, 4), ((1, 1), (1, 12)))', '((26, 5), ((28, 1),))', '((26, 11), ((28, 12),))', '((16, 6), ((1, 1),))', '((25, 12), ((28, 1),))', '((28, 11), ((28, 1), (28, 12)))', '((26, 5), ((1, 1), (1, 12)))', '((25, 1), ((28, 1),))', '((15, 9), ((1, 1),))', '((27, 6), ((28, 12),))', '((20, 8), ((1, 1),))']",[553 states],77,22,99
554,"((28, 5), ((28, 12),))","((28, 6), ((28, 12),))",South,"[(((28, 4), ((28, 12),)), 'South', 58, 41, 99)]","['((18, 12), ((1, 1), (1, 12)))', '((20, 10), ((1, 1), (1, 12)))', '((13, 6), ((1, 12),))', '((26, 5), ((28, 1),))', '((16, 10), ((1, 1),))', '((15, 1), ((1, 12),))', '((15, 2), ((1, 12),))', '((23, 4), ((1, 1), (1, 12)))', '((20, 8), ((1, 1),))', '((26, 11), ((28, 12),))', '((16, 6), ((1, 1),))', '((25, 12), ((28, 1),))', '((28, 11), ((28, 1), (28, 12)))', '((26, 5), ((1, 1), (1, 12)))', '((25, 1), ((28, 1),))', '((15, 9), ((1, 1),))', '((27, 6), ((28, 12),))']","['((18, 12), ((1, 1), (1, 12)))', '((20, 10), ((1, 1), (1, 12)))', '((13, 6), ((1, 12),))', '((28, 4), ((28, 12),))', '((16, 10), ((1, 1),))', '((15, 1), ((1, 12),))', '((15, 2), ((1, 12),))', '((23, 4), ((1, 1), (1, 12)))', '((26, 5), ((28, 1),))', '((26, 11), ((28, 12),))', '((16, 6), ((1, 1),))', '((25, 12), ((28, 1),))', '((28, 11), ((28, 1), (28, 12)))', '((26, 5), ((1, 1), (1, 12)))', '((25, 1), ((28, 1),))', '((15, 9), ((1, 1),))', '((27, 6), ((28, 12),))', '((20, 8), ((1, 1),))']",[554 states],57,42,99
555,"((18, 12), ((1, 1), (1, 12)))","((18, 11), ((1, 1), (1, 12)))",North,"[(((19, 12), ((1, 1), (1, 12))), 'East', 79, 20, 99), (((17, 12), ((1, 1), (1, 12))), 'West', 79, 22, 101)]","['((20, 10), ((1, 1), (1, 12)))', '((28, 4), ((28, 12),))', '((13, 6), ((1, 12),))', '((26, 5), ((28, 1),))', '((16, 10), ((1, 1),))', '((15, 1), ((1, 12),))', '((15, 2), ((1, 12),))', '((23, 4), ((1, 1), (1, 12)))', '((20, 8), ((1, 1),))', '((26, 11), ((28, 12),))', '((16, 6), ((1, 1),))', '((25, 12), ((28, 1),))', '((28, 11), ((28, 1), (28, 12)))', '((26, 5), ((1, 1), (1, 12)))', '((25, 1), ((28, 1),))', '((15, 9), ((1, 1),))', '((27, 6), ((28, 12),))']","['((20, 10), ((1, 1), (1, 12)))', '((28, 4), ((28, 12),))', '((13, 6), ((1, 12),))', '((19, 12), ((1, 1), (1, 12)))', '((16, 10), ((1, 1),))', '((15, 1), ((1, 12),))', '((15, 2), ((1, 12),))', '((23, 4), ((1, 1), (1, 12)))', '((26, 5), ((28, 1),))', '((26, 11), ((28, 12),))', '((16, 6), ((1, 1),))', '((25, 12), ((28, 1),))', '((28, 11), ((28, 1), (28, 12)))', '((26, 5), ((1, 1), (1, 12)))', '((25, 1), ((28, 1),))', '((15, 9), ((1, 1),))', '((27, 6), ((28, 12),))', '((20, 8), ((1, 1),))', '((17, 12), ((1, 1), (1, 12)))']",[555 states],78,21,99
556,"((20, 10), ((1, 1), (1, 12)))","((19, 10), ((1, 1), (1, 12)))",East,"[(((21, 10), ((1, 1), (1, 12))), 'East', 79, 20, 99)]","['((28, 4), ((28, 12),))', '((19, 12), ((1, 1), (1, 12)))', '((13, 6), ((1, 12),))', '((26, 5), ((28, 1),))', '((16, 10), ((1, 1),))', '((15, 1), ((1, 12),))', '((15, 2), ((1, 12),))', '((23, 4), ((1, 1), (1, 12)))', '((20, 8), ((1, 1),))', '((26, 11), ((28, 12),))', '((16, 6), ((1, 1),))', '((25, 12), ((28, 1),))', '((28, 11), ((28, 1), (28, 12)))', '((26, 5), ((1, 1), (1, 12)))', '((25, 1), ((28, 1),))', '((15, 9), ((1, 1),))', '((27, 6), ((28, 12),))', '((17, 12), ((1, 1), (1, 12)))']","['((28, 4), ((28, 12),))', '((19, 12), ((1, 1), (1, 12)))', '((13, 6), ((1, 12),))', '((21, 10), ((1, 1), (1, 12)))', '((16, 10), ((1, 1),))', '((15, 1), ((1, 12),))', '((15, 2), ((1, 12),))', '((23, 4), ((1, 1), (1, 12)))', '((26, 5), ((28, 1),))', '((26, 11), ((28, 12),))', '((16, 6), ((1, 1),))', '((25, 12), ((28, 1),))', '((28, 11), ((28, 1), (28, 12)))', '((26, 5), ((1, 1), (1, 12)))', '((25, 1), ((28, 1),))', '((15, 9), ((1, 1),))', '((27, 6), ((28, 12),))', '((17, 12), ((1, 1), (1, 12)))', '((20, 8), ((1, 1),))']",[556 states],78,21,99
557,"((28, 4), ((28, 12),))","((28, 5), ((28, 12),))",South,"[(((28, 3), ((28, 12),)), 'South', 59, 40, 99)]","['((19, 12), ((1, 1), (1, 12)))', '((21, 10), ((1, 1), (1, 12)))', '((13, 6), ((1, 12),))', '((26, 5), ((28, 1),))', '((16, 10), ((1, 1),))', '((15, 1), ((1, 12),))', '((15, 2), ((1, 12),))', '((23, 4), ((1, 1), (1, 12)))', '((20, 8), ((1, 1),))', '((26, 11), ((28, 12),))', '((16, 6), ((1, 1),))', '((25, 12), ((28, 1),))', '((28, 11), ((28, 1), (28, 12)))', '((26, 5), ((1, 1), (1, 12)))', '((25, 1), ((28, 1),))', '((15, 9), ((1, 1),))', '((27, 6), ((28, 12),))', '((17, 12), ((1, 1), (1, 12)))']","['((19, 12), ((1, 1), (1, 12)))', '((21, 10), ((1, 1), (1, 12)))', '((13, 6), ((1, 12),))', '((28, 3), ((28, 12),))', '((16, 10), ((1, 1),))', '((15, 1), ((1, 12),))', '((15, 2), ((1, 12),))', '((23, 4), ((1, 1), (1, 12)))', '((26, 5), ((28, 1),))', '((26, 11), ((28, 12),))', '((16, 6), ((1, 1),))', '((25, 12), ((28, 1),))', '((28, 11), ((28, 1), (28, 12)))', '((26, 5), ((1, 1), (1, 12)))', '((25, 1), ((28, 1),))', '((15, 9), ((1, 1),))', '((27, 6), ((28, 12),))', '((17, 12), ((1, 1), (1, 12)))', '((20, 8), ((1, 1),))']",[557 states],58,41,99
558,"((19, 12), ((1, 1), (1, 12)))","((18, 12), ((1, 1), (1, 12)))",East,"[(((20, 12), ((1, 1), (1, 12))), 'East', 80, 19, 99)]","['((21, 10), ((1, 1), (1, 12)))', '((28, 3), ((28, 12),))', '((13, 6), ((1, 12),))', '((26, 5), ((28, 1),))', '((16, 10), ((1, 1),))', '((15, 1), ((1, 12),))', '((15, 2), ((1, 12),))', '((23, 4), ((1, 1), (1, 12)))', '((20, 8), ((1, 1),))', '((26, 11), ((28, 12),))', '((16, 6), ((1, 1),))', '((25, 12), ((28, 1),))', '((28, 11), ((28, 1), (28, 12)))', '((26, 5), ((1, 1), (1, 12)))', '((25, 1), ((28, 1),))', '((15, 9), ((1, 1),))', '((27, 6), ((28, 12),))', '((17, 12), ((1, 1), (1, 12)))']","['((21, 10), ((1, 1), (1, 12)))', '((28, 3), ((28, 12),))', '((13, 6), ((1, 12),))', '((20, 12), ((1, 1), (1, 12)))', '((16, 10), ((1, 1),))', '((15, 1), ((1, 12),))', '((15, 2), ((1, 12),))', '((23, 4), ((1, 1), (1, 12)))', '((26, 5), ((28, 1),))', '((26, 11), ((28, 12),))', '((16, 6), ((1, 1),))', '((25, 12), ((28, 1),))', '((28, 11), ((28, 1), (28, 12)))', '((26, 5), ((1, 1), (1, 12)))', '((25, 1), ((28, 1),))', '((15, 9), ((1, 1),))', '((27, 6), ((28, 12),))', '((17, 12), ((1, 1), (1, 12)))', '((20, 8), ((1, 1),))']",[558 states],79,20,99
559,"((21, 10), ((1, 1), (1, 12)))","((20, 10), ((1, 1), (1, 12)))",East,"[(((22, 10), ((1, 1), (1, 12))), 'East', 80, 19, 99)]","['((28, 3), ((28, 12),))', '((20, 12), ((1, 1), (1, 12)))', '((13, 6), ((1, 12),))', '((26, 5), ((28, 1),))', '((16, 10), ((1, 1),))', '((15, 1), ((1, 12),))', '((15, 2), ((1, 12),))', '((23, 4), ((1, 1), (1, 12)))', '((20, 8), ((1, 1),))', '((26, 11), ((28, 12),))', '((16, 6), ((1, 1),))', '((25, 12), ((28, 1),))', '((28, 11), ((28, 1), (28, 12)))', '((26, 5), ((1, 1), (1, 12)))', '((25, 1), ((28, 1),))', '((15, 9), ((1, 1),))', '((27, 6), ((28, 12),))', '((17, 12), ((1, 1), (1, 12)))']","['((28, 3), ((28, 12),))', '((20, 12), ((1, 1), (1, 12)))', '((13, 6), ((1, 12),))', '((22, 10), ((1, 1), (1, 12)))', '((16, 10), ((1, 1),))', '((15, 1), ((1, 12),))', '((15, 2), ((1, 12),))', '((23, 4), ((1, 1), (1, 12)))', '((26, 5), ((28, 1),))', '((26, 11), ((28, 12),))', '((16, 6), ((1, 1),))', '((25, 12), ((28, 1),))', '((28, 11), ((28, 1), (28, 12)))', '((26, 5), ((1, 1), (1, 12)))', '((25, 1), ((28, 1),))', '((15, 9), ((1, 1),))', '((27, 6), ((28, 12),))', '((17, 12), ((1, 1), (1, 12)))', '((20, 8), ((1, 1),))']",[559 states],79,20,99
560,"((28, 3), ((28, 12),))","((28, 4), ((28, 12),))",South,"[(((28, 2), ((28, 12),)), 'South', 60, 39, 99)]","['((20, 12), ((1, 1), (1, 12)))', '((22, 10), ((1, 1), (1, 12)))', '((13, 6), ((1, 12),))', '((26, 5), ((28, 1),))', '((16, 10), ((1, 1),))', '((15, 1), ((1, 12),))', '((15, 2), ((1, 12),))', '((23, 4), ((1, 1), (1, 12)))', '((20, 8), ((1, 1),))', '((26, 11), ((28, 12),))', '((16, 6), ((1, 1),))', '((25, 12), ((28, 1),))', '((28, 11), ((28, 1), (28, 12)))', '((26, 5), ((1, 1), (1, 12)))', '((25, 1), ((28, 1),))', '((15, 9), ((1, 1),))', '((27, 6), ((28, 12),))', '((17, 12), ((1, 1), (1, 12)))']","['((20, 12), ((1, 1), (1, 12)))', '((22, 10), ((1, 1), (1, 12)))', '((13, 6), ((1, 12),))', '((28, 2), ((28, 12),))', '((16, 10), ((1, 1),))', '((15, 1), ((1, 12),))', '((15, 2), ((1, 12),))', '((23, 4), ((1, 1), (1, 12)))', '((26, 5), ((28, 1),))', '((26, 11), ((28, 12),))', '((16, 6), ((1, 1),))', '((25, 12), ((28, 1),))', '((28, 11), ((28, 1), (28, 12)))', '((26, 5), ((1, 1), (1, 12)))', '((25, 1), ((28, 1),))', '((15, 9), ((1, 1),))', '((27, 6), ((28, 12),))', '((17, 12), ((1, 1), (1, 12)))', '((20, 8), ((1, 1),))']",[560 states],59,40,99
561,"((20, 12), ((1, 1), (1, 12)))","((19, 12), ((1, 1), (1, 12)))",East,"[(((21, 12), ((1, 1), (1, 12))), 'East', 81, 18, 99)]","['((22, 10), ((1, 1), (1, 12)))', '((28, 2), ((28, 12),))', '((13, 6), ((1, 12),))', '((26, 5), ((28, 1),))', '((16, 10), ((1, 1),))', '((15, 1), ((1, 12),))', '((15, 2), ((1, 12),))', '((23, 4), ((1, 1), (1, 12)))', '((20, 8), ((1, 1),))', '((26, 11), ((28, 12),))', '((16, 6), ((1, 1),))', '((25, 12), ((28, 1),))', '((28, 11), ((28, 1), (28, 12)))', '((26, 5), ((1, 1), (1, 12)))', '((25, 1), ((28, 1),))', '((15, 9), ((1, 1),))', '((27, 6), ((28, 12),))', '((17, 12), ((1, 1), (1, 12)))']","['((22, 10), ((1, 1), (1, 12)))', '((28, 2), ((28, 12),))', '((13, 6), ((1, 12),))', '((21, 12), ((1, 1), (1, 12)))', '((16, 10), ((1, 1),))', '((15, 1), ((1, 12),))', '((15, 2), ((1, 12),))', '((23, 4), ((1, 1), (1, 12)))', '((26, 5), ((28, 1),))', '((26, 11), ((28, 12),))', '((16, 6), ((1, 1),))', '((25, 12), ((28, 1),))', '((28, 11), ((28, 1), (28, 12)))', '((26, 5), ((1, 1), (1, 12)))', '((25, 1), ((28, 1),))', '((15, 9), ((1, 1),))', '((27, 6), ((28, 12),))', '((17, 12), ((1, 1), (1, 12)))', '((20, 8), ((1, 1),))']",[561 states],80,19,99
562,"((22, 10), ((1, 1), (1, 12)))","((21, 10), ((1, 1), (1, 12)))",East,[],"['((28, 2), ((28, 12),))', '((21, 12), ((1, 1), (1, 12)))', '((13, 6), ((1, 12),))', '((26, 5), ((28, 1),))', '((16, 10), ((1, 1),))', '((15, 1), ((1, 12),))', '((15, 2), ((1, 12),))', '((23, 4), ((1, 1), (1, 12)))', '((20, 8), ((1, 1),))', '((26, 11), ((28, 12),))', '((16, 6), ((1, 1),))', '((25, 12), ((28, 1),))', '((28, 11), ((28, 1), (28, 12)))', '((26, 5), ((1, 1), (1, 12)))', '((25, 1), ((28, 1),))', '((15, 9), ((1, 1),))', '((27, 6), ((28, 12),))', '((17, 12), ((1, 1), (1, 12)))']","['((28, 2), ((28, 12),))', '((21, 12), ((1, 1), (1, 12)))', '((13, 6), ((1, 12),))', '((26, 5), ((28, 1),))', '((16, 10), ((1, 1),))', '((15, 1), ((1, 12),))', '((15, 2), ((1, 12),))', '((23, 4), ((1, 1), (1, 12)))', '((20, 8), ((1, 1),))', '((26, 11), ((28, 12),))', '((16, 6), ((1, 1),))', '((25, 12), ((28, 1),))', '((28, 11), ((28, 1), (28, 12)))', '((26, 5), ((1, 1), (1, 12)))', '((25, 1), ((28, 1),))', '((15, 9), ((1, 1),))', '((27, 6), ((28, 12),))', '((17, 12), ((1, 1), (1, 12)))']",[562 states],80,19,99
563,"((28, 2), ((28, 12),))","((28, 3), ((28, 12),))",South,"[(((28, 1), ((28, 1), (28, 12))), 'South', 61, 38, 99)]","['((21, 12), ((1, 1), (1, 12)))', '((26, 5), ((28, 1),))', '((13, 6), ((1, 12),))', '((23, 4), ((1, 1), (1, 12)))', '((16, 10), ((1, 1),))', '((15, 1), ((1, 12),))', '((15, 2), ((1, 12),))', '((15, 9), ((1, 1),))', '((20, 8), ((1, 1),))', '((26, 11), ((28, 12),))', '((16, 6), ((1, 1),))', '((25, 12), ((28, 1),))', '((28, 11), ((28, 1), (28, 12)))', '((26, 5), ((1, 1), (1, 12)))', '((25, 1), ((28, 1),))', '((17, 12), ((1, 1), (1, 12)))', '((27, 6), ((28, 12),))']","['((21, 12), ((1, 1), (1, 12)))', '((28, 1), ((28, 1), (28, 12)))', '((13, 6), ((1, 12),))', '((26, 5), ((28, 1),))', '((16, 10), ((1, 1),))', '((15, 1), ((1, 12),))', '((15, 2), ((1, 12),))', '((15, 9), ((1, 1),))', '((23, 4), ((1, 1), (1, 12)))', '((26, 11), ((28, 12),))', '((16, 6), ((1, 1),))', '((25, 12), ((28, 1),))', '((28, 11), ((28, 1), (28, 12)))', '((26, 5), ((1, 1), (1, 12)))', '((25, 1), ((28, 1),))', '((17, 12), ((1, 1), (1, 12)))', '((27, 6), ((28, 12),))', '((20, 8), ((1, 1),))']",[563 states],60,39,99
564,"((21, 12), ((1, 1), (1, 12)))","((20, 12), ((1, 1), (1, 12)))",East,"[(((22, 12), ((1, 1), (1, 12))), 'East', 82, 17, 99)]","['((28, 1), ((28, 1), (28, 12)))', '((26, 5), ((28, 1),))', '((13, 6), ((1, 12),))', '((23, 4), ((1, 1), (1, 12)))', '((16, 10), ((1, 1),))', '((15, 1), ((1, 12),))', '((15, 2), ((1, 12),))', '((15, 9), ((1, 1),))', '((20, 8), ((1, 1),))', '((26, 11), ((28, 12),))', '((16, 6), ((1, 1),))', '((25, 12), ((28, 1),))', '((28, 11), ((28, 1), (28, 12)))', '((26, 5), ((1, 1), (1, 12)))', '((25, 1), ((28, 1),))', '((17, 12), ((1, 1), (1, 12)))', '((27, 6), ((28, 12),))']","['((28, 1), ((28, 1), (28, 12)))', '((22, 12), ((1, 1), (1, 12)))', '((13, 6), ((1, 12),))', '((26, 5), ((28, 1),))', '((16, 10), ((1, 1),))', '((15, 1), ((1, 12),))', '((15, 2), ((1, 12),))', '((15, 9), ((1, 1),))', '((23, 4), ((1, 1), (1, 12)))', '((26, 11), ((28, 12),))', '((16, 6), ((1, 1),))', '((25, 12), ((28, 1),))', '((28, 11), ((28, 1), (28, 12)))', '((26, 5), ((1, 1), (1, 12)))', '((25, 1), ((28, 1),))', '((17, 12), ((1, 1), (1, 12)))', '((27, 6), ((28, 12),))', '((20, 8), ((1, 1),))']",[564 states],81,18,99
565,"((28, 1), ((28, 1), (28, 12)))","((28, 2), ((28, 12),))",South,"[(((28, 2), ((28, 1), (28, 12))), 'North', 62, 39, 101), (((27, 1), ((28, 1), (28, 12))), 'West', 62, 37, 99)]","['((22, 12), ((1, 1), (1, 12)))', '((26, 5), ((28, 1),))', '((13, 6), ((1, 12),))', '((23, 4), ((1, 1), (1, 12)))', '((16, 10), ((1, 1),))', '((15, 1), ((1, 12),))', '((15, 2), ((1, 12),))', '((15, 9), ((1, 1),))', '((20, 8), ((1, 1),))', '((26, 11), ((28, 12),))', '((16, 6), ((1, 1),))', '((25, 12), ((28, 1),))', '((28, 11), ((28, 1), (28, 12)))', '((26, 5), ((1, 1), (1, 12)))', '((25, 1), ((28, 1),))', '((17, 12), ((1, 1), (1, 12)))', '((27, 6), ((28, 12),))']","['((22, 12), ((1, 1), (1, 12)))', '((27, 1), ((28, 1), (28, 12)))', '((13, 6), ((1, 12),))', '((26, 5), ((28, 1),))', '((16, 10), ((1, 1),))', '((15, 1), ((1, 12),))', '((15, 2), ((1, 12),))', '((15, 9), ((1, 1),))', '((23, 4), ((1, 1), (1, 12)))', '((26, 11), ((28, 12),))', '((16, 6), ((1, 1),))', '((25, 12), ((28, 1),))', '((28, 11), ((28, 1), (28, 12)))', '((26, 5), ((1, 1), (1, 12)))', '((25, 1), ((28, 1),))', '((17, 12), ((1, 1), (1, 12)))', '((27, 6), ((28, 12),))', '((28, 2), ((28, 1), (28, 12)))', '((20, 8), ((1, 1),))']",[565 states],61,38,99
566,"((22, 12), ((1, 1), (1, 12)))","((21, 12), ((1, 1), (1, 12)))",East,"[(((23, 12), ((1, 1), (1, 12))), 'East', 83, 16, 99)]","['((27, 1), ((28, 1), (28, 12)))', '((26, 5), ((28, 1),))', '((13, 6), ((1, 12),))', '((23, 4), ((1, 1), (1, 12)))', '((16, 10), ((1, 1),))', '((15, 1), ((1, 12),))', '((15, 2), ((1, 12),))', '((15, 9), ((1, 1),))', '((20, 8), ((1, 1),))', '((26, 11), ((28, 12),))', '((16, 6), ((1, 1),))', '((25, 12), ((28, 1),))', '((28, 11), ((28, 1), (28, 12)))', '((26, 5), ((1, 1), (1, 12)))', '((25, 1), ((28, 1),))', '((17, 12), ((1, 1), (1, 12)))', '((27, 6), ((28, 12),))', '((28, 2), ((28, 1), (28, 12)))']","['((27, 1), ((28, 1), (28, 12)))', '((23, 12), ((1, 1), (1, 12)))', '((13, 6), ((1, 12),))', '((26, 5), ((28, 1),))', '((16, 10), ((1, 1),))', '((15, 1), ((1, 12),))', '((15, 2), ((1, 12),))', '((15, 9), ((1, 1),))', '((23, 4), ((1, 1), (1, 12)))', '((26, 11), ((28, 12),))', '((16, 6), ((1, 1),))', '((25, 12), ((28, 1),))', '((28, 11), ((28, 1), (28, 12)))', '((26, 5), ((1, 1), (1, 12)))', '((25, 1), ((28, 1),))', '((17, 12), ((1, 1), (1, 12)))', '((27, 6), ((28, 12),))', '((28, 2), ((28, 1), (28, 12)))', '((20, 8), ((1, 1),))']",[566 states],82,17,99
567,"((27, 1), ((28, 1), (28, 12)))","((28, 1), ((28, 1), (28, 12)))",West,"[(((26, 1), ((28, 1), (28, 12))), 'West', 63, 36, 99)]","['((23, 12), ((1, 1), (1, 12)))', '((26, 5), ((28, 1),))', '((13, 6), ((1, 12),))', '((23, 4), ((1, 1), (1, 12)))', '((16, 10), ((1, 1),))', '((15, 1), ((1, 12),))', '((15, 2), ((1, 12),))', '((15, 9), ((1, 1),))', '((20, 8), ((1, 1),))', '((26, 11), ((28, 12),))', '((16, 6), ((1, 1),))', '((25, 12), ((28, 1),))', '((28, 11), ((28, 1), (28, 12)))', '((26, 5), ((1, 1), (1, 12)))', '((25, 1), ((28, 1),))', '((17, 12), ((1, 1), (1, 12)))', '((27, 6), ((28, 12),))', '((28, 2), ((28, 1), (28, 12)))']","['((23, 12), ((1, 1), (1, 12)))', '((26, 1), ((28, 1), (28, 12)))', '((13, 6), ((1, 12),))', '((26, 5), ((28, 1),))', '((16, 10), ((1, 1),))', '((15, 1), ((1, 12),))', '((15, 2), ((1, 12),))', '((15, 9), ((1, 1),))', '((23, 4), ((1, 1), (1, 12)))', '((26, 11), ((28, 12),))', '((16, 6), ((1, 1),))', '((25, 12), ((28, 1),))', '((28, 11), ((28, 1), (28, 12)))', '((26, 5), ((1, 1), (1, 12)))', '((25, 1), ((28, 1),))', '((17, 12), ((1, 1), (1, 12)))', '((27, 6), ((28, 12),))', '((28, 2), ((28, 1), (28, 12)))', '((20, 8), ((1, 1),))']",[567 states],62,37,99
568,"((23, 12), ((1, 1), (1, 12)))","((22, 12), ((1, 1), (1, 12)))",East,"[(((24, 12), ((1, 1), (1, 12))), 'East', 84, 15, 99)]","['((26, 1), ((28, 1), (28, 12)))', '((26, 5), ((28, 1),))', '((13, 6), ((1, 12),))', '((23, 4), ((1, 1), (1, 12)))', '((16, 10), ((1, 1),))', '((15, 1), ((1, 12),))', '((15, 2), ((1, 12),))', '((15, 9), ((1, 1),))', '((20, 8), ((1, 1),))', '((26, 11), ((28, 12),))', '((16, 6), ((1, 1),))', '((25, 12), ((28, 1),))', '((28, 11), ((28, 1), (28, 12)))', '((26, 5), ((1, 1), (1, 12)))', '((25, 1), ((28, 1),))', '((17, 12), ((1, 1), (1, 12)))', '((27, 6), ((28, 12),))', '((28, 2), ((28, 1), (28, 12)))']","['((26, 1), ((28, 1), (28, 12)))', '((24, 12), ((1, 1), (1, 12)))', '((13, 6), ((1, 12),))', '((26, 5), ((28, 1),))', '((16, 10), ((1, 1),))', '((15, 1), ((1, 12),))', '((15, 2), ((1, 12),))', '((15, 9), ((1, 1),))', '((23, 4), ((1, 1), (1, 12)))', '((26, 11), ((28, 12),))', '((16, 6), ((1, 1),))', '((25, 12), ((28, 1),))', '((28, 11), ((28, 1), (28, 12)))', '((26, 5), ((1, 1), (1, 12)))', '((25, 1), ((28, 1),))', '((17, 12), ((1, 1), (1, 12)))', '((27, 6), ((28, 12),))', '((28, 2), ((28, 1), (28, 12)))', '((20, 8), ((1, 1),))']",[568 states],83,16,99
569,"((26, 1), ((28, 1), (28, 12)))","((27, 1), ((28, 1), (28, 12)))",West,"[(((25, 1), ((28, 1), (28, 12))), 'West', 64, 35, 99)]","['((24, 12), ((1, 1), (1, 12)))', '((26, 5), ((28, 1),))', '((13, 6), ((1, 12),))', '((23, 4), ((1, 1), (1, 12)))', '((16, 10), ((1, 1),))', '((15, 1), ((1, 12),))', '((15, 2), ((1, 12),))', '((15, 9), ((1, 1),))', '((20, 8), ((1, 1),))', '((26, 11), ((28, 12),))', '((16, 6), ((1, 1),))', '((25, 12), ((28, 1),))', '((28, 11), ((28, 1), (28, 12)))', '((26, 5), ((1, 1), (1, 12)))', '((25, 1), ((28, 1),))', '((17, 12), ((1, 1), (1, 12)))', '((27, 6), ((28, 12),))', '((28, 2), ((28, 1), (28, 12)))']","['((24, 12), ((1, 1), (1, 12)))', '((25, 1), ((28, 1), (28, 12)))', '((13, 6), ((1, 12),))', '((26, 5), ((28, 1),))', '((16, 10), ((1, 1),))', '((15, 1), ((1, 12),))', '((15, 2), ((1, 12),))', '((15, 9), ((1, 1),))', '((23, 4), ((1, 1), (1, 12)))', '((26, 11), ((28, 12),))', '((16, 6), ((1, 1),))', '((25, 12), ((28, 1),))', '((28, 11), ((28, 1), (28, 12)))', '((26, 5), ((1, 1), (1, 12)))', '((25, 1), ((28, 1),))', '((17, 12), ((1, 1), (1, 12)))', '((27, 6), ((28, 12),))', '((28, 2), ((28, 1), (28, 12)))', '((20, 8), ((1, 1),))']",[569 states],63,36,99
570,"((24, 12), ((1, 1), (1, 12)))","((23, 12), ((1, 1), (1, 12)))",East,"[(((25, 12), ((1, 1), (1, 12))), 'East', 85, 14, 99)]","['((25, 1), ((28, 1), (28, 12)))', '((26, 5), ((28, 1),))', '((13, 6), ((1, 12),))', '((23, 4), ((1, 1), (1, 12)))', '((16, 10), ((1, 1),))', '((15, 1), ((1, 12),))', '((15, 2), ((1, 12),))', '((15, 9), ((1, 1),))', '((20, 8), ((1, 1),))', '((26, 11), ((28, 12),))', '((16, 6), ((1, 1),))', '((25, 12), ((28, 1),))', '((28, 11), ((28, 1), (28, 12)))', '((26, 5), ((1, 1), (1, 12)))', '((25, 1), ((28, 1),))', '((17, 12), ((1, 1), (1, 12)))', '((27, 6), ((28, 12),))', '((28, 2), ((28, 1), (28, 12)))']","['((25, 1), ((28, 1), (28, 12)))', '((25, 12), ((1, 1), (1, 12)))', '((13, 6), ((1, 12),))', '((26, 5), ((28, 1),))', '((16, 10), ((1, 1),))', '((15, 1), ((1, 12),))', '((15, 2), ((1, 12),))', '((15, 9), ((1, 1),))', '((23, 4), ((1, 1), (1, 12)))', '((26, 11), ((28, 12),))', '((16, 6), ((1, 1),))', '((25, 12), ((28, 1),))', '((28, 11), ((28, 1), (28, 12)))', '((26, 5), ((1, 1), (1, 12)))', '((25, 1), ((28, 1),))', '((17, 12), ((1, 1), (1, 12)))', '((27, 6), ((28, 12),))', '((28, 2), ((28, 1), (28, 12)))', '((20, 8), ((1, 1),))']",[570 states],84,15,99
571,"((25, 1), ((28, 1), (28, 12)))","((26, 1), ((28, 1), (28, 12)))",West,"[(((24, 1), ((28, 1), (28, 12))), 'West', 65, 34, 99)]","['((25, 12), ((1, 1), (1, 12)))', '((26, 5), ((28, 1),))', '((13, 6), ((1, 12),))', '((23, 4), ((1, 1), (1, 12)))', '((16, 10), ((1, 1),))', '((15, 1), ((1, 12),))', '((15, 2), ((1, 12),))', '((15, 9), ((1, 1),))', '((20, 8), ((1, 1),))', '((26, 11), ((28, 12),))', '((16, 6), ((1, 1),))', '((25, 12), ((28, 1),))', '((28, 11), ((28, 1), (28, 12)))', '((26, 5), ((1, 1), (1, 12)))', '((25, 1), ((28, 1),))', '((17, 12), ((1, 1), (1, 12)))', '((27, 6), ((28, 12),))', '((28, 2), ((28, 1), (28, 12)))']","['((25, 12), ((1, 1), (1, 12)))', '((24, 1), ((28, 1), (28, 12)))', '((13, 6), ((1, 12),))', '((26, 5), ((28, 1),))', '((16, 10), ((1, 1),))', '((15, 1), ((1, 12),))', '((15, 2), ((1, 12),))', '((15, 9), ((1, 1),))', '((23, 4), ((1, 1), (1, 12)))', '((26, 11), ((28, 12),))', '((16, 6), ((1, 1),))', '((25, 12), ((28, 1),))', '((28, 11), ((28, 1), (28, 12)))', '((26, 5), ((1, 1), (1, 12)))', '((25, 1), ((28, 1),))', '((17, 12), ((1, 1), (1, 12)))', '((27, 6), ((28, 12),))', '((28, 2), ((28, 1), (28, 12)))', '((20, 8), ((1, 1),))']",[571 states],64,35,99
572,"((25, 12), ((1, 1), (1, 12)))","((24, 12), ((1, 1), (1, 12)))",East,"[(((26, 12), ((1, 1), (1, 12))), 'East', 86, 13, 99)]","['((24, 1), ((28, 1), (28, 12)))', '((26, 5), ((28, 1),))', '((13, 6), ((1, 12),))', '((23, 4), ((1, 1), (1, 12)))', '((16, 10), ((1, 1),))', '((15, 1), ((1, 12),))', '((15, 2), ((1, 12),))', '((15, 9), ((1, 1),))', '((20, 8), ((1, 1),))', '((26, 11), ((28, 12),))', '((16, 6), ((1, 1),))', '((25, 12), ((28, 1),))', '((28, 11), ((28, 1), (28, 12)))', '((26, 5), ((1, 1), (1, 12)))', '((25, 1), ((28, 1),))', '((17, 12), ((1, 1), (1, 12)))', '((27, 6), ((28, 12),))', '((28, 2), ((28, 1), (28, 12)))']","['((24, 1), ((28, 1), (28, 12)))', '((26, 12), ((1, 1), (1, 12)))', '((13, 6), ((1, 12),))', '((26, 5), ((28, 1),))', '((16, 10), ((1, 1),))', '((15, 1), ((1, 12),))', '((15, 2), ((1, 12),))', '((15, 9), ((1, 1),))', '((23, 4), ((1, 1), (1, 12)))', '((26, 11), ((28, 12),))', '((16, 6), ((1, 1),))', '((25, 12), ((28, 1),))', '((28, 11), ((28, 1), (28, 12)))', '((26, 5), ((1, 1), (1, 12)))', '((25, 1), ((28, 1),))', '((17, 12), ((1, 1), (1, 12)))', '((27, 6), ((28, 12),))', '((28, 2), ((28, 1), (28, 12)))', '((20, 8), ((1, 1),))']",[572 states],85,14,99
573,"((24, 1), ((28, 1), (28, 12)))","((25, 1), ((28, 1), (28, 12)))",West,"[(((24, 2), ((28, 1), (28, 12))), 'North', 66, 35, 101)]","['((26, 12), ((1, 1), (1, 12)))', '((26, 5), ((28, 1),))', '((13, 6), ((1, 12),))', '((23, 4), ((1, 1), (1, 12)))', '((16, 10), ((1, 1),))', '((15, 1), ((1, 12),))', '((15, 2), ((1, 12),))', '((15, 9), ((1, 1),))', '((20, 8), ((1, 1),))', '((26, 11), ((28, 12),))', '((16, 6), ((1, 1),))', '((25, 12), ((28, 1),))', '((28, 11), ((28, 1), (28, 12)))', '((26, 5), ((1, 1), (1, 12)))', '((25, 1), ((28, 1),))', '((17, 12), ((1, 1), (1, 12)))', '((27, 6), ((28, 12),))', '((28, 2), ((28, 1), (28, 12)))']","['((26, 12), ((1, 1), (1, 12)))', '((26, 5), ((28, 1),))', '((13, 6), ((1, 12),))', '((23, 4), ((1, 1), (1, 12)))', '((16, 10), ((1, 1),))', '((15, 1), ((1, 12),))', '((15, 2), ((1, 12),))', '((15, 9), ((1, 1),))', '((20, 8), ((1, 1),))', '((26, 11), ((28, 12),))', '((16, 6), ((1, 1),))', '((25, 12), ((28, 1),))', '((28, 11), ((28, 1), (28, 12)))', '((26, 5), ((1, 1), (1, 12)))', '((25, 1), ((28, 1),))', '((17, 12), ((1, 1), (1, 12)))', '((27, 6), ((28, 12),))', '((28, 2), ((28, 1), (28, 12)))', '((24, 2), ((28, 1), (28, 12)))']",[573 states],65,34,99
574,"((26, 12), ((1, 1), (1, 12)))","((25, 12), ((1, 1), (1, 12)))",East,"[(((26, 11), ((1, 1), (1, 12))), 'South', 87, 14, 101)]","['((13, 6), ((1, 12),))', '((26, 5), ((28, 1),))', '((15, 2), ((1, 12),))', '((23, 4), ((1, 1), (1, 12)))', '((16, 10), ((1, 1),))', '((15, 1), ((1, 12),))', '((25, 1), ((28, 1),))', '((15, 9), ((1, 1),))', '((20, 8), ((1, 1),))', '((26, 11), ((28, 12),))', '((16, 6), ((1, 1),))', '((25, 12), ((28, 1),))', '((28, 11), ((28, 1), (28, 12)))', '((26, 5), ((1, 1), (1, 12)))', '((24, 2), ((28, 1), (28, 12)))', '((17, 12), ((1, 1), (1, 12)))', '((27, 6), ((28, 12),))', '((28, 2), ((28, 1), (28, 12)))']","['((13, 6), ((1, 12),))', '((26, 5), ((28, 1),))', '((15, 2), ((1, 12),))', '((23, 4), ((1, 1), (1, 12)))', '((16, 10), ((1, 1),))', '((15, 1), ((1, 12),))', '((25, 1), ((28, 1),))', '((15, 9), ((1, 1),))', '((20, 8), ((1, 1),))', '((26, 11), ((28, 12),))', '((16, 6), ((1, 1),))', '((25, 12), ((28, 1),))', '((28, 11), ((28, 1), (28, 12)))', '((26, 5), ((1, 1), (1, 12)))', '((24, 2), ((28, 1), (28, 12)))', '((17, 12), ((1, 1), (1, 12)))', '((27, 6), ((28, 12),))', '((28, 2), ((28, 1), (28, 12)))', '((26, 11), ((1, 1), (1, 12)))']",[574 states],86,13,99
575,"((13, 6), ((1, 12),))","((13, 5), ((1, 12),))",North,"[(((12, 6), ((1, 12),)), 'West', 46, 54, 100)]","['((15, 2), ((1, 12),))', '((26, 5), ((28, 1),))', '((15, 1), ((1, 12),))', '((23, 4), ((1, 1), (1, 12)))', '((16, 10), ((1, 1),))', '((25, 12), ((28, 1),))', '((25, 1), ((28, 1),))', '((15, 9), ((1, 1),))', '((20, 8), ((1, 1),))', '((26, 11), ((28, 12),))', '((16, 6), ((1, 1),))', '((26, 11), ((1, 1), (1, 12)))', '((28, 11), ((28, 1), (28, 12)))', '((26, 5), ((1, 1), (1, 12)))', '((24, 2), ((28, 1), (28, 12)))', '((17, 12), ((1, 1), (1, 12)))', '((27, 6), ((28, 12),))', '((28, 2), ((28, 1), (28, 12)))']","['((15, 2), ((1, 12),))', '((26, 5), ((28, 1),))', '((15, 1), ((1, 12),))', '((23, 4), ((1, 1), (1, 12)))', '((16, 10), ((1, 1),))', '((25, 12), ((28, 1),))', '((25, 1), ((28, 1),))', '((15, 9), ((1, 1),))', '((12, 6), ((1, 12),))', '((26, 11), ((28, 12),))', '((16, 6), ((1, 1),))', '((26, 11), ((1, 1), (1, 12)))', '((28, 11), ((28, 1), (28, 12)))', '((26, 5), ((1, 1), (1, 12)))', '((24, 2), ((28, 1), (28, 12)))', '((17, 12), ((1, 1), (1, 12)))', '((27, 6), ((28, 12),))', '((28, 2), ((28, 1), (28, 12)))', '((20, 8), ((1, 1),))']",[575 states],45,55,100
576,"((15, 2), ((1, 12),))","((14, 2), ((1, 12),))",East,"[(((16, 2), ((1, 12),)), 'East', 48, 54, 102)]","['((15, 1), ((1, 12),))', '((26, 5), ((28, 1),))', '((25, 1), ((28, 1),))', '((23, 4), ((1, 1), (1, 12)))', '((16, 10), ((1, 1),))', '((25, 12), ((28, 1),))', '((26, 5), ((1, 1), (1, 12)))', '((15, 9), ((1, 1),))', '((12, 6), ((1, 12),))', '((26, 11), ((28, 12),))', '((16, 6), ((1, 1),))', '((26, 11), ((1, 1), (1, 12)))', '((28, 11), ((28, 1), (28, 12)))', '((20, 8), ((1, 1),))', '((24, 2), ((28, 1), (28, 12)))', '((17, 12), ((1, 1), (1, 12)))', '((27, 6), ((28, 12),))', '((28, 2), ((28, 1), (28, 12)))']","['((15, 1), ((1, 12),))', '((26, 5), ((28, 1),))', '((25, 1), ((28, 1),))', '((23, 4), ((1, 1), (1, 12)))', '((16, 10), ((1, 1),))', '((25, 12), ((28, 1),))', '((26, 5), ((1, 1), (1, 12)))', '((15, 9), ((1, 1),))', '((12, 6), ((1, 12),))', '((26, 11), ((28, 12),))', '((16, 6), ((1, 1),))', '((26, 11), ((1, 1), (1, 12)))', '((28, 11), ((28, 1), (28, 12)))', '((20, 8), ((1, 1),))', '((24, 2), ((28, 1), (28, 12)))', '((17, 12), ((1, 1), (1, 12)))', '((27, 6), ((28, 12),))', '((28, 2), ((28, 1), (28, 12)))', '((16, 2), ((1, 12),))']",[576 states],47,53,100
577,"((15, 1), ((1, 12),))","((14, 1), ((1, 12),))",East,"[(((16, 1), ((1, 12),)), 'East', 49, 53, 102)]","['((25, 1), ((28, 1),))', '((26, 5), ((28, 1),))', '((25, 12), ((28, 1),))', '((23, 4), ((1, 1), (1, 12)))', '((16, 10), ((1, 1),))', '((28, 11), ((28, 1), (28, 12)))', '((26, 5), ((1, 1), (1, 12)))', '((15, 9), ((1, 1),))', '((12, 6), ((1, 12),))', '((26, 11), ((28, 12),))', '((16, 6), ((1, 1),))', '((26, 11), ((1, 1), (1, 12)))', '((16, 2), ((1, 12),))', '((20, 8), ((1, 1),))', '((24, 2), ((28, 1), (28, 12)))', '((17, 12), ((1, 1), (1, 12)))', '((27, 6), ((28, 12),))', '((28, 2), ((28, 1), (28, 12)))']","['((25, 1), ((28, 1),))', '((26, 5), ((28, 1),))', '((25, 12), ((28, 1),))', '((23, 4), ((1, 1), (1, 12)))', '((16, 10), ((1, 1),))', '((28, 11), ((28, 1), (28, 12)))', '((26, 5), ((1, 1), (1, 12)))', '((15, 9), ((1, 1),))', '((12, 6), ((1, 12),))', '((26, 11), ((28, 12),))', '((16, 6), ((1, 1),))', '((26, 11), ((1, 1), (1, 12)))', '((16, 2), ((1, 12),))', '((20, 8), ((1, 1),))', '((24, 2), ((28, 1), (28, 12)))', '((17, 12), ((1, 1), (1, 12)))', '((27, 6), ((28, 12),))', '((28, 2), ((28, 1), (28, 12)))', '((16, 1), ((1, 12),))']",[577 states],48,52,100
578,"((25, 1), ((28, 1),))","((26, 1), ((28, 1),))",West,"[(((24, 1), ((28, 1),)), 'West', 49, 53, 102)]","['((26, 5), ((28, 1),))', '((23, 4), ((1, 1), (1, 12)))', '((25, 12), ((28, 1),))', '((12, 6), ((1, 12),))', '((16, 10), ((1, 1),))', '((28, 11), ((28, 1), (28, 12)))', '((26, 5), ((1, 1), (1, 12)))', '((15, 9), ((1, 1),))', '((28, 2), ((28, 1), (28, 12)))', '((26, 11), ((28, 12),))', '((16, 6), ((1, 1),))', '((26, 11), ((1, 1), (1, 12)))', '((16, 2), ((1, 12),))', '((20, 8), ((1, 1),))', '((24, 2), ((28, 1), (28, 12)))', '((17, 12), ((1, 1), (1, 12)))', '((27, 6), ((28, 12),))', '((16, 1), ((1, 12),))']","['((26, 5), ((28, 1),))', '((23, 4), ((1, 1), (1, 12)))', '((25, 12), ((28, 1),))', '((12, 6), ((1, 12),))', '((16, 10), ((1, 1),))', '((28, 11), ((28, 1), (28, 12)))', '((26, 5), ((1, 1), (1, 12)))', '((15, 9), ((1, 1),))', '((28, 2), ((28, 1), (28, 12)))', '((26, 11), ((28, 12),))', '((16, 6), ((1, 1),))', '((26, 11), ((1, 1), (1, 12)))', '((16, 2), ((1, 12),))', '((20, 8), ((1, 1),))', '((24, 2), ((28, 1), (28, 12)))', '((17, 12), ((1, 1), (1, 12)))', '((27, 6), ((28, 12),))', '((16, 1), ((1, 12),))', '((24, 1), ((28, 1),))']",[578 states],48,52,100
579,"((26, 5), ((28, 1),))","((26, 6), ((28, 1),))",South,"[(((26, 4), ((28, 1),)), 'South', 54, 48, 102)]","['((23, 4), ((1, 1), (1, 12)))', '((12, 6), ((1, 12),))', '((25, 12), ((28, 1),))', '((15, 9), ((1, 1),))', '((16, 10), ((1, 1),))', '((28, 11), ((28, 1), (28, 12)))', '((26, 5), ((1, 1), (1, 12)))', '((27, 6), ((28, 12),))', '((28, 2), ((28, 1), (28, 12)))', '((26, 11), ((28, 12),))', '((16, 6), ((1, 1),))', '((26, 11), ((1, 1), (1, 12)))', '((16, 2), ((1, 12),))', '((20, 8), ((1, 1),))', '((24, 2), ((28, 1), (28, 12)))', '((17, 12), ((1, 1), (1, 12)))', '((24, 1), ((28, 1),))', '((16, 1), ((1, 12),))']","['((23, 4), ((1, 1), (1, 12)))', '((12, 6), ((1, 12),))', '((25, 12), ((28, 1),))', '((15, 9), ((1, 1),))', '((16, 10), ((1, 1),))', '((28, 11), ((28, 1), (28, 12)))', '((26, 5), ((1, 1), (1, 12)))', '((27, 6), ((28, 12),))', '((28, 2), ((28, 1), (28, 12)))', '((26, 11), ((28, 12),))', '((16, 6), ((1, 1),))', '((26, 11), ((1, 1), (1, 12)))', '((16, 2), ((1, 12),))', '((20, 8), ((1, 1),))', '((24, 2), ((28, 1), (28, 12)))', '((17, 12), ((1, 1), (1, 12)))', '((24, 1), ((28, 1),))', '((16, 1), ((1, 12),))', '((26, 4), ((28, 1),))']",[579 states],53,47,100
580,"((23, 4), ((1, 1), (1, 12)))","((24, 4), ((1, 1), (1, 12)))",West,"[(((22, 4), ((1, 1), (1, 12))), 'West', 82, 20, 102)]","['((25, 12), ((28, 1),))', '((12, 6), ((1, 12),))', '((26, 5), ((1, 1), (1, 12)))', '((15, 9), ((1, 1),))', '((16, 10), ((1, 1),))', '((28, 11), ((28, 1), (28, 12)))', '((20, 8), ((1, 1),))', '((27, 6), ((28, 12),))', '((28, 2), ((28, 1), (28, 12)))', '((26, 11), ((28, 12),))', '((16, 6), ((1, 1),))', '((26, 11), ((1, 1), (1, 12)))', '((16, 2), ((1, 12),))', '((26, 4), ((28, 1),))', '((24, 2), ((28, 1), (28, 12)))', '((17, 12), ((1, 1), (1, 12)))', '((24, 1), ((28, 1),))', '((16, 1), ((1, 12),))']","['((25, 12), ((28, 1),))', '((12, 6), ((1, 12),))', '((26, 5), ((1, 1), (1, 12)))', '((15, 9), ((1, 1),))', '((16, 10), ((1, 1),))', '((28, 11), ((28, 1), (28, 12)))', '((20, 8), ((1, 1),))', '((27, 6), ((28, 12),))', '((28, 2), ((28, 1), (28, 12)))', '((26, 11), ((28, 12),))', '((16, 6), ((1, 1),))', '((26, 11), ((1, 1), (1, 12)))', '((16, 2), ((1, 12),))', '((26, 4), ((28, 1),))', '((24, 2), ((28, 1), (28, 12)))', '((17, 12), ((1, 1), (1, 12)))', '((24, 1), ((28, 1),))', '((16, 1), ((1, 12),))', '((22, 4), ((1, 1), (1, 12)))']",[580 states],81,19,100
581,"((25, 12), ((28, 1),))","((26, 12), ((28, 1),))",West,"[(((24, 12), ((28, 1),)), 'West', 60, 42, 102)]","['((26, 5), ((1, 1), (1, 12)))', '((12, 6), ((1, 12),))', '((28, 11), ((28, 1), (28, 12)))', '((15, 9), ((1, 1),))', '((16, 10), ((1, 1),))', '((26, 11), ((1, 1), (1, 12)))', '((20, 8), ((1, 1),))', '((27, 6), ((28, 12),))', '((28, 2), ((28, 1), (28, 12)))', '((26, 11), ((28, 12),))', '((16, 6), ((1, 1),))', '((22, 4), ((1, 1), (1, 12)))', '((16, 2), ((1, 12),))', '((26, 4), ((28, 1),))', '((24, 2), ((28, 1), (28, 12)))', '((17, 12), ((1, 1), (1, 12)))', '((24, 1), ((28, 1),))', '((16, 1), ((1, 12),))']","['((26, 5), ((1, 1), (1, 12)))', '((12, 6), ((1, 12),))', '((28, 11), ((28, 1), (28, 12)))', '((15, 9), ((1, 1),))', '((16, 10), ((1, 1),))', '((26, 11), ((1, 1), (1, 12)))', '((20, 8), ((1, 1),))', '((27, 6), ((28, 12),))', '((28, 2), ((28, 1), (28, 12)))', '((26, 11), ((28, 12),))', '((16, 6), ((1, 1),))', '((22, 4), ((1, 1), (1, 12)))', '((16, 2), ((1, 12),))', '((26, 4), ((28, 1),))', '((24, 2), ((28, 1), (28, 12)))', '((17, 12), ((1, 1), (1, 12)))', '((24, 1), ((28, 1),))', '((16, 1), ((1, 12),))', '((24, 12), ((28, 1),))']",[581 states],59,41,100
582,"((26, 5), ((1, 1), (1, 12)))","((26, 4), ((1, 1), (1, 12)))",North,"[(((26, 6), ((1, 1), (1, 12))), 'North', 84, 18, 102)]","['((28, 11), ((28, 1), (28, 12)))', '((12, 6), ((1, 12),))', '((20, 8), ((1, 1),))', '((15, 9), ((1, 1),))', '((16, 10), ((1, 1),))', '((26, 11), ((1, 1), (1, 12)))', '((24, 2), ((28, 1), (28, 12)))', '((27, 6), ((28, 12),))', '((28, 2), ((28, 1), (28, 12)))', '((26, 11), ((28, 12),))', '((16, 6), ((1, 1),))', '((22, 4), ((1, 1), (1, 12)))', '((16, 2), ((1, 12),))', '((26, 4), ((28, 1),))', '((24, 12), ((28, 1),))', '((17, 12), ((1, 1), (1, 12)))', '((24, 1), ((28, 1),))', '((16, 1), ((1, 12),))']","['((28, 11), ((28, 1), (28, 12)))', '((12, 6), ((1, 12),))', '((20, 8), ((1, 1),))', '((15, 9), ((1, 1),))', '((16, 10), ((1, 1),))', '((26, 11), ((1, 1), (1, 12)))', '((24, 2), ((28, 1), (28, 12)))', '((27, 6), ((28, 12),))', '((28, 2), ((28, 1), (28, 12)))', '((26, 11), ((28, 12),))', '((16, 6), ((1, 1),))', '((22, 4), ((1, 1), (1, 12)))', '((16, 2), ((1, 12),))', '((26, 4), ((28, 1),))', '((24, 12), ((28, 1),))', '((17, 12), ((1, 1), (1, 12)))', '((24, 1), ((28, 1),))', '((16, 1), ((1, 12),))', '((26, 6), ((1, 1), (1, 12)))']",[582 states],83,17,100
583,"((28, 11), ((28, 1), (28, 12)))","((28, 12), ((28, 1), (28, 12)))",South,"[(((28, 10), ((28, 1), (28, 12))), 'South', 62, 40, 102)]","['((12, 6), ((1, 12),))', '((16, 10), ((1, 1),))', '((20, 8), ((1, 1),))', '((15, 9), ((1, 1),))', '((16, 6), ((1, 1),))', '((26, 11), ((1, 1), (1, 12)))', '((24, 2), ((28, 1), (28, 12)))', '((27, 6), ((28, 12),))', '((28, 2), ((28, 1), (28, 12)))', '((26, 11), ((28, 12),))', '((26, 6), ((1, 1), (1, 12)))', '((22, 4), ((1, 1), (1, 12)))', '((16, 2), ((1, 12),))', '((26, 4), ((28, 1),))', '((24, 12), ((28, 1),))', '((17, 12), ((1, 1), (1, 12)))', '((24, 1), ((28, 1),))', '((16, 1), ((1, 12),))']","['((12, 6), ((1, 12),))', '((16, 10), ((1, 1),))', '((20, 8), ((1, 1),))', '((15, 9), ((1, 1),))', '((16, 6), ((1, 1),))', '((26, 11), ((1, 1), (1, 12)))', '((24, 2), ((28, 1), (28, 12)))', '((27, 6), ((28, 12),))', '((28, 2), ((28, 1), (28, 12)))', '((26, 11), ((28, 12),))', '((26, 6), ((1, 1), (1, 12)))', '((22, 4), ((1, 1), (1, 12)))', '((16, 2), ((1, 12),))', '((26, 4), ((28, 1),))', '((24, 12), ((28, 1),))', '((17, 12), ((1, 1), (1, 12)))', '((24, 1), ((28, 1),))', '((16, 1), ((1, 12),))', '((28, 10), ((28, 1), (28, 12)))']",[583 states],61,39,100
584,"((12, 6), ((1, 12),))","((13, 6), ((1, 12),))",West,"[(((11, 6), ((1, 12),)), 'West', 47, 53, 100)]","['((16, 10), ((1, 1),))', '((15, 9), ((1, 1),))', '((20, 8), ((1, 1),))', '((27, 6), ((28, 12),))', '((16, 6), ((1, 1),))', '((26, 11), ((1, 1), (1, 12)))', '((24, 2), ((28, 1), (28, 12)))', '((17, 12), ((1, 1), (1, 12)))', '((28, 2), ((28, 1), (28, 12)))', '((26, 11), ((28, 12),))', '((26, 6), ((1, 1), (1, 12)))', '((22, 4), ((1, 1), (1, 12)))', '((16, 2), ((1, 12),))', '((26, 4), ((28, 1),))', '((24, 12), ((28, 1),))', '((28, 10), ((28, 1), (28, 12)))', '((24, 1), ((28, 1),))', '((16, 1), ((1, 12),))']","['((11, 6), ((1, 12),))', '((16, 10), ((1, 1),))', '((20, 8), ((1, 1),))', '((15, 9), ((1, 1),))', '((16, 6), ((1, 1),))', '((26, 11), ((1, 1), (1, 12)))', '((24, 2), ((28, 1), (28, 12)))', '((17, 12), ((1, 1), (1, 12)))', '((27, 6), ((28, 12),))', '((26, 11), ((28, 12),))', '((26, 6), ((1, 1), (1, 12)))', '((22, 4), ((1, 1), (1, 12)))', '((16, 2), ((1, 12),))', '((26, 4), ((28, 1),))', '((24, 12), ((28, 1),))', '((28, 10), ((28, 1), (28, 12)))', '((24, 1), ((28, 1),))', '((16, 1), ((1, 12),))', '((28, 2), ((28, 1), (28, 12)))']",[584 states],46,54,100
585,"((11, 6), ((1, 12),))","((12, 6), ((1, 12),))",West,"[(((11, 7), ((1, 12),)), 'North', 48, 54, 102), (((10, 6), ((1, 12),)), 'West', 48, 52, 100)]","['((16, 10), ((1, 1),))', '((15, 9), ((1, 1),))', '((20, 8), ((1, 1),))', '((27, 6), ((28, 12),))', '((16, 6), ((1, 1),))', '((26, 11), ((1, 1), (1, 12)))', '((24, 2), ((28, 1), (28, 12)))', '((17, 12), ((1, 1), (1, 12)))', '((28, 2), ((28, 1), (28, 12)))', '((26, 11), ((28, 12),))', '((26, 6), ((1, 1), (1, 12)))', '((22, 4), ((1, 1), (1, 12)))', '((16, 2), ((1, 12),))', '((26, 4), ((28, 1),))', '((24, 12), ((28, 1),))', '((28, 10), ((28, 1), (28, 12)))', '((24, 1), ((28, 1),))', '((16, 1), ((1, 12),))']","['((10, 6), ((1, 12),))', '((16, 10), ((1, 1),))', '((20, 8), ((1, 1),))', '((27, 6), ((28, 12),))', '((15, 9), ((1, 1),))', '((26, 11), ((1, 1), (1, 12)))', '((24, 2), ((28, 1), (28, 12)))', '((17, 12), ((1, 1), (1, 12)))', '((28, 2), ((28, 1), (28, 12)))', '((16, 6), ((1, 1),))', '((26, 6), ((1, 1), (1, 12)))', '((22, 4), ((1, 1), (1, 12)))', '((16, 2), ((1, 12),))', '((26, 4), ((28, 1),))', '((24, 12), ((28, 1),))', '((28, 10), ((28, 1), (28, 12)))', '((24, 1), ((28, 1),))', '((16, 1), ((1, 12),))', '((11, 7), ((1, 12),))', '((26, 11), ((28, 12),))']",[585 states],47,53,100
586,"((10, 6), ((1, 12),))","((11, 6), ((1, 12),))",West,"[(((9, 6), ((1, 12),)), 'West', 49, 51, 100)]","['((16, 10), ((1, 1),))', '((15, 9), ((1, 1),))', '((20, 8), ((1, 1),))', '((27, 6), ((28, 12),))', '((16, 6), ((1, 1),))', '((26, 11), ((1, 1), (1, 12)))', '((24, 2), ((28, 1), (28, 12)))', '((17, 12), ((1, 1), (1, 12)))', '((28, 2), ((28, 1), (28, 12)))', '((26, 11), ((28, 12),))', '((26, 6), ((1, 1), (1, 12)))', '((22, 4), ((1, 1), (1, 12)))', '((16, 2), ((1, 12),))', '((26, 4), ((28, 1),))', '((24, 12), ((28, 1),))', '((28, 10), ((28, 1), (28, 12)))', '((24, 1), ((28, 1),))', '((16, 1), ((1, 12),))', '((11, 7), ((1, 12),))']","['((9, 6), ((1, 12),))', '((16, 10), ((1, 1),))', '((20, 8), ((1, 1),))', '((27, 6), ((28, 12),))', '((15, 9), ((1, 1),))', '((26, 11), ((1, 1), (1, 12)))', '((24, 2), ((28, 1), (28, 12)))', '((17, 12), ((1, 1), (1, 12)))', '((28, 2), ((28, 1), (28, 12)))', '((16, 6), ((1, 1),))', '((26, 6), ((1, 1), (1, 12)))', '((22, 4), ((1, 1), (1, 12)))', '((16, 2), ((1, 12),))', '((26, 4), ((28, 1),))', '((24, 12), ((28, 1),))', '((28, 10), ((28, 1), (28, 12)))', '((24, 1), ((28, 1),))', '((16, 1), ((1, 12),))', '((11, 7), ((1, 12),))', '((26, 11), ((28, 12),))']",[586 states],48,52,100
587,"((9, 6), ((1, 12),))","((10, 6), ((1, 12),))",West,"[(((9, 7), ((1, 12),)), 'North', 50, 52, 102)]","['((16, 10), ((1, 1),))', '((15, 9), ((1, 1),))', '((20, 8), ((1, 1),))', '((27, 6), ((28, 12),))', '((16, 6), ((1, 1),))', '((26, 11), ((1, 1), (1, 12)))', '((24, 2), ((28, 1), (28, 12)))', '((17, 12), ((1, 1), (1, 12)))', '((28, 2), ((28, 1), (28, 12)))', '((26, 11), ((28, 12),))', '((26, 6), ((1, 1), (1, 12)))', '((22, 4), ((1, 1), (1, 12)))', '((16, 2), ((1, 12),))', '((26, 4), ((28, 1),))', '((24, 12), ((28, 1),))', '((28, 10), ((28, 1), (28, 12)))', '((24, 1), ((28, 1),))', '((16, 1), ((1, 12),))', '((11, 7), ((1, 12),))']","['((16, 10), ((1, 1),))', '((15, 9), ((1, 1),))', '((20, 8), ((1, 1),))', '((27, 6), ((28, 12),))', '((16, 6), ((1, 1),))', '((26, 11), ((1, 1), (1, 12)))', '((24, 2), ((28, 1), (28, 12)))', '((17, 12), ((1, 1), (1, 12)))', '((28, 2), ((28, 1), (28, 12)))', '((26, 11), ((28, 12),))', '((26, 6), ((1, 1), (1, 12)))', '((22, 4), ((1, 1), (1, 12)))', '((16, 2), ((1, 12),))', '((26, 4), ((28, 1),))', '((24, 12), ((28, 1),))', '((28, 10), ((28, 1), (28, 12)))', '((24, 1), ((28, 1),))', '((16, 1), ((1, 12),))', '((11, 7), ((1, 12),))', '((9, 7), ((1, 12),))']",[587 states],49,51,100
588,"((16, 10), ((1, 1),))","((15, 10), ((1, 1),))",East,[],"['((15, 9), ((1, 1),))', '((16, 6), ((1, 1),))', '((20, 8), ((1, 1),))', '((27, 6), ((28, 12),))', '((26, 11), ((28, 12),))', '((26, 11), ((1, 1), (1, 12)))', '((24, 2), ((28, 1), (28, 12)))', '((17, 12), ((1, 1), (1, 12)))', '((28, 2), ((28, 1), (28, 12)))', '((9, 7), ((1, 12),))', '((26, 6), ((1, 1), (1, 12)))', '((22, 4), ((1, 1), (1, 12)))', '((16, 2), ((1, 12),))', '((26, 4), ((28, 1),))', '((24, 12), ((28, 1),))', '((28, 10), ((28, 1), (28, 12)))', '((24, 1), ((28, 1),))', '((16, 1), ((1, 12),))', '((11, 7), ((1, 12),))']","['((15, 9), ((1, 1),))', '((16, 6), ((1, 1),))', '((20, 8), ((1, 1),))', '((27, 6), ((28, 12),))', '((26, 11), ((28, 12),))', '((26, 11), ((1, 1), (1, 12)))', '((24, 2), ((28, 1), (28, 12)))', '((17, 12), ((1, 1), (1, 12)))', '((28, 2), ((28, 1), (28, 12)))', '((9, 7), ((1, 12),))', '((26, 6), ((1, 1), (1, 12)))', '((22, 4), ((1, 1), (1, 12)))', '((16, 2), ((1, 12),))', '((26, 4), ((28, 1),))', '((24, 12), ((28, 1),))', '((28, 10), ((28, 1), (28, 12)))', '((24, 1), ((28, 1),))', '((16, 1), ((1, 12),))', '((11, 7), ((1, 12),))']",[588 states],46,55,101
589,"((15, 9), ((1, 1),))","((15, 10), ((1, 1),))",South,"[(((15, 8), ((1, 1),)), 'South', 47, 56, 103)]","['((16, 6), ((1, 1),))', '((26, 11), ((28, 12),))', '((20, 8), ((1, 1),))', '((27, 6), ((28, 12),))', '((26, 6), ((1, 1), (1, 12)))', '((26, 11), ((1, 1), (1, 12)))', '((24, 2), ((28, 1), (28, 12)))', '((17, 12), ((1, 1), (1, 12)))', '((28, 2), ((28, 1), (28, 12)))', '((9, 7), ((1, 12),))', '((11, 7), ((1, 12),))', '((22, 4), ((1, 1), (1, 12)))', '((16, 2), ((1, 12),))', '((26, 4), ((28, 1),))', '((24, 12), ((28, 1),))', '((28, 10), ((28, 1), (28, 12)))', '((24, 1), ((28, 1),))', '((16, 1), ((1, 12),))']","['((16, 6), ((1, 1),))', '((26, 11), ((28, 12),))', '((20, 8), ((1, 1),))', '((27, 6), ((28, 12),))', '((26, 6), ((1, 1), (1, 12)))', '((26, 11), ((1, 1), (1, 12)))', '((24, 2), ((28, 1), (28, 12)))', '((17, 12), ((1, 1), (1, 12)))', '((28, 2), ((28, 1), (28, 12)))', '((9, 7), ((1, 12),))', '((11, 7), ((1, 12),))', '((22, 4), ((1, 1), (1, 12)))', '((16, 2), ((1, 12),))', '((26, 4), ((28, 1),))', '((24, 12), ((28, 1),))', '((28, 10), ((28, 1), (28, 12)))', '((24, 1), ((28, 1),))', '((16, 1), ((1, 12),))', '((15, 8), ((1, 1),))']",[589 states],46,55,101
590,"((16, 6), ((1, 1),))","((17, 6), ((1, 1),))",West,[],"['((26, 11), ((28, 12),))', '((27, 6), ((28, 12),))', '((20, 8), ((1, 1),))', '((17, 12), ((1, 1), (1, 12)))', '((26, 6), ((1, 1), (1, 12)))', '((26, 11), ((1, 1), (1, 12)))', '((24, 2), ((28, 1), (28, 12)))', '((24, 1), ((28, 1),))', '((28, 2), ((28, 1), (28, 12)))', '((9, 7), ((1, 12),))', '((11, 7), ((1, 12),))', '((22, 4), ((1, 1), (1, 12)))', '((16, 2), ((1, 12),))', '((26, 4), ((28, 1),))', '((24, 12), ((28, 1),))', '((28, 10), ((28, 1), (28, 12)))', '((15, 8), ((1, 1),))', '((16, 1), ((1, 12),))']","['((26, 11), ((28, 12),))', '((27, 6), ((28, 12),))', '((20, 8), ((1, 1),))', '((17, 12), ((1, 1), (1, 12)))', '((26, 6), ((1, 1), (1, 12)))', '((26, 11), ((1, 1), (1, 12)))', '((24, 2), ((28, 1), (28, 12)))', '((24, 1), ((28, 1),))', '((28, 2), ((28, 1), (28, 12)))', '((9, 7), ((1, 12),))', '((11, 7), ((1, 12),))', '((22, 4), ((1, 1), (1, 12)))', '((16, 2), ((1, 12),))', '((26, 4), ((28, 1),))', '((24, 12), ((28, 1),))', '((28, 10), ((28, 1), (28, 12)))', '((15, 8), ((1, 1),))', '((16, 1), ((1, 12),))']",[590 states],46,55,101
591,"((26, 11), ((28, 12),))","((26, 10), ((28, 12),))",North,"[(((26, 12), ((28, 12),)), 'North', 52, 51, 103)]","['((20, 8), ((1, 1),))', '((27, 6), ((28, 12),))', '((24, 2), ((28, 1), (28, 12)))', '((17, 12), ((1, 1), (1, 12)))', '((26, 6), ((1, 1), (1, 12)))', '((26, 11), ((1, 1), (1, 12)))', '((16, 1), ((1, 12),))', '((24, 1), ((28, 1),))', '((28, 2), ((28, 1), (28, 12)))', '((9, 7), ((1, 12),))', '((11, 7), ((1, 12),))', '((22, 4), ((1, 1), (1, 12)))', '((16, 2), ((1, 12),))', '((26, 4), ((28, 1),))', '((24, 12), ((28, 1),))', '((28, 10), ((28, 1), (28, 12)))', '((15, 8), ((1, 1),))']","['((20, 8), ((1, 1),))', '((27, 6), ((28, 12),))', '((24, 2), ((28, 1), (28, 12)))', '((17, 12), ((1, 1), (1, 12)))', '((26, 6), ((1, 1), (1, 12)))', '((26, 11), ((1, 1), (1, 12)))', '((16, 1), ((1, 12),))', '((24, 1), ((28, 1),))', '((28, 2), ((28, 1), (28, 12)))', '((9, 7), ((1, 12),))', '((11, 7), ((1, 12),))', '((22, 4), ((1, 1), (1, 12)))', '((16, 2), ((1, 12),))', '((26, 4), ((28, 1),))', '((24, 12), ((28, 1),))', '((28, 10), ((28, 1), (28, 12)))', '((15, 8), ((1, 1),))', '((26, 12), ((28, 12),))']",[591 states],51,50,101
592,"((20, 8), ((1, 1),))","((20, 7), ((1, 1),))",North,"[(((21, 8), ((1, 1),)), 'East', 49, 52, 101)]","['((27, 6), ((28, 12),))', '((17, 12), ((1, 1), (1, 12)))', '((24, 2), ((28, 1), (28, 12)))', '((28, 2), ((28, 1), (28, 12)))', '((26, 6), ((1, 1), (1, 12)))', '((26, 11), ((1, 1), (1, 12)))', '((16, 1), ((1, 12),))', '((24, 1), ((28, 1),))', '((26, 12), ((28, 12),))', '((9, 7), ((1, 12),))', '((11, 7), ((1, 12),))', '((22, 4), ((1, 1), (1, 12)))', '((16, 2), ((1, 12),))', '((26, 4), ((28, 1),))', '((24, 12), ((28, 1),))', '((28, 10), ((28, 1), (28, 12)))', '((15, 8), ((1, 1),))']","['((27, 6), ((28, 12),))', '((17, 12), ((1, 1), (1, 12)))', '((24, 2), ((28, 1), (28, 12)))', '((28, 2), ((28, 1), (28, 12)))', '((26, 6), ((1, 1), (1, 12)))', '((26, 11), ((1, 1), (1, 12)))', '((16, 1), ((1, 12),))', '((24, 1), ((28, 1),))', '((21, 8), ((1, 1),))', '((9, 7), ((1, 12),))', '((11, 7), ((1, 12),))', '((22, 4), ((1, 1), (1, 12)))', '((16, 2), ((1, 12),))', '((26, 4), ((28, 1),))', '((24, 12), ((28, 1),))', '((28, 10), ((28, 1), (28, 12)))', '((15, 8), ((1, 1),))', '((26, 12), ((28, 12),))']",[592 states],48,53,101
593,"((27, 6), ((28, 12),))","((28, 6), ((28, 12),))",West,"[(((26, 6), ((28, 12),)), 'West', 58, 45, 103)]","['((17, 12), ((1, 1), (1, 12)))', '((28, 2), ((28, 1), (28, 12)))', '((24, 2), ((28, 1), (28, 12)))', '((21, 8), ((1, 1),))', '((26, 6), ((1, 1), (1, 12)))', '((26, 11), ((1, 1), (1, 12)))', '((16, 1), ((1, 12),))', '((24, 1), ((28, 1),))', '((26, 12), ((28, 12),))', '((9, 7), ((1, 12),))', '((11, 7), ((1, 12),))', '((22, 4), ((1, 1), (1, 12)))', '((16, 2), ((1, 12),))', '((26, 4), ((28, 1),))', '((24, 12), ((28, 1),))', '((28, 10), ((28, 1), (28, 12)))', '((15, 8), ((1, 1),))']","['((17, 12), ((1, 1), (1, 12)))', '((28, 2), ((28, 1), (28, 12)))', '((24, 2), ((28, 1), (28, 12)))', '((21, 8), ((1, 1),))', '((26, 6), ((1, 1), (1, 12)))', '((26, 11), ((1, 1), (1, 12)))', '((16, 1), ((1, 12),))', '((24, 1), ((28, 1),))', '((26, 12), ((28, 12),))', '((9, 7), ((1, 12),))', '((11, 7), ((1, 12),))', '((22, 4), ((1, 1), (1, 12)))', '((16, 2), ((1, 12),))', '((26, 4), ((28, 1),))', '((24, 12), ((28, 1),))', '((28, 10), ((28, 1), (28, 12)))', '((15, 8), ((1, 1),))', '((26, 6), ((28, 12),))']",[593 states],57,44,101
594,"((17, 12), ((1, 1), (1, 12)))","((18, 12), ((1, 1), (1, 12)))",West,"[(((16, 12), ((1, 1), (1, 12))), 'West', 80, 23, 103)]","['((28, 2), ((28, 1), (28, 12)))', '((21, 8), ((1, 1),))', '((24, 2), ((28, 1), (28, 12)))', '((24, 1), ((28, 1),))', '((26, 6), ((1, 1), (1, 12)))', '((26, 11), ((1, 1), (1, 12)))', '((16, 1), ((1, 12),))', '((28, 10), ((28, 1), (28, 12)))', '((26, 12), ((28, 12),))', '((9, 7), ((1, 12),))', '((11, 7), ((1, 12),))', '((22, 4), ((1, 1), (1, 12)))', '((16, 2), ((1, 12),))', '((26, 4), ((28, 1),))', '((24, 12), ((28, 1),))', '((26, 6), ((28, 12),))', '((15, 8), ((1, 1),))']","['((28, 2), ((28, 1), (28, 12)))', '((21, 8), ((1, 1),))', '((24, 2), ((28, 1), (28, 12)))', '((24, 1), ((28, 1),))', '((26, 6), ((1, 1), (1, 12)))', '((26, 11), ((1, 1), (1, 12)))', '((16, 1), ((1, 12),))', '((28, 10), ((28, 1), (28, 12)))', '((26, 12), ((28, 12),))', '((9, 7), ((1, 12),))', '((11, 7), ((1, 12),))', '((22, 4), ((1, 1), (1, 12)))', '((16, 2), ((1, 12),))', '((26, 4), ((28, 1),))', '((24, 12), ((28, 1),))', '((26, 6), ((28, 12),))', '((15, 8), ((1, 1),))', '((16, 12), ((1, 1), (1, 12)))']",[594 states],79,22,101
595,"((28, 2), ((28, 1), (28, 12)))","((28, 1), ((28, 1), (28, 12)))",North,"[(((28, 3), ((28, 1), (28, 12))), 'North', 63, 40, 103)]","['((24, 2), ((28, 1), (28, 12)))', '((21, 8), ((1, 1),))', '((26, 11), ((1, 1), (1, 12)))', '((24, 1), ((28, 1),))', '((26, 6), ((1, 1), (1, 12)))', '((16, 2), ((1, 12),))', '((16, 1), ((1, 12),))', '((28, 10), ((28, 1), (28, 12)))', '((26, 12), ((28, 12),))', '((9, 7), ((1, 12),))', '((11, 7), ((1, 12),))', '((22, 4), ((1, 1), (1, 12)))', '((16, 12), ((1, 1), (1, 12)))', '((26, 4), ((28, 1),))', '((24, 12), ((28, 1),))', '((26, 6), ((28, 12),))', '((15, 8), ((1, 1),))']","['((24, 2), ((28, 1), (28, 12)))', '((21, 8), ((1, 1),))', '((26, 11), ((1, 1), (1, 12)))', '((24, 1), ((28, 1),))', '((26, 6), ((1, 1), (1, 12)))', '((16, 2), ((1, 12),))', '((16, 1), ((1, 12),))', '((28, 10), ((28, 1), (28, 12)))', '((26, 12), ((28, 12),))', '((9, 7), ((1, 12),))', '((11, 7), ((1, 12),))', '((22, 4), ((1, 1), (1, 12)))', '((16, 12), ((1, 1), (1, 12)))', '((26, 4), ((28, 1),))', '((24, 12), ((28, 1),))', '((26, 6), ((28, 12),))', '((15, 8), ((1, 1),))', '((28, 3), ((28, 1), (28, 12)))']",[595 states],62,39,101
596,"((24, 2), ((28, 1), (28, 12)))","((24, 1), ((28, 1), (28, 12)))",North,[],"['((26, 11), ((1, 1), (1, 12)))', '((21, 8), ((1, 1),))', '((16, 2), ((1, 12),))', '((24, 1), ((28, 1),))', '((26, 6), ((1, 1), (1, 12)))', '((22, 4), ((1, 1), (1, 12)))', '((16, 1), ((1, 12),))', '((28, 10), ((28, 1), (28, 12)))', '((26, 12), ((28, 12),))', '((9, 7), ((1, 12),))', '((11, 7), ((1, 12),))', '((28, 3), ((28, 1), (28, 12)))', '((16, 12), ((1, 1), (1, 12)))', '((26, 4), ((28, 1),))', '((24, 12), ((28, 1),))', '((26, 6), ((28, 12),))', '((15, 8), ((1, 1),))']","['((26, 11), ((1, 1), (1, 12)))', '((21, 8), ((1, 1),))', '((16, 2), ((1, 12),))', '((24, 1), ((28, 1),))', '((26, 6), ((1, 1), (1, 12)))', '((22, 4), ((1, 1), (1, 12)))', '((16, 1), ((1, 12),))', '((28, 10), ((28, 1), (28, 12)))', '((26, 12), ((28, 12),))', '((9, 7), ((1, 12),))', '((11, 7), ((1, 12),))', '((28, 3), ((28, 1), (28, 12)))', '((16, 12), ((1, 1), (1, 12)))', '((26, 4), ((28, 1),))', '((24, 12), ((28, 1),))', '((26, 6), ((28, 12),))', '((15, 8), ((1, 1),))']",[596 states],66,35,101
597,"((26, 11), ((1, 1), (1, 12)))","((26, 12), ((1, 1), (1, 12)))",South,"[(((26, 10), ((1, 1), (1, 12))), 'South', 88, 15, 103)]","['((21, 8), ((1, 1),))', '((24, 1), ((28, 1),))', '((16, 2), ((1, 12),))', '((28, 10), ((28, 1), (28, 12)))', '((26, 6), ((1, 1), (1, 12)))', '((22, 4), ((1, 1), (1, 12)))', '((16, 1), ((1, 12),))', '((15, 8), ((1, 1),))', '((26, 12), ((28, 12),))', '((9, 7), ((1, 12),))', '((11, 7), ((1, 12),))', '((28, 3), ((28, 1), (28, 12)))', '((16, 12), ((1, 1), (1, 12)))', '((26, 4), ((28, 1),))', '((24, 12), ((28, 1),))', '((26, 6), ((28, 12),))']","['((21, 8), ((1, 1),))', '((24, 1), ((28, 1),))', '((16, 2), ((1, 12),))', '((28, 10), ((28, 1), (28, 12)))', '((26, 6), ((1, 1), (1, 12)))', '((22, 4), ((1, 1), (1, 12)))', '((16, 1), ((1, 12),))', '((15, 8), ((1, 1),))', '((26, 12), ((28, 12),))', '((9, 7), ((1, 12),))', '((11, 7), ((1, 12),))', '((28, 3), ((28, 1), (28, 12)))', '((16, 12), ((1, 1), (1, 12)))', '((26, 4), ((28, 1),))', '((24, 12), ((28, 1),))', '((26, 6), ((28, 12),))', '((26, 10), ((1, 1), (1, 12)))']",[597 states],87,14,101
598,"((21, 8), ((1, 1),))","((20, 8), ((1, 1),))",East,"[(((22, 8), ((1, 1),)), 'East', 50, 51, 101)]","['((16, 2), ((1, 12),))', '((24, 1), ((28, 1),))', '((16, 1), ((1, 12),))', '((28, 10), ((28, 1), (28, 12)))', '((26, 6), ((1, 1), (1, 12)))', '((22, 4), ((1, 1), (1, 12)))', '((26, 4), ((28, 1),))', '((15, 8), ((1, 1),))', '((26, 12), ((28, 12),))', '((9, 7), ((1, 12),))', '((11, 7), ((1, 12),))', '((28, 3), ((28, 1), (28, 12)))', '((16, 12), ((1, 1), (1, 12)))', '((26, 10), ((1, 1), (1, 12)))', '((24, 12), ((28, 1),))', '((26, 6), ((28, 12),))']","['((22, 8), ((1, 1),))', '((16, 2), ((1, 12),))', '((16, 1), ((1, 12),))', '((24, 1), ((28, 1),))', '((26, 6), ((1, 1), (1, 12)))', '((22, 4), ((1, 1), (1, 12)))', '((26, 4), ((28, 1),))', '((28, 10), ((28, 1), (28, 12)))', '((26, 12), ((28, 12),))', '((9, 7), ((1, 12),))', '((11, 7), ((1, 12),))', '((28, 3), ((28, 1), (28, 12)))', '((16, 12), ((1, 1), (1, 12)))', '((26, 10), ((1, 1), (1, 12)))', '((24, 12), ((28, 1),))', '((26, 6), ((28, 12),))', '((15, 8), ((1, 1),))']",[598 states],49,52,101
599,"((22, 8), ((1, 1),))","((21, 8), ((1, 1),))",East,"[(((23, 8), ((1, 1),)), 'East', 51, 50, 101)]","['((16, 2), ((1, 12),))', '((24, 1), ((28, 1),))', '((16, 1), ((1, 12),))', '((28, 10), ((28, 1), (28, 12)))', '((26, 6), ((1, 1), (1, 12)))', '((22, 4), ((1, 1), (1, 12)))', '((26, 4), ((28, 1),))', '((15, 8), ((1, 1),))', '((26, 12), ((28, 12),))', '((9, 7), ((1, 12),))', '((11, 7), ((1, 12),))', '((28, 3), ((28, 1), (28, 12)))', '((16, 12), ((1, 1), (1, 12)))', '((26, 10), ((1, 1), (1, 12)))', '((24, 12), ((28, 1),))', '((26, 6), ((28, 12),))']","['((23, 8), ((1, 1),))', '((16, 2), ((1, 12),))', '((16, 1), ((1, 12),))', '((24, 1), ((28, 1),))', '((26, 6), ((1, 1), (1, 12)))', '((22, 4), ((1, 1), (1, 12)))', '((26, 4), ((28, 1),))', '((28, 10), ((28, 1), (28, 12)))', '((26, 12), ((28, 12),))', '((9, 7), ((1, 12),))', '((11, 7), ((1, 12),))', '((28, 3), ((28, 1), (28, 12)))', '((16, 12), ((1, 1), (1, 12)))', '((26, 10), ((1, 1), (1, 12)))', '((24, 12), ((28, 1),))', '((26, 6), ((28, 12),))', '((15, 8), ((1, 1),))']",[599 states],50,51,101
600,"((23, 8), ((1, 1),))","((22, 8), ((1, 1),))",East,"[(((24, 8), ((1, 1),)), 'East', 52, 49, 101)]","['((16, 2), ((1, 12),))', '((24, 1), ((28, 1),))', '((16, 1), ((1, 12),))', '((28, 10), ((28, 1), (28, 12)))', '((26, 6), ((1, 1), (1, 12)))', '((22, 4), ((1, 1), (1, 12)))', '((26, 4), ((28, 1),))', '((15, 8), ((1, 1),))', '((26, 12), ((28, 12),))', '((9, 7), ((1, 12),))', '((11, 7), ((1, 12),))', '((28, 3), ((28, 1), (28, 12)))', '((16, 12), ((1, 1), (1, 12)))', '((26, 10), ((1, 1), (1, 12)))', '((24, 12), ((28, 1),))', '((26, 6), ((28, 12),))']","['((24, 8), ((1, 1),))', '((16, 2), ((1, 12),))', '((16, 1), ((1, 12),))', '((24, 1), ((28, 1),))', '((26, 6), ((1, 1), (1, 12)))', '((22, 4), ((1, 1), (1, 12)))', '((26, 4), ((28, 1),))', '((28, 10), ((28, 1), (28, 12)))', '((26, 12), ((28, 12),))', '((9, 7), ((1, 12),))', '((11, 7), ((1, 12),))', '((28, 3), ((28, 1), (28, 12)))', '((16, 12), ((1, 1), (1, 12)))', '((26, 10), ((1, 1), (1, 12)))', '((24, 12), ((28, 1),))', '((26, 6), ((28, 12),))', '((15, 8), ((1, 1),))']",[600 states],51,50,101
601,"((24, 8), ((1, 1),))","((23, 8), ((1, 1),))",East,"[(((24, 9), ((1, 1),)), 'North', 53, 50, 103), (((24, 7), ((1, 1),)), 'South', 53, 48, 101)]","['((16, 2), ((1, 12),))', '((24, 1), ((28, 1),))', '((16, 1), ((1, 12),))', '((28, 10), ((28, 1), (28, 12)))', '((26, 6), ((1, 1), (1, 12)))', '((22, 4), ((1, 1), (1, 12)))', '((26, 4), ((28, 1),))', '((15, 8), ((1, 1),))', '((26, 12), ((28, 12),))', '((9, 7), ((1, 12),))', '((11, 7), ((1, 12),))', '((28, 3), ((28, 1), (28, 12)))', '((16, 12), ((1, 1), (1, 12)))', '((26, 10), ((1, 1), (1, 12)))', '((24, 12), ((28, 1),))', '((26, 6), ((28, 12),))']","['((24, 7), ((1, 1),))', '((16, 2), ((1, 12),))', '((16, 1), ((1, 12),))', '((24, 1), ((28, 1),))', '((26, 6), ((1, 1), (1, 12)))', '((22, 4), ((1, 1), (1, 12)))', '((26, 4), ((28, 1),))', '((15, 8), ((1, 1),))', '((28, 10), ((28, 1), (28, 12)))', '((9, 7), ((1, 12),))', '((11, 7), ((1, 12),))', '((28, 3), ((28, 1), (28, 12)))', '((16, 12), ((1, 1), (1, 12)))', '((26, 10), ((1, 1), (1, 12)))', '((24, 12), ((28, 1),))', '((26, 6), ((28, 12),))', '((24, 9), ((1, 1),))', '((26, 12), ((28, 12),))']",[601 states],52,49,101
602,"((24, 7), ((1, 1),))","((24, 8), ((1, 1),))",South,"[(((24, 6), ((1, 1),)), 'South', 54, 47, 101)]","['((16, 2), ((1, 12),))', '((24, 1), ((28, 1),))', '((16, 1), ((1, 12),))', '((28, 10), ((28, 1), (28, 12)))', '((26, 6), ((1, 1), (1, 12)))', '((22, 4), ((1, 1), (1, 12)))', '((26, 4), ((28, 1),))', '((15, 8), ((1, 1),))', '((26, 12), ((28, 12),))', '((9, 7), ((1, 12),))', '((11, 7), ((1, 12),))', '((28, 3), ((28, 1), (28, 12)))', '((16, 12), ((1, 1), (1, 12)))', '((26, 10), ((1, 1), (1, 12)))', '((24, 12), ((28, 1),))', '((26, 6), ((28, 12),))', '((24, 9), ((1, 1),))']","['((24, 6), ((1, 1),))', '((16, 2), ((1, 12),))', '((16, 1), ((1, 12),))', '((24, 1), ((28, 1),))', '((26, 6), ((1, 1), (1, 12)))', '((22, 4), ((1, 1), (1, 12)))', '((26, 4), ((28, 1),))', '((15, 8), ((1, 1),))', '((28, 10), ((28, 1), (28, 12)))', '((9, 7), ((1, 12),))', '((11, 7), ((1, 12),))', '((28, 3), ((28, 1), (28, 12)))', '((16, 12), ((1, 1), (1, 12)))', '((26, 10), ((1, 1), (1, 12)))', '((24, 12), ((28, 1),))', '((26, 6), ((28, 12),))', '((24, 9), ((1, 1),))', '((26, 12), ((28, 12),))']",[602 states],53,48,101
603,"((24, 6), ((1, 1),))","((24, 7), ((1, 1),))",South,"[(((24, 5), ((1, 1),)), 'South', 55, 46, 101)]","['((16, 2), ((1, 12),))', '((24, 1), ((28, 1),))', '((16, 1), ((1, 12),))', '((28, 10), ((28, 1), (28, 12)))', '((26, 6), ((1, 1), (1, 12)))', '((22, 4), ((1, 1), (1, 12)))', '((26, 4), ((28, 1),))', '((15, 8), ((1, 1),))', '((26, 12), ((28, 12),))', '((9, 7), ((1, 12),))', '((11, 7), ((1, 12),))', '((28, 3), ((28, 1), (28, 12)))', '((16, 12), ((1, 1), (1, 12)))', '((26, 10), ((1, 1), (1, 12)))', '((24, 12), ((28, 1),))', '((26, 6), ((28, 12),))', '((24, 9), ((1, 1),))']","['((24, 5), ((1, 1),))', '((16, 2), ((1, 12),))', '((16, 1), ((1, 12),))', '((24, 1), ((28, 1),))', '((26, 6), ((1, 1), (1, 12)))', '((22, 4), ((1, 1), (1, 12)))', '((26, 4), ((28, 1),))', '((15, 8), ((1, 1),))', '((28, 10), ((28, 1), (28, 12)))', '((9, 7), ((1, 12),))', '((11, 7), ((1, 12),))', '((28, 3), ((28, 1), (28, 12)))', '((16, 12), ((1, 1), (1, 12)))', '((26, 10), ((1, 1), (1, 12)))', '((24, 12), ((28, 1),))', '((26, 6), ((28, 12),))', '((24, 9), ((1, 1),))', '((26, 12), ((28, 12),))']",[603 states],54,47,101
604,"((24, 5), ((1, 1),))","((24, 6), ((1, 1),))",South,"[(((24, 4), ((1, 1),)), 'South', 56, 45, 101)]","['((16, 2), ((1, 12),))', '((24, 1), ((28, 1),))', '((16, 1), ((1, 12),))', '((28, 10), ((28, 1), (28, 12)))', '((26, 6), ((1, 1), (1, 12)))', '((22, 4), ((1, 1), (1, 12)))', '((26, 4), ((28, 1),))', '((15, 8), ((1, 1),))', '((26, 12), ((28, 12),))', '((9, 7), ((1, 12),))', '((11, 7), ((1, 12),))', '((28, 3), ((28, 1), (28, 12)))', '((16, 12), ((1, 1), (1, 12)))', '((26, 10), ((1, 1), (1, 12)))', '((24, 12), ((28, 1),))', '((26, 6), ((28, 12),))', '((24, 9), ((1, 1),))']","['((24, 4), ((1, 1),))', '((16, 2), ((1, 12),))', '((16, 1), ((1, 12),))', '((24, 1), ((28, 1),))', '((26, 6), ((1, 1), (1, 12)))', '((22, 4), ((1, 1), (1, 12)))', '((26, 4), ((28, 1),))', '((15, 8), ((1, 1),))', '((28, 10), ((28, 1), (28, 12)))', '((9, 7), ((1, 12),))', '((11, 7), ((1, 12),))', '((28, 3), ((28, 1), (28, 12)))', '((16, 12), ((1, 1), (1, 12)))', '((26, 10), ((1, 1), (1, 12)))', '((24, 12), ((28, 1),))', '((26, 6), ((28, 12),))', '((24, 9), ((1, 1),))', '((26, 12), ((28, 12),))']",[604 states],55,46,101
605,"((24, 4), ((1, 1),))","((24, 5), ((1, 1),))",South,"[(((25, 4), ((1, 1),)), 'East', 57, 44, 101), (((23, 4), ((1, 1),)), 'West', 57, 46, 103)]","['((16, 2), ((1, 12),))', '((24, 1), ((28, 1),))', '((16, 1), ((1, 12),))', '((28, 10), ((28, 1), (28, 12)))', '((26, 6), ((1, 1), (1, 12)))', '((22, 4), ((1, 1), (1, 12)))', '((26, 4), ((28, 1),))', '((15, 8), ((1, 1),))', '((26, 12), ((28, 12),))', '((9, 7), ((1, 12),))', '((11, 7), ((1, 12),))', '((28, 3), ((28, 1), (28, 12)))', '((16, 12), ((1, 1), (1, 12)))', '((26, 10), ((1, 1), (1, 12)))', '((24, 12), ((28, 1),))', '((26, 6), ((28, 12),))', '((24, 9), ((1, 1),))']","['((25, 4), ((1, 1),))', '((16, 2), ((1, 12),))', '((16, 1), ((1, 12),))', '((24, 1), ((28, 1),))', '((26, 6), ((1, 1), (1, 12)))', '((22, 4), ((1, 1), (1, 12)))', '((26, 4), ((28, 1),))', '((15, 8), ((1, 1),))', '((28, 10), ((28, 1), (28, 12)))', '((9, 7), ((1, 12),))', '((11, 7), ((1, 12),))', '((28, 3), ((28, 1), (28, 12)))', '((16, 12), ((1, 1), (1, 12)))', '((26, 10), ((1, 1), (1, 12)))', '((24, 12), ((28, 1),))', '((26, 6), ((28, 12),))', '((24, 9), ((1, 1),))', '((26, 12), ((28, 12),))', '((23, 4), ((1, 1),))']",[605 states],56,45,101
606,"((25, 4), ((1, 1),))","((24, 4), ((1, 1),))",East,"[(((26, 4), ((1, 1),)), 'East', 58, 43, 101)]","['((16, 2), ((1, 12),))', '((24, 1), ((28, 1),))', '((16, 1), ((1, 12),))', '((28, 10), ((28, 1), (28, 12)))', '((26, 6), ((1, 1), (1, 12)))', '((22, 4), ((1, 1), (1, 12)))', '((26, 4), ((28, 1),))', '((15, 8), ((1, 1),))', '((26, 12), ((28, 12),))', '((9, 7), ((1, 12),))', '((11, 7), ((1, 12),))', '((28, 3), ((28, 1), (28, 12)))', '((16, 12), ((1, 1), (1, 12)))', '((26, 10), ((1, 1), (1, 12)))', '((24, 12), ((28, 1),))', '((26, 6), ((28, 12),))', '((24, 9), ((1, 1),))', '((23, 4), ((1, 1),))']","['((26, 4), ((1, 1),))', '((16, 2), ((1, 12),))', '((16, 1), ((1, 12),))', '((24, 1), ((28, 1),))', '((26, 6), ((1, 1), (1, 12)))', '((22, 4), ((1, 1), (1, 12)))', '((26, 4), ((28, 1),))', '((15, 8), ((1, 1),))', '((28, 10), ((28, 1), (28, 12)))', '((9, 7), ((1, 12),))', '((11, 7), ((1, 12),))', '((28, 3), ((28, 1), (28, 12)))', '((16, 12), ((1, 1), (1, 12)))', '((26, 10), ((1, 1), (1, 12)))', '((24, 12), ((28, 1),))', '((26, 6), ((28, 12),))', '((24, 9), ((1, 1),))', '((23, 4), ((1, 1),))', '((26, 12), ((28, 12),))']",[606 states],57,44,101
607,"((26, 4), ((1, 1),))","((25, 4), ((1, 1),))",East,"[(((26, 5), ((1, 1),)), 'North', 59, 44, 103), (((26, 3), ((1, 1),)), 'South', 59, 42, 101)]","['((16, 2), ((1, 12),))', '((24, 1), ((28, 1),))', '((16, 1), ((1, 12),))', '((28, 10), ((28, 1), (28, 12)))', '((26, 6), ((1, 1), (1, 12)))', '((22, 4), ((1, 1), (1, 12)))', '((26, 4), ((28, 1),))', '((15, 8), ((1, 1),))', '((26, 12), ((28, 12),))', '((9, 7), ((1, 12),))', '((11, 7), ((1, 12),))', '((28, 3), ((28, 1), (28, 12)))', '((16, 12), ((1, 1), (1, 12)))', '((26, 10), ((1, 1), (1, 12)))', '((24, 12), ((28, 1),))', '((26, 6), ((28, 12),))', '((24, 9), ((1, 1),))', '((23, 4), ((1, 1),))']","['((26, 3), ((1, 1),))', '((16, 2), ((1, 12),))', '((16, 1), ((1, 12),))', '((28, 10), ((28, 1), (28, 12)))', '((24, 1), ((28, 1),))', '((22, 4), ((1, 1), (1, 12)))', '((26, 4), ((28, 1),))', '((15, 8), ((1, 1),))', '((26, 12), ((28, 12),))', '((26, 6), ((1, 1), (1, 12)))', '((11, 7), ((1, 12),))', '((28, 3), ((28, 1), (28, 12)))', '((16, 12), ((1, 1), (1, 12)))', '((26, 10), ((1, 1), (1, 12)))', '((24, 12), ((28, 1),))', '((26, 6), ((28, 12),))', '((24, 9), ((1, 1),))', '((23, 4), ((1, 1),))', '((26, 5), ((1, 1),))', '((9, 7), ((1, 12),))']",[607 states],58,43,101
608,"((26, 3), ((1, 1),))","((26, 4), ((1, 1),))",South,[],"['((16, 2), ((1, 12),))', '((24, 1), ((28, 1),))', '((16, 1), ((1, 12),))', '((28, 10), ((28, 1), (28, 12)))', '((26, 6), ((1, 1), (1, 12)))', '((22, 4), ((1, 1), (1, 12)))', '((26, 4), ((28, 1),))', '((15, 8), ((1, 1),))', '((26, 12), ((28, 12),))', '((9, 7), ((1, 12),))', '((11, 7), ((1, 12),))', '((28, 3), ((28, 1), (28, 12)))', '((16, 12), ((1, 1), (1, 12)))', '((26, 10), ((1, 1), (1, 12)))', '((24, 12), ((28, 1),))', '((26, 6), ((28, 12),))', '((24, 9), ((1, 1),))', '((23, 4), ((1, 1),))', '((26, 5), ((1, 1),))']","['((16, 2), ((1, 12),))', '((24, 1), ((28, 1),))', '((16, 1), ((1, 12),))', '((28, 10), ((28, 1), (28, 12)))', '((26, 6), ((1, 1), (1, 12)))', '((22, 4), ((1, 1), (1, 12)))', '((26, 4), ((28, 1),))', '((15, 8), ((1, 1),))', '((26, 12), ((28, 12),))', '((9, 7), ((1, 12),))', '((11, 7), ((1, 12),))', '((28, 3), ((28, 1), (28, 12)))', '((16, 12), ((1, 1), (1, 12)))', '((26, 10), ((1, 1), (1, 12)))', '((24, 12), ((28, 1),))', '((26, 6), ((28, 12),))', '((24, 9), ((1, 1),))', '((23, 4), ((1, 1),))', '((26, 5), ((1, 1),))']",[608 states],59,42,101
609,"((16, 2), ((1, 12),))","((15, 2), ((1, 12),))",East,"[(((16, 3), ((1, 12),)), 'North', 49, 55, 104)]","['((16, 1), ((1, 12),))', '((24, 1), ((28, 1),))', '((26, 4), ((28, 1),))', '((28, 10), ((28, 1), (28, 12)))', '((26, 6), ((1, 1), (1, 12)))', '((22, 4), ((1, 1), (1, 12)))', '((24, 12), ((28, 1),))', '((15, 8), ((1, 1),))', '((26, 12), ((28, 12),))', '((9, 7), ((1, 12),))', '((11, 7), ((1, 12),))', '((28, 3), ((28, 1), (28, 12)))', '((16, 12), ((1, 1), (1, 12)))', '((26, 10), ((1, 1), (1, 12)))', '((26, 5), ((1, 1),))', '((26, 6), ((28, 12),))', '((24, 9), ((1, 1),))', '((23, 4), ((1, 1),))']","['((16, 1), ((1, 12),))', '((24, 1), ((28, 1),))', '((26, 4), ((28, 1),))', '((28, 10), ((28, 1), (28, 12)))', '((26, 6), ((1, 1), (1, 12)))', '((22, 4), ((1, 1), (1, 12)))', '((24, 12), ((28, 1),))', '((15, 8), ((1, 1),))', '((26, 12), ((28, 12),))', '((9, 7), ((1, 12),))', '((11, 7), ((1, 12),))', '((28, 3), ((28, 1), (28, 12)))', '((16, 12), ((1, 1), (1, 12)))', '((26, 10), ((1, 1), (1, 12)))', '((26, 5), ((1, 1),))', '((26, 6), ((28, 12),))', '((24, 9), ((1, 1),))', '((23, 4), ((1, 1),))', '((16, 3), ((1, 12),))']",[609 states],48,54,102
610,"((16, 1), ((1, 12),))","((15, 1), ((1, 12),))",East,[],"['((24, 1), ((28, 1),))', '((26, 6), ((1, 1), (1, 12)))', '((26, 4), ((28, 1),))', '((28, 10), ((28, 1), (28, 12)))', '((11, 7), ((1, 12),))', '((22, 4), ((1, 1), (1, 12)))', '((24, 12), ((28, 1),))', '((15, 8), ((1, 1),))', '((26, 12), ((28, 12),))', '((9, 7), ((1, 12),))', '((16, 3), ((1, 12),))', '((28, 3), ((28, 1), (28, 12)))', '((16, 12), ((1, 1), (1, 12)))', '((26, 10), ((1, 1), (1, 12)))', '((26, 5), ((1, 1),))', '((26, 6), ((28, 12),))', '((24, 9), ((1, 1),))', '((23, 4), ((1, 1),))']","['((24, 1), ((28, 1),))', '((26, 6), ((1, 1), (1, 12)))', '((26, 4), ((28, 1),))', '((28, 10), ((28, 1), (28, 12)))', '((11, 7), ((1, 12),))', '((22, 4), ((1, 1), (1, 12)))', '((24, 12), ((28, 1),))', '((15, 8), ((1, 1),))', '((26, 12), ((28, 12),))', '((9, 7), ((1, 12),))', '((16, 3), ((1, 12),))', '((28, 3), ((28, 1), (28, 12)))', '((16, 12), ((1, 1), (1, 12)))', '((26, 10), ((1, 1), (1, 12)))', '((26, 5), ((1, 1),))', '((26, 6), ((28, 12),))', '((24, 9), ((1, 1),))', '((23, 4), ((1, 1),))']",[610 states],49,53,102
611,"((24, 1), ((28, 1),))","((25, 1), ((28, 1),))",West,"[(((24, 2), ((28, 1),)), 'North', 50, 52, 102)]","['((26, 4), ((28, 1),))', '((26, 6), ((1, 1), (1, 12)))', '((22, 4), ((1, 1), (1, 12)))', '((28, 10), ((28, 1), (28, 12)))', '((11, 7), ((1, 12),))', '((16, 12), ((1, 1), (1, 12)))', '((24, 12), ((28, 1),))', '((15, 8), ((1, 1),))', '((26, 12), ((28, 12),))', '((9, 7), ((1, 12),))', '((16, 3), ((1, 12),))', '((28, 3), ((28, 1), (28, 12)))', '((23, 4), ((1, 1),))', '((26, 10), ((1, 1), (1, 12)))', '((26, 5), ((1, 1),))', '((26, 6), ((28, 12),))', '((24, 9), ((1, 1),))']","['((26, 4), ((28, 1),))', '((26, 6), ((1, 1), (1, 12)))', '((22, 4), ((1, 1), (1, 12)))', '((28, 10), ((28, 1), (28, 12)))', '((11, 7), ((1, 12),))', '((16, 12), ((1, 1), (1, 12)))', '((24, 12), ((28, 1),))', '((15, 8), ((1, 1),))', '((24, 2), ((28, 1),))', '((9, 7), ((1, 12),))', '((16, 3), ((1, 12),))', '((28, 3), ((28, 1), (28, 12)))', '((23, 4), ((1, 1),))', '((26, 10), ((1, 1), (1, 12)))', '((26, 5), ((1, 1),))', '((26, 6), ((28, 12),))', '((24, 9), ((1, 1),))', '((26, 12), ((28, 12),))']",[611 states],49,53,102
612,"((26, 4), ((28, 1),))","((26, 5), ((28, 1),))",South,"[(((26, 3), ((28, 1),)), 'South', 55, 49, 104), (((25, 4), ((28, 1),)), 'West', 55, 49, 104)]","['((22, 4), ((1, 1), (1, 12)))', '((26, 6), ((1, 1), (1, 12)))', '((24, 12), ((28, 1),))', '((28, 10), ((28, 1), (28, 12)))', '((11, 7), ((1, 12),))', '((16, 12), ((1, 1), (1, 12)))', '((26, 12), ((28, 12),))', '((15, 8), ((1, 1),))', '((24, 2), ((28, 1),))', '((9, 7), ((1, 12),))', '((16, 3), ((1, 12),))', '((28, 3), ((28, 1), (28, 12)))', '((23, 4), ((1, 1),))', '((26, 10), ((1, 1), (1, 12)))', '((26, 5), ((1, 1),))', '((26, 6), ((28, 12),))', '((24, 9), ((1, 1),))']","['((22, 4), ((1, 1), (1, 12)))', '((26, 6), ((1, 1), (1, 12)))', '((24, 12), ((28, 1),))', '((28, 10), ((28, 1), (28, 12)))', '((11, 7), ((1, 12),))', '((16, 12), ((1, 1), (1, 12)))', '((26, 12), ((28, 12),))', '((15, 8), ((1, 1),))', '((24, 2), ((28, 1),))', '((9, 7), ((1, 12),))', '((16, 3), ((1, 12),))', '((28, 3), ((28, 1), (28, 12)))', '((23, 4), ((1, 1),))', '((26, 10), ((1, 1), (1, 12)))', '((26, 5), ((1, 1),))', '((26, 6), ((28, 12),))', '((24, 9), ((1, 1),))', '((26, 3), ((28, 1),))', '((25, 4), ((28, 1),))']",[612 states],54,48,102
613,"((22, 4), ((1, 1), (1, 12)))","((23, 4), ((1, 1), (1, 12)))",West,"[(((22, 5), ((1, 1), (1, 12))), 'North', 83, 21, 104), (((22, 3), ((1, 1), (1, 12))), 'South', 83, 19, 102)]","['((24, 12), ((28, 1),))', '((26, 6), ((1, 1), (1, 12)))', '((26, 12), ((28, 12),))', '((28, 10), ((28, 1), (28, 12)))', '((11, 7), ((1, 12),))', '((16, 12), ((1, 1), (1, 12)))', '((26, 10), ((1, 1), (1, 12)))', '((15, 8), ((1, 1),))', '((24, 2), ((28, 1),))', '((9, 7), ((1, 12),))', '((16, 3), ((1, 12),))', '((28, 3), ((28, 1), (28, 12)))', '((23, 4), ((1, 1),))', '((25, 4), ((28, 1),))', '((26, 5), ((1, 1),))', '((26, 6), ((28, 12),))', '((24, 9), ((1, 1),))', '((26, 3), ((28, 1),))']","['((24, 12), ((28, 1),))', '((26, 6), ((1, 1), (1, 12)))', '((26, 12), ((28, 12),))', '((28, 10), ((28, 1), (28, 12)))', '((11, 7), ((1, 12),))', '((16, 12), ((1, 1), (1, 12)))', '((26, 10), ((1, 1), (1, 12)))', '((15, 8), ((1, 1),))', '((24, 2), ((28, 1),))', '((9, 7), ((1, 12),))', '((16, 3), ((1, 12),))', '((28, 3), ((28, 1), (28, 12)))', '((23, 4), ((1, 1),))', '((25, 4), ((28, 1),))', '((26, 5), ((1, 1),))', '((26, 6), ((28, 12),))', '((24, 9), ((1, 1),))', '((26, 3), ((28, 1),))', '((22, 5), ((1, 1), (1, 12)))', '((22, 3), ((1, 1), (1, 12)))']",[613 states],82,20,102
614,"((24, 12), ((28, 1),))","((25, 12), ((28, 1),))",West,"[(((23, 12), ((28, 1),)), 'West', 61, 43, 104)]","['((26, 6), ((1, 1), (1, 12)))', '((28, 10), ((28, 1), (28, 12)))', '((26, 12), ((28, 12),))', '((24, 2), ((28, 1),))', '((11, 7), ((1, 12),))', '((16, 12), ((1, 1), (1, 12)))', '((26, 10), ((1, 1), (1, 12)))', '((15, 8), ((1, 1),))', '((22, 3), ((1, 1), (1, 12)))', '((9, 7), ((1, 12),))', '((16, 3), ((1, 12),))', '((28, 3), ((28, 1), (28, 12)))', '((23, 4), ((1, 1),))', '((25, 4), ((28, 1),))', '((26, 5), ((1, 1),))', '((26, 6), ((28, 12),))', '((24, 9), ((1, 1),))', '((26, 3), ((28, 1),))', '((22, 5), ((1, 1), (1, 12)))']","['((26, 6), ((1, 1), (1, 12)))', '((28, 10), ((28, 1), (28, 12)))', '((26, 12), ((28, 12),))', '((24, 2), ((28, 1),))', '((11, 7), ((1, 12),))', '((16, 12), ((1, 1), (1, 12)))', '((26, 10), ((1, 1), (1, 12)))', '((15, 8), ((1, 1),))', '((22, 3), ((1, 1), (1, 12)))', '((9, 7), ((1, 12),))', '((16, 3), ((1, 12),))', '((28, 3), ((28, 1), (28, 12)))', '((23, 4), ((1, 1),))', '((25, 4), ((28, 1),))', '((26, 5), ((1, 1),))', '((26, 6), ((28, 12),))', '((24, 9), ((1, 1),))', '((26, 3), ((28, 1),))', '((22, 5), ((1, 1), (1, 12)))', '((23, 12), ((28, 1),))']",[614 states],60,42,102
615,"((26, 6), ((1, 1), (1, 12)))","((26, 5), ((1, 1), (1, 12)))",North,"[(((27, 6), ((1, 1), (1, 12))), 'East', 85, 17, 102)]","['((28, 10), ((28, 1), (28, 12)))', '((11, 7), ((1, 12),))', '((26, 12), ((28, 12),))', '((24, 2), ((28, 1),))', '((9, 7), ((1, 12),))', '((16, 12), ((1, 1), (1, 12)))', '((26, 10), ((1, 1), (1, 12)))', '((15, 8), ((1, 1),))', '((22, 3), ((1, 1), (1, 12)))', '((23, 12), ((28, 1),))', '((16, 3), ((1, 12),))', '((28, 3), ((28, 1), (28, 12)))', '((23, 4), ((1, 1),))', '((25, 4), ((28, 1),))', '((26, 5), ((1, 1),))', '((26, 6), ((28, 12),))', '((24, 9), ((1, 1),))', '((26, 3), ((28, 1),))', '((22, 5), ((1, 1), (1, 12)))']","['((28, 10), ((28, 1), (28, 12)))', '((11, 7), ((1, 12),))', '((26, 12), ((28, 12),))', '((24, 2), ((28, 1),))', '((9, 7), ((1, 12),))', '((16, 12), ((1, 1), (1, 12)))', '((26, 10), ((1, 1), (1, 12)))', '((15, 8), ((1, 1),))', '((22, 3), ((1, 1), (1, 12)))', '((27, 6), ((1, 1), (1, 12)))', '((16, 3), ((1, 12),))', '((28, 3), ((28, 1), (28, 12)))', '((23, 4), ((1, 1),))', '((25, 4), ((28, 1),))', '((26, 5), ((1, 1),))', '((26, 6), ((28, 12),))', '((24, 9), ((1, 1),))', '((26, 3), ((28, 1),))', '((22, 5), ((1, 1), (1, 12)))', '((23, 12), ((28, 1),))']",[615 states],84,18,102
616,"((28, 10), ((28, 1), (28, 12)))","((28, 11), ((28, 1), (28, 12)))",South,"[(((27, 10), ((28, 1), (28, 12))), 'West', 63, 39, 102)]","['((11, 7), ((1, 12),))', '((9, 7), ((1, 12),))', '((26, 12), ((28, 12),))', '((24, 2), ((28, 1),))', '((27, 6), ((1, 1), (1, 12)))', '((16, 12), ((1, 1), (1, 12)))', '((26, 10), ((1, 1), (1, 12)))', '((15, 8), ((1, 1),))', '((22, 3), ((1, 1), (1, 12)))', '((23, 12), ((28, 1),))', '((16, 3), ((1, 12),))', '((28, 3), ((28, 1), (28, 12)))', '((23, 4), ((1, 1),))', '((25, 4), ((28, 1),))', '((26, 5), ((1, 1),))', '((26, 6), ((28, 12),))', '((24, 9), ((1, 1),))', '((26, 3), ((28, 1),))', '((22, 5), ((1, 1), (1, 12)))']","['((11, 7), ((1, 12),))', '((9, 7), ((1, 12),))', '((26, 12), ((28, 12),))', '((24, 2), ((28, 1),))', '((27, 6), ((1, 1), (1, 12)))', '((16, 12), ((1, 1), (1, 12)))', '((26, 10), ((1, 1), (1, 12)))', '((15, 8), ((1, 1),))', '((22, 3), ((1, 1), (1, 12)))', '((27, 10), ((28, 1), (28, 12)))', '((16, 3), ((1, 12),))', '((28, 3), ((28, 1), (28, 12)))', '((23, 4), ((1, 1),))', '((25, 4), ((28, 1),))', '((26, 5), ((1, 1),))', '((26, 6), ((28, 12),))', '((24, 9), ((1, 1),))', '((26, 3), ((28, 1),))', '((22, 5), ((1, 1), (1, 12)))', '((23, 12), ((28, 1),))']",[616 states],62,40,102
617,"((11, 7), ((1, 12),))","((11, 6), ((1, 12),))",North,"[(((11, 8), ((1, 12),)), 'North', 49, 55, 104)]","['((9, 7), ((1, 12),))', '((24, 2), ((28, 1),))', '((26, 12), ((28, 12),))', '((22, 3), ((1, 1), (1, 12)))', '((27, 6), ((1, 1), (1, 12)))', '((16, 12), ((1, 1), (1, 12)))', '((26, 10), ((1, 1), (1, 12)))', '((15, 8), ((1, 1),))', '((26, 3), ((28, 1),))', '((27, 10), ((28, 1), (28, 12)))', '((16, 3), ((1, 12),))', '((28, 3), ((28, 1), (28, 12)))', '((23, 4), ((1, 1),))', '((25, 4), ((28, 1),))', '((26, 5), ((1, 1),))', '((26, 6), ((28, 12),))', '((24, 9), ((1, 1),))', '((23, 12), ((28, 1),))', '((22, 5), ((1, 1), (1, 12)))']","['((9, 7), ((1, 12),))', '((24, 2), ((28, 1),))', '((26, 12), ((28, 12),))', '((22, 3), ((1, 1), (1, 12)))', '((27, 6), ((1, 1), (1, 12)))', '((16, 12), ((1, 1), (1, 12)))', '((26, 10), ((1, 1), (1, 12)))', '((15, 8), ((1, 1),))', '((26, 3), ((28, 1),))', '((27, 10), ((28, 1), (28, 12)))', '((16, 3), ((1, 12),))', '((28, 3), ((28, 1), (28, 12)))', '((23, 4), ((1, 1),))', '((25, 4), ((28, 1),))', '((26, 5), ((1, 1),))', '((26, 6), ((28, 12),))', '((24, 9), ((1, 1),))', '((23, 12), ((28, 1),))', '((22, 5), ((1, 1), (1, 12)))', '((11, 8), ((1, 12),))']",[617 states],48,54,102
618,"((9, 7), ((1, 12),))","((9, 6), ((1, 12),))",North,"[(((9, 8), ((1, 12),)), 'North', 51, 53, 104)]","['((24, 2), ((28, 1),))', '((22, 3), ((1, 1), (1, 12)))', '((26, 12), ((28, 12),))', '((15, 8), ((1, 1),))', '((27, 6), ((1, 1), (1, 12)))', '((16, 12), ((1, 1), (1, 12)))', '((26, 10), ((1, 1), (1, 12)))', '((26, 6), ((28, 12),))', '((26, 3), ((28, 1),))', '((27, 10), ((28, 1), (28, 12)))', '((16, 3), ((1, 12),))', '((28, 3), ((28, 1), (28, 12)))', '((23, 4), ((1, 1),))', '((25, 4), ((28, 1),))', '((26, 5), ((1, 1),))', '((11, 8), ((1, 12),))', '((24, 9), ((1, 1),))', '((23, 12), ((28, 1),))', '((22, 5), ((1, 1), (1, 12)))']","['((24, 2), ((28, 1),))', '((22, 3), ((1, 1), (1, 12)))', '((26, 12), ((28, 12),))', '((15, 8), ((1, 1),))', '((27, 6), ((1, 1), (1, 12)))', '((16, 12), ((1, 1), (1, 12)))', '((26, 10), ((1, 1), (1, 12)))', '((26, 6), ((28, 12),))', '((26, 3), ((28, 1),))', '((27, 10), ((28, 1), (28, 12)))', '((16, 3), ((1, 12),))', '((28, 3), ((28, 1), (28, 12)))', '((23, 4), ((1, 1),))', '((25, 4), ((28, 1),))', '((26, 5), ((1, 1),))', '((11, 8), ((1, 12),))', '((24, 9), ((1, 1),))', '((23, 12), ((28, 1),))', '((22, 5), ((1, 1), (1, 12)))', '((9, 8), ((1, 12),))']",[618 states],50,52,102
619,"((24, 2), ((28, 1),))","((24, 1), ((28, 1),))",North,[],"['((22, 3), ((1, 1), (1, 12)))', '((27, 6), ((1, 1), (1, 12)))', '((26, 12), ((28, 12),))', '((15, 8), ((1, 1),))', '((27, 10), ((28, 1), (28, 12)))', '((16, 12), ((1, 1), (1, 12)))', '((26, 10), ((1, 1), (1, 12)))', '((26, 6), ((28, 12),))', '((26, 3), ((28, 1),))', '((9, 8), ((1, 12),))', '((16, 3), ((1, 12),))', '((28, 3), ((28, 1), (28, 12)))', '((23, 4), ((1, 1),))', '((25, 4), ((28, 1),))', '((26, 5), ((1, 1),))', '((11, 8), ((1, 12),))', '((24, 9), ((1, 1),))', '((23, 12), ((28, 1),))', '((22, 5), ((1, 1), (1, 12)))']","['((22, 3), ((1, 1), (1, 12)))', '((27, 6), ((1, 1), (1, 12)))', '((26, 12), ((28, 12),))', '((15, 8), ((1, 1),))', '((27, 10), ((28, 1), (28, 12)))', '((16, 12), ((1, 1), (1, 12)))', '((26, 10), ((1, 1), (1, 12)))', '((26, 6), ((28, 12),))', '((26, 3), ((28, 1),))', '((9, 8), ((1, 12),))', '((16, 3), ((1, 12),))', '((28, 3), ((28, 1), (28, 12)))', '((23, 4), ((1, 1),))', '((25, 4), ((28, 1),))', '((26, 5), ((1, 1),))', '((11, 8), ((1, 12),))', '((24, 9), ((1, 1),))', '((23, 12), ((28, 1),))', '((22, 5), ((1, 1), (1, 12)))']",[619 states],50,52,102
620,"((22, 3), ((1, 1), (1, 12)))","((22, 4), ((1, 1), (1, 12)))",South,"[(((22, 2), ((1, 1), (1, 12))), 'South', 84, 18, 102)]","['((27, 6), ((1, 1), (1, 12)))', '((27, 10), ((28, 1), (28, 12)))', '((26, 12), ((28, 12),))', '((15, 8), ((1, 1),))', '((16, 3), ((1, 12),))', '((16, 12), ((1, 1), (1, 12)))', '((26, 10), ((1, 1), (1, 12)))', '((26, 6), ((28, 12),))', '((26, 3), ((28, 1),))', '((9, 8), ((1, 12),))', '((22, 5), ((1, 1), (1, 12)))', '((28, 3), ((28, 1), (28, 12)))', '((23, 4), ((1, 1),))', '((25, 4), ((28, 1),))', '((26, 5), ((1, 1),))', '((11, 8), ((1, 12),))', '((24, 9), ((1, 1),))', '((23, 12), ((28, 1),))']","['((27, 6), ((1, 1), (1, 12)))', '((27, 10), ((28, 1), (28, 12)))', '((26, 12), ((28, 12),))', '((22, 2), ((1, 1), (1, 12)))', '((16, 3), ((1, 12),))', '((16, 12), ((1, 1), (1, 12)))', '((26, 10), ((1, 1), (1, 12)))', '((26, 6), ((28, 12),))', '((15, 8), ((1, 1),))', '((9, 8), ((1, 12),))', '((22, 5), ((1, 1), (1, 12)))', '((28, 3), ((28, 1), (28, 12)))', '((23, 4), ((1, 1),))', '((25, 4), ((28, 1),))', '((26, 5), ((1, 1),))', '((11, 8), ((1, 12),))', '((24, 9), ((1, 1),))', '((23, 12), ((28, 1),))', '((26, 3), ((28, 1),))']",[620 states],83,19,102
621,"((27, 6), ((1, 1), (1, 12)))","((26, 6), ((1, 1), (1, 12)))",East,"[(((28, 6), ((1, 1), (1, 12))), 'East', 86, 16, 102)]","['((27, 10), ((28, 1), (28, 12)))', '((22, 2), ((1, 1), (1, 12)))', '((26, 12), ((28, 12),))', '((15, 8), ((1, 1),))', '((16, 3), ((1, 12),))', '((16, 12), ((1, 1), (1, 12)))', '((26, 10), ((1, 1), (1, 12)))', '((26, 6), ((28, 12),))', '((26, 3), ((28, 1),))', '((9, 8), ((1, 12),))', '((22, 5), ((1, 1), (1, 12)))', '((28, 3), ((28, 1), (28, 12)))', '((23, 4), ((1, 1),))', '((25, 4), ((28, 1),))', '((26, 5), ((1, 1),))', '((11, 8), ((1, 12),))', '((24, 9), ((1, 1),))', '((23, 12), ((28, 1),))']","['((27, 10), ((28, 1), (28, 12)))', '((22, 2), ((1, 1), (1, 12)))', '((26, 12), ((28, 12),))', '((28, 6), ((1, 1), (1, 12)))', '((16, 3), ((1, 12),))', '((16, 12), ((1, 1), (1, 12)))', '((26, 10), ((1, 1), (1, 12)))', '((26, 6), ((28, 12),))', '((15, 8), ((1, 1),))', '((9, 8), ((1, 12),))', '((22, 5), ((1, 1), (1, 12)))', '((28, 3), ((28, 1), (28, 12)))', '((23, 4), ((1, 1),))', '((25, 4), ((28, 1),))', '((26, 5), ((1, 1),))', '((11, 8), ((1, 12),))', '((24, 9), ((1, 1),))', '((23, 12), ((28, 1),))', '((26, 3), ((28, 1),))']",[621 states],85,17,102
622,"((27, 10), ((28, 1), (28, 12)))","((28, 10), ((28, 1), (28, 12)))",West,"[(((26, 10), ((28, 1), (28, 12))), 'West', 64, 38, 102)]","['((22, 2), ((1, 1), (1, 12)))', '((28, 6), ((1, 1), (1, 12)))', '((26, 12), ((28, 12),))', '((15, 8), ((1, 1),))', '((16, 3), ((1, 12),))', '((16, 12), ((1, 1), (1, 12)))', '((26, 10), ((1, 1), (1, 12)))', '((26, 6), ((28, 12),))', '((26, 3), ((28, 1),))', '((9, 8), ((1, 12),))', '((22, 5), ((1, 1), (1, 12)))', '((28, 3), ((28, 1), (28, 12)))', '((23, 4), ((1, 1),))', '((25, 4), ((28, 1),))', '((26, 5), ((1, 1),))', '((11, 8), ((1, 12),))', '((24, 9), ((1, 1),))', '((23, 12), ((28, 1),))']","['((22, 2), ((1, 1), (1, 12)))', '((28, 6), ((1, 1), (1, 12)))', '((26, 12), ((28, 12),))', '((26, 10), ((28, 1), (28, 12)))', '((16, 3), ((1, 12),))', '((16, 12), ((1, 1), (1, 12)))', '((26, 10), ((1, 1), (1, 12)))', '((26, 6), ((28, 12),))', '((15, 8), ((1, 1),))', '((9, 8), ((1, 12),))', '((22, 5), ((1, 1), (1, 12)))', '((28, 3), ((28, 1), (28, 12)))', '((23, 4), ((1, 1),))', '((25, 4), ((28, 1),))', '((26, 5), ((1, 1),))', '((11, 8), ((1, 12),))', '((24, 9), ((1, 1),))', '((23, 12), ((28, 1),))', '((26, 3), ((28, 1),))']",[622 states],63,39,102
623,"((22, 2), ((1, 1), (1, 12)))","((22, 3), ((1, 1), (1, 12)))",South,"[(((22, 1), ((1, 1), (1, 12))), 'South', 85, 17, 102), (((21, 2), ((1, 1), (1, 12))), 'West', 85, 19, 104)]","['((28, 6), ((1, 1), (1, 12)))', '((26, 10), ((28, 1), (28, 12)))', '((26, 12), ((28, 12),))', '((15, 8), ((1, 1),))', '((16, 3), ((1, 12),))', '((16, 12), ((1, 1), (1, 12)))', '((26, 10), ((1, 1), (1, 12)))', '((26, 6), ((28, 12),))', '((26, 3), ((28, 1),))', '((9, 8), ((1, 12),))', '((22, 5), ((1, 1), (1, 12)))', '((28, 3), ((28, 1), (28, 12)))', '((23, 4), ((1, 1),))', '((25, 4), ((28, 1),))', '((26, 5), ((1, 1),))', '((11, 8), ((1, 12),))', '((24, 9), ((1, 1),))', '((23, 12), ((28, 1),))']","['((28, 6), ((1, 1), (1, 12)))', '((26, 10), ((28, 1), (28, 12)))', '((26, 12), ((28, 12),))', '((22, 1), ((1, 1), (1, 12)))', '((16, 3), ((1, 12),))', '((16, 12), ((1, 1), (1, 12)))', '((26, 10), ((1, 1), (1, 12)))', '((26, 6), ((28, 12),))', '((15, 8), ((1, 1),))', '((9, 8), ((1, 12),))', '((22, 5), ((1, 1), (1, 12)))', '((28, 3), ((28, 1), (28, 12)))', '((23, 4), ((1, 1),))', '((25, 4), ((28, 1),))', '((26, 5), ((1, 1),))', '((11, 8), ((1, 12),))', '((24, 9), ((1, 1),))', '((23, 12), ((28, 1),))', '((26, 3), ((28, 1),))', '((21, 2), ((1, 1), (1, 12)))']",[623 states],84,18,102
624,"((28, 6), ((1, 1), (1, 12)))","((27, 6), ((1, 1), (1, 12)))",East,"[(((28, 7), ((1, 1), (1, 12))), 'North', 87, 16, 103), (((28, 5), ((1, 1), (1, 12))), 'South', 87, 15, 102)]","['((26, 10), ((28, 1), (28, 12)))', '((22, 1), ((1, 1), (1, 12)))', '((26, 12), ((28, 12),))', '((15, 8), ((1, 1),))', '((16, 3), ((1, 12),))', '((16, 12), ((1, 1), (1, 12)))', '((26, 10), ((1, 1), (1, 12)))', '((26, 6), ((28, 12),))', '((26, 3), ((28, 1),))', '((9, 8), ((1, 12),))', '((22, 5), ((1, 1), (1, 12)))', '((28, 3), ((28, 1), (28, 12)))', '((23, 4), ((1, 1),))', '((25, 4), ((28, 1),))', '((26, 5), ((1, 1),))', '((11, 8), ((1, 12),))', '((24, 9), ((1, 1),))', '((23, 12), ((28, 1),))', '((21, 2), ((1, 1), (1, 12)))']","['((26, 10), ((28, 1), (28, 12)))', '((22, 1), ((1, 1), (1, 12)))', '((26, 12), ((28, 12),))', '((15, 8), ((1, 1),))', '((28, 5), ((1, 1), (1, 12)))', '((16, 12), ((1, 1), (1, 12)))', '((26, 10), ((1, 1), (1, 12)))', '((26, 6), ((28, 12),))', '((26, 3), ((28, 1),))', '((28, 7), ((1, 1), (1, 12)))', '((22, 5), ((1, 1), (1, 12)))', '((28, 3), ((28, 1), (28, 12)))', '((23, 4), ((1, 1),))', '((25, 4), ((28, 1),))', '((26, 5), ((1, 1),))', '((11, 8), ((1, 12),))', '((24, 9), ((1, 1),))', '((23, 12), ((28, 1),))', '((21, 2), ((1, 1), (1, 12)))', '((9, 8), ((1, 12),))', '((16, 3), ((1, 12),))']",[624 states],86,16,102
625,"((26, 10), ((28, 1), (28, 12)))","((27, 10), ((28, 1), (28, 12)))",West,"[(((26, 11), ((28, 1), (28, 12))), 'North', 65, 37, 102), (((26, 9), ((28, 1), (28, 12))), 'South', 65, 39, 104)]","['((22, 1), ((1, 1), (1, 12)))', '((28, 5), ((1, 1), (1, 12)))', '((26, 12), ((28, 12),))', '((15, 8), ((1, 1),))', '((28, 7), ((1, 1), (1, 12)))', '((16, 12), ((1, 1), (1, 12)))', '((26, 10), ((1, 1), (1, 12)))', '((26, 6), ((28, 12),))', '((26, 3), ((28, 1),))', '((16, 3), ((1, 12),))', '((22, 5), ((1, 1), (1, 12)))', '((28, 3), ((28, 1), (28, 12)))', '((23, 4), ((1, 1),))', '((25, 4), ((28, 1),))', '((26, 5), ((1, 1),))', '((11, 8), ((1, 12),))', '((24, 9), ((1, 1),))', '((23, 12), ((28, 1),))', '((21, 2), ((1, 1), (1, 12)))', '((9, 8), ((1, 12),))']","['((22, 1), ((1, 1), (1, 12)))', '((28, 5), ((1, 1), (1, 12)))', '((26, 12), ((28, 12),))', '((15, 8), ((1, 1),))', '((26, 11), ((28, 1), (28, 12)))', '((16, 12), ((1, 1), (1, 12)))', '((26, 10), ((1, 1), (1, 12)))', '((26, 6), ((28, 12),))', '((26, 3), ((28, 1),))', '((28, 7), ((1, 1), (1, 12)))', '((22, 5), ((1, 1), (1, 12)))', '((28, 3), ((28, 1), (28, 12)))', '((23, 4), ((1, 1),))', '((25, 4), ((28, 1),))', '((26, 5), ((1, 1),))', '((11, 8), ((1, 12),))', '((24, 9), ((1, 1),))', '((23, 12), ((28, 1),))', '((21, 2), ((1, 1), (1, 12)))', '((9, 8), ((1, 12),))', '((16, 3), ((1, 12),))', '((26, 9), ((28, 1), (28, 12)))']",[625 states],64,38,102
626,"((22, 1), ((1, 1), (1, 12)))","((22, 2), ((1, 1), (1, 12)))",South,[],"['((28, 5), ((1, 1), (1, 12)))', '((26, 11), ((28, 1), (28, 12)))', '((26, 12), ((28, 12),))', '((15, 8), ((1, 1),))', '((28, 7), ((1, 1), (1, 12)))', '((16, 12), ((1, 1), (1, 12)))', '((26, 10), ((1, 1), (1, 12)))', '((26, 6), ((28, 12),))', '((26, 3), ((28, 1),))', '((16, 3), ((1, 12),))', '((22, 5), ((1, 1), (1, 12)))', '((28, 3), ((28, 1), (28, 12)))', '((23, 4), ((1, 1),))', '((25, 4), ((28, 1),))', '((26, 5), ((1, 1),))', '((11, 8), ((1, 12),))', '((24, 9), ((1, 1),))', '((23, 12), ((28, 1),))', '((21, 2), ((1, 1), (1, 12)))', '((9, 8), ((1, 12),))', '((26, 9), ((28, 1), (28, 12)))']","['((28, 5), ((1, 1), (1, 12)))', '((26, 11), ((28, 1), (28, 12)))', '((26, 12), ((28, 12),))', '((15, 8), ((1, 1),))', '((28, 7), ((1, 1), (1, 12)))', '((16, 12), ((1, 1), (1, 12)))', '((26, 10), ((1, 1), (1, 12)))', '((26, 6), ((28, 12),))', '((26, 3), ((28, 1),))', '((16, 3), ((1, 12),))', '((22, 5), ((1, 1), (1, 12)))', '((28, 3), ((28, 1), (28, 12)))', '((23, 4), ((1, 1),))', '((25, 4), ((28, 1),))', '((26, 5), ((1, 1),))', '((11, 8), ((1, 12),))', '((24, 9), ((1, 1),))', '((23, 12), ((28, 1),))', '((21, 2), ((1, 1), (1, 12)))', '((9, 8), ((1, 12),))', '((26, 9), ((28, 1), (28, 12)))']",[626 states],85,17,102
627,"((28, 5), ((1, 1), (1, 12)))","((28, 6), ((1, 1), (1, 12)))",South,"[(((28, 4), ((1, 1), (1, 12))), 'South', 88, 14, 102)]","['((26, 11), ((28, 1), (28, 12)))', '((15, 8), ((1, 1),))', '((26, 12), ((28, 12),))', '((26, 6), ((28, 12),))', '((28, 7), ((1, 1), (1, 12)))', '((16, 12), ((1, 1), (1, 12)))', '((26, 10), ((1, 1), (1, 12)))', '((24, 9), ((1, 1),))', '((26, 3), ((28, 1),))', '((16, 3), ((1, 12),))', '((22, 5), ((1, 1), (1, 12)))', '((28, 3), ((28, 1), (28, 12)))', '((23, 4), ((1, 1),))', '((25, 4), ((28, 1),))', '((26, 5), ((1, 1),))', '((11, 8), ((1, 12),))', '((26, 9), ((28, 1), (28, 12)))', '((23, 12), ((28, 1),))', '((21, 2), ((1, 1), (1, 12)))', '((9, 8), ((1, 12),))']","['((26, 11), ((28, 1), (28, 12)))', '((28, 4), ((1, 1), (1, 12)))', '((26, 12), ((28, 12),))', '((26, 6), ((28, 12),))', '((15, 8), ((1, 1),))', '((16, 12), ((1, 1), (1, 12)))', '((26, 10), ((1, 1), (1, 12)))', '((24, 9), ((1, 1),))', '((26, 3), ((28, 1),))', '((28, 7), ((1, 1), (1, 12)))', '((22, 5), ((1, 1), (1, 12)))', '((28, 3), ((28, 1), (28, 12)))', '((23, 4), ((1, 1),))', '((25, 4), ((28, 1),))', '((26, 5), ((1, 1),))', '((11, 8), ((1, 12),))', '((26, 9), ((28, 1), (28, 12)))', '((23, 12), ((28, 1),))', '((21, 2), ((1, 1), (1, 12)))', '((9, 8), ((1, 12),))', '((16, 3), ((1, 12),))']",[627 states],87,15,102
628,"((26, 11), ((28, 1), (28, 12)))","((26, 10), ((28, 1), (28, 12)))",North,"[(((26, 12), ((28, 1), (28, 12))), 'North', 66, 36, 102)]","['((28, 4), ((1, 1), (1, 12)))', '((15, 8), ((1, 1),))', '((26, 12), ((28, 12),))', '((26, 6), ((28, 12),))', '((28, 7), ((1, 1), (1, 12)))', '((16, 12), ((1, 1), (1, 12)))', '((26, 10), ((1, 1), (1, 12)))', '((24, 9), ((1, 1),))', '((26, 3), ((28, 1),))', '((16, 3), ((1, 12),))', '((22, 5), ((1, 1), (1, 12)))', '((28, 3), ((28, 1), (28, 12)))', '((23, 4), ((1, 1),))', '((25, 4), ((28, 1),))', '((26, 5), ((1, 1),))', '((11, 8), ((1, 12),))', '((26, 9), ((28, 1), (28, 12)))', '((23, 12), ((28, 1),))', '((21, 2), ((1, 1), (1, 12)))', '((9, 8), ((1, 12),))']","['((28, 4), ((1, 1), (1, 12)))', '((26, 12), ((28, 1), (28, 12)))', '((26, 12), ((28, 12),))', '((26, 6), ((28, 12),))', '((15, 8), ((1, 1),))', '((16, 12), ((1, 1), (1, 12)))', '((26, 10), ((1, 1), (1, 12)))', '((24, 9), ((1, 1),))', '((26, 3), ((28, 1),))', '((28, 7), ((1, 1), (1, 12)))', '((22, 5), ((1, 1), (1, 12)))', '((28, 3), ((28, 1), (28, 12)))', '((23, 4), ((1, 1),))', '((25, 4), ((28, 1),))', '((26, 5), ((1, 1),))', '((11, 8), ((1, 12),))', '((26, 9), ((28, 1), (28, 12)))', '((23, 12), ((28, 1),))', '((21, 2), ((1, 1), (1, 12)))', '((9, 8), ((1, 12),))', '((16, 3), ((1, 12),))']",[628 states],65,37,102
629,"((28, 4), ((1, 1), (1, 12)))","((28, 5), ((1, 1), (1, 12)))",South,"[(((28, 3), ((1, 1), (1, 12))), 'South', 89, 13, 102)]","['((26, 12), ((28, 1), (28, 12)))', '((15, 8), ((1, 1),))', '((26, 12), ((28, 12),))', '((26, 6), ((28, 12),))', '((28, 7), ((1, 1), (1, 12)))', '((16, 12), ((1, 1), (1, 12)))', '((26, 10), ((1, 1), (1, 12)))', '((24, 9), ((1, 1),))', '((26, 3), ((28, 1),))', '((16, 3), ((1, 12),))', '((22, 5), ((1, 1), (1, 12)))', '((28, 3), ((28, 1), (28, 12)))', '((23, 4), ((1, 1),))', '((25, 4), ((28, 1),))', '((26, 5), ((1, 1),))', '((11, 8), ((1, 12),))', '((26, 9), ((28, 1), (28, 12)))', '((23, 12), ((28, 1),))', '((21, 2), ((1, 1), (1, 12)))', '((9, 8), ((1, 12),))']","['((26, 12), ((28, 1), (28, 12)))', '((28, 3), ((1, 1), (1, 12)))', '((26, 12), ((28, 12),))', '((26, 6), ((28, 12),))', '((15, 8), ((1, 1),))', '((16, 12), ((1, 1), (1, 12)))', '((26, 10), ((1, 1), (1, 12)))', '((24, 9), ((1, 1),))', '((26, 3), ((28, 1),))', '((28, 7), ((1, 1), (1, 12)))', '((22, 5), ((1, 1), (1, 12)))', '((28, 3), ((28, 1), (28, 12)))', '((23, 4), ((1, 1),))', '((25, 4), ((28, 1),))', '((26, 5), ((1, 1),))', '((11, 8), ((1, 12),))', '((26, 9), ((28, 1), (28, 12)))', '((23, 12), ((28, 1),))', '((21, 2), ((1, 1), (1, 12)))', '((9, 8), ((1, 12),))', '((16, 3), ((1, 12),))']",[629 states],88,14,102
630,"((26, 12), ((28, 1), (28, 12)))","((26, 11), ((28, 1), (28, 12)))",North,"[(((25, 12), ((28, 1), (28, 12))), 'West', 67, 35, 102)]","['((28, 3), ((1, 1), (1, 12)))', '((15, 8), ((1, 1),))', '((26, 12), ((28, 12),))', '((26, 6), ((28, 12),))', '((28, 7), ((1, 1), (1, 12)))', '((16, 12), ((1, 1), (1, 12)))', '((26, 10), ((1, 1), (1, 12)))', '((24, 9), ((1, 1),))', '((26, 3), ((28, 1),))', '((16, 3), ((1, 12),))', '((22, 5), ((1, 1), (1, 12)))', '((28, 3), ((28, 1), (28, 12)))', '((23, 4), ((1, 1),))', '((25, 4), ((28, 1),))', '((26, 5), ((1, 1),))', '((11, 8), ((1, 12),))', '((26, 9), ((28, 1), (28, 12)))', '((23, 12), ((28, 1),))', '((21, 2), ((1, 1), (1, 12)))', '((9, 8), ((1, 12),))']","['((28, 3), ((1, 1), (1, 12)))', '((25, 12), ((28, 1), (28, 12)))', '((26, 12), ((28, 12),))', '((26, 6), ((28, 12),))', '((15, 8), ((1, 1),))', '((16, 12), ((1, 1), (1, 12)))', '((26, 10), ((1, 1), (1, 12)))', '((24, 9), ((1, 1),))', '((26, 3), ((28, 1),))', '((28, 7), ((1, 1), (1, 12)))', '((22, 5), ((1, 1), (1, 12)))', '((28, 3), ((28, 1), (28, 12)))', '((23, 4), ((1, 1),))', '((25, 4), ((28, 1),))', '((26, 5), ((1, 1),))', '((11, 8), ((1, 12),))', '((26, 9), ((28, 1), (28, 12)))', '((23, 12), ((28, 1),))', '((21, 2), ((1, 1), (1, 12)))', '((9, 8), ((1, 12),))', '((16, 3), ((1, 12),))']",[630 states],66,36,102
631,"((28, 3), ((1, 1), (1, 12)))","((28, 4), ((1, 1), (1, 12)))",South,"[(((28, 2), ((1, 1), (1, 12))), 'South', 90, 12, 102)]","['((25, 12), ((28, 1), (28, 12)))', '((15, 8), ((1, 1),))', '((26, 12), ((28, 12),))', '((26, 6), ((28, 12),))', '((28, 7), ((1, 1), (1, 12)))', '((16, 12), ((1, 1), (1, 12)))', '((26, 10), ((1, 1), (1, 12)))', '((24, 9), ((1, 1),))', '((26, 3), ((28, 1),))', '((16, 3), ((1, 12),))', '((22, 5), ((1, 1), (1, 12)))', '((28, 3), ((28, 1), (28, 12)))', '((23, 4), ((1, 1),))', '((25, 4), ((28, 1),))', '((26, 5), ((1, 1),))', '((11, 8), ((1, 12),))', '((26, 9), ((28, 1), (28, 12)))', '((23, 12), ((28, 1),))', '((21, 2), ((1, 1), (1, 12)))', '((9, 8), ((1, 12),))']","['((25, 12), ((28, 1), (28, 12)))', '((28, 2), ((1, 1), (1, 12)))', '((26, 12), ((28, 12),))', '((26, 6), ((28, 12),))', '((15, 8), ((1, 1),))', '((16, 12), ((1, 1), (1, 12)))', '((26, 10), ((1, 1), (1, 12)))', '((24, 9), ((1, 1),))', '((26, 3), ((28, 1),))', '((28, 7), ((1, 1), (1, 12)))', '((22, 5), ((1, 1), (1, 12)))', '((28, 3), ((28, 1), (28, 12)))', '((23, 4), ((1, 1),))', '((25, 4), ((28, 1),))', '((26, 5), ((1, 1),))', '((11, 8), ((1, 12),))', '((26, 9), ((28, 1), (28, 12)))', '((23, 12), ((28, 1),))', '((21, 2), ((1, 1), (1, 12)))', '((9, 8), ((1, 12),))', '((16, 3), ((1, 12),))']",[631 states],89,13,102
632,"((25, 12), ((28, 1), (28, 12)))","((26, 12), ((28, 1), (28, 12)))",West,"[(((24, 12), ((28, 1), (28, 12))), 'West', 68, 34, 102)]","['((28, 2), ((1, 1), (1, 12)))', '((15, 8), ((1, 1),))', '((26, 12), ((28, 12),))', '((26, 6), ((28, 12),))', '((28, 7), ((1, 1), (1, 12)))', '((16, 12), ((1, 1), (1, 12)))', '((26, 10), ((1, 1), (1, 12)))', '((24, 9), ((1, 1),))', '((26, 3), ((28, 1),))', '((16, 3), ((1, 12),))', '((22, 5), ((1, 1), (1, 12)))', '((28, 3), ((28, 1), (28, 12)))', '((23, 4), ((1, 1),))', '((25, 4), ((28, 1),))', '((26, 5), ((1, 1),))', '((11, 8), ((1, 12),))', '((26, 9), ((28, 1), (28, 12)))', '((23, 12), ((28, 1),))', '((21, 2), ((1, 1), (1, 12)))', '((9, 8), ((1, 12),))']","['((28, 2), ((1, 1), (1, 12)))', '((24, 12), ((28, 1), (28, 12)))', '((26, 12), ((28, 12),))', '((26, 6), ((28, 12),))', '((15, 8), ((1, 1),))', '((16, 12), ((1, 1), (1, 12)))', '((26, 10), ((1, 1), (1, 12)))', '((24, 9), ((1, 1),))', '((26, 3), ((28, 1),))', '((28, 7), ((1, 1), (1, 12)))', '((22, 5), ((1, 1), (1, 12)))', '((28, 3), ((28, 1), (28, 12)))', '((23, 4), ((1, 1),))', '((25, 4), ((28, 1),))', '((26, 5), ((1, 1),))', '((11, 8), ((1, 12),))', '((26, 9), ((28, 1), (28, 12)))', '((23, 12), ((28, 1),))', '((21, 2), ((1, 1), (1, 12)))', '((9, 8), ((1, 12),))', '((16, 3), ((1, 12),))']",[632 states],67,35,102
633,"((28, 2), ((1, 1), (1, 12)))","((28, 3), ((1, 1), (1, 12)))",South,"[(((28, 1), ((1, 1), (1, 12), (28, 1))), 'South', 91, 11, 102)]","['((24, 12), ((28, 1), (28, 12)))', '((15, 8), ((1, 1),))', '((26, 12), ((28, 12),))', '((26, 6), ((28, 12),))', '((28, 7), ((1, 1), (1, 12)))', '((16, 12), ((1, 1), (1, 12)))', '((26, 10), ((1, 1), (1, 12)))', '((24, 9), ((1, 1),))', '((26, 3), ((28, 1),))', '((16, 3), ((1, 12),))', '((22, 5), ((1, 1), (1, 12)))', '((28, 3), ((28, 1), (28, 12)))', '((23, 4), ((1, 1),))', '((25, 4), ((28, 1),))', '((26, 5), ((1, 1),))', '((11, 8), ((1, 12),))', '((26, 9), ((28, 1), (28, 12)))', '((23, 12), ((28, 1),))', '((21, 2), ((1, 1), (1, 12)))', '((9, 8), ((1, 12),))']","['((24, 12), ((28, 1), (28, 12)))', '((28, 1), ((1, 1), (1, 12), (28, 1)))', '((26, 12), ((28, 12),))', '((26, 6), ((28, 12),))', '((15, 8), ((1, 1),))', '((16, 12), ((1, 1), (1, 12)))', '((26, 10), ((1, 1), (1, 12)))', '((24, 9), ((1, 1),))', '((26, 3), ((28, 1),))', '((28, 7), ((1, 1), (1, 12)))', '((22, 5), ((1, 1), (1, 12)))', '((28, 3), ((28, 1), (28, 12)))', '((23, 4), ((1, 1),))', '((25, 4), ((28, 1),))', '((26, 5), ((1, 1),))', '((11, 8), ((1, 12),))', '((26, 9), ((28, 1), (28, 12)))', '((23, 12), ((28, 1),))', '((21, 2), ((1, 1), (1, 12)))', '((9, 8), ((1, 12),))', '((16, 3), ((1, 12),))']",[633 states],90,12,102
634,"((24, 12), ((28, 1), (28, 12)))","((25, 12), ((28, 1), (28, 12)))",West,"[(((23, 12), ((28, 1), (28, 12))), 'West', 69, 33, 102)]","['((28, 1), ((1, 1), (1, 12), (28, 1)))', '((15, 8), ((1, 1),))', '((26, 12), ((28, 12),))', '((26, 6), ((28, 12),))', '((28, 7), ((1, 1), (1, 12)))', '((16, 12), ((1, 1), (1, 12)))', '((26, 10), ((1, 1), (1, 12)))', '((24, 9), ((1, 1),))', '((26, 3), ((28, 1),))', '((16, 3), ((1, 12),))', '((22, 5), ((1, 1), (1, 12)))', '((28, 3), ((28, 1), (28, 12)))', '((23, 4), ((1, 1),))', '((25, 4), ((28, 1),))', '((26, 5), ((1, 1),))', '((11, 8), ((1, 12),))', '((26, 9), ((28, 1), (28, 12)))', '((23, 12), ((28, 1),))', '((21, 2), ((1, 1), (1, 12)))', '((9, 8), ((1, 12),))']","['((28, 1), ((1, 1), (1, 12), (28, 1)))', '((23, 12), ((28, 1), (28, 12)))', '((26, 12), ((28, 12),))', '((26, 6), ((28, 12),))', '((15, 8), ((1, 1),))', '((16, 12), ((1, 1), (1, 12)))', '((26, 10), ((1, 1), (1, 12)))', '((24, 9), ((1, 1),))', '((26, 3), ((28, 1),))', '((28, 7), ((1, 1), (1, 12)))', '((22, 5), ((1, 1), (1, 12)))', '((28, 3), ((28, 1), (28, 12)))', '((23, 4), ((1, 1),))', '((25, 4), ((28, 1),))', '((26, 5), ((1, 1),))', '((11, 8), ((1, 12),))', '((26, 9), ((28, 1), (28, 12)))', '((23, 12), ((28, 1),))', '((21, 2), ((1, 1), (1, 12)))', '((9, 8), ((1, 12),))', '((16, 3), ((1, 12),))']",[634 states],68,34,102
635,"((28, 1), ((1, 1), (1, 12), (28, 1)))","((28, 2), ((1, 1), (1, 12)))",South,"[(((28, 2), ((1, 1), (1, 12), (28, 1))), 'North', 92, 10, 102), (((27, 1), ((1, 1), (1, 12), (28, 1))), 'West', 92, 12, 104)]","['((23, 12), ((28, 1), (28, 12)))', '((15, 8), ((1, 1),))', '((26, 12), ((28, 12),))', '((26, 6), ((28, 12),))', '((28, 7), ((1, 1), (1, 12)))', '((16, 12), ((1, 1), (1, 12)))', '((26, 10), ((1, 1), (1, 12)))', '((24, 9), ((1, 1),))', '((26, 3), ((28, 1),))', '((16, 3), ((1, 12),))', '((22, 5), ((1, 1), (1, 12)))', '((28, 3), ((28, 1), (28, 12)))', '((23, 4), ((1, 1),))', '((25, 4), ((28, 1),))', '((26, 5), ((1, 1),))', '((11, 8), ((1, 12),))', '((26, 9), ((28, 1), (28, 12)))', '((23, 12), ((28, 1),))', '((21, 2), ((1, 1), (1, 12)))', '((9, 8), ((1, 12),))']","['((23, 12), ((28, 1), (28, 12)))', '((28, 2), ((1, 1), (1, 12), (28, 1)))', '((26, 12), ((28, 12),))', '((26, 6), ((28, 12),))', '((15, 8), ((1, 1),))', '((16, 12), ((1, 1), (1, 12)))', '((26, 10), ((1, 1), (1, 12)))', '((24, 9), ((1, 1),))', '((26, 3), ((28, 1),))', '((28, 7), ((1, 1), (1, 12)))', '((22, 5), ((1, 1), (1, 12)))', '((28, 3), ((28, 1), (28, 12)))', '((23, 4), ((1, 1),))', '((25, 4), ((28, 1),))', '((26, 5), ((1, 1),))', '((11, 8), ((1, 12),))', '((26, 9), ((28, 1), (28, 12)))', '((23, 12), ((28, 1),))', '((21, 2), ((1, 1), (1, 12)))', '((9, 8), ((1, 12),))', '((16, 3), ((1, 12),))', '((27, 1), ((1, 1), (1, 12), (28, 1)))']",[635 states],91,11,102
636,"((23, 12), ((28, 1), (28, 12)))","((24, 12), ((28, 1), (28, 12)))",West,"[(((22, 12), ((28, 1), (28, 12))), 'West', 70, 32, 102)]","['((28, 2), ((1, 1), (1, 12), (28, 1)))', '((15, 8), ((1, 1),))', '((26, 12), ((28, 12),))', '((26, 6), ((28, 12),))', '((28, 7), ((1, 1), (1, 12)))', '((16, 12), ((1, 1), (1, 12)))', '((26, 10), ((1, 1), (1, 12)))', '((24, 9), ((1, 1),))', '((26, 3), ((28, 1),))', '((16, 3), ((1, 12),))', '((22, 5), ((1, 1), (1, 12)))', '((28, 3), ((28, 1), (28, 12)))', '((23, 4), ((1, 1),))', '((25, 4), ((28, 1),))', '((26, 5), ((1, 1),))', '((11, 8), ((1, 12),))', '((26, 9), ((28, 1), (28, 12)))', '((23, 12), ((28, 1),))', '((21, 2), ((1, 1), (1, 12)))', '((9, 8), ((1, 12),))', '((27, 1), ((1, 1), (1, 12), (28, 1)))']","['((28, 2), ((1, 1), (1, 12), (28, 1)))', '((22, 12), ((28, 1), (28, 12)))', '((26, 12), ((28, 12),))', '((26, 6), ((28, 12),))', '((15, 8), ((1, 1),))', '((16, 12), ((1, 1), (1, 12)))', '((26, 10), ((1, 1), (1, 12)))', '((24, 9), ((1, 1),))', '((26, 3), ((28, 1),))', '((16, 3), ((1, 12),))', '((28, 7), ((1, 1), (1, 12)))', '((28, 3), ((28, 1), (28, 12)))', '((23, 4), ((1, 1),))', '((25, 4), ((28, 1),))', '((26, 5), ((1, 1),))', '((11, 8), ((1, 12),))', '((26, 9), ((28, 1), (28, 12)))', '((23, 12), ((28, 1),))', '((21, 2), ((1, 1), (1, 12)))', '((9, 8), ((1, 12),))', '((27, 1), ((1, 1), (1, 12), (28, 1)))', '((22, 5), ((1, 1), (1, 12)))']",[636 states],69,33,102
637,"((28, 2), ((1, 1), (1, 12), (28, 1)))","((28, 1), ((1, 1), (1, 12), (28, 1)))",North,"[(((28, 3), ((1, 1), (1, 12), (28, 1))), 'North', 93, 9, 102)]","['((22, 12), ((28, 1), (28, 12)))', '((15, 8), ((1, 1),))', '((26, 12), ((28, 12),))', '((26, 6), ((28, 12),))', '((28, 7), ((1, 1), (1, 12)))', '((16, 12), ((1, 1), (1, 12)))', '((26, 10), ((1, 1), (1, 12)))', '((24, 9), ((1, 1),))', '((26, 3), ((28, 1),))', '((16, 3), ((1, 12),))', '((22, 5), ((1, 1), (1, 12)))', '((28, 3), ((28, 1), (28, 12)))', '((23, 4), ((1, 1),))', '((25, 4), ((28, 1),))', '((26, 5), ((1, 1),))', '((11, 8), ((1, 12),))', '((26, 9), ((28, 1), (28, 12)))', '((23, 12), ((28, 1),))', '((21, 2), ((1, 1), (1, 12)))', '((9, 8), ((1, 12),))', '((27, 1), ((1, 1), (1, 12), (28, 1)))']","['((22, 12), ((28, 1), (28, 12)))', '((28, 3), ((1, 1), (1, 12), (28, 1)))', '((26, 12), ((28, 12),))', '((26, 6), ((28, 12),))', '((15, 8), ((1, 1),))', '((16, 12), ((1, 1), (1, 12)))', '((26, 10), ((1, 1), (1, 12)))', '((24, 9), ((1, 1),))', '((26, 3), ((28, 1),))', '((16, 3), ((1, 12),))', '((28, 7), ((1, 1), (1, 12)))', '((28, 3), ((28, 1), (28, 12)))', '((23, 4), ((1, 1),))', '((25, 4), ((28, 1),))', '((26, 5), ((1, 1),))', '((11, 8), ((1, 12),))', '((26, 9), ((28, 1), (28, 12)))', '((23, 12), ((28, 1),))', '((21, 2), ((1, 1), (1, 12)))', '((9, 8), ((1, 12),))', '((27, 1), ((1, 1), (1, 12), (28, 1)))', '((22, 5), ((1, 1), (1, 12)))']",[637 states],92,10,102
638,"((22, 12), ((28, 1), (28, 12)))","((23, 12), ((28, 1), (28, 12)))",West,"[(((21, 12), ((28, 1), (28, 12))), 'West', 71, 31, 102)]","['((28, 3), ((1, 1), (1, 12), (28, 1)))', '((15, 8), ((1, 1),))', '((26, 12), ((28, 12),))', '((26, 6), ((28, 12),))', '((28, 7), ((1, 1), (1, 12)))', '((16, 12), ((1, 1), (1, 12)))', '((26, 10), ((1, 1), (1, 12)))', '((24, 9), ((1, 1),))', '((26, 3), ((28, 1),))', '((16, 3), ((1, 12),))', '((22, 5), ((1, 1), (1, 12)))', '((28, 3), ((28, 1), (28, 12)))', '((23, 4), ((1, 1),))', '((25, 4), ((28, 1),))', '((26, 5), ((1, 1),))', '((11, 8), ((1, 12),))', '((26, 9), ((28, 1), (28, 12)))', '((23, 12), ((28, 1),))', '((21, 2), ((1, 1), (1, 12)))', '((9, 8), ((1, 12),))', '((27, 1), ((1, 1), (1, 12), (28, 1)))']","['((28, 3), ((1, 1), (1, 12), (28, 1)))', '((21, 12), ((28, 1), (28, 12)))', '((26, 12), ((28, 12),))', '((26, 6), ((28, 12),))', '((15, 8), ((1, 1),))', '((16, 12), ((1, 1), (1, 12)))', '((26, 10), ((1, 1), (1, 12)))', '((24, 9), ((1, 1),))', '((26, 3), ((28, 1),))', '((16, 3), ((1, 12),))', '((28, 7), ((1, 1), (1, 12)))', '((28, 3), ((28, 1), (28, 12)))', '((23, 4), ((1, 1),))', '((25, 4), ((28, 1),))', '((26, 5), ((1, 1),))', '((11, 8), ((1, 12),))', '((26, 9), ((28, 1), (28, 12)))', '((23, 12), ((28, 1),))', '((21, 2), ((1, 1), (1, 12)))', '((9, 8), ((1, 12),))', '((27, 1), ((1, 1), (1, 12), (28, 1)))', '((22, 5), ((1, 1), (1, 12)))']",[638 states],70,32,102
639,"((28, 3), ((1, 1), (1, 12), (28, 1)))","((28, 2), ((1, 1), (1, 12), (28, 1)))",North,"[(((28, 4), ((1, 1), (1, 12), (28, 1))), 'North', 94, 8, 102)]","['((21, 12), ((28, 1), (28, 12)))', '((15, 8), ((1, 1),))', '((26, 12), ((28, 12),))', '((26, 6), ((28, 12),))', '((28, 7), ((1, 1), (1, 12)))', '((16, 12), ((1, 1), (1, 12)))', '((26, 10), ((1, 1), (1, 12)))', '((24, 9), ((1, 1),))', '((26, 3), ((28, 1),))', '((16, 3), ((1, 12),))', '((22, 5), ((1, 1), (1, 12)))', '((28, 3), ((28, 1), (28, 12)))', '((23, 4), ((1, 1),))', '((25, 4), ((28, 1),))', '((26, 5), ((1, 1),))', '((11, 8), ((1, 12),))', '((26, 9), ((28, 1), (28, 12)))', '((23, 12), ((28, 1),))', '((21, 2), ((1, 1), (1, 12)))', '((9, 8), ((1, 12),))', '((27, 1), ((1, 1), (1, 12), (28, 1)))']","['((21, 12), ((28, 1), (28, 12)))', '((28, 4), ((1, 1), (1, 12), (28, 1)))', '((26, 12), ((28, 12),))', '((26, 6), ((28, 12),))', '((15, 8), ((1, 1),))', '((16, 12), ((1, 1), (1, 12)))', '((26, 10), ((1, 1), (1, 12)))', '((24, 9), ((1, 1),))', '((26, 3), ((28, 1),))', '((16, 3), ((1, 12),))', '((28, 7), ((1, 1), (1, 12)))', '((28, 3), ((28, 1), (28, 12)))', '((23, 4), ((1, 1),))', '((25, 4), ((28, 1),))', '((26, 5), ((1, 1),))', '((11, 8), ((1, 12),))', '((26, 9), ((28, 1), (28, 12)))', '((23, 12), ((28, 1),))', '((21, 2), ((1, 1), (1, 12)))', '((9, 8), ((1, 12),))', '((27, 1), ((1, 1), (1, 12), (28, 1)))', '((22, 5), ((1, 1), (1, 12)))']",[639 states],93,9,102
640,"((21, 12), ((28, 1), (28, 12)))","((22, 12), ((28, 1), (28, 12)))",West,"[(((20, 12), ((28, 1), (28, 12))), 'West', 72, 30, 102)]","['((28, 4), ((1, 1), (1, 12), (28, 1)))', '((15, 8), ((1, 1),))', '((26, 12), ((28, 12),))', '((26, 6), ((28, 12),))', '((28, 7), ((1, 1), (1, 12)))', '((16, 12), ((1, 1), (1, 12)))', '((26, 10), ((1, 1), (1, 12)))', '((24, 9), ((1, 1),))', '((26, 3), ((28, 1),))', '((16, 3), ((1, 12),))', '((22, 5), ((1, 1), (1, 12)))', '((28, 3), ((28, 1), (28, 12)))', '((23, 4), ((1, 1),))', '((25, 4), ((28, 1),))', '((26, 5), ((1, 1),))', '((11, 8), ((1, 12),))', '((26, 9), ((28, 1), (28, 12)))', '((23, 12), ((28, 1),))', '((21, 2), ((1, 1), (1, 12)))', '((9, 8), ((1, 12),))', '((27, 1), ((1, 1), (1, 12), (28, 1)))']","['((28, 4), ((1, 1), (1, 12), (28, 1)))', '((20, 12), ((28, 1), (28, 12)))', '((26, 12), ((28, 12),))', '((26, 6), ((28, 12),))', '((15, 8), ((1, 1),))', '((16, 12), ((1, 1), (1, 12)))', '((26, 10), ((1, 1), (1, 12)))', '((24, 9), ((1, 1),))', '((26, 3), ((28, 1),))', '((16, 3), ((1, 12),))', '((28, 7), ((1, 1), (1, 12)))', '((28, 3), ((28, 1), (28, 12)))', '((23, 4), ((1, 1),))', '((25, 4), ((28, 1),))', '((26, 5), ((1, 1),))', '((11, 8), ((1, 12),))', '((26, 9), ((28, 1), (28, 12)))', '((23, 12), ((28, 1),))', '((21, 2), ((1, 1), (1, 12)))', '((9, 8), ((1, 12),))', '((27, 1), ((1, 1), (1, 12), (28, 1)))', '((22, 5), ((1, 1), (1, 12)))']",[640 states],71,31,102
641,"((28, 4), ((1, 1), (1, 12), (28, 1)))","((28, 3), ((1, 1), (1, 12), (28, 1)))",North,"[(((28, 5), ((1, 1), (1, 12), (28, 1))), 'North', 95, 7, 102)]","['((20, 12), ((28, 1), (28, 12)))', '((15, 8), ((1, 1),))', '((26, 12), ((28, 12),))', '((26, 6), ((28, 12),))', '((28, 7), ((1, 1), (1, 12)))', '((16, 12), ((1, 1), (1, 12)))', '((26, 10), ((1, 1), (1, 12)))', '((24, 9), ((1, 1),))', '((26, 3), ((28, 1),))', '((16, 3), ((1, 12),))', '((22, 5), ((1, 1), (1, 12)))', '((28, 3), ((28, 1), (28, 12)))', '((23, 4), ((1, 1),))', '((25, 4), ((28, 1),))', '((26, 5), ((1, 1),))', '((11, 8), ((1, 12),))', '((26, 9), ((28, 1), (28, 12)))', '((23, 12), ((28, 1),))', '((21, 2), ((1, 1), (1, 12)))', '((9, 8), ((1, 12),))', '((27, 1), ((1, 1), (1, 12), (28, 1)))']","['((20, 12), ((28, 1), (28, 12)))', '((28, 5), ((1, 1), (1, 12), (28, 1)))', '((26, 12), ((28, 12),))', '((26, 6), ((28, 12),))', '((15, 8), ((1, 1),))', '((16, 12), ((1, 1), (1, 12)))', '((26, 10), ((1, 1), (1, 12)))', '((24, 9), ((1, 1),))', '((26, 3), ((28, 1),))', '((16, 3), ((1, 12),))', '((28, 7), ((1, 1), (1, 12)))', '((28, 3), ((28, 1), (28, 12)))', '((23, 4), ((1, 1),))', '((25, 4), ((28, 1),))', '((26, 5), ((1, 1),))', '((11, 8), ((1, 12),))', '((26, 9), ((28, 1), (28, 12)))', '((23, 12), ((28, 1),))', '((21, 2), ((1, 1), (1, 12)))', '((9, 8), ((1, 12),))', '((27, 1), ((1, 1), (1, 12), (28, 1)))', '((22, 5), ((1, 1), (1, 12)))']",[641 states],94,8,102
642,"((20, 12), ((28, 1), (28, 12)))","((21, 12), ((28, 1), (28, 12)))",West,"[(((19, 12), ((28, 1), (28, 12))), 'West', 73, 29, 102)]","['((28, 5), ((1, 1), (1, 12), (28, 1)))', '((15, 8), ((1, 1),))', '((26, 12), ((28, 12),))', '((26, 6), ((28, 12),))', '((28, 7), ((1, 1), (1, 12)))', '((16, 12), ((1, 1), (1, 12)))', '((26, 10), ((1, 1), (1, 12)))', '((24, 9), ((1, 1),))', '((26, 3), ((28, 1),))', '((16, 3), ((1, 12),))', '((22, 5), ((1, 1), (1, 12)))', '((28, 3), ((28, 1), (28, 12)))', '((23, 4), ((1, 1),))', '((25, 4), ((28, 1),))', '((26, 5), ((1, 1),))', '((11, 8), ((1, 12),))', '((26, 9), ((28, 1), (28, 12)))', '((23, 12), ((28, 1),))', '((21, 2), ((1, 1), (1, 12)))', '((9, 8), ((1, 12),))', '((27, 1), ((1, 1), (1, 12), (28, 1)))']","['((28, 5), ((1, 1), (1, 12), (28, 1)))', '((19, 12), ((28, 1), (28, 12)))', '((26, 12), ((28, 12),))', '((26, 6), ((28, 12),))', '((15, 8), ((1, 1),))', '((16, 12), ((1, 1), (1, 12)))', '((26, 10), ((1, 1), (1, 12)))', '((24, 9), ((1, 1),))', '((26, 3), ((28, 1),))', '((16, 3), ((1, 12),))', '((28, 7), ((1, 1), (1, 12)))', '((28, 3), ((28, 1), (28, 12)))', '((23, 4), ((1, 1),))', '((25, 4), ((28, 1),))', '((26, 5), ((1, 1),))', '((11, 8), ((1, 12),))', '((26, 9), ((28, 1), (28, 12)))', '((23, 12), ((28, 1),))', '((21, 2), ((1, 1), (1, 12)))', '((9, 8), ((1, 12),))', '((27, 1), ((1, 1), (1, 12), (28, 1)))', '((22, 5), ((1, 1), (1, 12)))']",[642 states],72,30,102
643,"((28, 5), ((1, 1), (1, 12), (28, 1)))","((28, 4), ((1, 1), (1, 12), (28, 1)))",North,"[(((28, 6), ((1, 1), (1, 12), (28, 1))), 'North', 96, 6, 102)]","['((19, 12), ((28, 1), (28, 12)))', '((15, 8), ((1, 1),))', '((26, 12), ((28, 12),))', '((26, 6), ((28, 12),))', '((28, 7), ((1, 1), (1, 12)))', '((16, 12), ((1, 1), (1, 12)))', '((26, 10), ((1, 1), (1, 12)))', '((24, 9), ((1, 1),))', '((26, 3), ((28, 1),))', '((16, 3), ((1, 12),))', '((22, 5), ((1, 1), (1, 12)))', '((28, 3), ((28, 1), (28, 12)))', '((23, 4), ((1, 1),))', '((25, 4), ((28, 1),))', '((26, 5), ((1, 1),))', '((11, 8), ((1, 12),))', '((26, 9), ((28, 1), (28, 12)))', '((23, 12), ((28, 1),))', '((21, 2), ((1, 1), (1, 12)))', '((9, 8), ((1, 12),))', '((27, 1), ((1, 1), (1, 12), (28, 1)))']","['((19, 12), ((28, 1), (28, 12)))', '((28, 6), ((1, 1), (1, 12), (28, 1)))', '((26, 12), ((28, 12),))', '((26, 6), ((28, 12),))', '((15, 8), ((1, 1),))', '((16, 12), ((1, 1), (1, 12)))', '((26, 10), ((1, 1), (1, 12)))', '((24, 9), ((1, 1),))', '((26, 3), ((28, 1),))', '((16, 3), ((1, 12),))', '((28, 7), ((1, 1), (1, 12)))', '((28, 3), ((28, 1), (28, 12)))', '((23, 4), ((1, 1),))', '((25, 4), ((28, 1),))', '((26, 5), ((1, 1),))', '((11, 8), ((1, 12),))', '((26, 9), ((28, 1), (28, 12)))', '((23, 12), ((28, 1),))', '((21, 2), ((1, 1), (1, 12)))', '((9, 8), ((1, 12),))', '((27, 1), ((1, 1), (1, 12), (28, 1)))', '((22, 5), ((1, 1), (1, 12)))']",[643 states],95,7,102
644,"((19, 12), ((28, 1), (28, 12)))","((20, 12), ((28, 1), (28, 12)))",West,"[(((18, 12), ((28, 1), (28, 12))), 'West', 74, 28, 102)]","['((28, 6), ((1, 1), (1, 12), (28, 1)))', '((15, 8), ((1, 1),))', '((26, 12), ((28, 12),))', '((26, 6), ((28, 12),))', '((28, 7), ((1, 1), (1, 12)))', '((16, 12), ((1, 1), (1, 12)))', '((26, 10), ((1, 1), (1, 12)))', '((24, 9), ((1, 1),))', '((26, 3), ((28, 1),))', '((16, 3), ((1, 12),))', '((22, 5), ((1, 1), (1, 12)))', '((28, 3), ((28, 1), (28, 12)))', '((23, 4), ((1, 1),))', '((25, 4), ((28, 1),))', '((26, 5), ((1, 1),))', '((11, 8), ((1, 12),))', '((26, 9), ((28, 1), (28, 12)))', '((23, 12), ((28, 1),))', '((21, 2), ((1, 1), (1, 12)))', '((9, 8), ((1, 12),))', '((27, 1), ((1, 1), (1, 12), (28, 1)))']","['((28, 6), ((1, 1), (1, 12), (28, 1)))', '((18, 12), ((28, 1), (28, 12)))', '((26, 12), ((28, 12),))', '((26, 6), ((28, 12),))', '((15, 8), ((1, 1),))', '((16, 12), ((1, 1), (1, 12)))', '((26, 10), ((1, 1), (1, 12)))', '((24, 9), ((1, 1),))', '((26, 3), ((28, 1),))', '((16, 3), ((1, 12),))', '((28, 7), ((1, 1), (1, 12)))', '((28, 3), ((28, 1), (28, 12)))', '((23, 4), ((1, 1),))', '((25, 4), ((28, 1),))', '((26, 5), ((1, 1),))', '((11, 8), ((1, 12),))', '((26, 9), ((28, 1), (28, 12)))', '((23, 12), ((28, 1),))', '((21, 2), ((1, 1), (1, 12)))', '((9, 8), ((1, 12),))', '((27, 1), ((1, 1), (1, 12), (28, 1)))', '((22, 5), ((1, 1), (1, 12)))']",[644 states],73,29,102
645,"((28, 6), ((1, 1), (1, 12), (28, 1)))","((28, 5), ((1, 1), (1, 12), (28, 1)))",North,"[(((28, 7), ((1, 1), (1, 12), (28, 1))), 'North', 97, 5, 102), (((27, 6), ((1, 1), (1, 12), (28, 1))), 'West', 97, 7, 104)]","['((18, 12), ((28, 1), (28, 12)))', '((15, 8), ((1, 1),))', '((26, 12), ((28, 12),))', '((26, 6), ((28, 12),))', '((28, 7), ((1, 1), (1, 12)))', '((16, 12), ((1, 1), (1, 12)))', '((26, 10), ((1, 1), (1, 12)))', '((24, 9), ((1, 1),))', '((26, 3), ((28, 1),))', '((16, 3), ((1, 12),))', '((22, 5), ((1, 1), (1, 12)))', '((28, 3), ((28, 1), (28, 12)))', '((23, 4), ((1, 1),))', '((25, 4), ((28, 1),))', '((26, 5), ((1, 1),))', '((11, 8), ((1, 12),))', '((26, 9), ((28, 1), (28, 12)))', '((23, 12), ((28, 1),))', '((21, 2), ((1, 1), (1, 12)))', '((9, 8), ((1, 12),))', '((27, 1), ((1, 1), (1, 12), (28, 1)))']","['((18, 12), ((28, 1), (28, 12)))', '((28, 7), ((1, 1), (1, 12), (28, 1)))', '((26, 12), ((28, 12),))', '((26, 6), ((28, 12),))', '((15, 8), ((1, 1),))', '((16, 12), ((1, 1), (1, 12)))', '((26, 10), ((1, 1), (1, 12)))', '((24, 9), ((1, 1),))', '((26, 3), ((28, 1),))', '((16, 3), ((1, 12),))', '((28, 7), ((1, 1), (1, 12)))', '((28, 3), ((28, 1), (28, 12)))', '((23, 4), ((1, 1),))', '((25, 4), ((28, 1),))', '((26, 5), ((1, 1),))', '((11, 8), ((1, 12),))', '((26, 9), ((28, 1), (28, 12)))', '((23, 12), ((28, 1),))', '((21, 2), ((1, 1), (1, 12)))', '((9, 8), ((1, 12),))', '((27, 1), ((1, 1), (1, 12), (28, 1)))', '((22, 5), ((1, 1), (1, 12)))', '((27, 6), ((1, 1), (1, 12), (28, 1)))']",[645 states],96,6,102
646,"((18, 12), ((28, 1), (28, 12)))","((19, 12), ((28, 1), (28, 12)))",West,"[(((18, 11), ((28, 1), (28, 12))), 'South', 75, 29, 104), (((17, 12), ((28, 1), (28, 12))), 'West', 75, 27, 102)]","['((28, 7), ((1, 1), (1, 12), (28, 1)))', '((15, 8), ((1, 1),))', '((26, 12), ((28, 12),))', '((26, 6), ((28, 12),))', '((28, 7), ((1, 1), (1, 12)))', '((16, 12), ((1, 1), (1, 12)))', '((26, 10), ((1, 1), (1, 12)))', '((24, 9), ((1, 1),))', '((26, 3), ((28, 1),))', '((16, 3), ((1, 12),))', '((22, 5), ((1, 1), (1, 12)))', '((28, 3), ((28, 1), (28, 12)))', '((23, 4), ((1, 1),))', '((25, 4), ((28, 1),))', '((26, 5), ((1, 1),))', '((11, 8), ((1, 12),))', '((26, 9), ((28, 1), (28, 12)))', '((23, 12), ((28, 1),))', '((21, 2), ((1, 1), (1, 12)))', '((9, 8), ((1, 12),))', '((27, 1), ((1, 1), (1, 12), (28, 1)))', '((27, 6), ((1, 1), (1, 12), (28, 1)))']","['((28, 7), ((1, 1), (1, 12), (28, 1)))', '((15, 8), ((1, 1),))', '((17, 12), ((28, 1), (28, 12)))', '((26, 6), ((28, 12),))', '((28, 7), ((1, 1), (1, 12)))', '((26, 12), ((28, 12),))', '((26, 10), ((1, 1), (1, 12)))', '((24, 9), ((1, 1),))', '((26, 3), ((28, 1),))', '((16, 3), ((1, 12),))', '((22, 5), ((1, 1), (1, 12)))', '((16, 12), ((1, 1), (1, 12)))', '((23, 4), ((1, 1),))', '((25, 4), ((28, 1),))', '((26, 5), ((1, 1),))', '((11, 8), ((1, 12),))', '((26, 9), ((28, 1), (28, 12)))', '((23, 12), ((28, 1),))', '((21, 2), ((1, 1), (1, 12)))', '((9, 8), ((1, 12),))', '((27, 1), ((1, 1), (1, 12), (28, 1)))', '((27, 6), ((1, 1), (1, 12), (28, 1)))', '((18, 11), ((28, 1), (28, 12)))', '((28, 3), ((28, 1), (28, 12)))']",[646 states],74,28,102
647,"((28, 7), ((1, 1), (1, 12), (28, 1)))","((28, 6), ((1, 1), (1, 12), (28, 1)))",North,"[(((28, 8), ((1, 1), (1, 12), (28, 1))), 'North', 98, 4, 102)]","['((17, 12), ((28, 1), (28, 12)))', '((15, 8), ((1, 1),))', '((26, 12), ((28, 12),))', '((26, 6), ((28, 12),))', '((28, 7), ((1, 1), (1, 12)))', '((16, 12), ((1, 1), (1, 12)))', '((26, 10), ((1, 1), (1, 12)))', '((24, 9), ((1, 1),))', '((26, 3), ((28, 1),))', '((16, 3), ((1, 12),))', '((22, 5), ((1, 1), (1, 12)))', '((28, 3), ((28, 1), (28, 12)))', '((23, 4), ((1, 1),))', '((25, 4), ((28, 1),))', '((26, 5), ((1, 1),))', '((11, 8), ((1, 12),))', '((26, 9), ((28, 1), (28, 12)))', '((23, 12), ((28, 1),))', '((21, 2), ((1, 1), (1, 12)))', '((9, 8), ((1, 12),))', '((27, 1), ((1, 1), (1, 12), (28, 1)))', '((27, 6), ((1, 1), (1, 12), (28, 1)))', '((18, 11), ((28, 1), (28, 12)))']","['((17, 12), ((28, 1), (28, 12)))', '((15, 8), ((1, 1),))', '((28, 8), ((1, 1), (1, 12), (28, 1)))', '((26, 6), ((28, 12),))', '((28, 7), ((1, 1), (1, 12)))', '((26, 12), ((28, 12),))', '((26, 10), ((1, 1), (1, 12)))', '((24, 9), ((1, 1),))', '((26, 3), ((28, 1),))', '((16, 3), ((1, 12),))', '((22, 5), ((1, 1), (1, 12)))', '((16, 12), ((1, 1), (1, 12)))', '((23, 4), ((1, 1),))', '((25, 4), ((28, 1),))', '((26, 5), ((1, 1),))', '((11, 8), ((1, 12),))', '((26, 9), ((28, 1), (28, 12)))', '((23, 12), ((28, 1),))', '((21, 2), ((1, 1), (1, 12)))', '((9, 8), ((1, 12),))', '((27, 1), ((1, 1), (1, 12), (28, 1)))', '((27, 6), ((1, 1), (1, 12), (28, 1)))', '((18, 11), ((28, 1), (28, 12)))', '((28, 3), ((28, 1), (28, 12)))']",[647 states],97,5,102
648,"((17, 12), ((28, 1), (28, 12)))","((18, 12), ((28, 1), (28, 12)))",West,"[(((16, 12), ((28, 1), (28, 12))), 'West', 76, 26, 102)]","['((28, 8), ((1, 1), (1, 12), (28, 1)))', '((15, 8), ((1, 1),))', '((26, 12), ((28, 12),))', '((26, 6), ((28, 12),))', '((28, 7), ((1, 1), (1, 12)))', '((16, 12), ((1, 1), (1, 12)))', '((26, 10), ((1, 1), (1, 12)))', '((24, 9), ((1, 1),))', '((26, 3), ((28, 1),))', '((16, 3), ((1, 12),))', '((22, 5), ((1, 1), (1, 12)))', '((28, 3), ((28, 1), (28, 12)))', '((23, 4), ((1, 1),))', '((25, 4), ((28, 1),))', '((26, 5), ((1, 1),))', '((11, 8), ((1, 12),))', '((26, 9), ((28, 1), (28, 12)))', '((23, 12), ((28, 1),))', '((21, 2), ((1, 1), (1, 12)))', '((9, 8), ((1, 12),))', '((27, 1), ((1, 1), (1, 12), (28, 1)))', '((27, 6), ((1, 1), (1, 12), (28, 1)))', '((18, 11), ((28, 1), (28, 12)))']","['((28, 8), ((1, 1), (1, 12), (28, 1)))', '((15, 8), ((1, 1),))', '((16, 12), ((28, 1), (28, 12)))', '((26, 6), ((28, 12),))', '((28, 7), ((1, 1), (1, 12)))', '((26, 12), ((28, 12),))', '((26, 10), ((1, 1), (1, 12)))', '((24, 9), ((1, 1),))', '((26, 3), ((28, 1),))', '((16, 3), ((1, 12),))', '((22, 5), ((1, 1), (1, 12)))', '((16, 12), ((1, 1), (1, 12)))', '((23, 4), ((1, 1),))', '((25, 4), ((28, 1),))', '((26, 5), ((1, 1),))', '((11, 8), ((1, 12),))', '((26, 9), ((28, 1), (28, 12)))', '((23, 12), ((28, 1),))', '((21, 2), ((1, 1), (1, 12)))', '((9, 8), ((1, 12),))', '((27, 1), ((1, 1), (1, 12), (28, 1)))', '((27, 6), ((1, 1), (1, 12), (28, 1)))', '((18, 11), ((28, 1), (28, 12)))', '((28, 3), ((28, 1), (28, 12)))']",[648 states],75,27,102
649,"((28, 8), ((1, 1), (1, 12), (28, 1)))","((28, 7), ((1, 1), (1, 12), (28, 1)))",North,"[(((27, 8), ((1, 1), (1, 12), (28, 1))), 'West', 99, 5, 104)]","['((16, 12), ((28, 1), (28, 12)))', '((15, 8), ((1, 1),))', '((26, 12), ((28, 12),))', '((26, 6), ((28, 12),))', '((28, 7), ((1, 1), (1, 12)))', '((16, 12), ((1, 1), (1, 12)))', '((26, 10), ((1, 1), (1, 12)))', '((24, 9), ((1, 1),))', '((26, 3), ((28, 1),))', '((16, 3), ((1, 12),))', '((22, 5), ((1, 1), (1, 12)))', '((28, 3), ((28, 1), (28, 12)))', '((23, 4), ((1, 1),))', '((25, 4), ((28, 1),))', '((26, 5), ((1, 1),))', '((11, 8), ((1, 12),))', '((26, 9), ((28, 1), (28, 12)))', '((23, 12), ((28, 1),))', '((21, 2), ((1, 1), (1, 12)))', '((9, 8), ((1, 12),))', '((27, 1), ((1, 1), (1, 12), (28, 1)))', '((27, 6), ((1, 1), (1, 12), (28, 1)))', '((18, 11), ((28, 1), (28, 12)))']","['((16, 12), ((28, 1), (28, 12)))', '((15, 8), ((1, 1),))', '((26, 12), ((28, 12),))', '((26, 6), ((28, 12),))', '((28, 7), ((1, 1), (1, 12)))', '((16, 12), ((1, 1), (1, 12)))', '((26, 10), ((1, 1), (1, 12)))', '((24, 9), ((1, 1),))', '((26, 3), ((28, 1),))', '((16, 3), ((1, 12),))', '((22, 5), ((1, 1), (1, 12)))', '((28, 3), ((28, 1), (28, 12)))', '((23, 4), ((1, 1),))', '((25, 4), ((28, 1),))', '((26, 5), ((1, 1),))', '((11, 8), ((1, 12),))', '((26, 9), ((28, 1), (28, 12)))', '((23, 12), ((28, 1),))', '((21, 2), ((1, 1), (1, 12)))', '((9, 8), ((1, 12),))', '((27, 1), ((1, 1), (1, 12), (28, 1)))', '((27, 6), ((1, 1), (1, 12), (28, 1)))', '((18, 11), ((28, 1), (28, 12)))', '((27, 8), ((1, 1), (1, 12), (28, 1)))']",[649 states],98,4,102
650,"((16, 12), ((28, 1), (28, 12)))","((17, 12), ((28, 1), (28, 12)))",West,"[(((15, 12), ((28, 1), (28, 12))), 'West', 77, 25, 102)]","['((15, 8), ((1, 1),))', '((26, 6), ((28, 12),))', '((26, 12), ((28, 12),))', '((24, 9), ((1, 1),))', '((28, 7), ((1, 1), (1, 12)))', '((16, 12), ((1, 1), (1, 12)))', '((26, 10), ((1, 1), (1, 12)))', '((11, 8), ((1, 12),))', '((26, 3), ((28, 1),))', '((16, 3), ((1, 12),))', '((22, 5), ((1, 1), (1, 12)))', '((28, 3), ((28, 1), (28, 12)))', '((23, 4), ((1, 1),))', '((25, 4), ((28, 1),))', '((26, 5), ((1, 1),))', '((27, 8), ((1, 1), (1, 12), (28, 1)))', '((26, 9), ((28, 1), (28, 12)))', '((23, 12), ((28, 1),))', '((21, 2), ((1, 1), (1, 12)))', '((9, 8), ((1, 12),))', '((27, 1), ((1, 1), (1, 12), (28, 1)))', '((27, 6), ((1, 1), (1, 12), (28, 1)))', '((18, 11), ((28, 1), (28, 12)))']","['((15, 12), ((28, 1), (28, 12)))', '((26, 6), ((28, 12),))', '((15, 8), ((1, 1),))', '((24, 9), ((1, 1),))', '((28, 7), ((1, 1), (1, 12)))', '((26, 12), ((28, 12),))', '((26, 10), ((1, 1), (1, 12)))', '((11, 8), ((1, 12),))', '((26, 3), ((28, 1),))', '((16, 3), ((1, 12),))', '((22, 5), ((1, 1), (1, 12)))', '((16, 12), ((1, 1), (1, 12)))', '((23, 4), ((1, 1),))', '((25, 4), ((28, 1),))', '((26, 5), ((1, 1),))', '((27, 8), ((1, 1), (1, 12), (28, 1)))', '((26, 9), ((28, 1), (28, 12)))', '((23, 12), ((28, 1),))', '((21, 2), ((1, 1), (1, 12)))', '((9, 8), ((1, 12),))', '((27, 1), ((1, 1), (1, 12), (28, 1)))', '((27, 6), ((1, 1), (1, 12), (28, 1)))', '((18, 11), ((28, 1), (28, 12)))', '((28, 3), ((28, 1), (28, 12)))']",[650 states],76,26,102
651,"((15, 12), ((28, 1), (28, 12)))","((16, 12), ((28, 1), (28, 12)))",West,"[(((14, 12), ((28, 1), (28, 12))), 'West', 78, 24, 102)]","['((15, 8), ((1, 1),))', '((26, 6), ((28, 12),))', '((26, 12), ((28, 12),))', '((24, 9), ((1, 1),))', '((28, 7), ((1, 1), (1, 12)))', '((16, 12), ((1, 1), (1, 12)))', '((26, 10), ((1, 1), (1, 12)))', '((11, 8), ((1, 12),))', '((26, 3), ((28, 1),))', '((16, 3), ((1, 12),))', '((22, 5), ((1, 1), (1, 12)))', '((28, 3), ((28, 1), (28, 12)))', '((23, 4), ((1, 1),))', '((25, 4), ((28, 1),))', '((26, 5), ((1, 1),))', '((27, 8), ((1, 1), (1, 12), (28, 1)))', '((26, 9), ((28, 1), (28, 12)))', '((23, 12), ((28, 1),))', '((21, 2), ((1, 1), (1, 12)))', '((9, 8), ((1, 12),))', '((27, 1), ((1, 1), (1, 12), (28, 1)))', '((27, 6), ((1, 1), (1, 12), (28, 1)))', '((18, 11), ((28, 1), (28, 12)))']","['((14, 12), ((28, 1), (28, 12)))', '((26, 6), ((28, 12),))', '((15, 8), ((1, 1),))', '((24, 9), ((1, 1),))', '((28, 7), ((1, 1), (1, 12)))', '((26, 12), ((28, 12),))', '((26, 10), ((1, 1), (1, 12)))', '((11, 8), ((1, 12),))', '((26, 3), ((28, 1),))', '((16, 3), ((1, 12),))', '((22, 5), ((1, 1), (1, 12)))', '((16, 12), ((1, 1), (1, 12)))', '((23, 4), ((1, 1),))', '((25, 4), ((28, 1),))', '((26, 5), ((1, 1),))', '((27, 8), ((1, 1), (1, 12), (28, 1)))', '((26, 9), ((28, 1), (28, 12)))', '((23, 12), ((28, 1),))', '((21, 2), ((1, 1), (1, 12)))', '((9, 8), ((1, 12),))', '((27, 1), ((1, 1), (1, 12), (28, 1)))', '((27, 6), ((1, 1), (1, 12), (28, 1)))', '((18, 11), ((28, 1), (28, 12)))', '((28, 3), ((28, 1), (28, 12)))']",[651 states],77,25,102
652,"((14, 12), ((28, 1), (28, 12)))","((15, 12), ((28, 1), (28, 12)))",West,"[(((13, 12), ((28, 1), (28, 12))), 'West', 79, 23, 102)]","['((15, 8), ((1, 1),))', '((26, 6), ((28, 12),))', '((26, 12), ((28, 12),))', '((24, 9), ((1, 1),))', '((28, 7), ((1, 1), (1, 12)))', '((16, 12), ((1, 1), (1, 12)))', '((26, 10), ((1, 1), (1, 12)))', '((11, 8), ((1, 12),))', '((26, 3), ((28, 1),))', '((16, 3), ((1, 12),))', '((22, 5), ((1, 1), (1, 12)))', '((28, 3), ((28, 1), (28, 12)))', '((23, 4), ((1, 1),))', '((25, 4), ((28, 1),))', '((26, 5), ((1, 1),))', '((27, 8), ((1, 1), (1, 12), (28, 1)))', '((26, 9), ((28, 1), (28, 12)))', '((23, 12), ((28, 1),))', '((21, 2), ((1, 1), (1, 12)))', '((9, 8), ((1, 12),))', '((27, 1), ((1, 1), (1, 12), (28, 1)))', '((27, 6), ((1, 1), (1, 12), (28, 1)))', '((18, 11), ((28, 1), (28, 12)))']","['((13, 12), ((28, 1), (28, 12)))', '((26, 6), ((28, 12),))', '((15, 8), ((1, 1),))', '((24, 9), ((1, 1),))', '((28, 7), ((1, 1), (1, 12)))', '((26, 12), ((28, 12),))', '((26, 10), ((1, 1), (1, 12)))', '((11, 8), ((1, 12),))', '((26, 3), ((28, 1),))', '((16, 3), ((1, 12),))', '((22, 5), ((1, 1), (1, 12)))', '((16, 12), ((1, 1), (1, 12)))', '((23, 4), ((1, 1),))', '((25, 4), ((28, 1),))', '((26, 5), ((1, 1),))', '((27, 8), ((1, 1), (1, 12), (28, 1)))', '((26, 9), ((28, 1), (28, 12)))', '((23, 12), ((28, 1),))', '((21, 2), ((1, 1), (1, 12)))', '((9, 8), ((1, 12),))', '((27, 1), ((1, 1), (1, 12), (28, 1)))', '((27, 6), ((1, 1), (1, 12), (28, 1)))', '((18, 11), ((28, 1), (28, 12)))', '((28, 3), ((28, 1), (28, 12)))']",[652 states],78,24,102
653,"((13, 12), ((28, 1), (28, 12)))","((14, 12), ((28, 1), (28, 12)))",West,[],"['((15, 8), ((1, 1),))', '((26, 6), ((28, 12),))', '((26, 12), ((28, 12),))', '((24, 9), ((1, 1),))', '((28, 7), ((1, 1), (1, 12)))', '((16, 12), ((1, 1), (1, 12)))', '((26, 10), ((1, 1), (1, 12)))', '((11, 8), ((1, 12),))', '((26, 3), ((28, 1),))', '((16, 3), ((1, 12),))', '((22, 5), ((1, 1), (1, 12)))', '((28, 3), ((28, 1), (28, 12)))', '((23, 4), ((1, 1),))', '((25, 4), ((28, 1),))', '((26, 5), ((1, 1),))', '((27, 8), ((1, 1), (1, 12), (28, 1)))', '((26, 9), ((28, 1), (28, 12)))', '((23, 12), ((28, 1),))', '((21, 2), ((1, 1), (1, 12)))', '((9, 8), ((1, 12),))', '((27, 1), ((1, 1), (1, 12), (28, 1)))', '((27, 6), ((1, 1), (1, 12), (28, 1)))', '((18, 11), ((28, 1), (28, 12)))']","['((15, 8), ((1, 1),))', '((26, 6), ((28, 12),))', '((26, 12), ((28, 12),))', '((24, 9), ((1, 1),))', '((28, 7), ((1, 1), (1, 12)))', '((16, 12), ((1, 1), (1, 12)))', '((26, 10), ((1, 1), (1, 12)))', '((11, 8), ((1, 12),))', '((26, 3), ((28, 1),))', '((16, 3), ((1, 12),))', '((22, 5), ((1, 1), (1, 12)))', '((28, 3), ((28, 1), (28, 12)))', '((23, 4), ((1, 1),))', '((25, 4), ((28, 1),))', '((26, 5), ((1, 1),))', '((27, 8), ((1, 1), (1, 12), (28, 1)))', '((26, 9), ((28, 1), (28, 12)))', '((23, 12), ((28, 1),))', '((21, 2), ((1, 1), (1, 12)))', '((9, 8), ((1, 12),))', '((27, 1), ((1, 1), (1, 12), (28, 1)))', '((27, 6), ((1, 1), (1, 12), (28, 1)))', '((18, 11), ((28, 1), (28, 12)))']",[653 states],79,23,102
654,"((15, 8), ((1, 1),))","((15, 9), ((1, 1),))",South,"[(((16, 8), ((1, 1),)), 'East', 48, 57, 105)]","['((26, 12), ((28, 12),))', '((26, 6), ((28, 12),))', '((16, 12), ((1, 1), (1, 12)))', '((24, 9), ((1, 1),))', '((28, 7), ((1, 1), (1, 12)))', '((28, 3), ((28, 1), (28, 12)))', '((26, 10), ((1, 1), (1, 12)))', '((11, 8), ((1, 12),))', '((26, 3), ((28, 1),))', '((16, 3), ((1, 12),))', '((22, 5), ((1, 1), (1, 12)))', '((18, 11), ((28, 1), (28, 12)))', '((23, 4), ((1, 1),))', '((25, 4), ((28, 1),))', '((26, 5), ((1, 1),))', '((27, 8), ((1, 1), (1, 12), (28, 1)))', '((26, 9), ((28, 1), (28, 12)))', '((23, 12), ((28, 1),))', '((21, 2), ((1, 1), (1, 12)))', '((9, 8), ((1, 12),))', '((27, 1), ((1, 1), (1, 12), (28, 1)))', '((27, 6), ((1, 1), (1, 12), (28, 1)))']","['((26, 12), ((28, 12),))', '((26, 6), ((28, 12),))', '((16, 12), ((1, 1), (1, 12)))', '((24, 9), ((1, 1),))', '((28, 7), ((1, 1), (1, 12)))', '((28, 3), ((28, 1), (28, 12)))', '((26, 10), ((1, 1), (1, 12)))', '((11, 8), ((1, 12),))', '((26, 3), ((28, 1),))', '((16, 3), ((1, 12),))', '((22, 5), ((1, 1), (1, 12)))', '((18, 11), ((28, 1), (28, 12)))', '((23, 4), ((1, 1),))', '((25, 4), ((28, 1),))', '((26, 5), ((1, 1),))', '((27, 8), ((1, 1), (1, 12), (28, 1)))', '((26, 9), ((28, 1), (28, 12)))', '((23, 12), ((28, 1),))', '((21, 2), ((1, 1), (1, 12)))', '((9, 8), ((1, 12),))', '((27, 1), ((1, 1), (1, 12), (28, 1)))', '((27, 6), ((1, 1), (1, 12), (28, 1)))', '((16, 8), ((1, 1),))']",[654 states],47,56,103
655,"((26, 12), ((28, 12),))","((26, 11), ((28, 12),))",North,"[(((25, 12), ((28, 12),)), 'West', 53, 52, 105)]","['((26, 6), ((28, 12),))', '((24, 9), ((1, 1),))', '((16, 12), ((1, 1), (1, 12)))', '((26, 3), ((28, 1),))', '((28, 7), ((1, 1), (1, 12)))', '((28, 3), ((28, 1), (28, 12)))', '((26, 10), ((1, 1), (1, 12)))', '((11, 8), ((1, 12),))', '((23, 12), ((28, 1),))', '((16, 3), ((1, 12),))', '((22, 5), ((1, 1), (1, 12)))', '((18, 11), ((28, 1), (28, 12)))', '((23, 4), ((1, 1),))', '((25, 4), ((28, 1),))', '((26, 5), ((1, 1),))', '((27, 8), ((1, 1), (1, 12), (28, 1)))', '((26, 9), ((28, 1), (28, 12)))', '((16, 8), ((1, 1),))', '((21, 2), ((1, 1), (1, 12)))', '((9, 8), ((1, 12),))', '((27, 1), ((1, 1), (1, 12), (28, 1)))', '((27, 6), ((1, 1), (1, 12), (28, 1)))']","['((26, 6), ((28, 12),))', '((24, 9), ((1, 1),))', '((16, 12), ((1, 1), (1, 12)))', '((26, 3), ((28, 1),))', '((28, 7), ((1, 1), (1, 12)))', '((28, 3), ((28, 1), (28, 12)))', '((26, 10), ((1, 1), (1, 12)))', '((11, 8), ((1, 12),))', '((23, 12), ((28, 1),))', '((16, 3), ((1, 12),))', '((22, 5), ((1, 1), (1, 12)))', '((18, 11), ((28, 1), (28, 12)))', '((23, 4), ((1, 1),))', '((25, 4), ((28, 1),))', '((26, 5), ((1, 1),))', '((27, 8), ((1, 1), (1, 12), (28, 1)))', '((26, 9), ((28, 1), (28, 12)))', '((16, 8), ((1, 1),))', '((21, 2), ((1, 1), (1, 12)))', '((9, 8), ((1, 12),))', '((27, 1), ((1, 1), (1, 12), (28, 1)))', '((27, 6), ((1, 1), (1, 12), (28, 1)))', '((25, 12), ((28, 12),))']",[655 states],52,51,103
656,"((26, 6), ((28, 12),))","((27, 6), ((28, 12),))",West,"[(((26, 5), ((28, 12),)), 'South', 59, 44, 103)]","['((16, 12), ((1, 1), (1, 12)))', '((24, 9), ((1, 1),))', '((28, 3), ((28, 1), (28, 12)))', '((26, 3), ((28, 1),))', '((28, 7), ((1, 1), (1, 12)))', '((23, 4), ((1, 1),))', '((26, 10), ((1, 1), (1, 12)))', '((11, 8), ((1, 12),))', '((23, 12), ((28, 1),))', '((16, 3), ((1, 12),))', '((22, 5), ((1, 1), (1, 12)))', '((18, 11), ((28, 1), (28, 12)))', '((25, 12), ((28, 12),))', '((25, 4), ((28, 1),))', '((26, 5), ((1, 1),))', '((27, 8), ((1, 1), (1, 12), (28, 1)))', '((26, 9), ((28, 1), (28, 12)))', '((16, 8), ((1, 1),))', '((21, 2), ((1, 1), (1, 12)))', '((9, 8), ((1, 12),))', '((27, 1), ((1, 1), (1, 12), (28, 1)))', '((27, 6), ((1, 1), (1, 12), (28, 1)))']","['((16, 12), ((1, 1), (1, 12)))', '((24, 9), ((1, 1),))', '((28, 3), ((28, 1), (28, 12)))', '((26, 3), ((28, 1),))', '((28, 7), ((1, 1), (1, 12)))', '((23, 4), ((1, 1),))', '((26, 10), ((1, 1), (1, 12)))', '((11, 8), ((1, 12),))', '((23, 12), ((28, 1),))', '((16, 3), ((1, 12),))', '((26, 5), ((28, 12),))', '((18, 11), ((28, 1), (28, 12)))', '((25, 12), ((28, 12),))', '((25, 4), ((28, 1),))', '((26, 5), ((1, 1),))', '((27, 8), ((1, 1), (1, 12), (28, 1)))', '((26, 9), ((28, 1), (28, 12)))', '((16, 8), ((1, 1),))', '((21, 2), ((1, 1), (1, 12)))', '((9, 8), ((1, 12),))', '((27, 1), ((1, 1), (1, 12), (28, 1)))', '((27, 6), ((1, 1), (1, 12), (28, 1)))', '((22, 5), ((1, 1), (1, 12)))']",[656 states],58,45,103
657,"((16, 12), ((1, 1), (1, 12)))","((17, 12), ((1, 1), (1, 12)))",West,"[(((15, 12), ((1, 1), (1, 12))), 'West', 81, 24, 105)]","['((28, 3), ((28, 1), (28, 12)))', '((24, 9), ((1, 1),))', '((26, 10), ((1, 1), (1, 12)))', '((26, 3), ((28, 1),))', '((28, 7), ((1, 1), (1, 12)))', '((23, 4), ((1, 1),))', '((26, 5), ((1, 1),))', '((11, 8), ((1, 12),))', '((23, 12), ((28, 1),))', '((16, 3), ((1, 12),))', '((26, 5), ((28, 12),))', '((18, 11), ((28, 1), (28, 12)))', '((25, 12), ((28, 12),))', '((25, 4), ((28, 1),))', '((22, 5), ((1, 1), (1, 12)))', '((27, 8), ((1, 1), (1, 12), (28, 1)))', '((26, 9), ((28, 1), (28, 12)))', '((16, 8), ((1, 1),))', '((21, 2), ((1, 1), (1, 12)))', '((9, 8), ((1, 12),))', '((27, 1), ((1, 1), (1, 12), (28, 1)))', '((27, 6), ((1, 1), (1, 12), (28, 1)))']","['((28, 3), ((28, 1), (28, 12)))', '((24, 9), ((1, 1),))', '((26, 10), ((1, 1), (1, 12)))', '((26, 3), ((28, 1),))', '((28, 7), ((1, 1), (1, 12)))', '((23, 4), ((1, 1),))', '((26, 5), ((1, 1),))', '((11, 8), ((1, 12),))', '((23, 12), ((28, 1),))', '((16, 3), ((1, 12),))', '((26, 5), ((28, 12),))', '((18, 11), ((28, 1), (28, 12)))', '((25, 12), ((28, 12),))', '((25, 4), ((28, 1),))', '((22, 5), ((1, 1), (1, 12)))', '((27, 8), ((1, 1), (1, 12), (28, 1)))', '((26, 9), ((28, 1), (28, 12)))', '((16, 8), ((1, 1),))', '((21, 2), ((1, 1), (1, 12)))', '((9, 8), ((1, 12),))', '((27, 1), ((1, 1), (1, 12), (28, 1)))', '((27, 6), ((1, 1), (1, 12), (28, 1)))', '((15, 12), ((1, 1), (1, 12)))']",[657 states],80,23,103
658,"((28, 3), ((28, 1), (28, 12)))","((28, 2), ((28, 1), (28, 12)))",North,"[(((28, 4), ((28, 1), (28, 12))), 'North', 64, 41, 105)]","['((26, 10), ((1, 1), (1, 12)))', '((24, 9), ((1, 1),))', '((23, 4), ((1, 1),))', '((26, 3), ((28, 1),))', '((28, 7), ((1, 1), (1, 12)))', '((18, 11), ((28, 1), (28, 12)))', '((26, 5), ((1, 1),))', '((11, 8), ((1, 12),))', '((23, 12), ((28, 1),))', '((16, 3), ((1, 12),))', '((26, 5), ((28, 12),))', '((15, 12), ((1, 1), (1, 12)))', '((25, 12), ((28, 12),))', '((25, 4), ((28, 1),))', '((22, 5), ((1, 1), (1, 12)))', '((27, 8), ((1, 1), (1, 12), (28, 1)))', '((26, 9), ((28, 1), (28, 12)))', '((16, 8), ((1, 1),))', '((21, 2), ((1, 1), (1, 12)))', '((9, 8), ((1, 12),))', '((27, 1), ((1, 1), (1, 12), (28, 1)))', '((27, 6), ((1, 1), (1, 12), (28, 1)))']","['((26, 10), ((1, 1), (1, 12)))', '((24, 9), ((1, 1),))', '((23, 4), ((1, 1),))', '((26, 3), ((28, 1),))', '((28, 7), ((1, 1), (1, 12)))', '((18, 11), ((28, 1), (28, 12)))', '((26, 5), ((1, 1),))', '((11, 8), ((1, 12),))', '((23, 12), ((28, 1),))', '((16, 3), ((1, 12),))', '((26, 5), ((28, 12),))', '((15, 12), ((1, 1), (1, 12)))', '((25, 12), ((28, 12),))', '((25, 4), ((28, 1),))', '((22, 5), ((1, 1), (1, 12)))', '((27, 8), ((1, 1), (1, 12), (28, 1)))', '((26, 9), ((28, 1), (28, 12)))', '((16, 8), ((1, 1),))', '((21, 2), ((1, 1), (1, 12)))', '((9, 8), ((1, 12),))', '((27, 1), ((1, 1), (1, 12), (28, 1)))', '((27, 6), ((1, 1), (1, 12), (28, 1)))', '((28, 4), ((28, 1), (28, 12)))']",[658 states],63,40,103
659,"((26, 10), ((1, 1), (1, 12)))","((26, 11), ((1, 1), (1, 12)))",South,"[(((27, 10), ((1, 1), (1, 12))), 'East', 89, 14, 103), (((26, 9), ((1, 1), (1, 12))), 'South', 89, 16, 105)]","['((24, 9), ((1, 1),))', '((28, 7), ((1, 1), (1, 12)))', '((23, 4), ((1, 1),))', '((26, 3), ((28, 1),))', '((26, 5), ((28, 12),))', '((18, 11), ((28, 1), (28, 12)))', '((26, 5), ((1, 1),))', '((11, 8), ((1, 12),))', '((23, 12), ((28, 1),))', '((16, 3), ((1, 12),))', '((27, 6), ((1, 1), (1, 12), (28, 1)))', '((15, 12), ((1, 1), (1, 12)))', '((25, 12), ((28, 12),))', '((25, 4), ((28, 1),))', '((22, 5), ((1, 1), (1, 12)))', '((27, 8), ((1, 1), (1, 12), (28, 1)))', '((26, 9), ((28, 1), (28, 12)))', '((16, 8), ((1, 1),))', '((21, 2), ((1, 1), (1, 12)))', '((9, 8), ((1, 12),))', '((27, 1), ((1, 1), (1, 12), (28, 1)))', '((28, 4), ((28, 1), (28, 12)))']","['((24, 9), ((1, 1),))', '((28, 7), ((1, 1), (1, 12)))', '((23, 4), ((1, 1),))', '((26, 3), ((28, 1),))', '((26, 5), ((28, 12),))', '((18, 11), ((28, 1), (28, 12)))', '((26, 5), ((1, 1),))', '((11, 8), ((1, 12),))', '((23, 12), ((28, 1),))', '((16, 3), ((1, 12),))', '((27, 10), ((1, 1), (1, 12)))', '((15, 12), ((1, 1), (1, 12)))', '((25, 12), ((28, 12),))', '((25, 4), ((28, 1),))', '((22, 5), ((1, 1), (1, 12)))', '((27, 8), ((1, 1), (1, 12), (28, 1)))', '((26, 9), ((28, 1), (28, 12)))', '((16, 8), ((1, 1),))', '((21, 2), ((1, 1), (1, 12)))', '((9, 8), ((1, 12),))', '((27, 1), ((1, 1), (1, 12), (28, 1)))', '((28, 4), ((28, 1), (28, 12)))', '((27, 6), ((1, 1), (1, 12), (28, 1)))', '((26, 9), ((1, 1), (1, 12)))']",[659 states],88,15,103
660,"((24, 9), ((1, 1),))","((24, 8), ((1, 1),))",North,"[(((24, 10), ((1, 1),)), 'North', 54, 51, 105)]","['((23, 4), ((1, 1),))', '((28, 7), ((1, 1), (1, 12)))', '((26, 5), ((1, 1),))', '((26, 3), ((28, 1),))', '((26, 5), ((28, 12),))', '((18, 11), ((28, 1), (28, 12)))', '((25, 4), ((28, 1),))', '((11, 8), ((1, 12),))', '((23, 12), ((28, 1),))', '((16, 3), ((1, 12),))', '((27, 10), ((1, 1), (1, 12)))', '((15, 12), ((1, 1), (1, 12)))', '((25, 12), ((28, 12),))', '((26, 9), ((1, 1), (1, 12)))', '((22, 5), ((1, 1), (1, 12)))', '((27, 8), ((1, 1), (1, 12), (28, 1)))', '((26, 9), ((28, 1), (28, 12)))', '((16, 8), ((1, 1),))', '((21, 2), ((1, 1), (1, 12)))', '((9, 8), ((1, 12),))', '((27, 1), ((1, 1), (1, 12), (28, 1)))', '((28, 4), ((28, 1), (28, 12)))', '((27, 6), ((1, 1), (1, 12), (28, 1)))']","['((23, 4), ((1, 1),))', '((28, 7), ((1, 1), (1, 12)))', '((26, 5), ((1, 1),))', '((26, 3), ((28, 1),))', '((26, 5), ((28, 12),))', '((18, 11), ((28, 1), (28, 12)))', '((25, 4), ((28, 1),))', '((11, 8), ((1, 12),))', '((23, 12), ((28, 1),))', '((16, 3), ((1, 12),))', '((27, 10), ((1, 1), (1, 12)))', '((15, 12), ((1, 1), (1, 12)))', '((25, 12), ((28, 12),))', '((26, 9), ((1, 1), (1, 12)))', '((22, 5), ((1, 1), (1, 12)))', '((27, 8), ((1, 1), (1, 12), (28, 1)))', '((26, 9), ((28, 1), (28, 12)))', '((16, 8), ((1, 1),))', '((21, 2), ((1, 1), (1, 12)))', '((9, 8), ((1, 12),))', '((27, 1), ((1, 1), (1, 12), (28, 1)))', '((28, 4), ((28, 1), (28, 12)))', '((27, 6), ((1, 1), (1, 12), (28, 1)))', '((24, 10), ((1, 1),))']",[660 states],53,50,103
661,"((23, 4), ((1, 1),))","((24, 4), ((1, 1),))",West,"[(((22, 4), ((1, 1),)), 'West', 58, 47, 105)]","['((26, 5), ((1, 1),))', '((28, 7), ((1, 1), (1, 12)))', '((25, 4), ((28, 1),))', '((26, 3), ((28, 1),))', '((26, 5), ((28, 12),))', '((18, 11), ((28, 1), (28, 12)))', '((22, 5), ((1, 1), (1, 12)))', '((11, 8), ((1, 12),))', '((23, 12), ((28, 1),))', '((16, 3), ((1, 12),))', '((27, 10), ((1, 1), (1, 12)))', '((15, 12), ((1, 1), (1, 12)))', '((25, 12), ((28, 12),))', '((26, 9), ((1, 1), (1, 12)))', '((24, 10), ((1, 1),))', '((27, 8), ((1, 1), (1, 12), (28, 1)))', '((26, 9), ((28, 1), (28, 12)))', '((16, 8), ((1, 1),))', '((21, 2), ((1, 1), (1, 12)))', '((9, 8), ((1, 12),))', '((27, 1), ((1, 1), (1, 12), (28, 1)))', '((28, 4), ((28, 1), (28, 12)))', '((27, 6), ((1, 1), (1, 12), (28, 1)))']","['((26, 5), ((1, 1),))', '((28, 7), ((1, 1), (1, 12)))', '((25, 4), ((28, 1),))', '((26, 3), ((28, 1),))', '((26, 5), ((28, 12),))', '((18, 11), ((28, 1), (28, 12)))', '((22, 5), ((1, 1), (1, 12)))', '((11, 8), ((1, 12),))', '((23, 12), ((28, 1),))', '((16, 3), ((1, 12),))', '((27, 10), ((1, 1), (1, 12)))', '((15, 12), ((1, 1), (1, 12)))', '((25, 12), ((28, 12),))', '((26, 9), ((1, 1), (1, 12)))', '((24, 10), ((1, 1),))', '((27, 8), ((1, 1), (1, 12), (28, 1)))', '((26, 9), ((28, 1), (28, 12)))', '((16, 8), ((1, 1),))', '((21, 2), ((1, 1), (1, 12)))', '((9, 8), ((1, 12),))', '((27, 1), ((1, 1), (1, 12), (28, 1)))', '((28, 4), ((28, 1), (28, 12)))', '((27, 6), ((1, 1), (1, 12), (28, 1)))', '((22, 4), ((1, 1),))']",[661 states],57,46,103
662,"((26, 5), ((1, 1),))","((26, 4), ((1, 1),))",North,"[(((26, 6), ((1, 1),)), 'North', 60, 45, 105)]","['((28, 7), ((1, 1), (1, 12)))', '((26, 5), ((28, 12),))', '((25, 4), ((28, 1),))', '((26, 3), ((28, 1),))', '((27, 10), ((1, 1), (1, 12)))', '((18, 11), ((28, 1), (28, 12)))', '((22, 5), ((1, 1), (1, 12)))', '((11, 8), ((1, 12),))', '((23, 12), ((28, 1),))', '((16, 3), ((1, 12),))', '((27, 6), ((1, 1), (1, 12), (28, 1)))', '((15, 12), ((1, 1), (1, 12)))', '((25, 12), ((28, 12),))', '((26, 9), ((1, 1), (1, 12)))', '((24, 10), ((1, 1),))', '((27, 8), ((1, 1), (1, 12), (28, 1)))', '((26, 9), ((28, 1), (28, 12)))', '((16, 8), ((1, 1),))', '((21, 2), ((1, 1), (1, 12)))', '((9, 8), ((1, 12),))', '((27, 1), ((1, 1), (1, 12), (28, 1)))', '((28, 4), ((28, 1), (28, 12)))', '((22, 4), ((1, 1),))']","['((28, 7), ((1, 1), (1, 12)))', '((26, 5), ((28, 12),))', '((25, 4), ((28, 1),))', '((26, 3), ((28, 1),))', '((27, 10), ((1, 1), (1, 12)))', '((18, 11), ((28, 1), (28, 12)))', '((22, 5), ((1, 1), (1, 12)))', '((11, 8), ((1, 12),))', '((23, 12), ((28, 1),))', '((16, 3), ((1, 12),))', '((27, 6), ((1, 1), (1, 12), (28, 1)))', '((15, 12), ((1, 1), (1, 12)))', '((25, 12), ((28, 12),))', '((26, 9), ((1, 1), (1, 12)))', '((24, 10), ((1, 1),))', '((27, 8), ((1, 1), (1, 12), (28, 1)))', '((26, 9), ((28, 1), (28, 12)))', '((16, 8), ((1, 1),))', '((21, 2), ((1, 1), (1, 12)))', '((9, 8), ((1, 12),))', '((27, 1), ((1, 1), (1, 12), (28, 1)))', '((28, 4), ((28, 1), (28, 12)))', '((22, 4), ((1, 1),))', '((26, 6), ((1, 1),))']",[662 states],59,44,103
663,"((28, 7), ((1, 1), (1, 12)))","((28, 6), ((1, 1), (1, 12)))",North,"[(((28, 8), ((1, 1), (1, 12))), 'North', 88, 15, 103)]","['((26, 5), ((28, 12),))', '((27, 10), ((1, 1), (1, 12)))', '((25, 4), ((28, 1),))', '((26, 3), ((28, 1),))', '((16, 3), ((1, 12),))', '((18, 11), ((28, 1), (28, 12)))', '((22, 5), ((1, 1), (1, 12)))', '((11, 8), ((1, 12),))', '((23, 12), ((28, 1),))', '((9, 8), ((1, 12),))', '((27, 6), ((1, 1), (1, 12), (28, 1)))', '((15, 12), ((1, 1), (1, 12)))', '((25, 12), ((28, 12),))', '((26, 9), ((1, 1), (1, 12)))', '((24, 10), ((1, 1),))', '((27, 8), ((1, 1), (1, 12), (28, 1)))', '((26, 9), ((28, 1), (28, 12)))', '((16, 8), ((1, 1),))', '((21, 2), ((1, 1), (1, 12)))', '((26, 6), ((1, 1),))', '((27, 1), ((1, 1), (1, 12), (28, 1)))', '((28, 4), ((28, 1), (28, 12)))', '((22, 4), ((1, 1),))']","['((26, 5), ((28, 12),))', '((27, 10), ((1, 1), (1, 12)))', '((28, 8), ((1, 1), (1, 12)))', '((26, 3), ((28, 1),))', '((16, 3), ((1, 12),))', '((25, 4), ((28, 1),))', '((22, 5), ((1, 1), (1, 12)))', '((11, 8), ((1, 12),))', '((23, 12), ((28, 1),))', '((9, 8), ((1, 12),))', '((27, 6), ((1, 1), (1, 12), (28, 1)))', '((18, 11), ((28, 1), (28, 12)))', '((25, 12), ((28, 12),))', '((26, 9), ((1, 1), (1, 12)))', '((24, 10), ((1, 1),))', '((27, 8), ((1, 1), (1, 12), (28, 1)))', '((26, 9), ((28, 1), (28, 12)))', '((16, 8), ((1, 1),))', '((21, 2), ((1, 1), (1, 12)))', '((26, 6), ((1, 1),))', '((27, 1), ((1, 1), (1, 12), (28, 1)))', '((28, 4), ((28, 1), (28, 12)))', '((22, 4), ((1, 1),))', '((15, 12), ((1, 1), (1, 12)))']",[663 states],87,16,103
664,"((26, 5), ((28, 12),))","((26, 6), ((28, 12),))",South,"[(((26, 4), ((28, 12),)), 'South', 60, 43, 103)]","['((27, 10), ((1, 1), (1, 12)))', '((16, 3), ((1, 12),))', '((28, 8), ((1, 1), (1, 12)))', '((26, 3), ((28, 1),))', '((9, 8), ((1, 12),))', '((25, 4), ((28, 1),))', '((22, 5), ((1, 1), (1, 12)))', '((11, 8), ((1, 12),))', '((23, 12), ((28, 1),))', '((27, 1), ((1, 1), (1, 12), (28, 1)))', '((27, 6), ((1, 1), (1, 12), (28, 1)))', '((18, 11), ((28, 1), (28, 12)))', '((25, 12), ((28, 12),))', '((26, 9), ((1, 1), (1, 12)))', '((24, 10), ((1, 1),))', '((27, 8), ((1, 1), (1, 12), (28, 1)))', '((26, 9), ((28, 1), (28, 12)))', '((16, 8), ((1, 1),))', '((21, 2), ((1, 1), (1, 12)))', '((26, 6), ((1, 1),))', '((15, 12), ((1, 1), (1, 12)))', '((28, 4), ((28, 1), (28, 12)))', '((22, 4), ((1, 1),))']","['((27, 10), ((1, 1), (1, 12)))', '((16, 3), ((1, 12),))', '((28, 8), ((1, 1), (1, 12)))', '((26, 3), ((28, 1),))', '((9, 8), ((1, 12),))', '((26, 4), ((28, 12),))', '((22, 5), ((1, 1), (1, 12)))', '((11, 8), ((1, 12),))', '((23, 12), ((28, 1),))', '((27, 1), ((1, 1), (1, 12), (28, 1)))', '((27, 6), ((1, 1), (1, 12), (28, 1)))', '((25, 4), ((28, 1),))', '((25, 12), ((28, 12),))', '((26, 9), ((1, 1), (1, 12)))', '((24, 10), ((1, 1),))', '((27, 8), ((1, 1), (1, 12), (28, 1)))', '((26, 9), ((28, 1), (28, 12)))', '((16, 8), ((1, 1),))', '((21, 2), ((1, 1), (1, 12)))', '((26, 6), ((1, 1),))', '((15, 12), ((1, 1), (1, 12)))', '((28, 4), ((28, 1), (28, 12)))', '((22, 4), ((1, 1),))', '((18, 11), ((28, 1), (28, 12)))']",[664 states],59,44,103
665,"((27, 10), ((1, 1), (1, 12)))","((26, 10), ((1, 1), (1, 12)))",East,"[(((28, 10), ((1, 1), (1, 12))), 'East', 90, 13, 103)]","['((28, 8), ((1, 1), (1, 12)))', '((16, 3), ((1, 12),))', '((26, 4), ((28, 12),))', '((26, 3), ((28, 1),))', '((9, 8), ((1, 12),))', '((25, 4), ((28, 1),))', '((22, 5), ((1, 1), (1, 12)))', '((11, 8), ((1, 12),))', '((23, 12), ((28, 1),))', '((27, 1), ((1, 1), (1, 12), (28, 1)))', '((27, 6), ((1, 1), (1, 12), (28, 1)))', '((18, 11), ((28, 1), (28, 12)))', '((25, 12), ((28, 12),))', '((26, 9), ((1, 1), (1, 12)))', '((24, 10), ((1, 1),))', '((27, 8), ((1, 1), (1, 12), (28, 1)))', '((26, 9), ((28, 1), (28, 12)))', '((16, 8), ((1, 1),))', '((21, 2), ((1, 1), (1, 12)))', '((26, 6), ((1, 1),))', '((15, 12), ((1, 1), (1, 12)))', '((28, 4), ((28, 1), (28, 12)))', '((22, 4), ((1, 1),))']","['((28, 8), ((1, 1), (1, 12)))', '((16, 3), ((1, 12),))', '((26, 4), ((28, 12),))', '((26, 3), ((28, 1),))', '((9, 8), ((1, 12),))', '((28, 10), ((1, 1), (1, 12)))', '((22, 5), ((1, 1), (1, 12)))', '((11, 8), ((1, 12),))', '((23, 12), ((28, 1),))', '((27, 1), ((1, 1), (1, 12), (28, 1)))', '((27, 6), ((1, 1), (1, 12), (28, 1)))', '((25, 4), ((28, 1),))', '((25, 12), ((28, 12),))', '((26, 9), ((1, 1), (1, 12)))', '((24, 10), ((1, 1),))', '((27, 8), ((1, 1), (1, 12), (28, 1)))', '((26, 9), ((28, 1), (28, 12)))', '((16, 8), ((1, 1),))', '((21, 2), ((1, 1), (1, 12)))', '((26, 6), ((1, 1),))', '((15, 12), ((1, 1), (1, 12)))', '((28, 4), ((28, 1), (28, 12)))', '((22, 4), ((1, 1),))', '((18, 11), ((28, 1), (28, 12)))']",[665 states],89,14,103
666,"((28, 8), ((1, 1), (1, 12)))","((28, 7), ((1, 1), (1, 12)))",North,"[(((27, 8), ((1, 1), (1, 12))), 'West', 89, 16, 105)]","['((26, 4), ((28, 12),))', '((16, 3), ((1, 12),))', '((28, 10), ((1, 1), (1, 12)))', '((26, 3), ((28, 1),))', '((9, 8), ((1, 12),))', '((25, 4), ((28, 1),))', '((22, 5), ((1, 1), (1, 12)))', '((11, 8), ((1, 12),))', '((23, 12), ((28, 1),))', '((27, 1), ((1, 1), (1, 12), (28, 1)))', '((27, 6), ((1, 1), (1, 12), (28, 1)))', '((18, 11), ((28, 1), (28, 12)))', '((25, 12), ((28, 12),))', '((26, 9), ((1, 1), (1, 12)))', '((24, 10), ((1, 1),))', '((27, 8), ((1, 1), (1, 12), (28, 1)))', '((26, 9), ((28, 1), (28, 12)))', '((16, 8), ((1, 1),))', '((21, 2), ((1, 1), (1, 12)))', '((26, 6), ((1, 1),))', '((15, 12), ((1, 1), (1, 12)))', '((28, 4), ((28, 1), (28, 12)))', '((22, 4), ((1, 1),))']","['((26, 4), ((28, 12),))', '((16, 3), ((1, 12),))', '((28, 10), ((1, 1), (1, 12)))', '((26, 3), ((28, 1),))', '((9, 8), ((1, 12),))', '((25, 4), ((28, 1),))', '((22, 5), ((1, 1), (1, 12)))', '((11, 8), ((1, 12),))', '((23, 12), ((28, 1),))', '((27, 1), ((1, 1), (1, 12), (28, 1)))', '((27, 6), ((1, 1), (1, 12), (28, 1)))', '((18, 11), ((28, 1), (28, 12)))', '((25, 12), ((28, 12),))', '((26, 9), ((1, 1), (1, 12)))', '((24, 10), ((1, 1),))', '((27, 8), ((1, 1), (1, 12), (28, 1)))', '((26, 9), ((28, 1), (28, 12)))', '((16, 8), ((1, 1),))', '((21, 2), ((1, 1), (1, 12)))', '((26, 6), ((1, 1),))', '((15, 12), ((1, 1), (1, 12)))', '((28, 4), ((28, 1), (28, 12)))', '((22, 4), ((1, 1),))', '((27, 8), ((1, 1), (1, 12)))']",[666 states],88,15,103
667,"((26, 4), ((28, 12),))","((26, 5), ((28, 12),))",South,"[(((26, 3), ((28, 12),)), 'South', 61, 42, 103), (((25, 4), ((28, 12),)), 'West', 61, 44, 105)]","['((28, 10), ((1, 1), (1, 12)))', '((16, 3), ((1, 12),))', '((25, 4), ((28, 1),))', '((26, 3), ((28, 1),))', '((9, 8), ((1, 12),))', '((18, 11), ((28, 1), (28, 12)))', '((22, 5), ((1, 1), (1, 12)))', '((11, 8), ((1, 12),))', '((23, 12), ((28, 1),))', '((27, 1), ((1, 1), (1, 12), (28, 1)))', '((27, 6), ((1, 1), (1, 12), (28, 1)))', '((27, 8), ((1, 1), (1, 12)))', '((25, 12), ((28, 12),))', '((26, 9), ((1, 1), (1, 12)))', '((24, 10), ((1, 1),))', '((27, 8), ((1, 1), (1, 12), (28, 1)))', '((26, 9), ((28, 1), (28, 12)))', '((16, 8), ((1, 1),))', '((21, 2), ((1, 1), (1, 12)))', '((26, 6), ((1, 1),))', '((15, 12), ((1, 1), (1, 12)))', '((28, 4), ((28, 1), (28, 12)))', '((22, 4), ((1, 1),))']","['((28, 10), ((1, 1), (1, 12)))', '((16, 3), ((1, 12),))', '((26, 3), ((28, 12),))', '((26, 3), ((28, 1),))', '((9, 8), ((1, 12),))', '((25, 4), ((28, 1),))', '((22, 5), ((1, 1), (1, 12)))', '((11, 8), ((1, 12),))', '((23, 12), ((28, 1),))', '((27, 1), ((1, 1), (1, 12), (28, 1)))', '((27, 6), ((1, 1), (1, 12), (28, 1)))', '((18, 11), ((28, 1), (28, 12)))', '((25, 12), ((28, 12),))', '((26, 9), ((1, 1), (1, 12)))', '((24, 10), ((1, 1),))', '((27, 8), ((1, 1), (1, 12), (28, 1)))', '((26, 9), ((28, 1), (28, 12)))', '((16, 8), ((1, 1),))', '((21, 2), ((1, 1), (1, 12)))', '((26, 6), ((1, 1),))', '((15, 12), ((1, 1), (1, 12)))', '((28, 4), ((28, 1), (28, 12)))', '((22, 4), ((1, 1),))', '((27, 8), ((1, 1), (1, 12)))', '((25, 4), ((28, 12),))']",[667 states],60,43,103
668,"((28, 10), ((1, 1), (1, 12)))","((27, 10), ((1, 1), (1, 12)))",East,"[(((28, 11), ((1, 1), (1, 12))), 'North', 91, 12, 103)]","['((26, 3), ((28, 12),))', '((16, 3), ((1, 12),))', '((25, 4), ((28, 1),))', '((26, 3), ((28, 1),))', '((9, 8), ((1, 12),))', '((18, 11), ((28, 1), (28, 12)))', '((22, 5), ((1, 1), (1, 12)))', '((11, 8), ((1, 12),))', '((23, 12), ((28, 1),))', '((27, 1), ((1, 1), (1, 12), (28, 1)))', '((27, 6), ((1, 1), (1, 12), (28, 1)))', '((27, 8), ((1, 1), (1, 12)))', '((25, 12), ((28, 12),))', '((26, 9), ((1, 1), (1, 12)))', '((24, 10), ((1, 1),))', '((27, 8), ((1, 1), (1, 12), (28, 1)))', '((26, 9), ((28, 1), (28, 12)))', '((16, 8), ((1, 1),))', '((21, 2), ((1, 1), (1, 12)))', '((26, 6), ((1, 1),))', '((15, 12), ((1, 1), (1, 12)))', '((28, 4), ((28, 1), (28, 12)))', '((22, 4), ((1, 1),))', '((25, 4), ((28, 12),))']","['((26, 3), ((28, 12),))', '((16, 3), ((1, 12),))', '((28, 11), ((1, 1), (1, 12)))', '((26, 3), ((28, 1),))', '((9, 8), ((1, 12),))', '((25, 4), ((28, 1),))', '((22, 5), ((1, 1), (1, 12)))', '((11, 8), ((1, 12),))', '((23, 12), ((28, 1),))', '((27, 1), ((1, 1), (1, 12), (28, 1)))', '((27, 6), ((1, 1), (1, 12), (28, 1)))', '((18, 11), ((28, 1), (28, 12)))', '((25, 12), ((28, 12),))', '((26, 9), ((1, 1), (1, 12)))', '((24, 10), ((1, 1),))', '((27, 8), ((1, 1), (1, 12), (28, 1)))', '((26, 9), ((28, 1), (28, 12)))', '((16, 8), ((1, 1),))', '((21, 2), ((1, 1), (1, 12)))', '((26, 6), ((1, 1),))', '((15, 12), ((1, 1), (1, 12)))', '((28, 4), ((28, 1), (28, 12)))', '((22, 4), ((1, 1),))', '((25, 4), ((28, 12),))', '((27, 8), ((1, 1), (1, 12)))']",[668 states],90,13,103
669,"((26, 3), ((28, 12),))","((26, 4), ((28, 12),))",South,[],"['((28, 11), ((1, 1), (1, 12)))', '((16, 3), ((1, 12),))', '((25, 4), ((28, 1),))', '((26, 3), ((28, 1),))', '((9, 8), ((1, 12),))', '((18, 11), ((28, 1), (28, 12)))', '((22, 5), ((1, 1), (1, 12)))', '((11, 8), ((1, 12),))', '((23, 12), ((28, 1),))', '((27, 1), ((1, 1), (1, 12), (28, 1)))', '((27, 6), ((1, 1), (1, 12), (28, 1)))', '((27, 8), ((1, 1), (1, 12)))', '((25, 12), ((28, 12),))', '((26, 9), ((1, 1), (1, 12)))', '((24, 10), ((1, 1),))', '((27, 8), ((1, 1), (1, 12), (28, 1)))', '((26, 9), ((28, 1), (28, 12)))', '((16, 8), ((1, 1),))', '((21, 2), ((1, 1), (1, 12)))', '((26, 6), ((1, 1),))', '((15, 12), ((1, 1), (1, 12)))', '((28, 4), ((28, 1), (28, 12)))', '((22, 4), ((1, 1),))', '((25, 4), ((28, 12),))']","['((28, 11), ((1, 1), (1, 12)))', '((16, 3), ((1, 12),))', '((25, 4), ((28, 1),))', '((26, 3), ((28, 1),))', '((9, 8), ((1, 12),))', '((18, 11), ((28, 1), (28, 12)))', '((22, 5), ((1, 1), (1, 12)))', '((11, 8), ((1, 12),))', '((23, 12), ((28, 1),))', '((27, 1), ((1, 1), (1, 12), (28, 1)))', '((27, 6), ((1, 1), (1, 12), (28, 1)))', '((27, 8), ((1, 1), (1, 12)))', '((25, 12), ((28, 12),))', '((26, 9), ((1, 1), (1, 12)))', '((24, 10), ((1, 1),))', '((27, 8), ((1, 1), (1, 12), (28, 1)))', '((26, 9), ((28, 1), (28, 12)))', '((16, 8), ((1, 1),))', '((21, 2), ((1, 1), (1, 12)))', '((26, 6), ((1, 1),))', '((15, 12), ((1, 1), (1, 12)))', '((28, 4), ((28, 1), (28, 12)))', '((22, 4), ((1, 1),))', '((25, 4), ((28, 12),))']",[669 states],61,42,103
670,"((28, 11), ((1, 1), (1, 12)))","((28, 10), ((1, 1), (1, 12)))",North,"[(((28, 12), ((1, 1), (1, 12), (28, 12))), 'North', 92, 11, 103)]","['((16, 3), ((1, 12),))', '((26, 3), ((28, 1),))', '((25, 4), ((28, 1),))', '((23, 12), ((28, 1),))', '((9, 8), ((1, 12),))', '((18, 11), ((28, 1), (28, 12)))', '((22, 5), ((1, 1), (1, 12)))', '((11, 8), ((1, 12),))', '((21, 2), ((1, 1), (1, 12)))', '((27, 1), ((1, 1), (1, 12), (28, 1)))', '((27, 6), ((1, 1), (1, 12), (28, 1)))', '((27, 8), ((1, 1), (1, 12)))', '((25, 12), ((28, 12),))', '((26, 9), ((1, 1), (1, 12)))', '((24, 10), ((1, 1),))', '((27, 8), ((1, 1), (1, 12), (28, 1)))', '((26, 9), ((28, 1), (28, 12)))', '((16, 8), ((1, 1),))', '((25, 4), ((28, 12),))', '((26, 6), ((1, 1),))', '((15, 12), ((1, 1), (1, 12)))', '((28, 4), ((28, 1), (28, 12)))', '((22, 4), ((1, 1),))']","['((28, 12), ((1, 1), (1, 12), (28, 12)))', '((26, 3), ((28, 1),))', '((16, 3), ((1, 12),))', '((23, 12), ((28, 1),))', '((9, 8), ((1, 12),))', '((25, 4), ((28, 1),))', '((22, 5), ((1, 1), (1, 12)))', '((11, 8), ((1, 12),))', '((21, 2), ((1, 1), (1, 12)))', '((27, 1), ((1, 1), (1, 12), (28, 1)))', '((27, 6), ((1, 1), (1, 12), (28, 1)))', '((18, 11), ((28, 1), (28, 12)))', '((25, 12), ((28, 12),))', '((26, 9), ((1, 1), (1, 12)))', '((24, 10), ((1, 1),))', '((27, 8), ((1, 1), (1, 12), (28, 1)))', '((26, 9), ((28, 1), (28, 12)))', '((16, 8), ((1, 1),))', '((25, 4), ((28, 12),))', '((26, 6), ((1, 1),))', '((15, 12), ((1, 1), (1, 12)))', '((28, 4), ((28, 1), (28, 12)))', '((22, 4), ((1, 1),))', '((27, 8), ((1, 1), (1, 12)))']",[670 states],91,12,103
671,"((28, 12), ((1, 1), (1, 12), (28, 12)))","((28, 11), ((1, 1), (1, 12)))",North,"[(((28, 11), ((1, 1), (1, 12), (28, 12))), 'South', 93, 10, 103)]","['((16, 3), ((1, 12),))', '((26, 3), ((28, 1),))', '((25, 4), ((28, 1),))', '((23, 12), ((28, 1),))', '((9, 8), ((1, 12),))', '((18, 11), ((28, 1), (28, 12)))', '((22, 5), ((1, 1), (1, 12)))', '((11, 8), ((1, 12),))', '((21, 2), ((1, 1), (1, 12)))', '((27, 1), ((1, 1), (1, 12), (28, 1)))', '((27, 6), ((1, 1), (1, 12), (28, 1)))', '((27, 8), ((1, 1), (1, 12)))', '((25, 12), ((28, 12),))', '((26, 9), ((1, 1), (1, 12)))', '((24, 10), ((1, 1),))', '((27, 8), ((1, 1), (1, 12), (28, 1)))', '((26, 9), ((28, 1), (28, 12)))', '((16, 8), ((1, 1),))', '((25, 4), ((28, 12),))', '((26, 6), ((1, 1),))', '((15, 12), ((1, 1), (1, 12)))', '((28, 4), ((28, 1), (28, 12)))', '((22, 4), ((1, 1),))']","['((28, 11), ((1, 1), (1, 12), (28, 12)))', '((26, 3), ((28, 1),))', '((16, 3), ((1, 12),))', '((23, 12), ((28, 1),))', '((9, 8), ((1, 12),))', '((25, 4), ((28, 1),))', '((22, 5), ((1, 1), (1, 12)))', '((11, 8), ((1, 12),))', '((21, 2), ((1, 1), (1, 12)))', '((27, 1), ((1, 1), (1, 12), (28, 1)))', '((27, 6), ((1, 1), (1, 12), (28, 1)))', '((18, 11), ((28, 1), (28, 12)))', '((25, 12), ((28, 12),))', '((26, 9), ((1, 1), (1, 12)))', '((24, 10), ((1, 1),))', '((27, 8), ((1, 1), (1, 12), (28, 1)))', '((26, 9), ((28, 1), (28, 12)))', '((16, 8), ((1, 1),))', '((25, 4), ((28, 12),))', '((26, 6), ((1, 1),))', '((15, 12), ((1, 1), (1, 12)))', '((28, 4), ((28, 1), (28, 12)))', '((22, 4), ((1, 1),))', '((27, 8), ((1, 1), (1, 12)))']",[671 states],92,11,103
672,"((28, 11), ((1, 1), (1, 12), (28, 12)))","((28, 12), ((1, 1), (1, 12), (28, 12)))",South,"[(((28, 10), ((1, 1), (1, 12), (28, 12))), 'South', 94, 9, 103)]","['((16, 3), ((1, 12),))', '((26, 3), ((28, 1),))', '((25, 4), ((28, 1),))', '((23, 12), ((28, 1),))', '((9, 8), ((1, 12),))', '((18, 11), ((28, 1), (28, 12)))', '((22, 5), ((1, 1), (1, 12)))', '((11, 8), ((1, 12),))', '((21, 2), ((1, 1), (1, 12)))', '((27, 1), ((1, 1), (1, 12), (28, 1)))', '((27, 6), ((1, 1), (1, 12), (28, 1)))', '((27, 8), ((1, 1), (1, 12)))', '((25, 12), ((28, 12),))', '((26, 9), ((1, 1), (1, 12)))', '((24, 10), ((1, 1),))', '((27, 8), ((1, 1), (1, 12), (28, 1)))', '((26, 9), ((28, 1), (28, 12)))', '((16, 8), ((1, 1),))', '((25, 4), ((28, 12),))', '((26, 6), ((1, 1),))', '((15, 12), ((1, 1), (1, 12)))', '((28, 4), ((28, 1), (28, 12)))', '((22, 4), ((1, 1),))']","['((28, 10), ((1, 1), (1, 12), (28, 12)))', '((26, 3), ((28, 1),))', '((16, 3), ((1, 12),))', '((23, 12), ((28, 1),))', '((9, 8), ((1, 12),))', '((25, 4), ((28, 1),))', '((22, 5), ((1, 1), (1, 12)))', '((11, 8), ((1, 12),))', '((21, 2), ((1, 1), (1, 12)))', '((27, 1), ((1, 1), (1, 12), (28, 1)))', '((27, 6), ((1, 1), (1, 12), (28, 1)))', '((18, 11), ((28, 1), (28, 12)))', '((25, 12), ((28, 12),))', '((26, 9), ((1, 1), (1, 12)))', '((24, 10), ((1, 1),))', '((27, 8), ((1, 1), (1, 12), (28, 1)))', '((26, 9), ((28, 1), (28, 12)))', '((16, 8), ((1, 1),))', '((25, 4), ((28, 12),))', '((26, 6), ((1, 1),))', '((15, 12), ((1, 1), (1, 12)))', '((28, 4), ((28, 1), (28, 12)))', '((22, 4), ((1, 1),))', '((27, 8), ((1, 1), (1, 12)))']",[672 states],93,10,103
673,"((28, 10), ((1, 1), (1, 12), (28, 12)))","((28, 11), ((1, 1), (1, 12), (28, 12)))",South,"[(((27, 10), ((1, 1), (1, 12), (28, 12))), 'West', 95, 10, 105)]","['((16, 3), ((1, 12),))', '((26, 3), ((28, 1),))', '((25, 4), ((28, 1),))', '((23, 12), ((28, 1),))', '((9, 8), ((1, 12),))', '((18, 11), ((28, 1), (28, 12)))', '((22, 5), ((1, 1), (1, 12)))', '((11, 8), ((1, 12),))', '((21, 2), ((1, 1), (1, 12)))', '((27, 1), ((1, 1), (1, 12), (28, 1)))', '((27, 6), ((1, 1), (1, 12), (28, 1)))', '((27, 8), ((1, 1), (1, 12)))', '((25, 12), ((28, 12),))', '((26, 9), ((1, 1), (1, 12)))', '((24, 10), ((1, 1),))', '((27, 8), ((1, 1), (1, 12), (28, 1)))', '((26, 9), ((28, 1), (28, 12)))', '((16, 8), ((1, 1),))', '((25, 4), ((28, 12),))', '((26, 6), ((1, 1),))', '((15, 12), ((1, 1), (1, 12)))', '((28, 4), ((28, 1), (28, 12)))', '((22, 4), ((1, 1),))']","['((16, 3), ((1, 12),))', '((26, 3), ((28, 1),))', '((25, 4), ((28, 1),))', '((23, 12), ((28, 1),))', '((9, 8), ((1, 12),))', '((18, 11), ((28, 1), (28, 12)))', '((22, 5), ((1, 1), (1, 12)))', '((11, 8), ((1, 12),))', '((21, 2), ((1, 1), (1, 12)))', '((27, 1), ((1, 1), (1, 12), (28, 1)))', '((27, 6), ((1, 1), (1, 12), (28, 1)))', '((27, 8), ((1, 1), (1, 12)))', '((25, 12), ((28, 12),))', '((26, 9), ((1, 1), (1, 12)))', '((24, 10), ((1, 1),))', '((27, 8), ((1, 1), (1, 12), (28, 1)))', '((26, 9), ((28, 1), (28, 12)))', '((16, 8), ((1, 1),))', '((25, 4), ((28, 12),))', '((26, 6), ((1, 1),))', '((15, 12), ((1, 1), (1, 12)))', '((28, 4), ((28, 1), (28, 12)))', '((22, 4), ((1, 1),))', '((27, 10), ((1, 1), (1, 12), (28, 12)))']",[673 states],94,9,103
674,"((16, 3), ((1, 12),))","((16, 2), ((1, 12),))",North,"[(((16, 4), ((1, 12),)), 'North', 50, 56, 106)]","['((26, 3), ((28, 1),))', '((23, 12), ((28, 1),))', '((25, 4), ((28, 1),))', '((11, 8), ((1, 12),))', '((9, 8), ((1, 12),))', '((18, 11), ((28, 1), (28, 12)))', '((22, 5), ((1, 1), (1, 12)))', '((26, 9), ((28, 1), (28, 12)))', '((21, 2), ((1, 1), (1, 12)))', '((27, 1), ((1, 1), (1, 12), (28, 1)))', '((27, 6), ((1, 1), (1, 12), (28, 1)))', '((27, 8), ((1, 1), (1, 12)))', '((25, 12), ((28, 12),))', '((26, 9), ((1, 1), (1, 12)))', '((24, 10), ((1, 1),))', '((27, 8), ((1, 1), (1, 12), (28, 1)))', '((27, 10), ((1, 1), (1, 12), (28, 12)))', '((16, 8), ((1, 1),))', '((25, 4), ((28, 12),))', '((26, 6), ((1, 1),))', '((15, 12), ((1, 1), (1, 12)))', '((28, 4), ((28, 1), (28, 12)))', '((22, 4), ((1, 1),))']","['((26, 3), ((28, 1),))', '((23, 12), ((28, 1),))', '((25, 4), ((28, 1),))', '((11, 8), ((1, 12),))', '((9, 8), ((1, 12),))', '((18, 11), ((28, 1), (28, 12)))', '((22, 5), ((1, 1), (1, 12)))', '((26, 9), ((28, 1), (28, 12)))', '((21, 2), ((1, 1), (1, 12)))', '((27, 1), ((1, 1), (1, 12), (28, 1)))', '((27, 6), ((1, 1), (1, 12), (28, 1)))', '((27, 8), ((1, 1), (1, 12)))', '((25, 12), ((28, 12),))', '((26, 9), ((1, 1), (1, 12)))', '((24, 10), ((1, 1),))', '((27, 8), ((1, 1), (1, 12), (28, 1)))', '((27, 10), ((1, 1), (1, 12), (28, 12)))', '((16, 8), ((1, 1),))', '((25, 4), ((28, 12),))', '((26, 6), ((1, 1),))', '((15, 12), ((1, 1), (1, 12)))', '((28, 4), ((28, 1), (28, 12)))', '((22, 4), ((1, 1),))', '((16, 4), ((1, 12),))']",[674 states],49,55,104
675,"((26, 3), ((28, 1),))","((26, 4), ((28, 1),))",South,[],"['((25, 4), ((28, 1),))', '((23, 12), ((28, 1),))', '((22, 5), ((1, 1), (1, 12)))', '((11, 8), ((1, 12),))', '((9, 8), ((1, 12),))', '((18, 11), ((28, 1), (28, 12)))', '((26, 9), ((1, 1), (1, 12)))', '((26, 9), ((28, 1), (28, 12)))', '((21, 2), ((1, 1), (1, 12)))', '((27, 1), ((1, 1), (1, 12), (28, 1)))', '((27, 6), ((1, 1), (1, 12), (28, 1)))', '((27, 8), ((1, 1), (1, 12)))', '((25, 12), ((28, 12),))', '((16, 4), ((1, 12),))', '((24, 10), ((1, 1),))', '((27, 8), ((1, 1), (1, 12), (28, 1)))', '((27, 10), ((1, 1), (1, 12), (28, 12)))', '((16, 8), ((1, 1),))', '((25, 4), ((28, 12),))', '((26, 6), ((1, 1),))', '((15, 12), ((1, 1), (1, 12)))', '((28, 4), ((28, 1), (28, 12)))', '((22, 4), ((1, 1),))']","['((25, 4), ((28, 1),))', '((23, 12), ((28, 1),))', '((22, 5), ((1, 1), (1, 12)))', '((11, 8), ((1, 12),))', '((9, 8), ((1, 12),))', '((18, 11), ((28, 1), (28, 12)))', '((26, 9), ((1, 1), (1, 12)))', '((26, 9), ((28, 1), (28, 12)))', '((21, 2), ((1, 1), (1, 12)))', '((27, 1), ((1, 1), (1, 12), (28, 1)))', '((27, 6), ((1, 1), (1, 12), (28, 1)))', '((27, 8), ((1, 1), (1, 12)))', '((25, 12), ((28, 12),))', '((16, 4), ((1, 12),))', '((24, 10), ((1, 1),))', '((27, 8), ((1, 1), (1, 12), (28, 1)))', '((27, 10), ((1, 1), (1, 12), (28, 12)))', '((16, 8), ((1, 1),))', '((25, 4), ((28, 12),))', '((26, 6), ((1, 1),))', '((15, 12), ((1, 1), (1, 12)))', '((28, 4), ((28, 1), (28, 12)))', '((22, 4), ((1, 1),))']",[675 states],55,49,104
676,"((25, 4), ((28, 1),))","((26, 4), ((28, 1),))",West,"[(((24, 4), ((28, 1),)), 'West', 56, 50, 106)]","['((22, 5), ((1, 1), (1, 12)))', '((23, 12), ((28, 1),))', '((18, 11), ((28, 1), (28, 12)))', '((11, 8), ((1, 12),))', '((9, 8), ((1, 12),))', '((25, 12), ((28, 12),))', '((26, 9), ((1, 1), (1, 12)))', '((26, 9), ((28, 1), (28, 12)))', '((21, 2), ((1, 1), (1, 12)))', '((27, 1), ((1, 1), (1, 12), (28, 1)))', '((27, 6), ((1, 1), (1, 12), (28, 1)))', '((27, 8), ((1, 1), (1, 12)))', '((22, 4), ((1, 1),))', '((16, 4), ((1, 12),))', '((24, 10), ((1, 1),))', '((27, 8), ((1, 1), (1, 12), (28, 1)))', '((27, 10), ((1, 1), (1, 12), (28, 12)))', '((16, 8), ((1, 1),))', '((25, 4), ((28, 12),))', '((26, 6), ((1, 1),))', '((15, 12), ((1, 1), (1, 12)))', '((28, 4), ((28, 1), (28, 12)))']","['((22, 5), ((1, 1), (1, 12)))', '((23, 12), ((28, 1),))', '((18, 11), ((28, 1), (28, 12)))', '((11, 8), ((1, 12),))', '((9, 8), ((1, 12),))', '((25, 12), ((28, 12),))', '((26, 9), ((1, 1), (1, 12)))', '((26, 9), ((28, 1), (28, 12)))', '((21, 2), ((1, 1), (1, 12)))', '((27, 1), ((1, 1), (1, 12), (28, 1)))', '((27, 6), ((1, 1), (1, 12), (28, 1)))', '((27, 8), ((1, 1), (1, 12)))', '((22, 4), ((1, 1),))', '((16, 4), ((1, 12),))', '((24, 10), ((1, 1),))', '((27, 8), ((1, 1), (1, 12), (28, 1)))', '((27, 10), ((1, 1), (1, 12), (28, 12)))', '((16, 8), ((1, 1),))', '((25, 4), ((28, 12),))', '((26, 6), ((1, 1),))', '((15, 12), ((1, 1), (1, 12)))', '((28, 4), ((28, 1), (28, 12)))', '((24, 4), ((28, 1),))']",[676 states],55,49,104
677,"((22, 5), ((1, 1), (1, 12)))","((22, 4), ((1, 1), (1, 12)))",North,"[(((22, 6), ((1, 1), (1, 12))), 'North', 84, 22, 106)]","['((23, 12), ((28, 1),))', '((11, 8), ((1, 12),))', '((18, 11), ((28, 1), (28, 12)))', '((21, 2), ((1, 1), (1, 12)))', '((9, 8), ((1, 12),))', '((25, 12), ((28, 12),))', '((26, 9), ((1, 1), (1, 12)))', '((26, 9), ((28, 1), (28, 12)))', '((16, 8), ((1, 1),))', '((27, 1), ((1, 1), (1, 12), (28, 1)))', '((27, 6), ((1, 1), (1, 12), (28, 1)))', '((27, 8), ((1, 1), (1, 12)))', '((22, 4), ((1, 1),))', '((16, 4), ((1, 12),))', '((24, 10), ((1, 1),))', '((27, 8), ((1, 1), (1, 12), (28, 1)))', '((27, 10), ((1, 1), (1, 12), (28, 12)))', '((24, 4), ((28, 1),))', '((25, 4), ((28, 12),))', '((26, 6), ((1, 1),))', '((15, 12), ((1, 1), (1, 12)))', '((28, 4), ((28, 1), (28, 12)))']","['((23, 12), ((28, 1),))', '((11, 8), ((1, 12),))', '((18, 11), ((28, 1), (28, 12)))', '((21, 2), ((1, 1), (1, 12)))', '((9, 8), ((1, 12),))', '((25, 12), ((28, 12),))', '((26, 9), ((1, 1), (1, 12)))', '((26, 9), ((28, 1), (28, 12)))', '((16, 8), ((1, 1),))', '((27, 1), ((1, 1), (1, 12), (28, 1)))', '((27, 6), ((1, 1), (1, 12), (28, 1)))', '((27, 8), ((1, 1), (1, 12)))', '((22, 4), ((1, 1),))', '((16, 4), ((1, 12),))', '((24, 10), ((1, 1),))', '((27, 8), ((1, 1), (1, 12), (28, 1)))', '((27, 10), ((1, 1), (1, 12), (28, 12)))', '((24, 4), ((28, 1),))', '((25, 4), ((28, 12),))', '((26, 6), ((1, 1),))', '((15, 12), ((1, 1), (1, 12)))', '((28, 4), ((28, 1), (28, 12)))', '((22, 6), ((1, 1), (1, 12)))']",[677 states],83,21,104
678,"((23, 12), ((28, 1),))","((24, 12), ((28, 1),))",West,"[(((22, 12), ((28, 1),)), 'West', 62, 44, 106)]","['((11, 8), ((1, 12),))', '((9, 8), ((1, 12),))', '((18, 11), ((28, 1), (28, 12)))', '((21, 2), ((1, 1), (1, 12)))', '((27, 1), ((1, 1), (1, 12), (28, 1)))', '((25, 12), ((28, 12),))', '((26, 9), ((1, 1), (1, 12)))', '((26, 9), ((28, 1), (28, 12)))', '((16, 8), ((1, 1),))', '((15, 12), ((1, 1), (1, 12)))', '((27, 6), ((1, 1), (1, 12), (28, 1)))', '((27, 8), ((1, 1), (1, 12)))', '((22, 4), ((1, 1),))', '((16, 4), ((1, 12),))', '((24, 10), ((1, 1),))', '((27, 8), ((1, 1), (1, 12), (28, 1)))', '((27, 10), ((1, 1), (1, 12), (28, 12)))', '((24, 4), ((28, 1),))', '((25, 4), ((28, 12),))', '((26, 6), ((1, 1),))', '((22, 6), ((1, 1), (1, 12)))', '((28, 4), ((28, 1), (28, 12)))']","['((11, 8), ((1, 12),))', '((9, 8), ((1, 12),))', '((18, 11), ((28, 1), (28, 12)))', '((21, 2), ((1, 1), (1, 12)))', '((27, 1), ((1, 1), (1, 12), (28, 1)))', '((25, 12), ((28, 12),))', '((26, 9), ((1, 1), (1, 12)))', '((26, 9), ((28, 1), (28, 12)))', '((16, 8), ((1, 1),))', '((15, 12), ((1, 1), (1, 12)))', '((27, 6), ((1, 1), (1, 12), (28, 1)))', '((27, 8), ((1, 1), (1, 12)))', '((22, 4), ((1, 1),))', '((16, 4), ((1, 12),))', '((24, 10), ((1, 1),))', '((27, 8), ((1, 1), (1, 12), (28, 1)))', '((27, 10), ((1, 1), (1, 12), (28, 12)))', '((24, 4), ((28, 1),))', '((25, 4), ((28, 12),))', '((26, 6), ((1, 1),))', '((22, 6), ((1, 1), (1, 12)))', '((28, 4), ((28, 1), (28, 12)))', '((22, 12), ((28, 1),))']",[678 states],61,43,104
679,"((11, 8), ((1, 12),))","((11, 7), ((1, 12),))",North,"[(((11, 9), ((1, 12),)), 'North', 50, 56, 106), (((12, 8), ((1, 12),)), 'East', 50, 56, 106)]","['((9, 8), ((1, 12),))', '((21, 2), ((1, 1), (1, 12)))', '((18, 11), ((28, 1), (28, 12)))', '((26, 9), ((28, 1), (28, 12)))', '((27, 1), ((1, 1), (1, 12), (28, 1)))', '((25, 12), ((28, 12),))', '((26, 9), ((1, 1), (1, 12)))', '((27, 8), ((1, 1), (1, 12), (28, 1)))', '((16, 8), ((1, 1),))', '((15, 12), ((1, 1), (1, 12)))', '((27, 6), ((1, 1), (1, 12), (28, 1)))', '((27, 8), ((1, 1), (1, 12)))', '((22, 4), ((1, 1),))', '((16, 4), ((1, 12),))', '((24, 10), ((1, 1),))', '((22, 12), ((28, 1),))', '((27, 10), ((1, 1), (1, 12), (28, 12)))', '((24, 4), ((28, 1),))', '((25, 4), ((28, 12),))', '((26, 6), ((1, 1),))', '((22, 6), ((1, 1), (1, 12)))', '((28, 4), ((28, 1), (28, 12)))']","['((9, 8), ((1, 12),))', '((21, 2), ((1, 1), (1, 12)))', '((18, 11), ((28, 1), (28, 12)))', '((26, 9), ((28, 1), (28, 12)))', '((27, 1), ((1, 1), (1, 12), (28, 1)))', '((25, 12), ((28, 12),))', '((26, 9), ((1, 1), (1, 12)))', '((27, 8), ((1, 1), (1, 12), (28, 1)))', '((16, 8), ((1, 1),))', '((15, 12), ((1, 1), (1, 12)))', '((27, 6), ((1, 1), (1, 12), (28, 1)))', '((27, 8), ((1, 1), (1, 12)))', '((22, 4), ((1, 1),))', '((16, 4), ((1, 12),))', '((24, 10), ((1, 1),))', '((22, 12), ((28, 1),))', '((27, 10), ((1, 1), (1, 12), (28, 12)))', '((24, 4), ((28, 1),))', '((25, 4), ((28, 12),))', '((26, 6), ((1, 1),))', '((22, 6), ((1, 1), (1, 12)))', '((28, 4), ((28, 1), (28, 12)))', '((11, 9), ((1, 12),))', '((12, 8), ((1, 12),))']",[679 states],49,55,104
680,"((9, 8), ((1, 12),))","((9, 7), ((1, 12),))",North,[],"['((21, 2), ((1, 1), (1, 12)))', '((26, 9), ((28, 1), (28, 12)))', '((18, 11), ((28, 1), (28, 12)))', '((27, 8), ((1, 1), (1, 12), (28, 1)))', '((27, 1), ((1, 1), (1, 12), (28, 1)))', '((25, 12), ((28, 12),))', '((26, 9), ((1, 1), (1, 12)))', '((27, 10), ((1, 1), (1, 12), (28, 12)))', '((16, 8), ((1, 1),))', '((15, 12), ((1, 1), (1, 12)))', '((27, 6), ((1, 1), (1, 12), (28, 1)))', '((27, 8), ((1, 1), (1, 12)))', '((22, 4), ((1, 1),))', '((16, 4), ((1, 12),))', '((24, 10), ((1, 1),))', '((22, 12), ((28, 1),))', '((12, 8), ((1, 12),))', '((24, 4), ((28, 1),))', '((25, 4), ((28, 12),))', '((26, 6), ((1, 1),))', '((22, 6), ((1, 1), (1, 12)))', '((28, 4), ((28, 1), (28, 12)))', '((11, 9), ((1, 12),))']","['((21, 2), ((1, 1), (1, 12)))', '((26, 9), ((28, 1), (28, 12)))', '((18, 11), ((28, 1), (28, 12)))', '((27, 8), ((1, 1), (1, 12), (28, 1)))', '((27, 1), ((1, 1), (1, 12), (28, 1)))', '((25, 12), ((28, 12),))', '((26, 9), ((1, 1), (1, 12)))', '((27, 10), ((1, 1), (1, 12), (28, 12)))', '((16, 8), ((1, 1),))', '((15, 12), ((1, 1), (1, 12)))', '((27, 6), ((1, 1), (1, 12), (28, 1)))', '((27, 8), ((1, 1), (1, 12)))', '((22, 4), ((1, 1),))', '((16, 4), ((1, 12),))', '((24, 10), ((1, 1),))', '((22, 12), ((28, 1),))', '((12, 8), ((1, 12),))', '((24, 4), ((28, 1),))', '((25, 4), ((28, 12),))', '((26, 6), ((1, 1),))', '((22, 6), ((1, 1), (1, 12)))', '((28, 4), ((28, 1), (28, 12)))', '((11, 9), ((1, 12),))']",[680 states],51,53,104
681,"((21, 2), ((1, 1), (1, 12)))","((22, 2), ((1, 1), (1, 12)))",West,"[(((20, 2), ((1, 1), (1, 12))), 'West', 86, 20, 106)]","['((26, 9), ((28, 1), (28, 12)))', '((27, 1), ((1, 1), (1, 12), (28, 1)))', '((18, 11), ((28, 1), (28, 12)))', '((27, 8), ((1, 1), (1, 12), (28, 1)))', '((27, 6), ((1, 1), (1, 12), (28, 1)))', '((25, 12), ((28, 12),))', '((26, 9), ((1, 1), (1, 12)))', '((27, 10), ((1, 1), (1, 12), (28, 12)))', '((16, 8), ((1, 1),))', '((15, 12), ((1, 1), (1, 12)))', '((28, 4), ((28, 1), (28, 12)))', '((27, 8), ((1, 1), (1, 12)))', '((22, 4), ((1, 1),))', '((16, 4), ((1, 12),))', '((24, 10), ((1, 1),))', '((22, 12), ((28, 1),))', '((12, 8), ((1, 12),))', '((24, 4), ((28, 1),))', '((25, 4), ((28, 12),))', '((26, 6), ((1, 1),))', '((22, 6), ((1, 1), (1, 12)))', '((11, 9), ((1, 12),))']","['((26, 9), ((28, 1), (28, 12)))', '((27, 1), ((1, 1), (1, 12), (28, 1)))', '((18, 11), ((28, 1), (28, 12)))', '((27, 8), ((1, 1), (1, 12), (28, 1)))', '((27, 6), ((1, 1), (1, 12), (28, 1)))', '((25, 12), ((28, 12),))', '((26, 9), ((1, 1), (1, 12)))', '((27, 10), ((1, 1), (1, 12), (28, 12)))', '((16, 8), ((1, 1),))', '((15, 12), ((1, 1), (1, 12)))', '((28, 4), ((28, 1), (28, 12)))', '((27, 8), ((1, 1), (1, 12)))', '((22, 4), ((1, 1),))', '((16, 4), ((1, 12),))', '((24, 10), ((1, 1),))', '((22, 12), ((28, 1),))', '((12, 8), ((1, 12),))', '((24, 4), ((28, 1),))', '((25, 4), ((28, 12),))', '((26, 6), ((1, 1),))', '((22, 6), ((1, 1), (1, 12)))', '((11, 9), ((1, 12),))', '((20, 2), ((1, 1), (1, 12)))']",[681 states],85,19,104
682,"((26, 9), ((28, 1), (28, 12)))","((26, 10), ((28, 1), (28, 12)))",South,"[(((26, 8), ((28, 1), (28, 12))), 'South', 66, 40, 106)]","['((27, 1), ((1, 1), (1, 12), (28, 1)))', '((27, 6), ((1, 1), (1, 12), (28, 1)))', '((18, 11), ((28, 1), (28, 12)))', '((27, 8), ((1, 1), (1, 12), (28, 1)))', '((15, 12), ((1, 1), (1, 12)))', '((25, 12), ((28, 12),))', '((26, 9), ((1, 1), (1, 12)))', '((27, 10), ((1, 1), (1, 12), (28, 12)))', '((16, 8), ((1, 1),))', '((26, 6), ((1, 1),))', '((28, 4), ((28, 1), (28, 12)))', '((27, 8), ((1, 1), (1, 12)))', '((22, 4), ((1, 1),))', '((16, 4), ((1, 12),))', '((24, 10), ((1, 1),))', '((22, 12), ((28, 1),))', '((12, 8), ((1, 12),))', '((24, 4), ((28, 1),))', '((25, 4), ((28, 12),))', '((20, 2), ((1, 1), (1, 12)))', '((22, 6), ((1, 1), (1, 12)))', '((11, 9), ((1, 12),))']","['((27, 1), ((1, 1), (1, 12), (28, 1)))', '((27, 6), ((1, 1), (1, 12), (28, 1)))', '((18, 11), ((28, 1), (28, 12)))', '((27, 8), ((1, 1), (1, 12), (28, 1)))', '((15, 12), ((1, 1), (1, 12)))', '((25, 12), ((28, 12),))', '((26, 9), ((1, 1), (1, 12)))', '((27, 10), ((1, 1), (1, 12), (28, 12)))', '((16, 8), ((1, 1),))', '((26, 6), ((1, 1),))', '((28, 4), ((28, 1), (28, 12)))', '((27, 8), ((1, 1), (1, 12)))', '((22, 4), ((1, 1),))', '((16, 4), ((1, 12),))', '((24, 10), ((1, 1),))', '((22, 12), ((28, 1),))', '((12, 8), ((1, 12),))', '((24, 4), ((28, 1),))', '((25, 4), ((28, 12),))', '((20, 2), ((1, 1), (1, 12)))', '((22, 6), ((1, 1), (1, 12)))', '((11, 9), ((1, 12),))', '((26, 8), ((28, 1), (28, 12)))']",[682 states],65,39,104
683,"((27, 1), ((1, 1), (1, 12), (28, 1)))","((28, 1), ((1, 1), (1, 12), (28, 1)))",West,"[(((26, 1), ((1, 1), (1, 12), (28, 1))), 'West', 93, 13, 106)]","['((27, 6), ((1, 1), (1, 12), (28, 1)))', '((27, 8), ((1, 1), (1, 12), (28, 1)))', '((18, 11), ((28, 1), (28, 12)))', '((16, 8), ((1, 1),))', '((15, 12), ((1, 1), (1, 12)))', '((25, 12), ((28, 12),))', '((26, 9), ((1, 1), (1, 12)))', '((27, 10), ((1, 1), (1, 12), (28, 12)))', '((25, 4), ((28, 12),))', '((26, 6), ((1, 1),))', '((28, 4), ((28, 1), (28, 12)))', '((27, 8), ((1, 1), (1, 12)))', '((22, 4), ((1, 1),))', '((16, 4), ((1, 12),))', '((24, 10), ((1, 1),))', '((22, 12), ((28, 1),))', '((12, 8), ((1, 12),))', '((24, 4), ((28, 1),))', '((26, 8), ((28, 1), (28, 12)))', '((20, 2), ((1, 1), (1, 12)))', '((22, 6), ((1, 1), (1, 12)))', '((11, 9), ((1, 12),))']","['((27, 6), ((1, 1), (1, 12), (28, 1)))', '((27, 8), ((1, 1), (1, 12), (28, 1)))', '((18, 11), ((28, 1), (28, 12)))', '((16, 8), ((1, 1),))', '((15, 12), ((1, 1), (1, 12)))', '((25, 12), ((28, 12),))', '((26, 9), ((1, 1), (1, 12)))', '((27, 10), ((1, 1), (1, 12), (28, 12)))', '((25, 4), ((28, 12),))', '((26, 6), ((1, 1),))', '((28, 4), ((28, 1), (28, 12)))', '((27, 8), ((1, 1), (1, 12)))', '((22, 4), ((1, 1),))', '((16, 4), ((1, 12),))', '((24, 10), ((1, 1),))', '((22, 12), ((28, 1),))', '((12, 8), ((1, 12),))', '((24, 4), ((28, 1),))', '((26, 8), ((28, 1), (28, 12)))', '((20, 2), ((1, 1), (1, 12)))', '((22, 6), ((1, 1), (1, 12)))', '((11, 9), ((1, 12),))', '((26, 1), ((1, 1), (1, 12), (28, 1)))']",[683 states],92,12,104
684,"((27, 6), ((1, 1), (1, 12), (28, 1)))","((28, 6), ((1, 1), (1, 12), (28, 1)))",West,"[(((26, 6), ((1, 1), (1, 12), (28, 1))), 'West', 98, 8, 106)]","['((18, 11), ((28, 1), (28, 12)))', '((27, 8), ((1, 1), (1, 12), (28, 1)))', '((25, 12), ((28, 12),))', '((16, 8), ((1, 1),))', '((15, 12), ((1, 1), (1, 12)))', '((22, 4), ((1, 1),))', '((26, 9), ((1, 1), (1, 12)))', '((27, 10), ((1, 1), (1, 12), (28, 12)))', '((25, 4), ((28, 12),))', '((26, 6), ((1, 1),))', '((28, 4), ((28, 1), (28, 12)))', '((27, 8), ((1, 1), (1, 12)))', '((26, 1), ((1, 1), (1, 12), (28, 1)))', '((16, 4), ((1, 12),))', '((24, 10), ((1, 1),))', '((22, 12), ((28, 1),))', '((12, 8), ((1, 12),))', '((24, 4), ((28, 1),))', '((26, 8), ((28, 1), (28, 12)))', '((20, 2), ((1, 1), (1, 12)))', '((22, 6), ((1, 1), (1, 12)))', '((11, 9), ((1, 12),))']","['((18, 11), ((28, 1), (28, 12)))', '((27, 8), ((1, 1), (1, 12), (28, 1)))', '((25, 12), ((28, 12),))', '((16, 8), ((1, 1),))', '((15, 12), ((1, 1), (1, 12)))', '((22, 4), ((1, 1),))', '((26, 9), ((1, 1), (1, 12)))', '((27, 10), ((1, 1), (1, 12), (28, 12)))', '((25, 4), ((28, 12),))', '((26, 6), ((1, 1),))', '((28, 4), ((28, 1), (28, 12)))', '((27, 8), ((1, 1), (1, 12)))', '((26, 1), ((1, 1), (1, 12), (28, 1)))', '((16, 4), ((1, 12),))', '((24, 10), ((1, 1),))', '((22, 12), ((28, 1),))', '((12, 8), ((1, 12),))', '((24, 4), ((28, 1),))', '((26, 8), ((28, 1), (28, 12)))', '((20, 2), ((1, 1), (1, 12)))', '((22, 6), ((1, 1), (1, 12)))', '((11, 9), ((1, 12),))', '((26, 6), ((1, 1), (1, 12), (28, 1)))']",[684 states],97,7,104
685,"((18, 11), ((28, 1), (28, 12)))","((18, 12), ((28, 1), (28, 12)))",South,"[(((18, 10), ((28, 1), (28, 12))), 'South', 76, 30, 106)]","['((27, 8), ((1, 1), (1, 12), (28, 1)))', '((16, 8), ((1, 1),))', '((25, 12), ((28, 12),))', '((25, 4), ((28, 12),))', '((15, 12), ((1, 1), (1, 12)))', '((22, 4), ((1, 1),))', '((26, 9), ((1, 1), (1, 12)))', '((27, 10), ((1, 1), (1, 12), (28, 12)))', '((24, 4), ((28, 1),))', '((26, 6), ((1, 1),))', '((28, 4), ((28, 1), (28, 12)))', '((27, 8), ((1, 1), (1, 12)))', '((26, 1), ((1, 1), (1, 12), (28, 1)))', '((16, 4), ((1, 12),))', '((24, 10), ((1, 1),))', '((22, 12), ((28, 1),))', '((12, 8), ((1, 12),))', '((26, 6), ((1, 1), (1, 12), (28, 1)))', '((26, 8), ((28, 1), (28, 12)))', '((20, 2), ((1, 1), (1, 12)))', '((22, 6), ((1, 1), (1, 12)))', '((11, 9), ((1, 12),))']","['((27, 8), ((1, 1), (1, 12), (28, 1)))', '((16, 8), ((1, 1),))', '((25, 12), ((28, 12),))', '((25, 4), ((28, 12),))', '((15, 12), ((1, 1), (1, 12)))', '((22, 4), ((1, 1),))', '((26, 9), ((1, 1), (1, 12)))', '((27, 10), ((1, 1), (1, 12), (28, 12)))', '((24, 4), ((28, 1),))', '((26, 6), ((1, 1),))', '((28, 4), ((28, 1), (28, 12)))', '((27, 8), ((1, 1), (1, 12)))', '((26, 1), ((1, 1), (1, 12), (28, 1)))', '((16, 4), ((1, 12),))', '((24, 10), ((1, 1),))', '((22, 12), ((28, 1),))', '((12, 8), ((1, 12),))', '((26, 6), ((1, 1), (1, 12), (28, 1)))', '((26, 8), ((28, 1), (28, 12)))', '((20, 2), ((1, 1), (1, 12)))', '((22, 6), ((1, 1), (1, 12)))', '((11, 9), ((1, 12),))', '((18, 10), ((28, 1), (28, 12)))']",[685 states],75,29,104
686,"((27, 8), ((1, 1), (1, 12), (28, 1)))","((28, 8), ((1, 1), (1, 12), (28, 1)))",West,"[(((26, 8), ((1, 1), (1, 12), (28, 1))), 'West', 100, 6, 106)]","['((16, 8), ((1, 1),))', '((15, 12), ((1, 1), (1, 12)))', '((25, 12), ((28, 12),))', '((25, 4), ((28, 12),))', '((28, 4), ((28, 1), (28, 12)))', '((22, 4), ((1, 1),))', '((26, 9), ((1, 1), (1, 12)))', '((27, 10), ((1, 1), (1, 12), (28, 12)))', '((24, 4), ((28, 1),))', '((26, 6), ((1, 1),))', '((11, 9), ((1, 12),))', '((27, 8), ((1, 1), (1, 12)))', '((26, 1), ((1, 1), (1, 12), (28, 1)))', '((16, 4), ((1, 12),))', '((24, 10), ((1, 1),))', '((22, 12), ((28, 1),))', '((12, 8), ((1, 12),))', '((26, 6), ((1, 1), (1, 12), (28, 1)))', '((26, 8), ((28, 1), (28, 12)))', '((20, 2), ((1, 1), (1, 12)))', '((22, 6), ((1, 1), (1, 12)))', '((18, 10), ((28, 1), (28, 12)))']","['((16, 8), ((1, 1),))', '((15, 12), ((1, 1), (1, 12)))', '((25, 12), ((28, 12),))', '((25, 4), ((28, 12),))', '((28, 4), ((28, 1), (28, 12)))', '((22, 4), ((1, 1),))', '((26, 9), ((1, 1), (1, 12)))', '((27, 10), ((1, 1), (1, 12), (28, 12)))', '((24, 4), ((28, 1),))', '((26, 6), ((1, 1),))', '((11, 9), ((1, 12),))', '((27, 8), ((1, 1), (1, 12)))', '((26, 1), ((1, 1), (1, 12), (28, 1)))', '((16, 4), ((1, 12),))', '((24, 10), ((1, 1),))', '((22, 12), ((28, 1),))', '((12, 8), ((1, 12),))', '((26, 6), ((1, 1), (1, 12), (28, 1)))', '((26, 8), ((28, 1), (28, 12)))', '((20, 2), ((1, 1), (1, 12)))', '((22, 6), ((1, 1), (1, 12)))', '((18, 10), ((28, 1), (28, 12)))', '((26, 8), ((1, 1), (1, 12), (28, 1)))']",[686 states],99,5,104
687,"((16, 8), ((1, 1),))","((15, 8), ((1, 1),))",East,"[(((17, 8), ((1, 1),)), 'East', 49, 56, 105)]","['((25, 12), ((28, 12),))', '((15, 12), ((1, 1), (1, 12)))', '((26, 9), ((1, 1), (1, 12)))', '((25, 4), ((28, 12),))', '((28, 4), ((28, 1), (28, 12)))', '((22, 4), ((1, 1),))', '((24, 10), ((1, 1),))', '((27, 10), ((1, 1), (1, 12), (28, 12)))', '((24, 4), ((28, 1),))', '((26, 6), ((1, 1),))', '((11, 9), ((1, 12),))', '((27, 8), ((1, 1), (1, 12)))', '((26, 1), ((1, 1), (1, 12), (28, 1)))', '((16, 4), ((1, 12),))', '((26, 8), ((1, 1), (1, 12), (28, 1)))', '((22, 12), ((28, 1),))', '((12, 8), ((1, 12),))', '((26, 6), ((1, 1), (1, 12), (28, 1)))', '((26, 8), ((28, 1), (28, 12)))', '((20, 2), ((1, 1), (1, 12)))', '((22, 6), ((1, 1), (1, 12)))', '((18, 10), ((28, 1), (28, 12)))']","['((25, 12), ((28, 12),))', '((15, 12), ((1, 1), (1, 12)))', '((26, 9), ((1, 1), (1, 12)))', '((25, 4), ((28, 12),))', '((28, 4), ((28, 1), (28, 12)))', '((22, 4), ((1, 1),))', '((24, 10), ((1, 1),))', '((27, 10), ((1, 1), (1, 12), (28, 12)))', '((24, 4), ((28, 1),))', '((26, 6), ((1, 1),))', '((17, 8), ((1, 1),))', '((27, 8), ((1, 1), (1, 12)))', '((26, 1), ((1, 1), (1, 12), (28, 1)))', '((16, 4), ((1, 12),))', '((26, 8), ((1, 1), (1, 12), (28, 1)))', '((22, 12), ((28, 1),))', '((12, 8), ((1, 12),))', '((26, 6), ((1, 1), (1, 12), (28, 1)))', '((26, 8), ((28, 1), (28, 12)))', '((20, 2), ((1, 1), (1, 12)))', '((22, 6), ((1, 1), (1, 12)))', '((18, 10), ((28, 1), (28, 12)))', '((11, 9), ((1, 12),))']",[687 states],48,57,105
688,"((25, 12), ((28, 12),))","((26, 12), ((28, 12),))",West,"[(((24, 12), ((28, 12),)), 'West', 54, 53, 107)]","['((15, 12), ((1, 1), (1, 12)))', '((28, 4), ((28, 1), (28, 12)))', '((26, 9), ((1, 1), (1, 12)))', '((25, 4), ((28, 12),))', '((26, 6), ((1, 1),))', '((22, 4), ((1, 1),))', '((24, 10), ((1, 1),))', '((27, 10), ((1, 1), (1, 12), (28, 12)))', '((24, 4), ((28, 1),))', '((22, 6), ((1, 1), (1, 12)))', '((17, 8), ((1, 1),))', '((27, 8), ((1, 1), (1, 12)))', '((26, 1), ((1, 1), (1, 12), (28, 1)))', '((16, 4), ((1, 12),))', '((26, 8), ((1, 1), (1, 12), (28, 1)))', '((22, 12), ((28, 1),))', '((12, 8), ((1, 12),))', '((26, 6), ((1, 1), (1, 12), (28, 1)))', '((26, 8), ((28, 1), (28, 12)))', '((20, 2), ((1, 1), (1, 12)))', '((11, 9), ((1, 12),))', '((18, 10), ((28, 1), (28, 12)))']","['((15, 12), ((1, 1), (1, 12)))', '((28, 4), ((28, 1), (28, 12)))', '((26, 9), ((1, 1), (1, 12)))', '((25, 4), ((28, 12),))', '((26, 6), ((1, 1),))', '((22, 4), ((1, 1),))', '((24, 10), ((1, 1),))', '((27, 10), ((1, 1), (1, 12), (28, 12)))', '((24, 4), ((28, 1),))', '((22, 6), ((1, 1), (1, 12)))', '((17, 8), ((1, 1),))', '((27, 8), ((1, 1), (1, 12)))', '((26, 1), ((1, 1), (1, 12), (28, 1)))', '((16, 4), ((1, 12),))', '((26, 8), ((1, 1), (1, 12), (28, 1)))', '((22, 12), ((28, 1),))', '((12, 8), ((1, 12),))', '((26, 6), ((1, 1), (1, 12), (28, 1)))', '((26, 8), ((28, 1), (28, 12)))', '((20, 2), ((1, 1), (1, 12)))', '((11, 9), ((1, 12),))', '((18, 10), ((28, 1), (28, 12)))', '((24, 12), ((28, 12),))']",[688 states],53,52,105
689,"((15, 12), ((1, 1), (1, 12)))","((16, 12), ((1, 1), (1, 12)))",West,"[(((14, 12), ((1, 1), (1, 12))), 'West', 82, 25, 107)]","['((28, 4), ((28, 1), (28, 12)))', '((26, 6), ((1, 1),))', '((26, 9), ((1, 1), (1, 12)))', '((25, 4), ((28, 12),))', '((17, 8), ((1, 1),))', '((22, 4), ((1, 1),))', '((24, 10), ((1, 1),))', '((27, 10), ((1, 1), (1, 12), (28, 12)))', '((24, 4), ((28, 1),))', '((22, 6), ((1, 1), (1, 12)))', '((18, 10), ((28, 1), (28, 12)))', '((27, 8), ((1, 1), (1, 12)))', '((26, 1), ((1, 1), (1, 12), (28, 1)))', '((16, 4), ((1, 12),))', '((26, 8), ((1, 1), (1, 12), (28, 1)))', '((22, 12), ((28, 1),))', '((12, 8), ((1, 12),))', '((26, 6), ((1, 1), (1, 12), (28, 1)))', '((26, 8), ((28, 1), (28, 12)))', '((20, 2), ((1, 1), (1, 12)))', '((11, 9), ((1, 12),))', '((24, 12), ((28, 12),))']","['((28, 4), ((28, 1), (28, 12)))', '((26, 6), ((1, 1),))', '((26, 9), ((1, 1), (1, 12)))', '((25, 4), ((28, 12),))', '((17, 8), ((1, 1),))', '((22, 4), ((1, 1),))', '((24, 10), ((1, 1),))', '((27, 10), ((1, 1), (1, 12), (28, 12)))', '((24, 4), ((28, 1),))', '((22, 6), ((1, 1), (1, 12)))', '((18, 10), ((28, 1), (28, 12)))', '((27, 8), ((1, 1), (1, 12)))', '((26, 1), ((1, 1), (1, 12), (28, 1)))', '((16, 4), ((1, 12),))', '((26, 8), ((1, 1), (1, 12), (28, 1)))', '((22, 12), ((28, 1),))', '((12, 8), ((1, 12),))', '((26, 6), ((1, 1), (1, 12), (28, 1)))', '((26, 8), ((28, 1), (28, 12)))', '((20, 2), ((1, 1), (1, 12)))', '((11, 9), ((1, 12),))', '((24, 12), ((28, 12),))', '((14, 12), ((1, 1), (1, 12)))']",[689 states],81,24,105
690,"((28, 4), ((28, 1), (28, 12)))","((28, 3), ((28, 1), (28, 12)))",North,"[(((28, 5), ((28, 1), (28, 12))), 'North', 65, 42, 107)]","['((26, 9), ((1, 1), (1, 12)))', '((26, 6), ((1, 1),))', '((24, 10), ((1, 1),))', '((25, 4), ((28, 12),))', '((17, 8), ((1, 1),))', '((22, 4), ((1, 1),))', '((16, 4), ((1, 12),))', '((27, 10), ((1, 1), (1, 12), (28, 12)))', '((24, 4), ((28, 1),))', '((22, 6), ((1, 1), (1, 12)))', '((18, 10), ((28, 1), (28, 12)))', '((27, 8), ((1, 1), (1, 12)))', '((26, 1), ((1, 1), (1, 12), (28, 1)))', '((14, 12), ((1, 1), (1, 12)))', '((26, 8), ((1, 1), (1, 12), (28, 1)))', '((22, 12), ((28, 1),))', '((12, 8), ((1, 12),))', '((26, 6), ((1, 1), (1, 12), (28, 1)))', '((26, 8), ((28, 1), (28, 12)))', '((20, 2), ((1, 1), (1, 12)))', '((11, 9), ((1, 12),))', '((24, 12), ((28, 12),))']","['((26, 9), ((1, 1), (1, 12)))', '((26, 6), ((1, 1),))', '((24, 10), ((1, 1),))', '((25, 4), ((28, 12),))', '((17, 8), ((1, 1),))', '((22, 4), ((1, 1),))', '((16, 4), ((1, 12),))', '((27, 10), ((1, 1), (1, 12), (28, 12)))', '((24, 4), ((28, 1),))', '((22, 6), ((1, 1), (1, 12)))', '((18, 10), ((28, 1), (28, 12)))', '((27, 8), ((1, 1), (1, 12)))', '((26, 1), ((1, 1), (1, 12), (28, 1)))', '((14, 12), ((1, 1), (1, 12)))', '((26, 8), ((1, 1), (1, 12), (28, 1)))', '((22, 12), ((28, 1),))', '((12, 8), ((1, 12),))', '((26, 6), ((1, 1), (1, 12), (28, 1)))', '((26, 8), ((28, 1), (28, 12)))', '((20, 2), ((1, 1), (1, 12)))', '((11, 9), ((1, 12),))', '((24, 12), ((28, 12),))', '((28, 5), ((28, 1), (28, 12)))']",[690 states],64,41,105
691,"((26, 9), ((1, 1), (1, 12)))","((26, 10), ((1, 1), (1, 12)))",South,"[(((26, 8), ((1, 1), (1, 12))), 'South', 90, 17, 107)]","['((24, 10), ((1, 1),))', '((26, 6), ((1, 1),))', '((22, 4), ((1, 1),))', '((25, 4), ((28, 12),))', '((17, 8), ((1, 1),))', '((27, 8), ((1, 1), (1, 12)))', '((16, 4), ((1, 12),))', '((27, 10), ((1, 1), (1, 12), (28, 12)))', '((24, 4), ((28, 1),))', '((22, 6), ((1, 1), (1, 12)))', '((18, 10), ((28, 1), (28, 12)))', '((28, 5), ((28, 1), (28, 12)))', '((26, 1), ((1, 1), (1, 12), (28, 1)))', '((14, 12), ((1, 1), (1, 12)))', '((26, 8), ((1, 1), (1, 12), (28, 1)))', '((22, 12), ((28, 1),))', '((12, 8), ((1, 12),))', '((26, 6), ((1, 1), (1, 12), (28, 1)))', '((26, 8), ((28, 1), (28, 12)))', '((20, 2), ((1, 1), (1, 12)))', '((11, 9), ((1, 12),))', '((24, 12), ((28, 12),))']","['((24, 10), ((1, 1),))', '((26, 6), ((1, 1),))', '((22, 4), ((1, 1),))', '((25, 4), ((28, 12),))', '((17, 8), ((1, 1),))', '((27, 8), ((1, 1), (1, 12)))', '((16, 4), ((1, 12),))', '((27, 10), ((1, 1), (1, 12), (28, 12)))', '((24, 4), ((28, 1),))', '((22, 6), ((1, 1), (1, 12)))', '((18, 10), ((28, 1), (28, 12)))', '((28, 5), ((28, 1), (28, 12)))', '((26, 1), ((1, 1), (1, 12), (28, 1)))', '((14, 12), ((1, 1), (1, 12)))', '((26, 8), ((1, 1), (1, 12), (28, 1)))', '((22, 12), ((28, 1),))', '((12, 8), ((1, 12),))', '((26, 6), ((1, 1), (1, 12), (28, 1)))', '((26, 8), ((28, 1), (28, 12)))', '((20, 2), ((1, 1), (1, 12)))', '((11, 9), ((1, 12),))', '((24, 12), ((28, 12),))', '((26, 8), ((1, 1), (1, 12)))']",[691 states],89,16,105
692,"((24, 10), ((1, 1),))","((24, 9), ((1, 1),))",North,[],"['((22, 4), ((1, 1),))', '((26, 6), ((1, 1),))', '((27, 8), ((1, 1), (1, 12)))', '((25, 4), ((28, 12),))', '((17, 8), ((1, 1),))', '((26, 1), ((1, 1), (1, 12), (28, 1)))', '((16, 4), ((1, 12),))', '((27, 10), ((1, 1), (1, 12), (28, 12)))', '((24, 4), ((28, 1),))', '((22, 6), ((1, 1), (1, 12)))', '((18, 10), ((28, 1), (28, 12)))', '((28, 5), ((28, 1), (28, 12)))', '((26, 8), ((1, 1), (1, 12)))', '((14, 12), ((1, 1), (1, 12)))', '((26, 8), ((1, 1), (1, 12), (28, 1)))', '((22, 12), ((28, 1),))', '((12, 8), ((1, 12),))', '((26, 6), ((1, 1), (1, 12), (28, 1)))', '((26, 8), ((28, 1), (28, 12)))', '((20, 2), ((1, 1), (1, 12)))', '((11, 9), ((1, 12),))', '((24, 12), ((28, 12),))']","['((22, 4), ((1, 1),))', '((26, 6), ((1, 1),))', '((27, 8), ((1, 1), (1, 12)))', '((25, 4), ((28, 12),))', '((17, 8), ((1, 1),))', '((26, 1), ((1, 1), (1, 12), (28, 1)))', '((16, 4), ((1, 12),))', '((27, 10), ((1, 1), (1, 12), (28, 12)))', '((24, 4), ((28, 1),))', '((22, 6), ((1, 1), (1, 12)))', '((18, 10), ((28, 1), (28, 12)))', '((28, 5), ((28, 1), (28, 12)))', '((26, 8), ((1, 1), (1, 12)))', '((14, 12), ((1, 1), (1, 12)))', '((26, 8), ((1, 1), (1, 12), (28, 1)))', '((22, 12), ((28, 1),))', '((12, 8), ((1, 12),))', '((26, 6), ((1, 1), (1, 12), (28, 1)))', '((26, 8), ((28, 1), (28, 12)))', '((20, 2), ((1, 1), (1, 12)))', '((11, 9), ((1, 12),))', '((24, 12), ((28, 12),))']",[692 states],54,51,105
693,"((22, 4), ((1, 1),))","((23, 4), ((1, 1),))",West,"[(((22, 5), ((1, 1),)), 'North', 59, 48, 107), (((22, 3), ((1, 1),)), 'South', 59, 46, 105)]","['((26, 6), ((1, 1),))', '((25, 4), ((28, 12),))', '((27, 8), ((1, 1), (1, 12)))', '((27, 10), ((1, 1), (1, 12), (28, 12)))', '((17, 8), ((1, 1),))', '((26, 1), ((1, 1), (1, 12), (28, 1)))', '((16, 4), ((1, 12),))', '((22, 12), ((28, 1),))', '((24, 4), ((28, 1),))', '((22, 6), ((1, 1), (1, 12)))', '((18, 10), ((28, 1), (28, 12)))', '((28, 5), ((28, 1), (28, 12)))', '((26, 8), ((1, 1), (1, 12)))', '((14, 12), ((1, 1), (1, 12)))', '((26, 8), ((1, 1), (1, 12), (28, 1)))', '((24, 12), ((28, 12),))', '((12, 8), ((1, 12),))', '((26, 6), ((1, 1), (1, 12), (28, 1)))', '((26, 8), ((28, 1), (28, 12)))', '((20, 2), ((1, 1), (1, 12)))', '((11, 9), ((1, 12),))']","['((26, 6), ((1, 1),))', '((25, 4), ((28, 12),))', '((27, 8), ((1, 1), (1, 12)))', '((27, 10), ((1, 1), (1, 12), (28, 12)))', '((17, 8), ((1, 1),))', '((26, 1), ((1, 1), (1, 12), (28, 1)))', '((16, 4), ((1, 12),))', '((22, 12), ((28, 1),))', '((24, 4), ((28, 1),))', '((22, 6), ((1, 1), (1, 12)))', '((22, 3), ((1, 1),))', '((28, 5), ((28, 1), (28, 12)))', '((26, 8), ((1, 1), (1, 12)))', '((14, 12), ((1, 1), (1, 12)))', '((26, 8), ((1, 1), (1, 12), (28, 1)))', '((24, 12), ((28, 12),))', '((12, 8), ((1, 12),))', '((26, 6), ((1, 1), (1, 12), (28, 1)))', '((26, 8), ((28, 1), (28, 12)))', '((20, 2), ((1, 1), (1, 12)))', '((11, 9), ((1, 12),))', '((22, 5), ((1, 1),))', '((18, 10), ((28, 1), (28, 12)))']",[693 states],58,47,105
694,"((26, 6), ((1, 1),))","((26, 5), ((1, 1),))",North,"[(((27, 6), ((1, 1),)), 'East', 61, 44, 105)]","['((27, 8), ((1, 1), (1, 12)))', '((25, 4), ((28, 12),))', '((16, 4), ((1, 12),))', '((27, 10), ((1, 1), (1, 12), (28, 12)))', '((17, 8), ((1, 1),))', '((26, 1), ((1, 1), (1, 12), (28, 1)))', '((18, 10), ((28, 1), (28, 12)))', '((22, 12), ((28, 1),))', '((24, 4), ((28, 1),))', '((22, 6), ((1, 1), (1, 12)))', '((22, 3), ((1, 1),))', '((28, 5), ((28, 1), (28, 12)))', '((26, 8), ((1, 1), (1, 12)))', '((14, 12), ((1, 1), (1, 12)))', '((26, 8), ((1, 1), (1, 12), (28, 1)))', '((24, 12), ((28, 12),))', '((12, 8), ((1, 12),))', '((26, 6), ((1, 1), (1, 12), (28, 1)))', '((26, 8), ((28, 1), (28, 12)))', '((20, 2), ((1, 1), (1, 12)))', '((11, 9), ((1, 12),))', '((22, 5), ((1, 1),))']","['((27, 8), ((1, 1), (1, 12)))', '((25, 4), ((28, 12),))', '((16, 4), ((1, 12),))', '((27, 10), ((1, 1), (1, 12), (28, 12)))', '((17, 8), ((1, 1),))', '((26, 1), ((1, 1), (1, 12), (28, 1)))', '((18, 10), ((28, 1), (28, 12)))', '((22, 12), ((28, 1),))', '((24, 4), ((28, 1),))', '((22, 6), ((1, 1), (1, 12)))', '((22, 3), ((1, 1),))', '((28, 5), ((28, 1), (28, 12)))', '((26, 8), ((1, 1), (1, 12)))', '((14, 12), ((1, 1), (1, 12)))', '((26, 8), ((1, 1), (1, 12), (28, 1)))', '((24, 12), ((28, 12),))', '((12, 8), ((1, 12),))', '((26, 6), ((1, 1), (1, 12), (28, 1)))', '((26, 8), ((28, 1), (28, 12)))', '((20, 2), ((1, 1), (1, 12)))', '((11, 9), ((1, 12),))', '((22, 5), ((1, 1),))', '((27, 6), ((1, 1),))']",[694 states],60,45,105
695,"((27, 8), ((1, 1), (1, 12)))","((28, 8), ((1, 1), (1, 12)))",West,[],"['((25, 4), ((28, 12),))', '((27, 10), ((1, 1), (1, 12), (28, 12)))', '((16, 4), ((1, 12),))', '((27, 6), ((1, 1),))', '((17, 8), ((1, 1),))', '((26, 1), ((1, 1), (1, 12), (28, 1)))', '((18, 10), ((28, 1), (28, 12)))', '((22, 12), ((28, 1),))', '((24, 4), ((28, 1),))', '((22, 6), ((1, 1), (1, 12)))', '((22, 3), ((1, 1),))', '((28, 5), ((28, 1), (28, 12)))', '((26, 8), ((1, 1), (1, 12)))', '((14, 12), ((1, 1), (1, 12)))', '((26, 8), ((1, 1), (1, 12), (28, 1)))', '((24, 12), ((28, 12),))', '((12, 8), ((1, 12),))', '((26, 6), ((1, 1), (1, 12), (28, 1)))', '((26, 8), ((28, 1), (28, 12)))', '((20, 2), ((1, 1), (1, 12)))', '((11, 9), ((1, 12),))', '((22, 5), ((1, 1),))']","['((25, 4), ((28, 12),))', '((27, 10), ((1, 1), (1, 12), (28, 12)))', '((16, 4), ((1, 12),))', '((27, 6), ((1, 1),))', '((17, 8), ((1, 1),))', '((26, 1), ((1, 1), (1, 12), (28, 1)))', '((18, 10), ((28, 1), (28, 12)))', '((22, 12), ((28, 1),))', '((24, 4), ((28, 1),))', '((22, 6), ((1, 1), (1, 12)))', '((22, 3), ((1, 1),))', '((28, 5), ((28, 1), (28, 12)))', '((26, 8), ((1, 1), (1, 12)))', '((14, 12), ((1, 1), (1, 12)))', '((26, 8), ((1, 1), (1, 12), (28, 1)))', '((24, 12), ((28, 12),))', '((12, 8), ((1, 12),))', '((26, 6), ((1, 1), (1, 12), (28, 1)))', '((26, 8), ((28, 1), (28, 12)))', '((20, 2), ((1, 1), (1, 12)))', '((11, 9), ((1, 12),))', '((22, 5), ((1, 1),))']",[695 states],89,16,105
696,"((25, 4), ((28, 12),))","((26, 4), ((28, 12),))",West,"[(((24, 4), ((28, 12),)), 'West', 62, 45, 107)]","['((27, 10), ((1, 1), (1, 12), (28, 12)))', '((17, 8), ((1, 1),))', '((16, 4), ((1, 12),))', '((27, 6), ((1, 1),))', '((22, 3), ((1, 1),))', '((26, 1), ((1, 1), (1, 12), (28, 1)))', '((18, 10), ((28, 1), (28, 12)))', '((22, 12), ((28, 1),))', '((24, 4), ((28, 1),))', '((22, 6), ((1, 1), (1, 12)))', '((22, 5), ((1, 1),))', '((28, 5), ((28, 1), (28, 12)))', '((26, 8), ((1, 1), (1, 12)))', '((14, 12), ((1, 1), (1, 12)))', '((26, 8), ((1, 1), (1, 12), (28, 1)))', '((24, 12), ((28, 12),))', '((12, 8), ((1, 12),))', '((26, 6), ((1, 1), (1, 12), (28, 1)))', '((26, 8), ((28, 1), (28, 12)))', '((20, 2), ((1, 1), (1, 12)))', '((11, 9), ((1, 12),))']","['((27, 10), ((1, 1), (1, 12), (28, 12)))', '((17, 8), ((1, 1),))', '((16, 4), ((1, 12),))', '((27, 6), ((1, 1),))', '((22, 3), ((1, 1),))', '((26, 1), ((1, 1), (1, 12), (28, 1)))', '((18, 10), ((28, 1), (28, 12)))', '((22, 12), ((28, 1),))', '((24, 4), ((28, 1),))', '((22, 6), ((1, 1), (1, 12)))', '((22, 5), ((1, 1),))', '((28, 5), ((28, 1), (28, 12)))', '((26, 8), ((1, 1), (1, 12)))', '((14, 12), ((1, 1), (1, 12)))', '((26, 8), ((1, 1), (1, 12), (28, 1)))', '((24, 12), ((28, 12),))', '((12, 8), ((1, 12),))', '((26, 6), ((1, 1), (1, 12), (28, 1)))', '((26, 8), ((28, 1), (28, 12)))', '((20, 2), ((1, 1), (1, 12)))', '((11, 9), ((1, 12),))', '((24, 4), ((28, 12),))']",[696 states],61,44,105
697,"((27, 10), ((1, 1), (1, 12), (28, 12)))","((28, 10), ((1, 1), (1, 12), (28, 12)))",West,"[(((26, 10), ((1, 1), (1, 12), (28, 12))), 'West', 96, 11, 107)]","['((17, 8), ((1, 1),))', '((22, 3), ((1, 1),))', '((16, 4), ((1, 12),))', '((27, 6), ((1, 1),))', '((22, 6), ((1, 1), (1, 12)))', '((26, 1), ((1, 1), (1, 12), (28, 1)))', '((18, 10), ((28, 1), (28, 12)))', '((22, 12), ((28, 1),))', '((24, 4), ((28, 1),))', '((11, 9), ((1, 12),))', '((22, 5), ((1, 1),))', '((28, 5), ((28, 1), (28, 12)))', '((26, 8), ((1, 1), (1, 12)))', '((14, 12), ((1, 1), (1, 12)))', '((26, 8), ((1, 1), (1, 12), (28, 1)))', '((24, 12), ((28, 12),))', '((12, 8), ((1, 12),))', '((26, 6), ((1, 1), (1, 12), (28, 1)))', '((26, 8), ((28, 1), (28, 12)))', '((20, 2), ((1, 1), (1, 12)))', '((24, 4), ((28, 12),))']","['((17, 8), ((1, 1),))', '((22, 3), ((1, 1),))', '((16, 4), ((1, 12),))', '((27, 6), ((1, 1),))', '((22, 6), ((1, 1), (1, 12)))', '((26, 1), ((1, 1), (1, 12), (28, 1)))', '((18, 10), ((28, 1), (28, 12)))', '((22, 12), ((28, 1),))', '((24, 4), ((28, 1),))', '((11, 9), ((1, 12),))', '((22, 5), ((1, 1),))', '((28, 5), ((28, 1), (28, 12)))', '((26, 8), ((1, 1), (1, 12)))', '((14, 12), ((1, 1), (1, 12)))', '((26, 8), ((1, 1), (1, 12), (28, 1)))', '((24, 12), ((28, 12),))', '((12, 8), ((1, 12),))', '((26, 6), ((1, 1), (1, 12), (28, 1)))', '((26, 8), ((28, 1), (28, 12)))', '((20, 2), ((1, 1), (1, 12)))', '((24, 4), ((28, 12),))', '((26, 10), ((1, 1), (1, 12), (28, 12)))']",[697 states],95,10,105
698,"((17, 8), ((1, 1),))","((16, 8), ((1, 1),))",East,"[(((18, 8), ((1, 1),)), 'East', 50, 55, 105)]","['((22, 3), ((1, 1),))', '((27, 6), ((1, 1),))', '((16, 4), ((1, 12),))', '((24, 4), ((28, 1),))', '((22, 6), ((1, 1), (1, 12)))', '((26, 1), ((1, 1), (1, 12), (28, 1)))', '((18, 10), ((28, 1), (28, 12)))', '((22, 12), ((28, 1),))', '((26, 8), ((28, 1), (28, 12)))', '((11, 9), ((1, 12),))', '((22, 5), ((1, 1),))', '((28, 5), ((28, 1), (28, 12)))', '((26, 8), ((1, 1), (1, 12)))', '((14, 12), ((1, 1), (1, 12)))', '((26, 8), ((1, 1), (1, 12), (28, 1)))', '((24, 12), ((28, 12),))', '((12, 8), ((1, 12),))', '((26, 6), ((1, 1), (1, 12), (28, 1)))', '((26, 10), ((1, 1), (1, 12), (28, 12)))', '((20, 2), ((1, 1), (1, 12)))', '((24, 4), ((28, 12),))']","['((22, 3), ((1, 1),))', '((27, 6), ((1, 1),))', '((16, 4), ((1, 12),))', '((24, 4), ((28, 1),))', '((18, 8), ((1, 1),))', '((26, 1), ((1, 1), (1, 12), (28, 1)))', '((18, 10), ((28, 1), (28, 12)))', '((22, 12), ((28, 1),))', '((26, 8), ((28, 1), (28, 12)))', '((11, 9), ((1, 12),))', '((22, 6), ((1, 1), (1, 12)))', '((28, 5), ((28, 1), (28, 12)))', '((26, 8), ((1, 1), (1, 12)))', '((14, 12), ((1, 1), (1, 12)))', '((26, 8), ((1, 1), (1, 12), (28, 1)))', '((24, 12), ((28, 12),))', '((12, 8), ((1, 12),))', '((26, 6), ((1, 1), (1, 12), (28, 1)))', '((26, 10), ((1, 1), (1, 12), (28, 12)))', '((20, 2), ((1, 1), (1, 12)))', '((24, 4), ((28, 12),))', '((22, 5), ((1, 1),))']",[698 states],49,56,105
699,"((22, 3), ((1, 1),))","((22, 4), ((1, 1),))",South,"[(((22, 2), ((1, 1),)), 'South', 60, 45, 105)]","['((27, 6), ((1, 1),))', '((18, 8), ((1, 1),))', '((16, 4), ((1, 12),))', '((24, 4), ((28, 1),))', '((22, 6), ((1, 1), (1, 12)))', '((26, 1), ((1, 1), (1, 12), (28, 1)))', '((18, 10), ((28, 1), (28, 12)))', '((22, 12), ((28, 1),))', '((26, 8), ((28, 1), (28, 12)))', '((11, 9), ((1, 12),))', '((22, 5), ((1, 1),))', '((28, 5), ((28, 1), (28, 12)))', '((26, 8), ((1, 1), (1, 12)))', '((14, 12), ((1, 1), (1, 12)))', '((26, 8), ((1, 1), (1, 12), (28, 1)))', '((24, 12), ((28, 12),))', '((12, 8), ((1, 12),))', '((26, 6), ((1, 1), (1, 12), (28, 1)))', '((26, 10), ((1, 1), (1, 12), (28, 12)))', '((20, 2), ((1, 1), (1, 12)))', '((24, 4), ((28, 12),))']","['((27, 6), ((1, 1),))', '((18, 8), ((1, 1),))', '((16, 4), ((1, 12),))', '((24, 4), ((28, 1),))', '((22, 2), ((1, 1),))', '((26, 1), ((1, 1), (1, 12), (28, 1)))', '((18, 10), ((28, 1), (28, 12)))', '((22, 12), ((28, 1),))', '((26, 8), ((28, 1), (28, 12)))', '((11, 9), ((1, 12),))', '((22, 6), ((1, 1), (1, 12)))', '((28, 5), ((28, 1), (28, 12)))', '((26, 8), ((1, 1), (1, 12)))', '((14, 12), ((1, 1), (1, 12)))', '((26, 8), ((1, 1), (1, 12), (28, 1)))', '((24, 12), ((28, 12),))', '((12, 8), ((1, 12),))', '((26, 6), ((1, 1), (1, 12), (28, 1)))', '((26, 10), ((1, 1), (1, 12), (28, 12)))', '((20, 2), ((1, 1), (1, 12)))', '((24, 4), ((28, 12),))', '((22, 5), ((1, 1),))']",[699 states],59,46,105
700,"((27, 6), ((1, 1),))","((26, 6), ((1, 1),))",East,"[(((28, 6), ((1, 1),)), 'East', 62, 43, 105)]","['((18, 8), ((1, 1),))', '((22, 2), ((1, 1),))', '((16, 4), ((1, 12),))', '((24, 4), ((28, 1),))', '((22, 6), ((1, 1), (1, 12)))', '((26, 1), ((1, 1), (1, 12), (28, 1)))', '((18, 10), ((28, 1), (28, 12)))', '((22, 12), ((28, 1),))', '((26, 8), ((28, 1), (28, 12)))', '((11, 9), ((1, 12),))', '((22, 5), ((1, 1),))', '((28, 5), ((28, 1), (28, 12)))', '((26, 8), ((1, 1), (1, 12)))', '((14, 12), ((1, 1), (1, 12)))', '((26, 8), ((1, 1), (1, 12), (28, 1)))', '((24, 12), ((28, 12),))', '((12, 8), ((1, 12),))', '((26, 6), ((1, 1), (1, 12), (28, 1)))', '((26, 10), ((1, 1), (1, 12), (28, 12)))', '((20, 2), ((1, 1), (1, 12)))', '((24, 4), ((28, 12),))']","['((18, 8), ((1, 1),))', '((22, 2), ((1, 1),))', '((16, 4), ((1, 12),))', '((24, 4), ((28, 1),))', '((28, 6), ((1, 1),))', '((26, 1), ((1, 1), (1, 12), (28, 1)))', '((18, 10), ((28, 1), (28, 12)))', '((22, 12), ((28, 1),))', '((26, 8), ((28, 1), (28, 12)))', '((11, 9), ((1, 12),))', '((22, 6), ((1, 1), (1, 12)))', '((28, 5), ((28, 1), (28, 12)))', '((26, 8), ((1, 1), (1, 12)))', '((14, 12), ((1, 1), (1, 12)))', '((26, 8), ((1, 1), (1, 12), (28, 1)))', '((24, 12), ((28, 12),))', '((12, 8), ((1, 12),))', '((26, 6), ((1, 1), (1, 12), (28, 1)))', '((26, 10), ((1, 1), (1, 12), (28, 12)))', '((20, 2), ((1, 1), (1, 12)))', '((24, 4), ((28, 12),))', '((22, 5), ((1, 1),))']",[700 states],61,44,105
701,"((18, 8), ((1, 1),))","((17, 8), ((1, 1),))",East,"[(((18, 9), ((1, 1),)), 'North', 51, 56, 107)]","['((22, 2), ((1, 1),))', '((28, 6), ((1, 1),))', '((16, 4), ((1, 12),))', '((24, 4), ((28, 1),))', '((22, 6), ((1, 1), (1, 12)))', '((26, 1), ((1, 1), (1, 12), (28, 1)))', '((18, 10), ((28, 1), (28, 12)))', '((22, 12), ((28, 1),))', '((26, 8), ((28, 1), (28, 12)))', '((11, 9), ((1, 12),))', '((22, 5), ((1, 1),))', '((28, 5), ((28, 1), (28, 12)))', '((26, 8), ((1, 1), (1, 12)))', '((14, 12), ((1, 1), (1, 12)))', '((26, 8), ((1, 1), (1, 12), (28, 1)))', '((24, 12), ((28, 12),))', '((12, 8), ((1, 12),))', '((26, 6), ((1, 1), (1, 12), (28, 1)))', '((26, 10), ((1, 1), (1, 12), (28, 12)))', '((20, 2), ((1, 1), (1, 12)))', '((24, 4), ((28, 12),))']","['((22, 2), ((1, 1),))', '((28, 6), ((1, 1),))', '((16, 4), ((1, 12),))', '((24, 4), ((28, 1),))', '((22, 6), ((1, 1), (1, 12)))', '((26, 1), ((1, 1), (1, 12), (28, 1)))', '((18, 10), ((28, 1), (28, 12)))', '((22, 12), ((28, 1),))', '((26, 8), ((28, 1), (28, 12)))', '((11, 9), ((1, 12),))', '((22, 5), ((1, 1),))', '((28, 5), ((28, 1), (28, 12)))', '((26, 8), ((1, 1), (1, 12)))', '((14, 12), ((1, 1), (1, 12)))', '((26, 8), ((1, 1), (1, 12), (28, 1)))', '((24, 12), ((28, 12),))', '((12, 8), ((1, 12),))', '((26, 6), ((1, 1), (1, 12), (28, 1)))', '((26, 10), ((1, 1), (1, 12), (28, 12)))', '((20, 2), ((1, 1), (1, 12)))', '((24, 4), ((28, 12),))', '((18, 9), ((1, 1),))']",[701 states],50,55,105
702,"((22, 2), ((1, 1),))","((22, 3), ((1, 1),))",South,"[(((22, 1), ((1, 1),)), 'South', 61, 44, 105), (((21, 2), ((1, 1),)), 'West', 61, 46, 107)]","['((28, 6), ((1, 1),))', '((24, 4), ((28, 1),))', '((16, 4), ((1, 12),))', '((22, 12), ((28, 1),))', '((22, 6), ((1, 1), (1, 12)))', '((26, 1), ((1, 1), (1, 12), (28, 1)))', '((18, 10), ((28, 1), (28, 12)))', '((12, 8), ((1, 12),))', '((26, 8), ((28, 1), (28, 12)))', '((11, 9), ((1, 12),))', '((22, 5), ((1, 1),))', '((28, 5), ((28, 1), (28, 12)))', '((26, 8), ((1, 1), (1, 12)))', '((14, 12), ((1, 1), (1, 12)))', '((26, 8), ((1, 1), (1, 12), (28, 1)))', '((24, 12), ((28, 12),))', '((18, 9), ((1, 1),))', '((26, 6), ((1, 1), (1, 12), (28, 1)))', '((26, 10), ((1, 1), (1, 12), (28, 12)))', '((20, 2), ((1, 1), (1, 12)))', '((24, 4), ((28, 12),))']","['((28, 6), ((1, 1),))', '((22, 1), ((1, 1),))', '((16, 4), ((1, 12),))', '((22, 12), ((28, 1),))', '((24, 4), ((28, 1),))', '((26, 1), ((1, 1), (1, 12), (28, 1)))', '((18, 10), ((28, 1), (28, 12)))', '((12, 8), ((1, 12),))', '((26, 8), ((28, 1), (28, 12)))', '((11, 9), ((1, 12),))', '((22, 6), ((1, 1), (1, 12)))', '((28, 5), ((28, 1), (28, 12)))', '((26, 8), ((1, 1), (1, 12)))', '((14, 12), ((1, 1), (1, 12)))', '((26, 8), ((1, 1), (1, 12), (28, 1)))', '((24, 12), ((28, 12),))', '((18, 9), ((1, 1),))', '((26, 6), ((1, 1), (1, 12), (28, 1)))', '((26, 10), ((1, 1), (1, 12), (28, 12)))', '((20, 2), ((1, 1), (1, 12)))', '((24, 4), ((28, 12),))', '((22, 5), ((1, 1),))', '((21, 2), ((1, 1),))']",[702 states],60,45,105
703,"((28, 6), ((1, 1),))","((27, 6), ((1, 1),))",East,"[(((28, 7), ((1, 1),)), 'North', 63, 44, 107), (((28, 5), ((1, 1),)), 'South', 63, 42, 105)]","['((22, 1), ((1, 1),))', '((24, 4), ((28, 1),))', '((16, 4), ((1, 12),))', '((22, 12), ((28, 1),))', '((22, 6), ((1, 1), (1, 12)))', '((26, 1), ((1, 1), (1, 12), (28, 1)))', '((18, 10), ((28, 1), (28, 12)))', '((12, 8), ((1, 12),))', '((26, 8), ((28, 1), (28, 12)))', '((11, 9), ((1, 12),))', '((22, 5), ((1, 1),))', '((28, 5), ((28, 1), (28, 12)))', '((26, 8), ((1, 1), (1, 12)))', '((14, 12), ((1, 1), (1, 12)))', '((26, 8), ((1, 1), (1, 12), (28, 1)))', '((24, 12), ((28, 12),))', '((18, 9), ((1, 1),))', '((26, 6), ((1, 1), (1, 12), (28, 1)))', '((26, 10), ((1, 1), (1, 12), (28, 12)))', '((20, 2), ((1, 1), (1, 12)))', '((24, 4), ((28, 12),))', '((21, 2), ((1, 1),))']","['((22, 1), ((1, 1),))', '((24, 4), ((28, 1),))', '((28, 5), ((1, 1),))', '((22, 12), ((28, 1),))', '((22, 6), ((1, 1), (1, 12)))', '((16, 4), ((1, 12),))', '((18, 10), ((28, 1), (28, 12)))', '((12, 8), ((1, 12),))', '((26, 8), ((28, 1), (28, 12)))', '((11, 9), ((1, 12),))', '((22, 5), ((1, 1),))', '((26, 1), ((1, 1), (1, 12), (28, 1)))', '((26, 8), ((1, 1), (1, 12)))', '((14, 12), ((1, 1), (1, 12)))', '((26, 8), ((1, 1), (1, 12), (28, 1)))', '((24, 12), ((28, 12),))', '((18, 9), ((1, 1),))', '((26, 6), ((1, 1), (1, 12), (28, 1)))', '((26, 10), ((1, 1), (1, 12), (28, 12)))', '((20, 2), ((1, 1), (1, 12)))', '((24, 4), ((28, 12),))', '((21, 2), ((1, 1),))', '((28, 7), ((1, 1),))', '((28, 5), ((28, 1), (28, 12)))']",[703 states],62,43,105
704,"((22, 1), ((1, 1),))","((22, 2), ((1, 1),))",South,[],"['((28, 5), ((1, 1),))', '((24, 4), ((28, 1),))', '((16, 4), ((1, 12),))', '((22, 12), ((28, 1),))', '((22, 6), ((1, 1), (1, 12)))', '((26, 1), ((1, 1), (1, 12), (28, 1)))', '((18, 10), ((28, 1), (28, 12)))', '((12, 8), ((1, 12),))', '((26, 8), ((28, 1), (28, 12)))', '((11, 9), ((1, 12),))', '((22, 5), ((1, 1),))', '((28, 5), ((28, 1), (28, 12)))', '((26, 8), ((1, 1), (1, 12)))', '((14, 12), ((1, 1), (1, 12)))', '((26, 8), ((1, 1), (1, 12), (28, 1)))', '((24, 12), ((28, 12),))', '((18, 9), ((1, 1),))', '((26, 6), ((1, 1), (1, 12), (28, 1)))', '((26, 10), ((1, 1), (1, 12), (28, 12)))', '((20, 2), ((1, 1), (1, 12)))', '((24, 4), ((28, 12),))', '((21, 2), ((1, 1),))', '((28, 7), ((1, 1),))']","['((28, 5), ((1, 1),))', '((24, 4), ((28, 1),))', '((16, 4), ((1, 12),))', '((22, 12), ((28, 1),))', '((22, 6), ((1, 1), (1, 12)))', '((26, 1), ((1, 1), (1, 12), (28, 1)))', '((18, 10), ((28, 1), (28, 12)))', '((12, 8), ((1, 12),))', '((26, 8), ((28, 1), (28, 12)))', '((11, 9), ((1, 12),))', '((22, 5), ((1, 1),))', '((28, 5), ((28, 1), (28, 12)))', '((26, 8), ((1, 1), (1, 12)))', '((14, 12), ((1, 1), (1, 12)))', '((26, 8), ((1, 1), (1, 12), (28, 1)))', '((24, 12), ((28, 12),))', '((18, 9), ((1, 1),))', '((26, 6), ((1, 1), (1, 12), (28, 1)))', '((26, 10), ((1, 1), (1, 12), (28, 12)))', '((20, 2), ((1, 1), (1, 12)))', '((24, 4), ((28, 12),))', '((21, 2), ((1, 1),))', '((28, 7), ((1, 1),))']",[704 states],61,44,105
705,"((28, 5), ((1, 1),))","((28, 6), ((1, 1),))",South,"[(((28, 4), ((1, 1),)), 'South', 64, 41, 105)]","['((16, 4), ((1, 12),))', '((24, 4), ((28, 1),))', '((26, 1), ((1, 1), (1, 12), (28, 1)))', '((22, 12), ((28, 1),))', '((22, 6), ((1, 1), (1, 12)))', '((28, 5), ((28, 1), (28, 12)))', '((18, 10), ((28, 1), (28, 12)))', '((12, 8), ((1, 12),))', '((26, 8), ((28, 1), (28, 12)))', '((11, 9), ((1, 12),))', '((22, 5), ((1, 1),))', '((28, 7), ((1, 1),))', '((26, 8), ((1, 1), (1, 12)))', '((14, 12), ((1, 1), (1, 12)))', '((26, 8), ((1, 1), (1, 12), (28, 1)))', '((24, 12), ((28, 12),))', '((18, 9), ((1, 1),))', '((26, 6), ((1, 1), (1, 12), (28, 1)))', '((26, 10), ((1, 1), (1, 12), (28, 12)))', '((20, 2), ((1, 1), (1, 12)))', '((24, 4), ((28, 12),))', '((21, 2), ((1, 1),))']","['((28, 4), ((1, 1),))', '((16, 4), ((1, 12),))', '((26, 1), ((1, 1), (1, 12), (28, 1)))', '((22, 12), ((28, 1),))', '((24, 4), ((28, 1),))', '((28, 5), ((28, 1), (28, 12)))', '((18, 10), ((28, 1), (28, 12)))', '((12, 8), ((1, 12),))', '((26, 8), ((28, 1), (28, 12)))', '((11, 9), ((1, 12),))', '((22, 6), ((1, 1), (1, 12)))', '((28, 7), ((1, 1),))', '((26, 8), ((1, 1), (1, 12)))', '((14, 12), ((1, 1), (1, 12)))', '((26, 8), ((1, 1), (1, 12), (28, 1)))', '((24, 12), ((28, 12),))', '((18, 9), ((1, 1),))', '((26, 6), ((1, 1), (1, 12), (28, 1)))', '((26, 10), ((1, 1), (1, 12), (28, 12)))', '((20, 2), ((1, 1), (1, 12)))', '((24, 4), ((28, 12),))', '((21, 2), ((1, 1),))', '((22, 5), ((1, 1),))']",[705 states],63,42,105
706,"((28, 4), ((1, 1),))","((28, 5), ((1, 1),))",South,"[(((28, 3), ((1, 1),)), 'South', 65, 40, 105)]","['((16, 4), ((1, 12),))', '((24, 4), ((28, 1),))', '((26, 1), ((1, 1), (1, 12), (28, 1)))', '((22, 12), ((28, 1),))', '((22, 6), ((1, 1), (1, 12)))', '((28, 5), ((28, 1), (28, 12)))', '((18, 10), ((28, 1), (28, 12)))', '((12, 8), ((1, 12),))', '((26, 8), ((28, 1), (28, 12)))', '((11, 9), ((1, 12),))', '((22, 5), ((1, 1),))', '((28, 7), ((1, 1),))', '((26, 8), ((1, 1), (1, 12)))', '((14, 12), ((1, 1), (1, 12)))', '((26, 8), ((1, 1), (1, 12), (28, 1)))', '((24, 12), ((28, 12),))', '((18, 9), ((1, 1),))', '((26, 6), ((1, 1), (1, 12), (28, 1)))', '((26, 10), ((1, 1), (1, 12), (28, 12)))', '((20, 2), ((1, 1), (1, 12)))', '((24, 4), ((28, 12),))', '((21, 2), ((1, 1),))']","['((28, 3), ((1, 1),))', '((16, 4), ((1, 12),))', '((26, 1), ((1, 1), (1, 12), (28, 1)))', '((22, 12), ((28, 1),))', '((24, 4), ((28, 1),))', '((28, 5), ((28, 1), (28, 12)))', '((18, 10), ((28, 1), (28, 12)))', '((12, 8), ((1, 12),))', '((26, 8), ((28, 1), (28, 12)))', '((11, 9), ((1, 12),))', '((22, 6), ((1, 1), (1, 12)))', '((28, 7), ((1, 1),))', '((26, 8), ((1, 1), (1, 12)))', '((14, 12), ((1, 1), (1, 12)))', '((26, 8), ((1, 1), (1, 12), (28, 1)))', '((24, 12), ((28, 12),))', '((18, 9), ((1, 1),))', '((26, 6), ((1, 1), (1, 12), (28, 1)))', '((26, 10), ((1, 1), (1, 12), (28, 12)))', '((20, 2), ((1, 1), (1, 12)))', '((24, 4), ((28, 12),))', '((21, 2), ((1, 1),))', '((22, 5), ((1, 1),))']",[706 states],64,41,105
707,"((28, 3), ((1, 1),))","((28, 4), ((1, 1),))",South,"[(((28, 2), ((1, 1),)), 'South', 66, 39, 105)]","['((16, 4), ((1, 12),))', '((24, 4), ((28, 1),))', '((26, 1), ((1, 1), (1, 12), (28, 1)))', '((22, 12), ((28, 1),))', '((22, 6), ((1, 1), (1, 12)))', '((28, 5), ((28, 1), (28, 12)))', '((18, 10), ((28, 1), (28, 12)))', '((12, 8), ((1, 12),))', '((26, 8), ((28, 1), (28, 12)))', '((11, 9), ((1, 12),))', '((22, 5), ((1, 1),))', '((28, 7), ((1, 1),))', '((26, 8), ((1, 1), (1, 12)))', '((14, 12), ((1, 1), (1, 12)))', '((26, 8), ((1, 1), (1, 12), (28, 1)))', '((24, 12), ((28, 12),))', '((18, 9), ((1, 1),))', '((26, 6), ((1, 1), (1, 12), (28, 1)))', '((26, 10), ((1, 1), (1, 12), (28, 12)))', '((20, 2), ((1, 1), (1, 12)))', '((24, 4), ((28, 12),))', '((21, 2), ((1, 1),))']","['((28, 2), ((1, 1),))', '((16, 4), ((1, 12),))', '((26, 1), ((1, 1), (1, 12), (28, 1)))', '((22, 12), ((28, 1),))', '((24, 4), ((28, 1),))', '((28, 5), ((28, 1), (28, 12)))', '((18, 10), ((28, 1), (28, 12)))', '((12, 8), ((1, 12),))', '((26, 8), ((28, 1), (28, 12)))', '((11, 9), ((1, 12),))', '((22, 6), ((1, 1), (1, 12)))', '((28, 7), ((1, 1),))', '((26, 8), ((1, 1), (1, 12)))', '((14, 12), ((1, 1), (1, 12)))', '((26, 8), ((1, 1), (1, 12), (28, 1)))', '((24, 12), ((28, 12),))', '((18, 9), ((1, 1),))', '((26, 6), ((1, 1), (1, 12), (28, 1)))', '((26, 10), ((1, 1), (1, 12), (28, 12)))', '((20, 2), ((1, 1), (1, 12)))', '((24, 4), ((28, 12),))', '((21, 2), ((1, 1),))', '((22, 5), ((1, 1),))']",[707 states],65,40,105
708,"((28, 2), ((1, 1),))","((28, 3), ((1, 1),))",South,"[(((28, 1), ((1, 1), (28, 1))), 'South', 67, 38, 105)]","['((16, 4), ((1, 12),))', '((24, 4), ((28, 1),))', '((26, 1), ((1, 1), (1, 12), (28, 1)))', '((22, 12), ((28, 1),))', '((22, 6), ((1, 1), (1, 12)))', '((28, 5), ((28, 1), (28, 12)))', '((18, 10), ((28, 1), (28, 12)))', '((12, 8), ((1, 12),))', '((26, 8), ((28, 1), (28, 12)))', '((11, 9), ((1, 12),))', '((22, 5), ((1, 1),))', '((28, 7), ((1, 1),))', '((26, 8), ((1, 1), (1, 12)))', '((14, 12), ((1, 1), (1, 12)))', '((26, 8), ((1, 1), (1, 12), (28, 1)))', '((24, 12), ((28, 12),))', '((18, 9), ((1, 1),))', '((26, 6), ((1, 1), (1, 12), (28, 1)))', '((26, 10), ((1, 1), (1, 12), (28, 12)))', '((20, 2), ((1, 1), (1, 12)))', '((24, 4), ((28, 12),))', '((21, 2), ((1, 1),))']","['((28, 1), ((1, 1), (28, 1)))', '((16, 4), ((1, 12),))', '((26, 1), ((1, 1), (1, 12), (28, 1)))', '((22, 12), ((28, 1),))', '((24, 4), ((28, 1),))', '((28, 5), ((28, 1), (28, 12)))', '((18, 10), ((28, 1), (28, 12)))', '((12, 8), ((1, 12),))', '((26, 8), ((28, 1), (28, 12)))', '((11, 9), ((1, 12),))', '((22, 6), ((1, 1), (1, 12)))', '((28, 7), ((1, 1),))', '((26, 8), ((1, 1), (1, 12)))', '((14, 12), ((1, 1), (1, 12)))', '((26, 8), ((1, 1), (1, 12), (28, 1)))', '((24, 12), ((28, 12),))', '((18, 9), ((1, 1),))', '((26, 6), ((1, 1), (1, 12), (28, 1)))', '((26, 10), ((1, 1), (1, 12), (28, 12)))', '((20, 2), ((1, 1), (1, 12)))', '((24, 4), ((28, 12),))', '((21, 2), ((1, 1),))', '((22, 5), ((1, 1),))']",[708 states],66,39,105
709,"((28, 1), ((1, 1), (28, 1)))","((28, 2), ((1, 1),))",South,"[(((28, 2), ((1, 1), (28, 1))), 'North', 68, 37, 105), (((27, 1), ((1, 1), (28, 1))), 'West', 68, 39, 107)]","['((16, 4), ((1, 12),))', '((24, 4), ((28, 1),))', '((26, 1), ((1, 1), (1, 12), (28, 1)))', '((22, 12), ((28, 1),))', '((22, 6), ((1, 1), (1, 12)))', '((28, 5), ((28, 1), (28, 12)))', '((18, 10), ((28, 1), (28, 12)))', '((12, 8), ((1, 12),))', '((26, 8), ((28, 1), (28, 12)))', '((11, 9), ((1, 12),))', '((22, 5), ((1, 1),))', '((28, 7), ((1, 1),))', '((26, 8), ((1, 1), (1, 12)))', '((14, 12), ((1, 1), (1, 12)))', '((26, 8), ((1, 1), (1, 12), (28, 1)))', '((24, 12), ((28, 12),))', '((18, 9), ((1, 1),))', '((26, 6), ((1, 1), (1, 12), (28, 1)))', '((26, 10), ((1, 1), (1, 12), (28, 12)))', '((20, 2), ((1, 1), (1, 12)))', '((24, 4), ((28, 12),))', '((21, 2), ((1, 1),))']","['((28, 2), ((1, 1), (28, 1)))', '((16, 4), ((1, 12),))', '((26, 1), ((1, 1), (1, 12), (28, 1)))', '((22, 12), ((28, 1),))', '((24, 4), ((28, 1),))', '((28, 5), ((28, 1), (28, 12)))', '((18, 10), ((28, 1), (28, 12)))', '((12, 8), ((1, 12),))', '((26, 8), ((28, 1), (28, 12)))', '((11, 9), ((1, 12),))', '((22, 6), ((1, 1), (1, 12)))', '((28, 7), ((1, 1),))', '((26, 8), ((1, 1), (1, 12)))', '((14, 12), ((1, 1), (1, 12)))', '((26, 8), ((1, 1), (1, 12), (28, 1)))', '((24, 12), ((28, 12),))', '((18, 9), ((1, 1),))', '((26, 6), ((1, 1), (1, 12), (28, 1)))', '((26, 10), ((1, 1), (1, 12), (28, 12)))', '((20, 2), ((1, 1), (1, 12)))', '((24, 4), ((28, 12),))', '((21, 2), ((1, 1),))', '((22, 5), ((1, 1),))', '((27, 1), ((1, 1), (28, 1)))']",[709 states],67,38,105
710,"((28, 2), ((1, 1), (28, 1)))","((28, 1), ((1, 1), (28, 1)))",North,"[(((28, 3), ((1, 1), (28, 1))), 'North', 69, 36, 105)]","['((16, 4), ((1, 12),))', '((24, 4), ((28, 1),))', '((26, 1), ((1, 1), (1, 12), (28, 1)))', '((22, 12), ((28, 1),))', '((22, 6), ((1, 1), (1, 12)))', '((28, 5), ((28, 1), (28, 12)))', '((18, 10), ((28, 1), (28, 12)))', '((12, 8), ((1, 12),))', '((26, 8), ((28, 1), (28, 12)))', '((11, 9), ((1, 12),))', '((22, 5), ((1, 1),))', '((28, 7), ((1, 1),))', '((26, 8), ((1, 1), (1, 12)))', '((14, 12), ((1, 1), (1, 12)))', '((26, 8), ((1, 1), (1, 12), (28, 1)))', '((24, 12), ((28, 12),))', '((18, 9), ((1, 1),))', '((26, 6), ((1, 1), (1, 12), (28, 1)))', '((26, 10), ((1, 1), (1, 12), (28, 12)))', '((20, 2), ((1, 1), (1, 12)))', '((24, 4), ((28, 12),))', '((21, 2), ((1, 1),))', '((27, 1), ((1, 1), (28, 1)))']","['((28, 3), ((1, 1), (28, 1)))', '((24, 4), ((28, 1),))', '((16, 4), ((1, 12),))', '((22, 12), ((28, 1),))', '((22, 6), ((1, 1), (1, 12)))', '((26, 1), ((1, 1), (1, 12), (28, 1)))', '((18, 10), ((28, 1), (28, 12)))', '((12, 8), ((1, 12),))', '((26, 8), ((28, 1), (28, 12)))', '((11, 9), ((1, 12),))', '((22, 5), ((1, 1),))', '((28, 5), ((28, 1), (28, 12)))', '((26, 8), ((1, 1), (1, 12)))', '((14, 12), ((1, 1), (1, 12)))', '((26, 8), ((1, 1), (1, 12), (28, 1)))', '((24, 12), ((28, 12),))', '((18, 9), ((1, 1),))', '((26, 6), ((1, 1), (1, 12), (28, 1)))', '((26, 10), ((1, 1), (1, 12), (28, 12)))', '((20, 2), ((1, 1), (1, 12)))', '((24, 4), ((28, 12),))', '((21, 2), ((1, 1),))', '((27, 1), ((1, 1), (28, 1)))', '((28, 7), ((1, 1),))']",[710 states],68,37,105
711,"((28, 3), ((1, 1), (28, 1)))","((28, 2), ((1, 1), (28, 1)))",North,"[(((28, 4), ((1, 1), (28, 1))), 'North', 70, 35, 105)]","['((16, 4), ((1, 12),))', '((24, 4), ((28, 1),))', '((26, 1), ((1, 1), (1, 12), (28, 1)))', '((22, 12), ((28, 1),))', '((22, 6), ((1, 1), (1, 12)))', '((28, 5), ((28, 1), (28, 12)))', '((18, 10), ((28, 1), (28, 12)))', '((12, 8), ((1, 12),))', '((26, 8), ((28, 1), (28, 12)))', '((11, 9), ((1, 12),))', '((22, 5), ((1, 1),))', '((28, 7), ((1, 1),))', '((26, 8), ((1, 1), (1, 12)))', '((14, 12), ((1, 1), (1, 12)))', '((26, 8), ((1, 1), (1, 12), (28, 1)))', '((24, 12), ((28, 12),))', '((18, 9), ((1, 1),))', '((26, 6), ((1, 1), (1, 12), (28, 1)))', '((26, 10), ((1, 1), (1, 12), (28, 12)))', '((20, 2), ((1, 1), (1, 12)))', '((24, 4), ((28, 12),))', '((21, 2), ((1, 1),))', '((27, 1), ((1, 1), (28, 1)))']","['((28, 4), ((1, 1), (28, 1)))', '((24, 4), ((28, 1),))', '((16, 4), ((1, 12),))', '((22, 12), ((28, 1),))', '((22, 6), ((1, 1), (1, 12)))', '((26, 1), ((1, 1), (1, 12), (28, 1)))', '((18, 10), ((28, 1), (28, 12)))', '((12, 8), ((1, 12),))', '((26, 8), ((28, 1), (28, 12)))', '((11, 9), ((1, 12),))', '((22, 5), ((1, 1),))', '((28, 5), ((28, 1), (28, 12)))', '((26, 8), ((1, 1), (1, 12)))', '((14, 12), ((1, 1), (1, 12)))', '((26, 8), ((1, 1), (1, 12), (28, 1)))', '((24, 12), ((28, 12),))', '((18, 9), ((1, 1),))', '((26, 6), ((1, 1), (1, 12), (28, 1)))', '((26, 10), ((1, 1), (1, 12), (28, 12)))', '((20, 2), ((1, 1), (1, 12)))', '((24, 4), ((28, 12),))', '((21, 2), ((1, 1),))', '((27, 1), ((1, 1), (28, 1)))', '((28, 7), ((1, 1),))']",[711 states],69,36,105
712,"((28, 4), ((1, 1), (28, 1)))","((28, 3), ((1, 1), (28, 1)))",North,"[(((28, 5), ((1, 1), (28, 1))), 'North', 71, 34, 105)]","['((16, 4), ((1, 12),))', '((24, 4), ((28, 1),))', '((26, 1), ((1, 1), (1, 12), (28, 1)))', '((22, 12), ((28, 1),))', '((22, 6), ((1, 1), (1, 12)))', '((28, 5), ((28, 1), (28, 12)))', '((18, 10), ((28, 1), (28, 12)))', '((12, 8), ((1, 12),))', '((26, 8), ((28, 1), (28, 12)))', '((11, 9), ((1, 12),))', '((22, 5), ((1, 1),))', '((28, 7), ((1, 1),))', '((26, 8), ((1, 1), (1, 12)))', '((14, 12), ((1, 1), (1, 12)))', '((26, 8), ((1, 1), (1, 12), (28, 1)))', '((24, 12), ((28, 12),))', '((18, 9), ((1, 1),))', '((26, 6), ((1, 1), (1, 12), (28, 1)))', '((26, 10), ((1, 1), (1, 12), (28, 12)))', '((20, 2), ((1, 1), (1, 12)))', '((24, 4), ((28, 12),))', '((21, 2), ((1, 1),))', '((27, 1), ((1, 1), (28, 1)))']","['((28, 5), ((1, 1), (28, 1)))', '((24, 4), ((28, 1),))', '((16, 4), ((1, 12),))', '((22, 12), ((28, 1),))', '((22, 6), ((1, 1), (1, 12)))', '((26, 1), ((1, 1), (1, 12), (28, 1)))', '((18, 10), ((28, 1), (28, 12)))', '((12, 8), ((1, 12),))', '((26, 8), ((28, 1), (28, 12)))', '((11, 9), ((1, 12),))', '((22, 5), ((1, 1),))', '((28, 5), ((28, 1), (28, 12)))', '((26, 8), ((1, 1), (1, 12)))', '((14, 12), ((1, 1), (1, 12)))', '((26, 8), ((1, 1), (1, 12), (28, 1)))', '((24, 12), ((28, 12),))', '((18, 9), ((1, 1),))', '((26, 6), ((1, 1), (1, 12), (28, 1)))', '((26, 10), ((1, 1), (1, 12), (28, 12)))', '((20, 2), ((1, 1), (1, 12)))', '((24, 4), ((28, 12),))', '((21, 2), ((1, 1),))', '((27, 1), ((1, 1), (28, 1)))', '((28, 7), ((1, 1),))']",[712 states],70,35,105
713,"((28, 5), ((1, 1), (28, 1)))","((28, 4), ((1, 1), (28, 1)))",North,"[(((28, 6), ((1, 1), (28, 1))), 'North', 72, 33, 105)]","['((16, 4), ((1, 12),))', '((24, 4), ((28, 1),))', '((26, 1), ((1, 1), (1, 12), (28, 1)))', '((22, 12), ((28, 1),))', '((22, 6), ((1, 1), (1, 12)))', '((28, 5), ((28, 1), (28, 12)))', '((18, 10), ((28, 1), (28, 12)))', '((12, 8), ((1, 12),))', '((26, 8), ((28, 1), (28, 12)))', '((11, 9), ((1, 12),))', '((22, 5), ((1, 1),))', '((28, 7), ((1, 1),))', '((26, 8), ((1, 1), (1, 12)))', '((14, 12), ((1, 1), (1, 12)))', '((26, 8), ((1, 1), (1, 12), (28, 1)))', '((24, 12), ((28, 12),))', '((18, 9), ((1, 1),))', '((26, 6), ((1, 1), (1, 12), (28, 1)))', '((26, 10), ((1, 1), (1, 12), (28, 12)))', '((20, 2), ((1, 1), (1, 12)))', '((24, 4), ((28, 12),))', '((21, 2), ((1, 1),))', '((27, 1), ((1, 1), (28, 1)))']","['((28, 6), ((1, 1), (28, 1)))', '((24, 4), ((28, 1),))', '((16, 4), ((1, 12),))', '((22, 12), ((28, 1),))', '((22, 6), ((1, 1), (1, 12)))', '((26, 1), ((1, 1), (1, 12), (28, 1)))', '((18, 10), ((28, 1), (28, 12)))', '((12, 8), ((1, 12),))', '((26, 8), ((28, 1), (28, 12)))', '((11, 9), ((1, 12),))', '((22, 5), ((1, 1),))', '((28, 5), ((28, 1), (28, 12)))', '((26, 8), ((1, 1), (1, 12)))', '((14, 12), ((1, 1), (1, 12)))', '((26, 8), ((1, 1), (1, 12), (28, 1)))', '((24, 12), ((28, 12),))', '((18, 9), ((1, 1),))', '((26, 6), ((1, 1), (1, 12), (28, 1)))', '((26, 10), ((1, 1), (1, 12), (28, 12)))', '((20, 2), ((1, 1), (1, 12)))', '((24, 4), ((28, 12),))', '((21, 2), ((1, 1),))', '((27, 1), ((1, 1), (28, 1)))', '((28, 7), ((1, 1),))']",[713 states],71,34,105
714,"((28, 6), ((1, 1), (28, 1)))","((28, 5), ((1, 1), (28, 1)))",North,"[(((28, 7), ((1, 1), (28, 1))), 'North', 73, 32, 105), (((27, 6), ((1, 1), (28, 1))), 'West', 73, 34, 107)]","['((16, 4), ((1, 12),))', '((24, 4), ((28, 1),))', '((26, 1), ((1, 1), (1, 12), (28, 1)))', '((22, 12), ((28, 1),))', '((22, 6), ((1, 1), (1, 12)))', '((28, 5), ((28, 1), (28, 12)))', '((18, 10), ((28, 1), (28, 12)))', '((12, 8), ((1, 12),))', '((26, 8), ((28, 1), (28, 12)))', '((11, 9), ((1, 12),))', '((22, 5), ((1, 1),))', '((28, 7), ((1, 1),))', '((26, 8), ((1, 1), (1, 12)))', '((14, 12), ((1, 1), (1, 12)))', '((26, 8), ((1, 1), (1, 12), (28, 1)))', '((24, 12), ((28, 12),))', '((18, 9), ((1, 1),))', '((26, 6), ((1, 1), (1, 12), (28, 1)))', '((26, 10), ((1, 1), (1, 12), (28, 12)))', '((20, 2), ((1, 1), (1, 12)))', '((24, 4), ((28, 12),))', '((21, 2), ((1, 1),))', '((27, 1), ((1, 1), (28, 1)))']","['((28, 7), ((1, 1), (28, 1)))', '((24, 4), ((28, 1),))', '((16, 4), ((1, 12),))', '((22, 12), ((28, 1),))', '((22, 6), ((1, 1), (1, 12)))', '((26, 1), ((1, 1), (1, 12), (28, 1)))', '((18, 10), ((28, 1), (28, 12)))', '((12, 8), ((1, 12),))', '((26, 8), ((28, 1), (28, 12)))', '((11, 9), ((1, 12),))', '((22, 5), ((1, 1),))', '((28, 5), ((28, 1), (28, 12)))', '((26, 8), ((1, 1), (1, 12)))', '((14, 12), ((1, 1), (1, 12)))', '((26, 8), ((1, 1), (1, 12), (28, 1)))', '((24, 12), ((28, 12),))', '((18, 9), ((1, 1),))', '((26, 6), ((1, 1), (1, 12), (28, 1)))', '((26, 10), ((1, 1), (1, 12), (28, 12)))', '((20, 2), ((1, 1), (1, 12)))', '((24, 4), ((28, 12),))', '((21, 2), ((1, 1),))', '((27, 1), ((1, 1), (28, 1)))', '((28, 7), ((1, 1),))', '((27, 6), ((1, 1), (28, 1)))']",[714 states],72,33,105
715,"((28, 7), ((1, 1), (28, 1)))","((28, 6), ((1, 1), (28, 1)))",North,"[(((28, 8), ((1, 1), (28, 1))), 'North', 74, 31, 105)]","['((16, 4), ((1, 12),))', '((24, 4), ((28, 1),))', '((26, 1), ((1, 1), (1, 12), (28, 1)))', '((22, 12), ((28, 1),))', '((22, 6), ((1, 1), (1, 12)))', '((28, 5), ((28, 1), (28, 12)))', '((18, 10), ((28, 1), (28, 12)))', '((12, 8), ((1, 12),))', '((26, 8), ((28, 1), (28, 12)))', '((11, 9), ((1, 12),))', '((22, 5), ((1, 1),))', '((28, 7), ((1, 1),))', '((26, 8), ((1, 1), (1, 12)))', '((14, 12), ((1, 1), (1, 12)))', '((26, 8), ((1, 1), (1, 12), (28, 1)))', '((24, 12), ((28, 12),))', '((18, 9), ((1, 1),))', '((26, 6), ((1, 1), (1, 12), (28, 1)))', '((26, 10), ((1, 1), (1, 12), (28, 12)))', '((20, 2), ((1, 1), (1, 12)))', '((24, 4), ((28, 12),))', '((21, 2), ((1, 1),))', '((27, 1), ((1, 1), (28, 1)))', '((27, 6), ((1, 1), (28, 1)))']","['((28, 8), ((1, 1), (28, 1)))', '((24, 4), ((28, 1),))', '((16, 4), ((1, 12),))', '((22, 12), ((28, 1),))', '((22, 6), ((1, 1), (1, 12)))', '((26, 1), ((1, 1), (1, 12), (28, 1)))', '((18, 10), ((28, 1), (28, 12)))', '((12, 8), ((1, 12),))', '((26, 8), ((28, 1), (28, 12)))', '((11, 9), ((1, 12),))', '((22, 5), ((1, 1),))', '((28, 5), ((28, 1), (28, 12)))', '((26, 8), ((1, 1), (1, 12)))', '((14, 12), ((1, 1), (1, 12)))', '((26, 8), ((1, 1), (1, 12), (28, 1)))', '((24, 12), ((28, 12),))', '((18, 9), ((1, 1),))', '((26, 6), ((1, 1), (1, 12), (28, 1)))', '((26, 10), ((1, 1), (1, 12), (28, 12)))', '((20, 2), ((1, 1), (1, 12)))', '((24, 4), ((28, 12),))', '((21, 2), ((1, 1),))', '((27, 1), ((1, 1), (28, 1)))', '((27, 6), ((1, 1), (28, 1)))', '((28, 7), ((1, 1),))']",[715 states],73,32,105
716,"((28, 8), ((1, 1), (28, 1)))","((28, 7), ((1, 1), (28, 1)))",North,"[(((27, 8), ((1, 1), (28, 1))), 'West', 75, 32, 107)]","['((16, 4), ((1, 12),))', '((24, 4), ((28, 1),))', '((26, 1), ((1, 1), (1, 12), (28, 1)))', '((22, 12), ((28, 1),))', '((22, 6), ((1, 1), (1, 12)))', '((28, 5), ((28, 1), (28, 12)))', '((18, 10), ((28, 1), (28, 12)))', '((12, 8), ((1, 12),))', '((26, 8), ((28, 1), (28, 12)))', '((11, 9), ((1, 12),))', '((22, 5), ((1, 1),))', '((28, 7), ((1, 1),))', '((26, 8), ((1, 1), (1, 12)))', '((14, 12), ((1, 1), (1, 12)))', '((26, 8), ((1, 1), (1, 12), (28, 1)))', '((24, 12), ((28, 12),))', '((18, 9), ((1, 1),))', '((26, 6), ((1, 1), (1, 12), (28, 1)))', '((26, 10), ((1, 1), (1, 12), (28, 12)))', '((20, 2), ((1, 1), (1, 12)))', '((24, 4), ((28, 12),))', '((21, 2), ((1, 1),))', '((27, 1), ((1, 1), (28, 1)))', '((27, 6), ((1, 1), (28, 1)))']","['((16, 4), ((1, 12),))', '((24, 4), ((28, 1),))', '((26, 1), ((1, 1), (1, 12), (28, 1)))', '((22, 12), ((28, 1),))', '((22, 6), ((1, 1), (1, 12)))', '((28, 5), ((28, 1), (28, 12)))', '((18, 10), ((28, 1), (28, 12)))', '((12, 8), ((1, 12),))', '((26, 8), ((28, 1), (28, 12)))', '((11, 9), ((1, 12),))', '((22, 5), ((1, 1),))', '((28, 7), ((1, 1),))', '((26, 8), ((1, 1), (1, 12)))', '((14, 12), ((1, 1), (1, 12)))', '((26, 8), ((1, 1), (1, 12), (28, 1)))', '((24, 12), ((28, 12),))', '((18, 9), ((1, 1),))', '((26, 6), ((1, 1), (1, 12), (28, 1)))', '((26, 10), ((1, 1), (1, 12), (28, 12)))', '((20, 2), ((1, 1), (1, 12)))', '((24, 4), ((28, 12),))', '((21, 2), ((1, 1),))', '((27, 1), ((1, 1), (28, 1)))', '((27, 6), ((1, 1), (28, 1)))', '((27, 8), ((1, 1), (28, 1)))']",[716 states],74,31,105
717,"((16, 4), ((1, 12),))","((16, 3), ((1, 12),))",North,"[(((17, 4), ((1, 12),)), 'East', 51, 57, 108)]","['((24, 4), ((28, 1),))', '((22, 6), ((1, 1), (1, 12)))', '((26, 1), ((1, 1), (1, 12), (28, 1)))', '((22, 12), ((28, 1),))', '((11, 9), ((1, 12),))', '((28, 5), ((28, 1), (28, 12)))', '((18, 10), ((28, 1), (28, 12)))', '((12, 8), ((1, 12),))', '((26, 8), ((28, 1), (28, 12)))', '((20, 2), ((1, 1), (1, 12)))', '((22, 5), ((1, 1),))', '((28, 7), ((1, 1),))', '((26, 8), ((1, 1), (1, 12)))', '((14, 12), ((1, 1), (1, 12)))', '((26, 8), ((1, 1), (1, 12), (28, 1)))', '((24, 12), ((28, 12),))', '((18, 9), ((1, 1),))', '((26, 6), ((1, 1), (1, 12), (28, 1)))', '((26, 10), ((1, 1), (1, 12), (28, 12)))', '((27, 8), ((1, 1), (28, 1)))', '((24, 4), ((28, 12),))', '((21, 2), ((1, 1),))', '((27, 1), ((1, 1), (28, 1)))', '((27, 6), ((1, 1), (28, 1)))']","['((24, 4), ((28, 1),))', '((22, 6), ((1, 1), (1, 12)))', '((26, 1), ((1, 1), (1, 12), (28, 1)))', '((22, 12), ((28, 1),))', '((11, 9), ((1, 12),))', '((28, 5), ((28, 1), (28, 12)))', '((18, 10), ((28, 1), (28, 12)))', '((12, 8), ((1, 12),))', '((26, 8), ((28, 1), (28, 12)))', '((20, 2), ((1, 1), (1, 12)))', '((22, 5), ((1, 1),))', '((28, 7), ((1, 1),))', '((26, 8), ((1, 1), (1, 12)))', '((14, 12), ((1, 1), (1, 12)))', '((26, 8), ((1, 1), (1, 12), (28, 1)))', '((24, 12), ((28, 12),))', '((18, 9), ((1, 1),))', '((26, 6), ((1, 1), (1, 12), (28, 1)))', '((26, 10), ((1, 1), (1, 12), (28, 12)))', '((27, 8), ((1, 1), (28, 1)))', '((24, 4), ((28, 12),))', '((21, 2), ((1, 1),))', '((27, 1), ((1, 1), (28, 1)))', '((27, 6), ((1, 1), (28, 1)))', '((17, 4), ((1, 12),))']",[717 states],50,56,106
718,"((24, 4), ((28, 1),))","((25, 4), ((28, 1),))",West,"[(((24, 5), ((28, 1),)), 'North', 57, 49, 106), (((23, 4), ((28, 1),)), 'West', 57, 51, 108)]","['((22, 6), ((1, 1), (1, 12)))', '((22, 12), ((28, 1),))', '((26, 1), ((1, 1), (1, 12), (28, 1)))', '((12, 8), ((1, 12),))', '((11, 9), ((1, 12),))', '((28, 5), ((28, 1), (28, 12)))', '((18, 10), ((28, 1), (28, 12)))', '((24, 12), ((28, 12),))', '((26, 8), ((28, 1), (28, 12)))', '((20, 2), ((1, 1), (1, 12)))', '((22, 5), ((1, 1),))', '((28, 7), ((1, 1),))', '((26, 8), ((1, 1), (1, 12)))', '((14, 12), ((1, 1), (1, 12)))', '((26, 8), ((1, 1), (1, 12), (28, 1)))', '((17, 4), ((1, 12),))', '((18, 9), ((1, 1),))', '((26, 6), ((1, 1), (1, 12), (28, 1)))', '((26, 10), ((1, 1), (1, 12), (28, 12)))', '((27, 8), ((1, 1), (28, 1)))', '((24, 4), ((28, 12),))', '((21, 2), ((1, 1),))', '((27, 1), ((1, 1), (28, 1)))', '((27, 6), ((1, 1), (28, 1)))']","['((22, 6), ((1, 1), (1, 12)))', '((22, 12), ((28, 1),))', '((26, 1), ((1, 1), (1, 12), (28, 1)))', '((12, 8), ((1, 12),))', '((11, 9), ((1, 12),))', '((24, 5), ((28, 1),))', '((18, 10), ((28, 1), (28, 12)))', '((24, 12), ((28, 12),))', '((26, 8), ((28, 1), (28, 12)))', '((20, 2), ((1, 1), (1, 12)))', '((22, 5), ((1, 1),))', '((28, 5), ((28, 1), (28, 12)))', '((26, 8), ((1, 1), (1, 12)))', '((14, 12), ((1, 1), (1, 12)))', '((26, 8), ((1, 1), (1, 12), (28, 1)))', '((17, 4), ((1, 12),))', '((18, 9), ((1, 1),))', '((26, 6), ((1, 1), (1, 12), (28, 1)))', '((26, 10), ((1, 1), (1, 12), (28, 12)))', '((27, 8), ((1, 1), (28, 1)))', '((24, 4), ((28, 12),))', '((21, 2), ((1, 1),))', '((27, 1), ((1, 1), (28, 1)))', '((27, 6), ((1, 1), (28, 1)))', '((28, 7), ((1, 1),))', '((23, 4), ((28, 1),))']",[718 states],56,50,106
719,"((22, 6), ((1, 1), (1, 12)))","((22, 5), ((1, 1), (1, 12)))",North,[],"['((22, 12), ((28, 1),))', '((11, 9), ((1, 12),))', '((26, 1), ((1, 1), (1, 12), (28, 1)))', '((12, 8), ((1, 12),))', '((20, 2), ((1, 1), (1, 12)))', '((24, 5), ((28, 1),))', '((18, 10), ((28, 1), (28, 12)))', '((24, 12), ((28, 12),))', '((26, 8), ((28, 1), (28, 12)))', '((24, 4), ((28, 12),))', '((22, 5), ((1, 1),))', '((28, 5), ((28, 1), (28, 12)))', '((26, 8), ((1, 1), (1, 12)))', '((14, 12), ((1, 1), (1, 12)))', '((26, 8), ((1, 1), (1, 12), (28, 1)))', '((17, 4), ((1, 12),))', '((18, 9), ((1, 1),))', '((26, 6), ((1, 1), (1, 12), (28, 1)))', '((26, 10), ((1, 1), (1, 12), (28, 12)))', '((27, 8), ((1, 1), (28, 1)))', '((23, 4), ((28, 1),))', '((21, 2), ((1, 1),))', '((27, 1), ((1, 1), (28, 1)))', '((27, 6), ((1, 1), (28, 1)))', '((28, 7), ((1, 1),))']","['((22, 12), ((28, 1),))', '((11, 9), ((1, 12),))', '((26, 1), ((1, 1), (1, 12), (28, 1)))', '((12, 8), ((1, 12),))', '((20, 2), ((1, 1), (1, 12)))', '((24, 5), ((28, 1),))', '((18, 10), ((28, 1), (28, 12)))', '((24, 12), ((28, 12),))', '((26, 8), ((28, 1), (28, 12)))', '((24, 4), ((28, 12),))', '((22, 5), ((1, 1),))', '((28, 5), ((28, 1), (28, 12)))', '((26, 8), ((1, 1), (1, 12)))', '((14, 12), ((1, 1), (1, 12)))', '((26, 8), ((1, 1), (1, 12), (28, 1)))', '((17, 4), ((1, 12),))', '((18, 9), ((1, 1),))', '((26, 6), ((1, 1), (1, 12), (28, 1)))', '((26, 10), ((1, 1), (1, 12), (28, 12)))', '((27, 8), ((1, 1), (28, 1)))', '((23, 4), ((28, 1),))', '((21, 2), ((1, 1),))', '((27, 1), ((1, 1), (28, 1)))', '((27, 6), ((1, 1), (28, 1)))', '((28, 7), ((1, 1),))']",[719 states],84,22,106
720,"((22, 12), ((28, 1),))","((23, 12), ((28, 1),))",West,"[(((21, 12), ((28, 1),)), 'West', 63, 45, 108)]","['((11, 9), ((1, 12),))', '((12, 8), ((1, 12),))', '((26, 1), ((1, 1), (1, 12), (28, 1)))', '((26, 8), ((28, 1), (28, 12)))', '((20, 2), ((1, 1), (1, 12)))', '((24, 5), ((28, 1),))', '((18, 10), ((28, 1), (28, 12)))', '((24, 12), ((28, 12),))', '((26, 6), ((1, 1), (1, 12), (28, 1)))', '((24, 4), ((28, 12),))', '((22, 5), ((1, 1),))', '((28, 5), ((28, 1), (28, 12)))', '((26, 8), ((1, 1), (1, 12)))', '((14, 12), ((1, 1), (1, 12)))', '((26, 8), ((1, 1), (1, 12), (28, 1)))', '((17, 4), ((1, 12),))', '((18, 9), ((1, 1),))', '((28, 7), ((1, 1),))', '((26, 10), ((1, 1), (1, 12), (28, 12)))', '((27, 8), ((1, 1), (28, 1)))', '((23, 4), ((28, 1),))', '((21, 2), ((1, 1),))', '((27, 1), ((1, 1), (28, 1)))', '((27, 6), ((1, 1), (28, 1)))']","['((11, 9), ((1, 12),))', '((12, 8), ((1, 12),))', '((26, 1), ((1, 1), (1, 12), (28, 1)))', '((26, 8), ((28, 1), (28, 12)))', '((20, 2), ((1, 1), (1, 12)))', '((24, 5), ((28, 1),))', '((18, 10), ((28, 1), (28, 12)))', '((24, 12), ((28, 12),))', '((26, 6), ((1, 1), (1, 12), (28, 1)))', '((24, 4), ((28, 12),))', '((22, 5), ((1, 1),))', '((28, 5), ((28, 1), (28, 12)))', '((26, 8), ((1, 1), (1, 12)))', '((14, 12), ((1, 1), (1, 12)))', '((26, 8), ((1, 1), (1, 12), (28, 1)))', '((17, 4), ((1, 12),))', '((18, 9), ((1, 1),))', '((28, 7), ((1, 1),))', '((26, 10), ((1, 1), (1, 12), (28, 12)))', '((27, 8), ((1, 1), (28, 1)))', '((23, 4), ((28, 1),))', '((21, 2), ((1, 1),))', '((27, 1), ((1, 1), (28, 1)))', '((27, 6), ((1, 1), (28, 1)))', '((21, 12), ((28, 1),))']",[720 states],62,44,106
721,"((11, 9), ((1, 12),))","((11, 8), ((1, 12),))",North,"[(((11, 10), ((1, 12),)), 'North', 51, 57, 108)]","['((12, 8), ((1, 12),))', '((20, 2), ((1, 1), (1, 12)))', '((26, 1), ((1, 1), (1, 12), (28, 1)))', '((26, 8), ((28, 1), (28, 12)))', '((22, 5), ((1, 1),))', '((24, 5), ((28, 1),))', '((18, 10), ((28, 1), (28, 12)))', '((24, 12), ((28, 12),))', '((26, 6), ((1, 1), (1, 12), (28, 1)))', '((24, 4), ((28, 12),))', '((21, 2), ((1, 1),))', '((28, 5), ((28, 1), (28, 12)))', '((26, 8), ((1, 1), (1, 12)))', '((14, 12), ((1, 1), (1, 12)))', '((26, 8), ((1, 1), (1, 12), (28, 1)))', '((17, 4), ((1, 12),))', '((18, 9), ((1, 1),))', '((28, 7), ((1, 1),))', '((26, 10), ((1, 1), (1, 12), (28, 12)))', '((27, 8), ((1, 1), (28, 1)))', '((23, 4), ((28, 1),))', '((21, 12), ((28, 1),))', '((27, 1), ((1, 1), (28, 1)))', '((27, 6), ((1, 1), (28, 1)))']","['((12, 8), ((1, 12),))', '((20, 2), ((1, 1), (1, 12)))', '((26, 1), ((1, 1), (1, 12), (28, 1)))', '((26, 8), ((28, 1), (28, 12)))', '((22, 5), ((1, 1),))', '((24, 5), ((28, 1),))', '((18, 10), ((28, 1), (28, 12)))', '((24, 12), ((28, 12),))', '((26, 6), ((1, 1), (1, 12), (28, 1)))', '((24, 4), ((28, 12),))', '((21, 2), ((1, 1),))', '((28, 5), ((28, 1), (28, 12)))', '((26, 8), ((1, 1), (1, 12)))', '((14, 12), ((1, 1), (1, 12)))', '((26, 8), ((1, 1), (1, 12), (28, 1)))', '((17, 4), ((1, 12),))', '((18, 9), ((1, 1),))', '((28, 7), ((1, 1),))', '((26, 10), ((1, 1), (1, 12), (28, 12)))', '((27, 8), ((1, 1), (28, 1)))', '((23, 4), ((28, 1),))', '((21, 12), ((28, 1),))', '((27, 1), ((1, 1), (28, 1)))', '((27, 6), ((1, 1), (28, 1)))', '((11, 10), ((1, 12),))']",[721 states],50,56,106
722,"((12, 8), ((1, 12),))","((11, 8), ((1, 12),))",East,"[(((13, 8), ((1, 12),)), 'East', 51, 57, 108)]","['((20, 2), ((1, 1), (1, 12)))', '((26, 8), ((28, 1), (28, 12)))', '((26, 1), ((1, 1), (1, 12), (28, 1)))', '((26, 6), ((1, 1), (1, 12), (28, 1)))', '((22, 5), ((1, 1),))', '((24, 5), ((28, 1),))', '((18, 10), ((28, 1), (28, 12)))', '((24, 12), ((28, 12),))', '((26, 10), ((1, 1), (1, 12), (28, 12)))', '((24, 4), ((28, 12),))', '((21, 2), ((1, 1),))', '((28, 5), ((28, 1), (28, 12)))', '((26, 8), ((1, 1), (1, 12)))', '((14, 12), ((1, 1), (1, 12)))', '((26, 8), ((1, 1), (1, 12), (28, 1)))', '((17, 4), ((1, 12),))', '((18, 9), ((1, 1),))', '((28, 7), ((1, 1),))', '((11, 10), ((1, 12),))', '((27, 8), ((1, 1), (28, 1)))', '((23, 4), ((28, 1),))', '((21, 12), ((28, 1),))', '((27, 1), ((1, 1), (28, 1)))', '((27, 6), ((1, 1), (28, 1)))']","['((20, 2), ((1, 1), (1, 12)))', '((26, 8), ((28, 1), (28, 12)))', '((26, 1), ((1, 1), (1, 12), (28, 1)))', '((26, 6), ((1, 1), (1, 12), (28, 1)))', '((22, 5), ((1, 1),))', '((24, 5), ((28, 1),))', '((18, 10), ((28, 1), (28, 12)))', '((24, 12), ((28, 12),))', '((26, 10), ((1, 1), (1, 12), (28, 12)))', '((24, 4), ((28, 12),))', '((21, 2), ((1, 1),))', '((28, 5), ((28, 1), (28, 12)))', '((26, 8), ((1, 1), (1, 12)))', '((14, 12), ((1, 1), (1, 12)))', '((26, 8), ((1, 1), (1, 12), (28, 1)))', '((17, 4), ((1, 12),))', '((18, 9), ((1, 1),))', '((28, 7), ((1, 1),))', '((11, 10), ((1, 12),))', '((27, 8), ((1, 1), (28, 1)))', '((23, 4), ((28, 1),))', '((21, 12), ((28, 1),))', '((27, 1), ((1, 1), (28, 1)))', '((27, 6), ((1, 1), (28, 1)))', '((13, 8), ((1, 12),))']",[722 states],50,56,106
723,"((20, 2), ((1, 1), (1, 12)))","((21, 2), ((1, 1), (1, 12)))",West,[],"['((26, 8), ((28, 1), (28, 12)))', '((26, 6), ((1, 1), (1, 12), (28, 1)))', '((26, 1), ((1, 1), (1, 12), (28, 1)))', '((24, 12), ((28, 12),))', '((22, 5), ((1, 1),))', '((24, 5), ((28, 1),))', '((18, 10), ((28, 1), (28, 12)))', '((18, 9), ((1, 1),))', '((26, 10), ((1, 1), (1, 12), (28, 12)))', '((24, 4), ((28, 12),))', '((21, 2), ((1, 1),))', '((28, 5), ((28, 1), (28, 12)))', '((26, 8), ((1, 1), (1, 12)))', '((14, 12), ((1, 1), (1, 12)))', '((26, 8), ((1, 1), (1, 12), (28, 1)))', '((17, 4), ((1, 12),))', '((13, 8), ((1, 12),))', '((28, 7), ((1, 1),))', '((11, 10), ((1, 12),))', '((27, 8), ((1, 1), (28, 1)))', '((23, 4), ((28, 1),))', '((21, 12), ((28, 1),))', '((27, 1), ((1, 1), (28, 1)))', '((27, 6), ((1, 1), (28, 1)))']","['((26, 8), ((28, 1), (28, 12)))', '((26, 6), ((1, 1), (1, 12), (28, 1)))', '((26, 1), ((1, 1), (1, 12), (28, 1)))', '((24, 12), ((28, 12),))', '((22, 5), ((1, 1),))', '((24, 5), ((28, 1),))', '((18, 10), ((28, 1), (28, 12)))', '((18, 9), ((1, 1),))', '((26, 10), ((1, 1), (1, 12), (28, 12)))', '((24, 4), ((28, 12),))', '((21, 2), ((1, 1),))', '((28, 5), ((28, 1), (28, 12)))', '((26, 8), ((1, 1), (1, 12)))', '((14, 12), ((1, 1), (1, 12)))', '((26, 8), ((1, 1), (1, 12), (28, 1)))', '((17, 4), ((1, 12),))', '((13, 8), ((1, 12),))', '((28, 7), ((1, 1),))', '((11, 10), ((1, 12),))', '((27, 8), ((1, 1), (28, 1)))', '((23, 4), ((28, 1),))', '((21, 12), ((28, 1),))', '((27, 1), ((1, 1), (28, 1)))', '((27, 6), ((1, 1), (28, 1)))']",[723 states],86,20,106
724,"((26, 8), ((28, 1), (28, 12)))","((26, 9), ((28, 1), (28, 12)))",South,"[(((27, 8), ((28, 1), (28, 12))), 'East', 67, 41, 108)]","['((26, 1), ((1, 1), (1, 12), (28, 1)))', '((26, 6), ((1, 1), (1, 12), (28, 1)))', '((18, 10), ((28, 1), (28, 12)))', '((24, 12), ((28, 12),))', '((22, 5), ((1, 1),))', '((24, 5), ((28, 1),))', '((26, 8), ((1, 1), (1, 12), (28, 1)))', '((18, 9), ((1, 1),))', '((26, 10), ((1, 1), (1, 12), (28, 12)))', '((24, 4), ((28, 12),))', '((21, 2), ((1, 1),))', '((28, 5), ((28, 1), (28, 12)))', '((26, 8), ((1, 1), (1, 12)))', '((14, 12), ((1, 1), (1, 12)))', '((27, 6), ((1, 1), (28, 1)))', '((17, 4), ((1, 12),))', '((13, 8), ((1, 12),))', '((28, 7), ((1, 1),))', '((11, 10), ((1, 12),))', '((27, 8), ((1, 1), (28, 1)))', '((23, 4), ((28, 1),))', '((21, 12), ((28, 1),))', '((27, 1), ((1, 1), (28, 1)))']","['((26, 1), ((1, 1), (1, 12), (28, 1)))', '((26, 6), ((1, 1), (1, 12), (28, 1)))', '((18, 10), ((28, 1), (28, 12)))', '((24, 12), ((28, 12),))', '((22, 5), ((1, 1),))', '((24, 5), ((28, 1),))', '((26, 8), ((1, 1), (1, 12), (28, 1)))', '((18, 9), ((1, 1),))', '((26, 10), ((1, 1), (1, 12), (28, 12)))', '((24, 4), ((28, 12),))', '((21, 2), ((1, 1),))', '((28, 5), ((28, 1), (28, 12)))', '((26, 8), ((1, 1), (1, 12)))', '((14, 12), ((1, 1), (1, 12)))', '((27, 6), ((1, 1), (28, 1)))', '((17, 4), ((1, 12),))', '((13, 8), ((1, 12),))', '((28, 7), ((1, 1),))', '((11, 10), ((1, 12),))', '((27, 8), ((1, 1), (28, 1)))', '((23, 4), ((28, 1),))', '((21, 12), ((28, 1),))', '((27, 1), ((1, 1), (28, 1)))', '((27, 8), ((28, 1), (28, 12)))']",[724 states],66,40,106
725,"((26, 1), ((1, 1), (1, 12), (28, 1)))","((27, 1), ((1, 1), (1, 12), (28, 1)))",West,"[(((25, 1), ((1, 1), (1, 12), (28, 1))), 'West', 94, 14, 108)]","['((26, 6), ((1, 1), (1, 12), (28, 1)))', '((24, 12), ((28, 12),))', '((18, 10), ((28, 1), (28, 12)))', '((26, 10), ((1, 1), (1, 12), (28, 12)))', '((22, 5), ((1, 1),))', '((24, 5), ((28, 1),))', '((26, 8), ((1, 1), (1, 12), (28, 1)))', '((18, 9), ((1, 1),))', '((28, 7), ((1, 1),))', '((24, 4), ((28, 12),))', '((21, 2), ((1, 1),))', '((28, 5), ((28, 1), (28, 12)))', '((26, 8), ((1, 1), (1, 12)))', '((14, 12), ((1, 1), (1, 12)))', '((27, 6), ((1, 1), (28, 1)))', '((17, 4), ((1, 12),))', '((13, 8), ((1, 12),))', '((27, 8), ((28, 1), (28, 12)))', '((11, 10), ((1, 12),))', '((27, 8), ((1, 1), (28, 1)))', '((23, 4), ((28, 1),))', '((21, 12), ((28, 1),))', '((27, 1), ((1, 1), (28, 1)))']","['((26, 6), ((1, 1), (1, 12), (28, 1)))', '((24, 12), ((28, 12),))', '((18, 10), ((28, 1), (28, 12)))', '((26, 10), ((1, 1), (1, 12), (28, 12)))', '((22, 5), ((1, 1),))', '((24, 5), ((28, 1),))', '((26, 8), ((1, 1), (1, 12), (28, 1)))', '((18, 9), ((1, 1),))', '((28, 7), ((1, 1),))', '((24, 4), ((28, 12),))', '((21, 2), ((1, 1),))', '((28, 5), ((28, 1), (28, 12)))', '((26, 8), ((1, 1), (1, 12)))', '((14, 12), ((1, 1), (1, 12)))', '((27, 6), ((1, 1), (28, 1)))', '((17, 4), ((1, 12),))', '((13, 8), ((1, 12),))', '((27, 8), ((28, 1), (28, 12)))', '((11, 10), ((1, 12),))', '((27, 8), ((1, 1), (28, 1)))', '((23, 4), ((28, 1),))', '((21, 12), ((28, 1),))', '((27, 1), ((1, 1), (28, 1)))', '((25, 1), ((1, 1), (1, 12), (28, 1)))']",[725 states],93,13,106
726,"((26, 6), ((1, 1), (1, 12), (28, 1)))","((27, 6), ((1, 1), (1, 12), (28, 1)))",West,"[(((26, 5), ((1, 1), (1, 12), (28, 1))), 'South', 99, 9, 108)]","['((18, 10), ((28, 1), (28, 12)))', '((24, 12), ((28, 12),))', '((26, 8), ((1, 1), (1, 12), (28, 1)))', '((26, 10), ((1, 1), (1, 12), (28, 12)))', '((22, 5), ((1, 1),))', '((24, 5), ((28, 1),))', '((14, 12), ((1, 1), (1, 12)))', '((18, 9), ((1, 1),))', '((28, 7), ((1, 1),))', '((24, 4), ((28, 12),))', '((21, 2), ((1, 1),))', '((28, 5), ((28, 1), (28, 12)))', '((26, 8), ((1, 1), (1, 12)))', '((25, 1), ((1, 1), (1, 12), (28, 1)))', '((27, 6), ((1, 1), (28, 1)))', '((17, 4), ((1, 12),))', '((13, 8), ((1, 12),))', '((27, 8), ((28, 1), (28, 12)))', '((11, 10), ((1, 12),))', '((27, 8), ((1, 1), (28, 1)))', '((23, 4), ((28, 1),))', '((21, 12), ((28, 1),))', '((27, 1), ((1, 1), (28, 1)))']","['((18, 10), ((28, 1), (28, 12)))', '((24, 12), ((28, 12),))', '((26, 8), ((1, 1), (1, 12), (28, 1)))', '((26, 10), ((1, 1), (1, 12), (28, 12)))', '((22, 5), ((1, 1),))', '((24, 5), ((28, 1),))', '((14, 12), ((1, 1), (1, 12)))', '((18, 9), ((1, 1),))', '((28, 7), ((1, 1),))', '((24, 4), ((28, 12),))', '((21, 2), ((1, 1),))', '((28, 5), ((28, 1), (28, 12)))', '((26, 8), ((1, 1), (1, 12)))', '((25, 1), ((1, 1), (1, 12), (28, 1)))', '((27, 6), ((1, 1), (28, 1)))', '((17, 4), ((1, 12),))', '((13, 8), ((1, 12),))', '((27, 8), ((28, 1), (28, 12)))', '((11, 10), ((1, 12),))', '((27, 8), ((1, 1), (28, 1)))', '((23, 4), ((28, 1),))', '((21, 12), ((28, 1),))', '((27, 1), ((1, 1), (28, 1)))', '((26, 5), ((1, 1), (1, 12), (28, 1)))']",[726 states],98,8,106
727,"((18, 10), ((28, 1), (28, 12)))","((18, 11), ((28, 1), (28, 12)))",South,"[(((19, 10), ((28, 1), (28, 12))), 'East', 77, 31, 108), (((18, 9), ((28, 1), (28, 12))), 'South', 77, 31, 108)]","['((26, 8), ((1, 1), (1, 12), (28, 1)))', '((24, 12), ((28, 12),))', '((24, 5), ((28, 1),))', '((26, 10), ((1, 1), (1, 12), (28, 12)))', '((22, 5), ((1, 1),))', '((28, 5), ((28, 1), (28, 12)))', '((14, 12), ((1, 1), (1, 12)))', '((18, 9), ((1, 1),))', '((28, 7), ((1, 1),))', '((24, 4), ((28, 12),))', '((21, 2), ((1, 1),))', '((26, 5), ((1, 1), (1, 12), (28, 1)))', '((26, 8), ((1, 1), (1, 12)))', '((25, 1), ((1, 1), (1, 12), (28, 1)))', '((27, 6), ((1, 1), (28, 1)))', '((17, 4), ((1, 12),))', '((13, 8), ((1, 12),))', '((27, 8), ((28, 1), (28, 12)))', '((11, 10), ((1, 12),))', '((27, 8), ((1, 1), (28, 1)))', '((23, 4), ((28, 1),))', '((21, 12), ((28, 1),))', '((27, 1), ((1, 1), (28, 1)))']","['((26, 8), ((1, 1), (1, 12), (28, 1)))', '((24, 12), ((28, 12),))', '((24, 5), ((28, 1),))', '((26, 10), ((1, 1), (1, 12), (28, 12)))', '((22, 5), ((1, 1),))', '((28, 5), ((28, 1), (28, 12)))', '((14, 12), ((1, 1), (1, 12)))', '((18, 9), ((1, 1),))', '((28, 7), ((1, 1),))', '((24, 4), ((28, 12),))', '((21, 2), ((1, 1),))', '((26, 5), ((1, 1), (1, 12), (28, 1)))', '((26, 8), ((1, 1), (1, 12)))', '((25, 1), ((1, 1), (1, 12), (28, 1)))', '((27, 6), ((1, 1), (28, 1)))', '((17, 4), ((1, 12),))', '((13, 8), ((1, 12),))', '((27, 8), ((28, 1), (28, 12)))', '((11, 10), ((1, 12),))', '((27, 8), ((1, 1), (28, 1)))', '((23, 4), ((28, 1),))', '((21, 12), ((28, 1),))', '((27, 1), ((1, 1), (28, 1)))', '((19, 10), ((28, 1), (28, 12)))', '((18, 9), ((28, 1), (28, 12)))']",[727 states],76,30,106
728,"((26, 8), ((1, 1), (1, 12), (28, 1)))","((27, 8), ((1, 1), (1, 12), (28, 1)))",West,"[(((26, 9), ((1, 1), (1, 12), (28, 1))), 'North', 101, 5, 106)]","['((24, 5), ((28, 1),))', '((24, 12), ((28, 12),))', '((14, 12), ((1, 1), (1, 12)))', '((26, 10), ((1, 1), (1, 12), (28, 12)))', '((22, 5), ((1, 1),))', '((28, 5), ((28, 1), (28, 12)))', '((27, 6), ((1, 1), (28, 1)))', '((18, 9), ((1, 1),))', '((28, 7), ((1, 1),))', '((24, 4), ((28, 12),))', '((21, 2), ((1, 1),))', '((26, 5), ((1, 1), (1, 12), (28, 1)))', '((26, 8), ((1, 1), (1, 12)))', '((25, 1), ((1, 1), (1, 12), (28, 1)))', '((18, 9), ((28, 1), (28, 12)))', '((17, 4), ((1, 12),))', '((13, 8), ((1, 12),))', '((27, 8), ((28, 1), (28, 12)))', '((11, 10), ((1, 12),))', '((27, 8), ((1, 1), (28, 1)))', '((23, 4), ((28, 1),))', '((21, 12), ((28, 1),))', '((27, 1), ((1, 1), (28, 1)))', '((19, 10), ((28, 1), (28, 12)))']","['((24, 5), ((28, 1),))', '((24, 12), ((28, 12),))', '((26, 9), ((1, 1), (1, 12), (28, 1)))', '((26, 10), ((1, 1), (1, 12), (28, 12)))', '((22, 5), ((1, 1),))', '((14, 12), ((1, 1), (1, 12)))', '((27, 6), ((1, 1), (28, 1)))', '((18, 9), ((1, 1),))', '((28, 7), ((1, 1),))', '((24, 4), ((28, 12),))', '((21, 2), ((1, 1),))', '((28, 5), ((28, 1), (28, 12)))', '((26, 8), ((1, 1), (1, 12)))', '((25, 1), ((1, 1), (1, 12), (28, 1)))', '((18, 9), ((28, 1), (28, 12)))', '((17, 4), ((1, 12),))', '((13, 8), ((1, 12),))', '((27, 8), ((28, 1), (28, 12)))', '((11, 10), ((1, 12),))', '((27, 8), ((1, 1), (28, 1)))', '((23, 4), ((28, 1),))', '((21, 12), ((28, 1),))', '((27, 1), ((1, 1), (28, 1)))', '((19, 10), ((28, 1), (28, 12)))', '((26, 5), ((1, 1), (1, 12), (28, 1)))']",[728 states],100,6,106
729,"((24, 5), ((28, 1),))","((24, 4), ((28, 1),))",North,"[(((24, 6), ((28, 1),)), 'North', 58, 48, 106)]","['((26, 9), ((1, 1), (1, 12), (28, 1)))', '((24, 12), ((28, 12),))', '((14, 12), ((1, 1), (1, 12)))', '((26, 10), ((1, 1), (1, 12), (28, 12)))', '((22, 5), ((1, 1),))', '((28, 5), ((28, 1), (28, 12)))', '((27, 6), ((1, 1), (28, 1)))', '((18, 9), ((1, 1),))', '((28, 7), ((1, 1),))', '((24, 4), ((28, 12),))', '((21, 2), ((1, 1),))', '((26, 5), ((1, 1), (1, 12), (28, 1)))', '((26, 8), ((1, 1), (1, 12)))', '((25, 1), ((1, 1), (1, 12), (28, 1)))', '((18, 9), ((28, 1), (28, 12)))', '((17, 4), ((1, 12),))', '((13, 8), ((1, 12),))', '((27, 8), ((28, 1), (28, 12)))', '((11, 10), ((1, 12),))', '((27, 8), ((1, 1), (28, 1)))', '((23, 4), ((28, 1),))', '((21, 12), ((28, 1),))', '((27, 1), ((1, 1), (28, 1)))', '((19, 10), ((28, 1), (28, 12)))']","['((26, 9), ((1, 1), (1, 12), (28, 1)))', '((24, 12), ((28, 12),))', '((24, 6), ((28, 1),))', '((26, 10), ((1, 1), (1, 12), (28, 12)))', '((22, 5), ((1, 1),))', '((14, 12), ((1, 1), (1, 12)))', '((27, 6), ((1, 1), (28, 1)))', '((18, 9), ((1, 1),))', '((28, 7), ((1, 1),))', '((24, 4), ((28, 12),))', '((21, 2), ((1, 1),))', '((28, 5), ((28, 1), (28, 12)))', '((26, 8), ((1, 1), (1, 12)))', '((25, 1), ((1, 1), (1, 12), (28, 1)))', '((18, 9), ((28, 1), (28, 12)))', '((17, 4), ((1, 12),))', '((13, 8), ((1, 12),))', '((27, 8), ((28, 1), (28, 12)))', '((11, 10), ((1, 12),))', '((27, 8), ((1, 1), (28, 1)))', '((23, 4), ((28, 1),))', '((21, 12), ((28, 1),))', '((27, 1), ((1, 1), (28, 1)))', '((19, 10), ((28, 1), (28, 12)))', '((26, 5), ((1, 1), (1, 12), (28, 1)))']",[729 states],57,49,106
730,"((26, 9), ((1, 1), (1, 12), (28, 1)))","((26, 8), ((1, 1), (1, 12), (28, 1)))",North,"[(((26, 10), ((1, 1), (1, 12), (28, 1))), 'North', 102, 4, 106)]","['((24, 6), ((28, 1),))', '((24, 12), ((28, 12),))', '((14, 12), ((1, 1), (1, 12)))', '((26, 10), ((1, 1), (1, 12), (28, 12)))', '((22, 5), ((1, 1),))', '((28, 5), ((28, 1), (28, 12)))', '((27, 6), ((1, 1), (28, 1)))', '((18, 9), ((1, 1),))', '((28, 7), ((1, 1),))', '((24, 4), ((28, 12),))', '((21, 2), ((1, 1),))', '((26, 5), ((1, 1), (1, 12), (28, 1)))', '((26, 8), ((1, 1), (1, 12)))', '((25, 1), ((1, 1), (1, 12), (28, 1)))', '((18, 9), ((28, 1), (28, 12)))', '((17, 4), ((1, 12),))', '((13, 8), ((1, 12),))', '((27, 8), ((28, 1), (28, 12)))', '((11, 10), ((1, 12),))', '((27, 8), ((1, 1), (28, 1)))', '((23, 4), ((28, 1),))', '((21, 12), ((28, 1),))', '((27, 1), ((1, 1), (28, 1)))', '((19, 10), ((28, 1), (28, 12)))']","['((24, 6), ((28, 1),))', '((24, 12), ((28, 12),))', '((26, 10), ((1, 1), (1, 12), (28, 1)))', '((26, 10), ((1, 1), (1, 12), (28, 12)))', '((22, 5), ((1, 1),))', '((14, 12), ((1, 1), (1, 12)))', '((27, 6), ((1, 1), (28, 1)))', '((18, 9), ((1, 1),))', '((28, 7), ((1, 1),))', '((24, 4), ((28, 12),))', '((21, 2), ((1, 1),))', '((28, 5), ((28, 1), (28, 12)))', '((26, 8), ((1, 1), (1, 12)))', '((25, 1), ((1, 1), (1, 12), (28, 1)))', '((18, 9), ((28, 1), (28, 12)))', '((17, 4), ((1, 12),))', '((13, 8), ((1, 12),))', '((27, 8), ((28, 1), (28, 12)))', '((11, 10), ((1, 12),))', '((27, 8), ((1, 1), (28, 1)))', '((23, 4), ((28, 1),))', '((21, 12), ((28, 1),))', '((27, 1), ((1, 1), (28, 1)))', '((19, 10), ((28, 1), (28, 12)))', '((26, 5), ((1, 1), (1, 12), (28, 1)))']",[730 states],101,5,106
731,"((24, 6), ((28, 1),))","((24, 5), ((28, 1),))",North,"[(((24, 7), ((28, 1),)), 'North', 59, 47, 106)]","['((26, 10), ((1, 1), (1, 12), (28, 1)))', '((24, 12), ((28, 12),))', '((14, 12), ((1, 1), (1, 12)))', '((26, 10), ((1, 1), (1, 12), (28, 12)))', '((22, 5), ((1, 1),))', '((28, 5), ((28, 1), (28, 12)))', '((27, 6), ((1, 1), (28, 1)))', '((18, 9), ((1, 1),))', '((28, 7), ((1, 1),))', '((24, 4), ((28, 12),))', '((21, 2), ((1, 1),))', '((26, 5), ((1, 1), (1, 12), (28, 1)))', '((26, 8), ((1, 1), (1, 12)))', '((25, 1), ((1, 1), (1, 12), (28, 1)))', '((18, 9), ((28, 1), (28, 12)))', '((17, 4), ((1, 12),))', '((13, 8), ((1, 12),))', '((27, 8), ((28, 1), (28, 12)))', '((11, 10), ((1, 12),))', '((27, 8), ((1, 1), (28, 1)))', '((23, 4), ((28, 1),))', '((21, 12), ((28, 1),))', '((27, 1), ((1, 1), (28, 1)))', '((19, 10), ((28, 1), (28, 12)))']","['((26, 10), ((1, 1), (1, 12), (28, 1)))', '((24, 12), ((28, 12),))', '((24, 7), ((28, 1),))', '((26, 10), ((1, 1), (1, 12), (28, 12)))', '((22, 5), ((1, 1),))', '((14, 12), ((1, 1), (1, 12)))', '((27, 6), ((1, 1), (28, 1)))', '((18, 9), ((1, 1),))', '((28, 7), ((1, 1),))', '((24, 4), ((28, 12),))', '((21, 2), ((1, 1),))', '((28, 5), ((28, 1), (28, 12)))', '((26, 8), ((1, 1), (1, 12)))', '((25, 1), ((1, 1), (1, 12), (28, 1)))', '((18, 9), ((28, 1), (28, 12)))', '((17, 4), ((1, 12),))', '((13, 8), ((1, 12),))', '((27, 8), ((28, 1), (28, 12)))', '((11, 10), ((1, 12),))', '((27, 8), ((1, 1), (28, 1)))', '((23, 4), ((28, 1),))', '((21, 12), ((28, 1),))', '((27, 1), ((1, 1), (28, 1)))', '((19, 10), ((28, 1), (28, 12)))', '((26, 5), ((1, 1), (1, 12), (28, 1)))']",[731 states],58,48,106
732,"((26, 10), ((1, 1), (1, 12), (28, 1)))","((26, 9), ((1, 1), (1, 12), (28, 1)))",North,"[(((26, 11), ((1, 1), (1, 12), (28, 1))), 'North', 103, 3, 106), (((27, 10), ((1, 1), (1, 12), (28, 1))), 'East', 103, 3, 106)]","['((24, 7), ((28, 1),))', '((24, 12), ((28, 12),))', '((14, 12), ((1, 1), (1, 12)))', '((26, 10), ((1, 1), (1, 12), (28, 12)))', '((22, 5), ((1, 1),))', '((28, 5), ((28, 1), (28, 12)))', '((27, 6), ((1, 1), (28, 1)))', '((18, 9), ((1, 1),))', '((28, 7), ((1, 1),))', '((24, 4), ((28, 12),))', '((21, 2), ((1, 1),))', '((26, 5), ((1, 1), (1, 12), (28, 1)))', '((26, 8), ((1, 1), (1, 12)))', '((25, 1), ((1, 1), (1, 12), (28, 1)))', '((18, 9), ((28, 1), (28, 12)))', '((17, 4), ((1, 12),))', '((13, 8), ((1, 12),))', '((27, 8), ((28, 1), (28, 12)))', '((11, 10), ((1, 12),))', '((27, 8), ((1, 1), (28, 1)))', '((23, 4), ((28, 1),))', '((21, 12), ((28, 1),))', '((27, 1), ((1, 1), (28, 1)))', '((19, 10), ((28, 1), (28, 12)))']","['((24, 7), ((28, 1),))', '((24, 12), ((28, 12),))', '((26, 11), ((1, 1), (1, 12), (28, 1)))', '((26, 10), ((1, 1), (1, 12), (28, 12)))', '((22, 5), ((1, 1),))', '((27, 10), ((1, 1), (1, 12), (28, 1)))', '((27, 6), ((1, 1), (28, 1)))', '((18, 9), ((1, 1),))', '((28, 7), ((1, 1),))', '((24, 4), ((28, 12),))', '((21, 2), ((1, 1),))', '((28, 5), ((28, 1), (28, 12)))', '((14, 12), ((1, 1), (1, 12)))', '((25, 1), ((1, 1), (1, 12), (28, 1)))', '((18, 9), ((28, 1), (28, 12)))', '((17, 4), ((1, 12),))', '((13, 8), ((1, 12),))', '((27, 8), ((28, 1), (28, 12)))', '((11, 10), ((1, 12),))', '((27, 8), ((1, 1), (28, 1)))', '((23, 4), ((28, 1),))', '((21, 12), ((28, 1),))', '((27, 1), ((1, 1), (28, 1)))', '((19, 10), ((28, 1), (28, 12)))', '((26, 5), ((1, 1), (1, 12), (28, 1)))', '((26, 8), ((1, 1), (1, 12)))']",[732 states],102,4,106
733,"((24, 7), ((28, 1),))","((24, 6), ((28, 1),))",North,"[(((24, 8), ((28, 1),)), 'North', 60, 46, 106)]","['((26, 11), ((1, 1), (1, 12), (28, 1)))', '((24, 12), ((28, 12),))', '((27, 10), ((1, 1), (1, 12), (28, 1)))', '((26, 10), ((1, 1), (1, 12), (28, 12)))', '((22, 5), ((1, 1),))', '((14, 12), ((1, 1), (1, 12)))', '((27, 6), ((1, 1), (28, 1)))', '((18, 9), ((1, 1),))', '((28, 7), ((1, 1),))', '((24, 4), ((28, 12),))', '((21, 2), ((1, 1),))', '((28, 5), ((28, 1), (28, 12)))', '((26, 8), ((1, 1), (1, 12)))', '((25, 1), ((1, 1), (1, 12), (28, 1)))', '((18, 9), ((28, 1), (28, 12)))', '((17, 4), ((1, 12),))', '((13, 8), ((1, 12),))', '((27, 8), ((28, 1), (28, 12)))', '((11, 10), ((1, 12),))', '((27, 8), ((1, 1), (28, 1)))', '((23, 4), ((28, 1),))', '((21, 12), ((28, 1),))', '((27, 1), ((1, 1), (28, 1)))', '((19, 10), ((28, 1), (28, 12)))', '((26, 5), ((1, 1), (1, 12), (28, 1)))']","['((26, 11), ((1, 1), (1, 12), (28, 1)))', '((24, 12), ((28, 12),))', '((27, 10), ((1, 1), (1, 12), (28, 1)))', '((26, 10), ((1, 1), (1, 12), (28, 12)))', '((22, 5), ((1, 1),))', '((24, 8), ((28, 1),))', '((27, 6), ((1, 1), (28, 1)))', '((18, 9), ((1, 1),))', '((28, 7), ((1, 1),))', '((24, 4), ((28, 12),))', '((21, 2), ((1, 1),))', '((28, 5), ((28, 1), (28, 12)))', '((14, 12), ((1, 1), (1, 12)))', '((25, 1), ((1, 1), (1, 12), (28, 1)))', '((18, 9), ((28, 1), (28, 12)))', '((17, 4), ((1, 12),))', '((13, 8), ((1, 12),))', '((27, 8), ((28, 1), (28, 12)))', '((11, 10), ((1, 12),))', '((27, 8), ((1, 1), (28, 1)))', '((23, 4), ((28, 1),))', '((21, 12), ((28, 1),))', '((27, 1), ((1, 1), (28, 1)))', '((19, 10), ((28, 1), (28, 12)))', '((26, 5), ((1, 1), (1, 12), (28, 1)))', '((26, 8), ((1, 1), (1, 12)))']",[733 states],59,47,106
734,"((26, 11), ((1, 1), (1, 12), (28, 1)))","((26, 10), ((1, 1), (1, 12), (28, 1)))",North,"[(((26, 12), ((1, 1), (1, 12), (28, 1))), 'North', 104, 2, 106)]","['((27, 10), ((1, 1), (1, 12), (28, 1)))', '((24, 12), ((28, 12),))', '((24, 8), ((28, 1),))', '((26, 10), ((1, 1), (1, 12), (28, 12)))', '((22, 5), ((1, 1),))', '((14, 12), ((1, 1), (1, 12)))', '((27, 6), ((1, 1), (28, 1)))', '((18, 9), ((1, 1),))', '((28, 7), ((1, 1),))', '((24, 4), ((28, 12),))', '((21, 2), ((1, 1),))', '((28, 5), ((28, 1), (28, 12)))', '((26, 8), ((1, 1), (1, 12)))', '((25, 1), ((1, 1), (1, 12), (28, 1)))', '((18, 9), ((28, 1), (28, 12)))', '((17, 4), ((1, 12),))', '((13, 8), ((1, 12),))', '((27, 8), ((28, 1), (28, 12)))', '((11, 10), ((1, 12),))', '((27, 8), ((1, 1), (28, 1)))', '((23, 4), ((28, 1),))', '((21, 12), ((28, 1),))', '((27, 1), ((1, 1), (28, 1)))', '((19, 10), ((28, 1), (28, 12)))', '((26, 5), ((1, 1), (1, 12), (28, 1)))']","['((27, 10), ((1, 1), (1, 12), (28, 1)))', '((24, 12), ((28, 12),))', '((24, 8), ((28, 1),))', '((26, 10), ((1, 1), (1, 12), (28, 12)))', '((22, 5), ((1, 1),))', '((26, 12), ((1, 1), (1, 12), (28, 1)))', '((27, 6), ((1, 1), (28, 1)))', '((18, 9), ((1, 1),))', '((28, 7), ((1, 1),))', '((24, 4), ((28, 12),))', '((21, 2), ((1, 1),))', '((28, 5), ((28, 1), (28, 12)))', '((14, 12), ((1, 1), (1, 12)))', '((25, 1), ((1, 1), (1, 12), (28, 1)))', '((18, 9), ((28, 1), (28, 12)))', '((17, 4), ((1, 12),))', '((13, 8), ((1, 12),))', '((27, 8), ((28, 1), (28, 12)))', '((11, 10), ((1, 12),))', '((27, 8), ((1, 1), (28, 1)))', '((23, 4), ((28, 1),))', '((21, 12), ((28, 1),))', '((27, 1), ((1, 1), (28, 1)))', '((19, 10), ((28, 1), (28, 12)))', '((26, 5), ((1, 1), (1, 12), (28, 1)))', '((26, 8), ((1, 1), (1, 12)))']",[734 states],103,3,106
735,"((27, 10), ((1, 1), (1, 12), (28, 1)))","((26, 10), ((1, 1), (1, 12), (28, 1)))",East,"[(((28, 10), ((1, 1), (1, 12), (28, 1))), 'East', 104, 2, 106)]","['((24, 8), ((28, 1),))', '((24, 12), ((28, 12),))', '((26, 12), ((1, 1), (1, 12), (28, 1)))', '((26, 10), ((1, 1), (1, 12), (28, 12)))', '((22, 5), ((1, 1),))', '((14, 12), ((1, 1), (1, 12)))', '((27, 6), ((1, 1), (28, 1)))', '((18, 9), ((1, 1),))', '((28, 7), ((1, 1),))', '((24, 4), ((28, 12),))', '((21, 2), ((1, 1),))', '((28, 5), ((28, 1), (28, 12)))', '((26, 8), ((1, 1), (1, 12)))', '((25, 1), ((1, 1), (1, 12), (28, 1)))', '((18, 9), ((28, 1), (28, 12)))', '((17, 4), ((1, 12),))', '((13, 8), ((1, 12),))', '((27, 8), ((28, 1), (28, 12)))', '((11, 10), ((1, 12),))', '((27, 8), ((1, 1), (28, 1)))', '((23, 4), ((28, 1),))', '((21, 12), ((28, 1),))', '((27, 1), ((1, 1), (28, 1)))', '((19, 10), ((28, 1), (28, 12)))', '((26, 5), ((1, 1), (1, 12), (28, 1)))']","['((24, 8), ((28, 1),))', '((24, 12), ((28, 12),))', '((26, 12), ((1, 1), (1, 12), (28, 1)))', '((26, 10), ((1, 1), (1, 12), (28, 12)))', '((22, 5), ((1, 1),))', '((28, 10), ((1, 1), (1, 12), (28, 1)))', '((27, 6), ((1, 1), (28, 1)))', '((18, 9), ((1, 1),))', '((28, 7), ((1, 1),))', '((24, 4), ((28, 12),))', '((21, 2), ((1, 1),))', '((28, 5), ((28, 1), (28, 12)))', '((14, 12), ((1, 1), (1, 12)))', '((25, 1), ((1, 1), (1, 12), (28, 1)))', '((18, 9), ((28, 1), (28, 12)))', '((17, 4), ((1, 12),))', '((13, 8), ((1, 12),))', '((27, 8), ((28, 1), (28, 12)))', '((11, 10), ((1, 12),))', '((27, 8), ((1, 1), (28, 1)))', '((23, 4), ((28, 1),))', '((21, 12), ((28, 1),))', '((27, 1), ((1, 1), (28, 1)))', '((19, 10), ((28, 1), (28, 12)))', '((26, 5), ((1, 1), (1, 12), (28, 1)))', '((26, 8), ((1, 1), (1, 12)))']",[735 states],103,3,106
736,"((24, 8), ((28, 1),))","((24, 7), ((28, 1),))",North,"[(((24, 9), ((28, 1),)), 'North', 61, 45, 106), (((23, 8), ((28, 1),)), 'West', 61, 47, 108)]","['((26, 12), ((1, 1), (1, 12), (28, 1)))', '((24, 12), ((28, 12),))', '((28, 10), ((1, 1), (1, 12), (28, 1)))', '((26, 10), ((1, 1), (1, 12), (28, 12)))', '((22, 5), ((1, 1),))', '((14, 12), ((1, 1), (1, 12)))', '((27, 6), ((1, 1), (28, 1)))', '((18, 9), ((1, 1),))', '((28, 7), ((1, 1),))', '((24, 4), ((28, 12),))', '((21, 2), ((1, 1),))', '((28, 5), ((28, 1), (28, 12)))', '((26, 8), ((1, 1), (1, 12)))', '((25, 1), ((1, 1), (1, 12), (28, 1)))', '((18, 9), ((28, 1), (28, 12)))', '((17, 4), ((1, 12),))', '((13, 8), ((1, 12),))', '((27, 8), ((28, 1), (28, 12)))', '((11, 10), ((1, 12),))', '((27, 8), ((1, 1), (28, 1)))', '((23, 4), ((28, 1),))', '((21, 12), ((28, 1),))', '((27, 1), ((1, 1), (28, 1)))', '((19, 10), ((28, 1), (28, 12)))', '((26, 5), ((1, 1), (1, 12), (28, 1)))']","['((26, 12), ((1, 1), (1, 12), (28, 1)))', '((24, 12), ((28, 12),))', '((28, 10), ((1, 1), (1, 12), (28, 1)))', '((26, 10), ((1, 1), (1, 12), (28, 12)))', '((22, 5), ((1, 1),))', '((24, 9), ((28, 1),))', '((27, 6), ((1, 1), (28, 1)))', '((18, 9), ((1, 1),))', '((28, 7), ((1, 1),))', '((24, 4), ((28, 12),))', '((21, 2), ((1, 1),))', '((28, 5), ((28, 1), (28, 12)))', '((14, 12), ((1, 1), (1, 12)))', '((25, 1), ((1, 1), (1, 12), (28, 1)))', '((18, 9), ((28, 1), (28, 12)))', '((17, 4), ((1, 12),))', '((13, 8), ((1, 12),))', '((27, 8), ((28, 1), (28, 12)))', '((11, 10), ((1, 12),))', '((27, 8), ((1, 1), (28, 1)))', '((23, 4), ((28, 1),))', '((21, 12), ((28, 1),))', '((27, 1), ((1, 1), (28, 1)))', '((19, 10), ((28, 1), (28, 12)))', '((26, 5), ((1, 1), (1, 12), (28, 1)))', '((26, 8), ((1, 1), (1, 12)))', '((23, 8), ((28, 1),))']",[736 states],60,46,106
737,"((26, 12), ((1, 1), (1, 12), (28, 1)))","((26, 11), ((1, 1), (1, 12), (28, 1)))",North,"[(((25, 12), ((1, 1), (1, 12), (28, 1))), 'West', 105, 3, 108)]","['((28, 10), ((1, 1), (1, 12), (28, 1)))', '((24, 12), ((28, 12),))', '((24, 9), ((28, 1),))', '((26, 10), ((1, 1), (1, 12), (28, 12)))', '((22, 5), ((1, 1),))', '((14, 12), ((1, 1), (1, 12)))', '((27, 6), ((1, 1), (28, 1)))', '((18, 9), ((1, 1),))', '((28, 7), ((1, 1),))', '((24, 4), ((28, 12),))', '((21, 2), ((1, 1),))', '((28, 5), ((28, 1), (28, 12)))', '((26, 8), ((1, 1), (1, 12)))', '((25, 1), ((1, 1), (1, 12), (28, 1)))', '((18, 9), ((28, 1), (28, 12)))', '((17, 4), ((1, 12),))', '((13, 8), ((1, 12),))', '((27, 8), ((28, 1), (28, 12)))', '((11, 10), ((1, 12),))', '((27, 8), ((1, 1), (28, 1)))', '((23, 4), ((28, 1),))', '((21, 12), ((28, 1),))', '((27, 1), ((1, 1), (28, 1)))', '((19, 10), ((28, 1), (28, 12)))', '((26, 5), ((1, 1), (1, 12), (28, 1)))', '((23, 8), ((28, 1),))']","['((28, 10), ((1, 1), (1, 12), (28, 1)))', '((24, 12), ((28, 12),))', '((24, 9), ((28, 1),))', '((26, 10), ((1, 1), (1, 12), (28, 12)))', '((22, 5), ((1, 1),))', '((14, 12), ((1, 1), (1, 12)))', '((27, 6), ((1, 1), (28, 1)))', '((18, 9), ((1, 1),))', '((28, 7), ((1, 1),))', '((24, 4), ((28, 12),))', '((21, 2), ((1, 1),))', '((28, 5), ((28, 1), (28, 12)))', '((26, 8), ((1, 1), (1, 12)))', '((25, 1), ((1, 1), (1, 12), (28, 1)))', '((18, 9), ((28, 1), (28, 12)))', '((17, 4), ((1, 12),))', '((13, 8), ((1, 12),))', '((27, 8), ((28, 1), (28, 12)))', '((11, 10), ((1, 12),))', '((27, 8), ((1, 1), (28, 1)))', '((23, 4), ((28, 1),))', '((21, 12), ((28, 1),))', '((27, 1), ((1, 1), (28, 1)))', '((19, 10), ((28, 1), (28, 12)))', '((26, 5), ((1, 1), (1, 12), (28, 1)))', '((23, 8), ((28, 1),))', '((25, 12), ((1, 1), (1, 12), (28, 1)))']",[737 states],104,2,106
738,"((28, 10), ((1, 1), (1, 12), (28, 1)))","((27, 10), ((1, 1), (1, 12), (28, 1)))",East,"[(((28, 11), ((1, 1), (1, 12), (28, 1))), 'North', 105, 1, 106)]","['((24, 9), ((28, 1),))', '((24, 12), ((28, 12),))', '((14, 12), ((1, 1), (1, 12)))', '((26, 10), ((1, 1), (1, 12), (28, 12)))', '((22, 5), ((1, 1),))', '((28, 5), ((28, 1), (28, 12)))', '((27, 6), ((1, 1), (28, 1)))', '((18, 9), ((1, 1),))', '((28, 7), ((1, 1),))', '((24, 4), ((28, 12),))', '((21, 2), ((1, 1),))', '((26, 5), ((1, 1), (1, 12), (28, 1)))', '((26, 8), ((1, 1), (1, 12)))', '((25, 1), ((1, 1), (1, 12), (28, 1)))', '((18, 9), ((28, 1), (28, 12)))', '((17, 4), ((1, 12),))', '((13, 8), ((1, 12),))', '((27, 8), ((28, 1), (28, 12)))', '((11, 10), ((1, 12),))', '((27, 8), ((1, 1), (28, 1)))', '((23, 4), ((28, 1),))', '((21, 12), ((28, 1),))', '((27, 1), ((1, 1), (28, 1)))', '((19, 10), ((28, 1), (28, 12)))', '((25, 12), ((1, 1), (1, 12), (28, 1)))', '((23, 8), ((28, 1),))']","['((24, 9), ((28, 1),))', '((24, 12), ((28, 12),))', '((28, 11), ((1, 1), (1, 12), (28, 1)))', '((26, 10), ((1, 1), (1, 12), (28, 12)))', '((22, 5), ((1, 1),))', '((14, 12), ((1, 1), (1, 12)))', '((27, 6), ((1, 1), (28, 1)))', '((18, 9), ((1, 1),))', '((28, 7), ((1, 1),))', '((24, 4), ((28, 12),))', '((21, 2), ((1, 1),))', '((26, 5), ((1, 1), (1, 12), (28, 1)))', '((28, 5), ((28, 1), (28, 12)))', '((25, 1), ((1, 1), (1, 12), (28, 1)))', '((18, 9), ((28, 1), (28, 12)))', '((17, 4), ((1, 12),))', '((13, 8), ((1, 12),))', '((27, 8), ((28, 1), (28, 12)))', '((11, 10), ((1, 12),))', '((27, 8), ((1, 1), (28, 1)))', '((23, 4), ((28, 1),))', '((21, 12), ((28, 1),))', '((27, 1), ((1, 1), (28, 1)))', '((19, 10), ((28, 1), (28, 12)))', '((25, 12), ((1, 1), (1, 12), (28, 1)))', '((23, 8), ((28, 1),))', '((26, 8), ((1, 1), (1, 12)))']",[738 states],104,2,106
739,"((24, 9), ((28, 1),))","((24, 8), ((28, 1),))",North,"[(((24, 10), ((28, 1),)), 'North', 62, 44, 106)]","['((28, 11), ((1, 1), (1, 12), (28, 1)))', '((24, 12), ((28, 12),))', '((14, 12), ((1, 1), (1, 12)))', '((26, 10), ((1, 1), (1, 12), (28, 12)))', '((22, 5), ((1, 1),))', '((28, 5), ((28, 1), (28, 12)))', '((27, 6), ((1, 1), (28, 1)))', '((18, 9), ((1, 1),))', '((28, 7), ((1, 1),))', '((24, 4), ((28, 12),))', '((21, 2), ((1, 1),))', '((26, 5), ((1, 1), (1, 12), (28, 1)))', '((26, 8), ((1, 1), (1, 12)))', '((25, 1), ((1, 1), (1, 12), (28, 1)))', '((18, 9), ((28, 1), (28, 12)))', '((17, 4), ((1, 12),))', '((13, 8), ((1, 12),))', '((27, 8), ((28, 1), (28, 12)))', '((11, 10), ((1, 12),))', '((27, 8), ((1, 1), (28, 1)))', '((23, 4), ((28, 1),))', '((21, 12), ((28, 1),))', '((27, 1), ((1, 1), (28, 1)))', '((19, 10), ((28, 1), (28, 12)))', '((25, 12), ((1, 1), (1, 12), (28, 1)))', '((23, 8), ((28, 1),))']","['((28, 11), ((1, 1), (1, 12), (28, 1)))', '((24, 12), ((28, 12),))', '((24, 10), ((28, 1),))', '((26, 10), ((1, 1), (1, 12), (28, 12)))', '((22, 5), ((1, 1),))', '((14, 12), ((1, 1), (1, 12)))', '((27, 6), ((1, 1), (28, 1)))', '((18, 9), ((1, 1),))', '((28, 7), ((1, 1),))', '((24, 4), ((28, 12),))', '((21, 2), ((1, 1),))', '((26, 5), ((1, 1), (1, 12), (28, 1)))', '((28, 5), ((28, 1), (28, 12)))', '((25, 1), ((1, 1), (1, 12), (28, 1)))', '((18, 9), ((28, 1), (28, 12)))', '((17, 4), ((1, 12),))', '((13, 8), ((1, 12),))', '((27, 8), ((28, 1), (28, 12)))', '((11, 10), ((1, 12),))', '((27, 8), ((1, 1), (28, 1)))', '((23, 4), ((28, 1),))', '((21, 12), ((28, 1),))', '((27, 1), ((1, 1), (28, 1)))', '((19, 10), ((28, 1), (28, 12)))', '((25, 12), ((1, 1), (1, 12), (28, 1)))', '((23, 8), ((28, 1),))', '((26, 8), ((1, 1), (1, 12)))']",[739 states],61,45,106
740,"((28, 11), ((1, 1), (1, 12), (28, 1)))","((28, 10), ((1, 1), (1, 12), (28, 1)))",North,"[(((28, 12), ((1, 1), (1, 12), (28, 1), (28, 12))), 'North', 106, 0, 106)]","['((24, 10), ((28, 1),))', '((24, 12), ((28, 12),))', '((14, 12), ((1, 1), (1, 12)))', '((26, 10), ((1, 1), (1, 12), (28, 12)))', '((22, 5), ((1, 1),))', '((28, 5), ((28, 1), (28, 12)))', '((27, 6), ((1, 1), (28, 1)))', '((18, 9), ((1, 1),))', '((28, 7), ((1, 1),))', '((24, 4), ((28, 12),))', '((21, 2), ((1, 1),))', '((26, 5), ((1, 1), (1, 12), (28, 1)))', '((26, 8), ((1, 1), (1, 12)))', '((25, 1), ((1, 1), (1, 12), (28, 1)))', '((18, 9), ((28, 1), (28, 12)))', '((17, 4), ((1, 12),))', '((13, 8), ((1, 12),))', '((27, 8), ((28, 1), (28, 12)))', '((11, 10), ((1, 12),))', '((27, 8), ((1, 1), (28, 1)))', '((23, 4), ((28, 1),))', '((21, 12), ((28, 1),))', '((27, 1), ((1, 1), (28, 1)))', '((19, 10), ((28, 1), (28, 12)))', '((25, 12), ((1, 1), (1, 12), (28, 1)))', '((23, 8), ((28, 1),))']","['((24, 10), ((28, 1),))', '((24, 12), ((28, 12),))', '((28, 12), ((1, 1), (1, 12), (28, 1), (28, 12)))', '((26, 10), ((1, 1), (1, 12), (28, 12)))', '((22, 5), ((1, 1),))', '((14, 12), ((1, 1), (1, 12)))', '((27, 6), ((1, 1), (28, 1)))', '((18, 9), ((1, 1),))', '((28, 7), ((1, 1),))', '((24, 4), ((28, 12),))', '((21, 2), ((1, 1),))', '((26, 5), ((1, 1), (1, 12), (28, 1)))', '((28, 5), ((28, 1), (28, 12)))', '((25, 1), ((1, 1), (1, 12), (28, 1)))', '((18, 9), ((28, 1), (28, 12)))', '((17, 4), ((1, 12),))', '((13, 8), ((1, 12),))', '((27, 8), ((28, 1), (28, 12)))', '((11, 10), ((1, 12),))', '((27, 8), ((1, 1), (28, 1)))', '((23, 4), ((28, 1),))', '((21, 12), ((28, 1),))', '((27, 1), ((1, 1), (28, 1)))', '((19, 10), ((28, 1), (28, 12)))', '((25, 12), ((1, 1), (1, 12), (28, 1)))', '((23, 8), ((28, 1),))', '((26, 8), ((1, 1), (1, 12)))']",[740 states],105,1,106
741,"((24, 10), ((28, 1),))","((24, 9), ((28, 1),))",North,[],"['((28, 12), ((1, 1), (1, 12), (28, 1), (28, 12)))', '((24, 12), ((28, 12),))', '((14, 12), ((1, 1), (1, 12)))', '((26, 10), ((1, 1), (1, 12), (28, 12)))', '((22, 5), ((1, 1),))', '((28, 5), ((28, 1), (28, 12)))', '((27, 6), ((1, 1), (28, 1)))', '((18, 9), ((1, 1),))', '((28, 7), ((1, 1),))', '((24, 4), ((28, 12),))', '((21, 2), ((1, 1),))', '((26, 5), ((1, 1), (1, 12), (28, 1)))', '((26, 8), ((1, 1), (1, 12)))', '((25, 1), ((1, 1), (1, 12), (28, 1)))', '((18, 9), ((28, 1), (28, 12)))', '((17, 4), ((1, 12),))', '((13, 8), ((1, 12),))', '((27, 8), ((28, 1), (28, 12)))', '((11, 10), ((1, 12),))', '((27, 8), ((1, 1), (28, 1)))', '((23, 4), ((28, 1),))', '((21, 12), ((28, 1),))', '((27, 1), ((1, 1), (28, 1)))', '((19, 10), ((28, 1), (28, 12)))', '((25, 12), ((1, 1), (1, 12), (28, 1)))', '((23, 8), ((28, 1),))']","['((28, 12), ((1, 1), (1, 12), (28, 1), (28, 12)))', '((24, 12), ((28, 12),))', '((14, 12), ((1, 1), (1, 12)))', '((26, 10), ((1, 1), (1, 12), (28, 12)))', '((22, 5), ((1, 1),))', '((28, 5), ((28, 1), (28, 12)))', '((27, 6), ((1, 1), (28, 1)))', '((18, 9), ((1, 1),))', '((28, 7), ((1, 1),))', '((24, 4), ((28, 12),))', '((21, 2), ((1, 1),))', '((26, 5), ((1, 1), (1, 12), (28, 1)))', '((26, 8), ((1, 1), (1, 12)))', '((25, 1), ((1, 1), (1, 12), (28, 1)))', '((18, 9), ((28, 1), (28, 12)))', '((17, 4), ((1, 12),))', '((13, 8), ((1, 12),))', '((27, 8), ((28, 1), (28, 12)))', '((11, 10), ((1, 12),))', '((27, 8), ((1, 1), (28, 1)))', '((23, 4), ((28, 1),))', '((21, 12), ((28, 1),))', '((27, 1), ((1, 1), (28, 1)))', '((19, 10), ((28, 1), (28, 12)))', '((25, 12), ((1, 1), (1, 12), (28, 1)))', '((23, 8), ((28, 1),))']",[741 states],62,44,106
742,"((28, 12), ((1, 1), (1, 12), (28, 1), (28, 12)))","((28, 11), ((1, 1), (1, 12), (28, 1)))",North,[],"['((24, 12), ((28, 12),))', '((22, 5), ((1, 1),))', '((14, 12), ((1, 1), (1, 12)))', '((26, 10), ((1, 1), (1, 12), (28, 12)))', '((24, 4), ((28, 12),))', '((28, 5), ((28, 1), (28, 12)))', '((27, 6), ((1, 1), (28, 1)))', '((18, 9), ((1, 1),))', '((28, 7), ((1, 1),))', '((27, 8), ((1, 1), (28, 1)))', '((21, 2), ((1, 1),))', '((26, 5), ((1, 1), (1, 12), (28, 1)))', '((26, 8), ((1, 1), (1, 12)))', '((25, 1), ((1, 1), (1, 12), (28, 1)))', '((18, 9), ((28, 1), (28, 12)))', '((17, 4), ((1, 12),))', '((13, 8), ((1, 12),))', '((27, 8), ((28, 1), (28, 12)))', '((11, 10), ((1, 12),))', '((23, 8), ((28, 1),))', '((23, 4), ((28, 1),))', '((21, 12), ((28, 1),))', '((27, 1), ((1, 1), (28, 1)))', '((19, 10), ((28, 1), (28, 12)))', '((25, 12), ((1, 1), (1, 12), (28, 1)))']","['((24, 12), ((28, 12),))', '((22, 5), ((1, 1),))', '((14, 12), ((1, 1), (1, 12)))', '((26, 10), ((1, 1), (1, 12), (28, 12)))', '((24, 4), ((28, 12),))', '((28, 5), ((28, 1), (28, 12)))', '((27, 6), ((1, 1), (28, 1)))', '((18, 9), ((1, 1),))', '((28, 7), ((1, 1),))', '((27, 8), ((1, 1), (28, 1)))', '((21, 2), ((1, 1),))', '((26, 5), ((1, 1), (1, 12), (28, 1)))', '((26, 8), ((1, 1), (1, 12)))', '((25, 1), ((1, 1), (1, 12), (28, 1)))', '((18, 9), ((28, 1), (28, 12)))', '((17, 4), ((1, 12),))', '((13, 8), ((1, 12),))', '((27, 8), ((28, 1), (28, 12)))', '((11, 10), ((1, 12),))', '((23, 8), ((28, 1),))', '((23, 4), ((28, 1),))', '((21, 12), ((28, 1),))', '((27, 1), ((1, 1), (28, 1)))', '((19, 10), ((28, 1), (28, 12)))', '((25, 12), ((1, 1), (1, 12), (28, 1)))']",[741 states],106,0,106
