iteration,expanded_state,parent,action,generated_successors,frontier_before,frontier_after,explored,g,h,f
1,"(35, 1)",None,Start,"[((35, 2), 'North'), ((34, 1), 'West')]",[],"['(34, 1)', '(35, 2)']","[(35, 1)]",0,0,0
2,"(35, 2)","(35, 1)",North,"[((35, 3), 'North')]","['(34, 1)']","['(35, 3)', '(34, 1)']","[(35, 2), (35, 1)]",1,0,1
3,"(34, 1)","(35, 1)",West,"[((33, 1), 'West')]","['(35, 3)']","['(33, 1)', '(35, 3)']","[(35, 2), (34, 1), (35, 1)]",1,0,1
4,"(35, 3)","(35, 2)",North,"[((35, 4), 'North'), ((34, 3), 'West')]","['(33, 1)']","['(34, 3)', '(35, 4)', '(33, 1)']","[(35, 2), (35, 3), (34, 1), (35, 1)]",2,0,2
5,"(33, 1)","(34, 1)",West,[],"['(34, 3)', '(35, 4)']","['(34, 3)', '(35, 4)']","[(33, 1), (34, 1), (35, 1), (35, 3), (35, 2)]",2,0,2
6,"(35, 4)","(35, 3)",North,"[((35, 5), 'North')]","['(34, 3)']","['(35, 5)', '(34, 3)']","[(33, 1), (35, 4), (34, 1), (35, 1), (35, 3), (35, 2)]",3,0,3
7,"(34, 3)","(35, 3)",West,"[((33, 3), 'West')]","['(35, 5)']","['(33, 3)', '(35, 5)']","[(33, 1), (35, 4), (34, 1), (35, 1), (34, 3), (35, 3), (35, 2)]",3,0,3
8,"(35, 5)","(35, 4)",North,[],"['(33, 3)']","['(33, 3)']","[(33, 1), (35, 4), (34, 1), (35, 1), (34, 3), (35, 3), (35, 2), (35, 5)]",4,0,4
9,"(33, 3)","(34, 3)",West,"[((33, 4), 'North'), ((32, 3), 'West')]",[],"['(32, 3)', '(33, 4)']","[(33, 1), (35, 4), (34, 1), (35, 1), (33, 3), (34, 3), (35, 3), (35, 2), (35, 5)]",4,0,4
10,"(33, 4)","(33, 3)",North,"[((33, 5), 'North')]","['(32, 3)']","['(33, 5)', '(32, 3)']","[(33, 1), (35, 4), (34, 1), (35, 1), (33, 3), (34, 3), (35, 3), (35, 2), (35, 5), (33, 4)]",5,0,5
11,"(32, 3)","(33, 3)",West,"[((31, 3), 'West')]","['(33, 5)']","['(31, 3)', '(33, 5)']","[(33, 1), (35, 4), (34, 1), (35, 1), (32, 3), (33, 3), (34, 3), (35, 3), (35, 2), (35, 5), (33, 4)]",5,0,5
12,"(33, 5)","(33, 4)",North,"[((33, 6), 'North')]","['(31, 3)']","['(33, 6)', '(31, 3)']","[(33, 1), (35, 4), (34, 1), (35, 1), (32, 3), (33, 3), (34, 3), (35, 3), (33, 5), (35, 2), (35, 5), (33, 4)]",6,0,6
13,"(31, 3)","(32, 3)",West,"[((31, 4), 'North'), ((31, 2), 'South')]","['(33, 6)']","['(31, 2)', '(31, 4)', '(33, 6)']","[(33, 1), (35, 4), (34, 1), (35, 1), (32, 3), (33, 3), (34, 3), (35, 3), (31, 3), (33, 5), (35, 2), (35, 5), (33, 4)]",6,0,6
14,"(33, 6)","(33, 5)",North,"[((33, 7), 'North')]","['(31, 2)', '(31, 4)']","['(33, 7)', '(31, 2)', '(31, 4)']","[(33, 1), (35, 4), (34, 1), (35, 1), (32, 3), (33, 3), (34, 3), (33, 6), (35, 3), (31, 3), (33, 5), (35, 2), (35, 5), (33, 4)]",7,0,7
15,"(31, 4)","(31, 3)",North,"[((31, 5), 'North')]","['(33, 7)', '(31, 2)']","['(31, 5)', '(33, 7)', '(31, 2)']","[(33, 1), (35, 4), (34, 1), (35, 1), (31, 4), (32, 3), (33, 3), (34, 3), (33, 6), (35, 3), (31, 3), (33, 5), (35, 2), (35, 5), (33, 4)]",7,0,7
16,"(31, 2)","(31, 3)",South,"[((31, 1), 'South')]","['(31, 5)', '(33, 7)']","['(31, 1)', '(31, 5)', '(33, 7)']","[(33, 1), (35, 4), (34, 1), (35, 1), (31, 4), (31, 2), (32, 3), (33, 3), (34, 3), (33, 6), (35, 3), (31, 3), (33, 5), (35, 2), (35, 5), (33, 4)]",7,0,7
17,"(33, 7)","(33, 6)",North,"[((34, 7), 'East')]","['(31, 1)', '(31, 5)']","['(34, 7)', '(31, 1)', '(31, 5)']","[(33, 1), (33, 7), (35, 4), (34, 1), (35, 1), (31, 4), (31, 2), (32, 3), (33, 3), (34, 3), (33, 6), (35, 3), (31, 3), (33, 5), (35, 2), (35, 5), (33, 4)]",8,0,8
18,"(31, 5)","(31, 4)",North,"[((31, 6), 'North'), ((30, 5), 'West')]","['(34, 7)', '(31, 1)']","['(30, 5)', '(31, 6)', '(34, 7)', '(31, 1)']","[(31, 5), (33, 1), (33, 7), (35, 4), (34, 1), (35, 1), (31, 4), (31, 2), (32, 3), (33, 3), (34, 3), (33, 6), (35, 3), (31, 3), (33, 5), (35, 2), (35, 5), (33, 4)]",8,0,8
19,"(31, 1)","(31, 2)",South,[],"['(30, 5)', '(31, 6)', '(34, 7)']","['(30, 5)', '(31, 6)', '(34, 7)']","[(31, 5), (34, 1), (33, 5), (32, 3), (35, 2), (35, 5), (31, 4), (31, 1), (34, 3), (33, 4), (33, 1), (33, 7), (35, 4), (35, 1), (31, 3), (33, 3), (33, 6), (35, 3), (31, 2)]",8,0,8
20,"(34, 7)","(33, 7)",East,"[((35, 7), 'East')]","['(30, 5)', '(31, 6)']","['(35, 7)', '(30, 5)', '(31, 6)']","[(31, 5), (34, 1), (34, 7), (33, 5), (32, 3), (35, 2), (35, 5), (31, 4), (31, 1), (34, 3), (33, 4), (33, 1), (33, 7), (35, 4), (35, 1), (31, 3), (33, 3), (33, 6), (35, 3), (31, 2)]",9,0,9
21,"(31, 6)","(31, 5)",North,"[((31, 7), 'North')]","['(35, 7)', '(30, 5)']","['(31, 7)', '(35, 7)', '(30, 5)']","[(31, 5), (34, 1), (34, 7), (33, 5), (32, 3), (35, 2), (35, 5), (31, 4), (31, 1), (34, 3), (33, 4), (33, 1), (33, 7), (35, 4), (35, 1), (31, 6), (31, 3), (33, 3), (33, 6), (35, 3), (31, 2)]",9,0,9
22,"(30, 5)","(31, 5)",West,"[((29, 5), 'West')]","['(31, 7)', '(35, 7)']","['(29, 5)', '(31, 7)', '(35, 7)']","[(31, 5), (34, 1), (34, 7), (33, 5), (32, 3), (35, 2), (35, 5), (31, 4), (31, 1), (34, 3), (30, 5), (33, 4), (33, 1), (33, 7), (35, 4), (35, 1), (31, 6), (31, 3), (33, 3), (33, 6), (35, 3), (31, 2)]",9,0,9
23,"(35, 7)","(34, 7)",East,[],"['(29, 5)', '(31, 7)']","['(29, 5)', '(31, 7)']","[(31, 5), (34, 1), (34, 7), (33, 5), (32, 3), (35, 2), (35, 5), (31, 4), (31, 1), (34, 3), (30, 5), (33, 4), (33, 1), (33, 7), (35, 4), (35, 1), (35, 7), (31, 6), (31, 3), (33, 3), (33, 6), (35, 3), (31, 2)]",10,0,10
24,"(31, 7)","(31, 6)",North,"[((31, 8), 'North')]","['(29, 5)']","['(31, 8)', '(29, 5)']","[(31, 5), (34, 1), (34, 7), (33, 5), (32, 3), (35, 2), (35, 5), (31, 4), (31, 1), (31, 7), (34, 3), (30, 5), (33, 4), (33, 1), (33, 7), (35, 4), (35, 1), (35, 7), (31, 6), (31, 3), (33, 3), (33, 6), (35, 3), (31, 2)]",10,0,10
25,"(29, 5)","(30, 5)",West,"[((29, 4), 'South')]","['(31, 8)']","['(29, 4)', '(31, 8)']","[(31, 5), (34, 1), (34, 7), (33, 5), (32, 3), (35, 2), (35, 5), (31, 4), (31, 1), (31, 7), (34, 3), (30, 5), (33, 4), (33, 1), (33, 7), (35, 4), (35, 1), (35, 7), (31, 6), (31, 3), (33, 3), (33, 6), (35, 3), (29, 5), (31, 2)]",10,0,10
26,"(31, 8)","(31, 7)",North,"[((31, 9), 'North')]","['(29, 4)']","['(31, 9)', '(29, 4)']","[(31, 5), (34, 1), (34, 7), (31, 8), (33, 5), (32, 3), (35, 2), (35, 5), (31, 4), (31, 1), (31, 7), (34, 3), (30, 5), (33, 4), (33, 1), (33, 7), (35, 4), (35, 1), (35, 7), (31, 6), (31, 3), (33, 3), (33, 6), (35, 3), (29, 5), (31, 2)]",11,0,11
27,"(29, 4)","(29, 5)",South,"[((29, 3), 'South')]","['(31, 9)']","['(29, 3)', '(31, 9)']","[(31, 5), (34, 1), (34, 7), (31, 8), (33, 5), (32, 3), (35, 2), (35, 5), (29, 4), (31, 4), (31, 1), (31, 7), (34, 3), (30, 5), (33, 4), (33, 1), (33, 7), (35, 4), (35, 1), (35, 7), (31, 6), (31, 3), (33, 3), (33, 6), (35, 3), (29, 5), (31, 2)]",11,0,11
28,"(31, 9)","(31, 8)",North,"[((31, 10), 'North'), ((32, 9), 'East')]","['(29, 3)']","['(32, 9)', '(31, 10)', '(29, 3)']","[(31, 5), (34, 1), (34, 7), (31, 8), (33, 5), (32, 3), (35, 2), (35, 5), (29, 4), (31, 4), (31, 1), (31, 7), (34, 3), (30, 5), (33, 4), (33, 1), (33, 7), (35, 4), (35, 1), (35, 7), (31, 6), (31, 3), (31, 9), (33, 3), (33, 6), (35, 3), (29, 5), (31, 2)]",12,0,12
29,"(29, 3)","(29, 4)",South,"[((28, 3), 'West')]","['(32, 9)', '(31, 10)']","['(28, 3)', '(32, 9)', '(31, 10)']","[(31, 5), (34, 1), (34, 7), (31, 8), (33, 5), (32, 3), (35, 2), (35, 5), (29, 4), (31, 4), (31, 1), (31, 7), (34, 3), (30, 5), (33, 4), (33, 1), (33, 7), (35, 4), (35, 1), (35, 7), (29, 3), (31, 6), (31, 3), (31, 9), (33, 3), (33, 6), (35, 3), (29, 5), (31, 2)]",12,0,12
30,"(31, 10)","(31, 9)",North,"[((31, 11), 'North')]","['(28, 3)', '(32, 9)']","['(31, 11)', '(28, 3)', '(32, 9)']","[(31, 5), (34, 1), (34, 7), (31, 8), (33, 5), (32, 3), (35, 2), (35, 5), (29, 4), (31, 4), (31, 1), (31, 7), (34, 3), (31, 10), (30, 5), (33, 4), (33, 1), (33, 7), (35, 4), (35, 1), (35, 7), (29, 3), (31, 6), (31, 3), (31, 9), (33, 3), (33, 6), (35, 3), (29, 5), (31, 2)]",13,0,13
31,"(32, 9)","(31, 9)",East,"[((33, 9), 'East')]","['(31, 11)', '(28, 3)']","['(33, 9)', '(31, 11)', '(28, 3)']","[(31, 5), (34, 1), (34, 7), (31, 8), (33, 5), (32, 3), (35, 2), (32, 9), (35, 5), (29, 4), (31, 4), (31, 1), (31, 7), (34, 3), (31, 10), (30, 5), (33, 4), (33, 1), (33, 7), (35, 4), (35, 1), (35, 7), (29, 3), (31, 6), (31, 3), (31, 9), (33, 3), (33, 6), (35, 3), (29, 5), (31, 2)]",13,0,13
32,"(28, 3)","(29, 3)",West,"[((27, 3), 'West')]","['(33, 9)', '(31, 11)']","['(27, 3)', '(33, 9)', '(31, 11)']","[(31, 5), (34, 1), (34, 7), (31, 8), (28, 3), (33, 5), (32, 3), (35, 2), (32, 9), (35, 5), (29, 4), (31, 4), (31, 1), (31, 7), (34, 3), (31, 10), (30, 5), (33, 4), (33, 1), (33, 7), (35, 4), (35, 1), (35, 7), (29, 3), (31, 6), (31, 3), (31, 9), (33, 3), (33, 6), (35, 3), (29, 5), (31, 2)]",13,0,13
33,"(31, 11)","(31, 10)",North,"[((30, 11), 'West')]","['(27, 3)', '(33, 9)']","['(30, 11)', '(27, 3)', '(33, 9)']","[(31, 5), (31, 11), (34, 1), (34, 7), (31, 8), (28, 3), (33, 5), (32, 3), (35, 2), (32, 9), (35, 5), (29, 4), (31, 4), (31, 1), (31, 7), (34, 3), (31, 10), (30, 5), (33, 4), (33, 1), (33, 7), (35, 4), (35, 1), (35, 7), (29, 3), (31, 6), (31, 3), (31, 9), (33, 3), (33, 6), (35, 3), (29, 5), (31, 2)]",14,0,14
34,"(33, 9)","(32, 9)",East,"[((33, 10), 'North'), ((34, 9), 'East')]","['(30, 11)', '(27, 3)']","['(34, 9)', '(33, 10)', '(30, 11)', '(27, 3)']","[(31, 5), (31, 11), (34, 1), (34, 7), (31, 8), (28, 3), (33, 5), (32, 3), (35, 2), (32, 9), (35, 5), (29, 4), (31, 4), (31, 1), (31, 7), (34, 3), (31, 10), (30, 5), (33, 4), (33, 1), (33, 7), (35, 4), (35, 1), (35, 7), (29, 3), (31, 6), (31, 3), (31, 9), (33, 3), (33, 9), (33, 6), (35, 3), (29, 5), (31, 2)]",14,0,14
35,"(27, 3)","(28, 3)",West,"[((27, 4), 'North'), ((27, 2), 'South'), ((26, 3), 'West')]","['(34, 9)', '(33, 10)', '(30, 11)']","['(26, 3)', '(27, 2)', '(27, 4)', '(34, 9)', '(33, 10)', '(30, 11)']","[(31, 5), (31, 11), (34, 1), (34, 7), (31, 8), (28, 3), (33, 5), (32, 3), (35, 2), (32, 9), (35, 5), (29, 4), (31, 4), (31, 1), (31, 7), (34, 3), (31, 10), (27, 3), (30, 5), (33, 4), (33, 1), (33, 7), (35, 4), (35, 1), (35, 7), (29, 3), (31, 6), (31, 3), (31, 9), (33, 3), (33, 9), (33, 6), (35, 3), (29, 5), (31, 2)]",14,0,14
36,"(30, 11)","(31, 11)",West,"[((29, 11), 'West')]","['(26, 3)', '(27, 2)', '(27, 4)', '(34, 9)', '(33, 10)']","['(29, 11)', '(26, 3)', '(27, 2)', '(27, 4)', '(34, 9)', '(33, 10)']","[(31, 5), (31, 11), (34, 1), (34, 7), (31, 8), (28, 3), (33, 5), (32, 3), (35, 2), (32, 9), (35, 5), (29, 4), (31, 4), (31, 1), (31, 7), (34, 3), (31, 10), (27, 3), (30, 5), (33, 4), (30, 11), (33, 1), (33, 7), (35, 4), (35, 1), (35, 7), (29, 3), (31, 6), (31, 3), (31, 9), (33, 3), (33, 9), (33, 6), (35, 3), (29, 5), (31, 2)]",15,0,15
37,"(33, 10)","(33, 9)",North,"[((33, 11), 'North')]","['(29, 11)', '(26, 3)', '(27, 2)', '(27, 4)', '(34, 9)']","['(33, 11)', '(29, 11)', '(26, 3)', '(27, 2)', '(27, 4)', '(34, 9)']","[(31, 5), (31, 11), (34, 1), (34, 7), (31, 8), (28, 3), (33, 5), (32, 3), (35, 2), (32, 9), (35, 5), (29, 4), (31, 4), (31, 1), (31, 7), (34, 3), (31, 10), (27, 3), (30, 5), (33, 4), (30, 11), (33, 1), (33, 7), (35, 4), (35, 1), (35, 7), (33, 10), (29, 3), (31, 6), (31, 3), (31, 9), (33, 3), (33, 9), (33, 6), (35, 3), (29, 5), (31, 2)]",15,0,15
38,"(34, 9)","(33, 9)",East,"[((35, 9), 'East')]","['(33, 11)', '(29, 11)', '(26, 3)', '(27, 2)', '(27, 4)']","['(35, 9)', '(33, 11)', '(29, 11)', '(26, 3)', '(27, 2)', '(27, 4)']","[(31, 5), (31, 11), (34, 1), (34, 7), (31, 8), (28, 3), (33, 5), (32, 3), (35, 2), (32, 9), (35, 5), (29, 4), (31, 4), (31, 1), (31, 7), (34, 3), (31, 10), (34, 9), (27, 3), (30, 5), (33, 4), (30, 11), (33, 1), (33, 7), (35, 4), (35, 1), (35, 7), (33, 10), (29, 3), (31, 6), (31, 3), (31, 9), (33, 3), (33, 9), (33, 6), (35, 3), (29, 5), (31, 2)]",15,0,15
39,"(27, 4)","(27, 3)",North,"[((27, 5), 'North')]","['(35, 9)', '(33, 11)', '(29, 11)', '(26, 3)', '(27, 2)']","['(27, 5)', '(35, 9)', '(33, 11)', '(29, 11)', '(26, 3)', '(27, 2)']","[(31, 5), (31, 11), (34, 1), (34, 7), (31, 8), (27, 4), (28, 3), (33, 5), (32, 3), (35, 2), (32, 9), (35, 5), (29, 4), (31, 4), (31, 1), (31, 7), (34, 3), (31, 10), (34, 9), (27, 3), (30, 5), (33, 4), (30, 11), (33, 1), (33, 7), (35, 4), (35, 1), (35, 7), (33, 10), (29, 3), (31, 6), (31, 3), (31, 9), (33, 3), (33, 9), (33, 6), (35, 3), (29, 5), (31, 2)]",15,0,15
40,"(27, 2)","(27, 3)",South,"[((27, 1), 'South')]","['(27, 5)', '(35, 9)', '(33, 11)', '(29, 11)', '(26, 3)']","['(27, 1)', '(27, 5)', '(35, 9)', '(33, 11)', '(29, 11)', '(26, 3)']","[(31, 5), (31, 11), (34, 1), (34, 7), (31, 8), (27, 4), (28, 3), (33, 5), (32, 3), (35, 2), (32, 9), (35, 5), (29, 4), (31, 4), (31, 1), (31, 7), (34, 3), (31, 10), (34, 9), (27, 3), (30, 5), (33, 4), (30, 11), (33, 1), (33, 7), (35, 4), (35, 1), (35, 7), (33, 10), (29, 3), (31, 6), (31, 3), (31, 9), (27, 2), (33, 3), (33, 9), (33, 6), (35, 3), (29, 5), (31, 2)]",15,0,15
41,"(26, 3)","(27, 3)",West,"[((25, 3), 'West')]","['(27, 1)', '(27, 5)', '(35, 9)', '(33, 11)', '(29, 11)']","['(25, 3)', '(27, 1)', '(27, 5)', '(35, 9)', '(33, 11)', '(29, 11)']","[(31, 5), (31, 11), (34, 1), (34, 7), (31, 8), (27, 4), (28, 3), (33, 5), (32, 3), (35, 2), (32, 9), (35, 5), (29, 4), (31, 4), (31, 1), (31, 7), (34, 3), (31, 10), (34, 9), (27, 3), (30, 5), (33, 4), (30, 11), (33, 1), (33, 7), (35, 4), (35, 1), (35, 7), (33, 10), (29, 3), (31, 6), (31, 3), (31, 9), (27, 2), (33, 3), (33, 9), (33, 6), (35, 3), (26, 3), (29, 5), (31, 2)]",15,0,15
42,"(29, 11)","(30, 11)",West,[],"['(25, 3)', '(27, 1)', '(27, 5)', '(35, 9)', '(33, 11)']","['(25, 3)', '(27, 1)', '(27, 5)', '(35, 9)', '(33, 11)']","[(31, 5), (31, 11), (34, 1), (34, 7), (31, 8), (27, 4), (28, 3), (33, 5), (32, 3), (35, 2), (32, 9), (35, 5), (29, 4), (31, 4), (31, 1), (31, 7), (34, 3), (31, 10), (34, 9), (27, 3), (29, 11), (30, 5), (33, 4), (30, 11), (33, 1), (33, 7), (35, 4), (35, 1), (35, 7), (33, 10), (29, 3), (31, 6), (31, 3), (31, 9), (27, 2), (33, 3), (33, 9), (33, 6), (35, 3), (26, 3), (29, 5), (31, 2)]",16,0,16
43,"(33, 11)","(33, 10)",North,[],"['(25, 3)', '(27, 1)', '(27, 5)', '(35, 9)']","['(25, 3)', '(27, 1)', '(27, 5)', '(35, 9)']","[(31, 5), (31, 11), (34, 1), (34, 7), (31, 8), (27, 4), (28, 3), (33, 5), (32, 3), (35, 2), (32, 9), (33, 11), (35, 5), (29, 4), (31, 4), (31, 1), (31, 7), (34, 3), (31, 10), (34, 9), (27, 3), (29, 11), (30, 5), (33, 4), (30, 11), (33, 1), (33, 7), (35, 4), (35, 1), (35, 7), (33, 10), (29, 3), (31, 6), (31, 3), (31, 9), (27, 2), (33, 3), (33, 9), (33, 6), (35, 3), (26, 3), (29, 5), (31, 2)]",16,0,16
44,"(35, 9)","(34, 9)",East,"[((35, 10), 'North')]","['(25, 3)', '(27, 1)', '(27, 5)']","['(35, 10)', '(25, 3)', '(27, 1)', '(27, 5)']","[(31, 5), (31, 11), (34, 1), (34, 7), (31, 8), (27, 4), (28, 3), (33, 5), (32, 3), (35, 2), (32, 9), (33, 11), (35, 5), (29, 4), (31, 4), (31, 1), (31, 7), (34, 3), (31, 10), (34, 9), (27, 3), (29, 11), (30, 5), (33, 4), (30, 11), (33, 1), (33, 7), (35, 4), (35, 1), (35, 7), (33, 10), (29, 3), (31, 6), (31, 3), (31, 9), (27, 2), (33, 3), (33, 9), (33, 6), (35, 3), (35, 9), (26, 3), (29, 5), (31, 2)]",16,0,16
45,"(27, 5)","(27, 4)",North,"[((27, 6), 'North')]","['(35, 10)', '(25, 3)', '(27, 1)']","['(27, 6)', '(35, 10)', '(25, 3)', '(27, 1)']","[(31, 5), (31, 11), (34, 1), (34, 7), (31, 8), (27, 4), (28, 3), (33, 5), (32, 3), (35, 2), (32, 9), (33, 11), (35, 5), (29, 4), (31, 4), (31, 1), (31, 7), (34, 3), (31, 10), (34, 9), (27, 3), (29, 11), (30, 5), (33, 4), (30, 11), (33, 1), (33, 7), (35, 4), (35, 1), (35, 7), (33, 10), (29, 3), (31, 6), (31, 3), (31, 9), (27, 2), (27, 5), (33, 3), (33, 9), (33, 6), (35, 3), (35, 9), (26, 3), (29, 5), (31, 2)]",16,0,16
46,"(27, 1)","(27, 2)",South,"[((28, 1), 'East')]","['(27, 6)', '(35, 10)', '(25, 3)']","['(28, 1)', '(27, 6)', '(35, 10)', '(25, 3)']","[(31, 5), (31, 11), (34, 1), (34, 7), (31, 8), (27, 1), (27, 4), (28, 3), (33, 5), (32, 3), (35, 2), (32, 9), (33, 11), (35, 5), (29, 4), (31, 4), (31, 1), (31, 7), (34, 3), (31, 10), (34, 9), (27, 3), (29, 11), (30, 5), (33, 4), (30, 11), (33, 1), (33, 7), (35, 4), (35, 1), (35, 7), (33, 10), (29, 3), (31, 6), (31, 3), (31, 9), (27, 2), (27, 5), (33, 3), (33, 9), (33, 6), (35, 3), (35, 9), (26, 3), (29, 5), (31, 2)]",16,0,16
47,"(25, 3)","(26, 3)",West,"[((25, 4), 'North'), ((24, 3), 'West')]","['(28, 1)', '(27, 6)', '(35, 10)']","['(24, 3)', '(25, 4)', '(28, 1)', '(27, 6)', '(35, 10)']","[(31, 5), (31, 11), (34, 1), (34, 7), (31, 8), (27, 1), (27, 4), (28, 3), (33, 5), (32, 3), (35, 2), (32, 9), (33, 11), (35, 5), (29, 4), (31, 4), (31, 1), (31, 7), (34, 3), (31, 10), (34, 9), (27, 3), (29, 11), (30, 5), (33, 4), (30, 11), (33, 1), (33, 7), (35, 4), (25, 3), (35, 1), (35, 7), (33, 10), (29, 3), (31, 6), (31, 3), (31, 9), (27, 2), (27, 5), (33, 3), (33, 9), (33, 6), (35, 3), (35, 9), (26, 3), (29, 5), (31, 2)]",16,0,16
48,"(35, 10)","(35, 9)",North,"[((35, 11), 'North')]","['(24, 3)', '(25, 4)', '(28, 1)', '(27, 6)']","['(35, 11)', '(24, 3)', '(25, 4)', '(28, 1)', '(27, 6)']","[(31, 5), (31, 11), (34, 1), (34, 7), (31, 8), (27, 1), (27, 4), (28, 3), (33, 5), (32, 3), (35, 2), (32, 9), (33, 11), (35, 5), (29, 4), (31, 4), (31, 1), (31, 7), (34, 3), (31, 10), (34, 9), (27, 3), (29, 11), (30, 5), (33, 4), (30, 11), (33, 1), (33, 7), (35, 4), (25, 3), (35, 1), (35, 7), (33, 10), (35, 10), (29, 3), (31, 6), (31, 3), (31, 9), (27, 2), (27, 5), (33, 3), (33, 9), (33, 6), (35, 3), (35, 9), (26, 3), (29, 5), (31, 2)]",17,0,17
49,"(27, 6)","(27, 5)",North,"[((27, 7), 'North')]","['(35, 11)', '(24, 3)', '(25, 4)', '(28, 1)']","['(27, 7)', '(35, 11)', '(24, 3)', '(25, 4)', '(28, 1)']","[(31, 5), (31, 11), (34, 1), (34, 7), (31, 8), (27, 1), (27, 4), (28, 3), (33, 5), (32, 3), (35, 2), (32, 9), (33, 11), (35, 5), (29, 4), (31, 4), (31, 1), (31, 7), (34, 3), (31, 10), (34, 9), (27, 6), (27, 3), (29, 11), (30, 5), (33, 4), (30, 11), (33, 1), (33, 7), (35, 4), (25, 3), (35, 1), (35, 7), (33, 10), (35, 10), (29, 3), (31, 6), (31, 3), (31, 9), (27, 2), (27, 5), (33, 3), (33, 9), (33, 6), (35, 3), (35, 9), (26, 3), (29, 5), (31, 2)]",17,0,17
50,"(28, 1)","(27, 1)",East,"[((29, 1), 'East')]","['(27, 7)', '(35, 11)', '(24, 3)', '(25, 4)']","['(29, 1)', '(27, 7)', '(35, 11)', '(24, 3)', '(25, 4)']","[(31, 5), (31, 11), (34, 1), (34, 7), (31, 8), (27, 1), (27, 4), (28, 3), (33, 5), (32, 3), (35, 2), (32, 9), (33, 11), (35, 5), (29, 4), (31, 4), (31, 1), (31, 7), (34, 3), (31, 10), (34, 9), (27, 6), (27, 3), (29, 11), (30, 5), (33, 4), (30, 11), (33, 1), (33, 7), (35, 4), (25, 3), (35, 1), (35, 7), (33, 10), (35, 10), (29, 3), (31, 6), (31, 3), (31, 9), (27, 2), (28, 1), (27, 5), (33, 3), (33, 9), (33, 6), (35, 3), (35, 9), (26, 3), (29, 5), (31, 2)]",17,0,17
51,"(25, 4)","(25, 3)",North,"[((25, 5), 'North')]","['(29, 1)', '(27, 7)', '(35, 11)', '(24, 3)']","['(25, 5)', '(29, 1)', '(27, 7)', '(35, 11)', '(24, 3)']",[51 states],17,0,17
52,"(24, 3)","(25, 3)",West,"[((23, 3), 'West')]","['(25, 5)', '(29, 1)', '(27, 7)', '(35, 11)']","['(23, 3)', '(25, 5)', '(29, 1)', '(27, 7)', '(35, 11)']",[52 states],17,0,17
53,"(35, 11)","(35, 10)",North,[],"['(23, 3)', '(25, 5)', '(29, 1)', '(27, 7)']","['(23, 3)', '(25, 5)', '(29, 1)', '(27, 7)']",[53 states],18,0,18
54,"(27, 7)","(27, 6)",North,"[((28, 7), 'East')]","['(23, 3)', '(25, 5)', '(29, 1)']","['(28, 7)', '(23, 3)', '(25, 5)', '(29, 1)']",[54 states],18,0,18
55,"(29, 1)","(28, 1)",East,[],"['(28, 7)', '(23, 3)', '(25, 5)']","['(28, 7)', '(23, 3)', '(25, 5)']",[55 states],18,0,18
56,"(25, 5)","(25, 4)",North,"[((25, 6), 'North'), ((24, 5), 'West')]","['(28, 7)', '(23, 3)']","['(24, 5)', '(25, 6)', '(28, 7)', '(23, 3)']",[56 states],18,0,18
57,"(23, 3)","(24, 3)",West,"[((23, 2), 'South'), ((22, 3), 'West')]","['(24, 5)', '(25, 6)', '(28, 7)']","['(22, 3)', '(23, 2)', '(24, 5)', '(25, 6)', '(28, 7)']",[57 states],18,0,18
58,"(28, 7)","(27, 7)",East,"[((29, 7), 'East')]","['(22, 3)', '(23, 2)', '(24, 5)', '(25, 6)']","['(29, 7)', '(22, 3)', '(23, 2)', '(24, 5)', '(25, 6)']",[58 states],19,0,19
59,"(25, 6)","(25, 5)",North,"[((25, 7), 'North')]","['(29, 7)', '(22, 3)', '(23, 2)', '(24, 5)']","['(25, 7)', '(29, 7)', '(22, 3)', '(23, 2)', '(24, 5)']",[59 states],19,0,19
60,"(24, 5)","(25, 5)",West,"[((23, 5), 'West')]","['(25, 7)', '(29, 7)', '(22, 3)', '(23, 2)']","['(23, 5)', '(25, 7)', '(29, 7)', '(22, 3)', '(23, 2)']",[60 states],19,0,19
61,"(23, 2)","(23, 3)",South,"[((23, 1), 'South')]","['(23, 5)', '(25, 7)', '(29, 7)', '(22, 3)']","['(23, 1)', '(23, 5)', '(25, 7)', '(29, 7)', '(22, 3)']",[61 states],19,0,19
62,"(22, 3)","(23, 3)",West,"[((21, 3), 'West')]","['(23, 1)', '(23, 5)', '(25, 7)', '(29, 7)']","['(21, 3)', '(23, 1)', '(23, 5)', '(25, 7)', '(29, 7)']",[62 states],19,0,19
63,"(29, 7)","(28, 7)",East,"[((29, 8), 'North')]","['(21, 3)', '(23, 1)', '(23, 5)', '(25, 7)']","['(29, 8)', '(21, 3)', '(23, 1)', '(23, 5)', '(25, 7)']",[63 states],20,0,20
64,"(25, 7)","(25, 6)",North,"[((24, 7), 'West')]","['(29, 8)', '(21, 3)', '(23, 1)', '(23, 5)']","['(24, 7)', '(29, 8)', '(21, 3)', '(23, 1)', '(23, 5)']",[64 states],20,0,20
65,"(23, 5)","(24, 5)",West,[],"['(24, 7)', '(29, 8)', '(21, 3)', '(23, 1)']","['(24, 7)', '(29, 8)', '(21, 3)', '(23, 1)']",[65 states],20,0,20
66,"(23, 1)","(23, 2)",South,"[((24, 1), 'East'), ((22, 1), 'West')]","['(24, 7)', '(29, 8)', '(21, 3)']","['(22, 1)', '(24, 1)', '(24, 7)', '(29, 8)', '(21, 3)']",[66 states],20,0,20
67,"(21, 3)","(22, 3)",West,"[((20, 3), 'West')]","['(22, 1)', '(24, 1)', '(24, 7)', '(29, 8)']","['(20, 3)', '(22, 1)', '(24, 1)', '(24, 7)', '(29, 8)']",[67 states],20,0,20
68,"(29, 8)","(29, 7)",North,"[((29, 9), 'North')]","['(20, 3)', '(22, 1)', '(24, 1)', '(24, 7)']","['(29, 9)', '(20, 3)', '(22, 1)', '(24, 1)', '(24, 7)']",[68 states],21,0,21
69,"(24, 7)","(25, 7)",West,"[((23, 7), 'West')]","['(29, 9)', '(20, 3)', '(22, 1)', '(24, 1)']","['(23, 7)', '(29, 9)', '(20, 3)', '(22, 1)', '(24, 1)']",[69 states],21,0,21
70,"(24, 1)","(23, 1)",East,"[((25, 1), 'East')]","['(23, 7)', '(29, 9)', '(20, 3)', '(22, 1)']","['(25, 1)', '(23, 7)', '(29, 9)', '(20, 3)', '(22, 1)']",[70 states],21,0,21
71,"(22, 1)","(23, 1)",West,"[((21, 1), 'West')]","['(25, 1)', '(23, 7)', '(29, 9)', '(20, 3)']","['(21, 1)', '(25, 1)', '(23, 7)', '(29, 9)', '(20, 3)']",[71 states],21,0,21
72,"(20, 3)","(21, 3)",West,"[((19, 3), 'West')]","['(21, 1)', '(25, 1)', '(23, 7)', '(29, 9)']","['(19, 3)', '(21, 1)', '(25, 1)', '(23, 7)', '(29, 9)']",[72 states],21,0,21
73,"(29, 9)","(29, 8)",North,[],"['(19, 3)', '(21, 1)', '(25, 1)', '(23, 7)']","['(19, 3)', '(21, 1)', '(25, 1)', '(23, 7)']",[73 states],22,0,22
74,"(23, 7)","(24, 7)",West,"[((23, 8), 'North'), ((22, 7), 'West')]","['(19, 3)', '(21, 1)', '(25, 1)']","['(22, 7)', '(23, 8)', '(19, 3)', '(21, 1)', '(25, 1)']",[74 states],22,0,22
75,"(25, 1)","(24, 1)",East,[],"['(22, 7)', '(23, 8)', '(19, 3)', '(21, 1)']","['(22, 7)', '(23, 8)', '(19, 3)', '(21, 1)']",[75 states],22,0,22
76,"(21, 1)","(22, 1)",West,"[((20, 1), 'West')]","['(22, 7)', '(23, 8)', '(19, 3)']","['(20, 1)', '(22, 7)', '(23, 8)', '(19, 3)']",[76 states],22,0,22
77,"(19, 3)","(20, 3)",West,"[((18, 3), 'West')]","['(20, 1)', '(22, 7)', '(23, 8)']","['(18, 3)', '(20, 1)', '(22, 7)', '(23, 8)']",[77 states],22,0,22
78,"(23, 8)","(23, 7)",North,"[((23, 9), 'North')]","['(18, 3)', '(20, 1)', '(22, 7)']","['(23, 9)', '(18, 3)', '(20, 1)', '(22, 7)']",[78 states],23,0,23
79,"(22, 7)","(23, 7)",West,"[((21, 7), 'West')]","['(23, 9)', '(18, 3)', '(20, 1)']","['(21, 7)', '(23, 9)', '(18, 3)', '(20, 1)']",[79 states],23,0,23
80,"(20, 1)","(21, 1)",West,"[((19, 1), 'West')]","['(21, 7)', '(23, 9)', '(18, 3)']","['(19, 1)', '(21, 7)', '(23, 9)', '(18, 3)']",[80 states],23,0,23
81,"(18, 3)","(19, 3)",West,"[((17, 3), 'West')]","['(19, 1)', '(21, 7)', '(23, 9)']","['(17, 3)', '(19, 1)', '(21, 7)', '(23, 9)']",[81 states],23,0,23
82,"(23, 9)","(23, 8)",North,"[((24, 9), 'East')]","['(17, 3)', '(19, 1)', '(21, 7)']","['(24, 9)', '(17, 3)', '(19, 1)', '(21, 7)']",[82 states],24,0,24
83,"(21, 7)","(22, 7)",West,"[((21, 8), 'North'), ((21, 6), 'South')]","['(24, 9)', '(17, 3)', '(19, 1)']","['(21, 6)', '(21, 8)', '(24, 9)', '(17, 3)', '(19, 1)']",[83 states],24,0,24
84,"(19, 1)","(20, 1)",West,[],"['(21, 6)', '(21, 8)', '(24, 9)', '(17, 3)']","['(21, 6)', '(21, 8)', '(24, 9)', '(17, 3)']",[84 states],24,0,24
85,"(17, 3)","(18, 3)",West,"[((16, 3), 'West')]","['(21, 6)', '(21, 8)', '(24, 9)']","['(16, 3)', '(21, 6)', '(21, 8)', '(24, 9)']",[85 states],24,0,24
86,"(24, 9)","(23, 9)",East,"[((25, 9), 'East')]","['(16, 3)', '(21, 6)', '(21, 8)']","['(25, 9)', '(16, 3)', '(21, 6)', '(21, 8)']",[86 states],25,0,25
87,"(21, 8)","(21, 7)",North,"[((21, 9), 'North')]","['(25, 9)', '(16, 3)', '(21, 6)']","['(21, 9)', '(25, 9)', '(16, 3)', '(21, 6)']",[87 states],25,0,25
88,"(21, 6)","(21, 7)",South,"[((21, 5), 'South')]","['(21, 9)', '(25, 9)', '(16, 3)']","['(21, 5)', '(21, 9)', '(25, 9)', '(16, 3)']",[88 states],25,0,25
89,"(16, 3)","(17, 3)",West,"[((15, 3), 'West')]","['(21, 5)', '(21, 9)', '(25, 9)']","['(15, 3)', '(21, 5)', '(21, 9)', '(25, 9)']",[89 states],25,0,25
90,"(25, 9)","(24, 9)",East,[],"['(15, 3)', '(21, 5)', '(21, 9)']","['(15, 3)', '(21, 5)', '(21, 9)']",[90 states],26,0,26
91,"(21, 9)","(21, 8)",North,[],"['(15, 3)', '(21, 5)']","['(15, 3)', '(21, 5)']",[91 states],26,0,26
92,"(21, 5)","(21, 6)",South,[],"['(15, 3)']","['(15, 3)']",[92 states],26,0,26
93,"(15, 3)","(16, 3)",West,"[((15, 4), 'North'), ((15, 2), 'South'), ((14, 3), 'West')]",[],"['(14, 3)', '(15, 2)', '(15, 4)']",[93 states],26,0,26
94,"(15, 4)","(15, 3)",North,"[((15, 5), 'North')]","['(14, 3)', '(15, 2)']","['(15, 5)', '(14, 3)', '(15, 2)']",[94 states],27,0,27
95,"(15, 2)","(15, 3)",South,"[((15, 1), 'South')]","['(15, 5)', '(14, 3)']","['(15, 1)', '(15, 5)', '(14, 3)']",[95 states],27,0,27
96,"(14, 3)","(15, 3)",West,"[((13, 3), 'West')]","['(15, 1)', '(15, 5)']","['(13, 3)', '(15, 1)', '(15, 5)']",[96 states],27,0,27
97,"(15, 5)","(15, 4)",North,"[((16, 5), 'East')]","['(13, 3)', '(15, 1)']","['(16, 5)', '(13, 3)', '(15, 1)']",[97 states],28,0,28
98,"(15, 1)","(15, 2)",South,"[((16, 1), 'East')]","['(16, 5)', '(13, 3)']","['(16, 1)', '(16, 5)', '(13, 3)']",[98 states],28,0,28
99,"(13, 3)","(14, 3)",West,"[((13, 4), 'North')]","['(16, 1)', '(16, 5)']","['(13, 4)', '(16, 1)', '(16, 5)']",[99 states],28,0,28
100,"(16, 5)","(15, 5)",East,"[((17, 5), 'East')]","['(13, 4)', '(16, 1)']","['(17, 5)', '(13, 4)', '(16, 1)']",[100 states],29,0,29
101,"(16, 1)","(15, 1)",East,"[((17, 1), 'East')]","['(17, 5)', '(13, 4)']","['(17, 1)', '(17, 5)', '(13, 4)']",[101 states],29,0,29
102,"(13, 4)","(13, 3)",North,"[((13, 5), 'North')]","['(17, 1)', '(17, 5)']","['(13, 5)', '(17, 1)', '(17, 5)']",[102 states],29,0,29
103,"(17, 5)","(16, 5)",East,"[((17, 6), 'North'), ((18, 5), 'East')]","['(13, 5)', '(17, 1)']","['(18, 5)', '(17, 6)', '(13, 5)', '(17, 1)']",[103 states],30,0,30
104,"(17, 1)","(16, 1)",East,[],"['(18, 5)', '(17, 6)', '(13, 5)']","['(18, 5)', '(17, 6)', '(13, 5)']",[104 states],30,0,30
105,"(13, 5)","(13, 4)",North,[],"['(18, 5)', '(17, 6)']","['(18, 5)', '(17, 6)']",[105 states],30,0,30
106,"(17, 6)","(17, 5)",North,"[((17, 7), 'North')]","['(18, 5)']","['(17, 7)', '(18, 5)']",[106 states],31,0,31
107,"(18, 5)","(17, 5)",East,"[((19, 5), 'East')]","['(17, 7)']","['(19, 5)', '(17, 7)']",[107 states],31,0,31
108,"(17, 7)","(17, 6)",North,"[((16, 7), 'West')]","['(19, 5)']","['(16, 7)', '(19, 5)']",[108 states],32,0,32
109,"(19, 5)","(18, 5)",East,[],"['(16, 7)']","['(16, 7)']",[109 states],32,0,32
110,"(16, 7)","(17, 7)",West,"[((15, 7), 'West')]",[],"['(15, 7)']",[110 states],33,0,33
111,"(15, 7)","(16, 7)",West,"[((15, 8), 'North'), ((14, 7), 'West')]",[],"['(14, 7)', '(15, 8)']",[111 states],34,0,34
112,"(15, 8)","(15, 7)",North,"[((15, 9), 'North')]","['(14, 7)']","['(15, 9)', '(14, 7)']",[112 states],35,0,35
113,"(14, 7)","(15, 7)",West,"[((13, 7), 'West')]","['(15, 9)']","['(13, 7)', '(15, 9)']",[113 states],35,0,35
114,"(15, 9)","(15, 8)",North,"[((15, 10), 'North')]","['(13, 7)']","['(15, 10)', '(13, 7)']",[114 states],36,0,36
115,"(13, 7)","(14, 7)",West,[],"['(15, 10)']","['(15, 10)']",[115 states],36,0,36
116,"(15, 10)","(15, 9)",North,"[((15, 11), 'North')]",[],"['(15, 11)']",[116 states],37,0,37
117,"(15, 11)","(15, 10)",North,"[((15, 12), 'North')]",[],"['(15, 12)']",[117 states],38,0,38
118,"(15, 12)","(15, 11)",North,"[((15, 13), 'North')]",[],"['(15, 13)']",[118 states],39,0,39
119,"(15, 13)","(15, 12)",North,"[((16, 13), 'East'), ((14, 13), 'West')]",[],"['(14, 13)', '(16, 13)']",[119 states],40,0,40
120,"(16, 13)","(15, 13)",East,"[((17, 13), 'East')]","['(14, 13)']","['(17, 13)', '(14, 13)']",[120 states],41,0,41
121,"(14, 13)","(15, 13)",West,[],"['(17, 13)']","['(17, 13)']",[121 states],41,0,41
122,"(17, 13)","(16, 13)",East,"[((17, 12), 'South'), ((18, 13), 'East')]",[],"['(18, 13)', '(17, 12)']",[122 states],42,0,42
123,"(17, 12)","(17, 13)",South,"[((17, 11), 'South')]","['(18, 13)']","['(17, 11)', '(18, 13)']",[123 states],43,0,43
124,"(18, 13)","(17, 13)",East,"[((19, 13), 'East')]","['(17, 11)']","['(19, 13)', '(17, 11)']",[124 states],43,0,43
125,"(17, 11)","(17, 12)",South,"[((17, 10), 'South')]","['(19, 13)']","['(17, 10)', '(19, 13)']",[125 states],44,0,44
126,"(19, 13)","(18, 13)",East,"[((19, 12), 'South'), ((20, 13), 'East')]","['(17, 10)']","['(20, 13)', '(19, 12)', '(17, 10)']",[126 states],44,0,44
127,"(17, 10)","(17, 11)",South,"[((17, 9), 'South')]","['(20, 13)', '(19, 12)']","['(17, 9)', '(20, 13)', '(19, 12)']",[127 states],45,0,45
128,"(19, 12)","(19, 13)",South,"[((19, 11), 'South')]","['(17, 9)', '(20, 13)']","['(19, 11)', '(17, 9)', '(20, 13)']",[128 states],45,0,45
129,"(20, 13)","(19, 13)",East,"[((21, 13), 'East')]","['(19, 11)', '(17, 9)']","['(21, 13)', '(19, 11)', '(17, 9)']",[129 states],45,0,45
130,"(17, 9)","(17, 10)",South,"[((18, 9), 'East')]","['(21, 13)', '(19, 11)']","['(18, 9)', '(21, 13)', '(19, 11)']",[130 states],46,0,46
131,"(19, 11)","(19, 12)",South,[],"['(18, 9)', '(21, 13)']","['(18, 9)', '(21, 13)']",[131 states],46,0,46
132,"(21, 13)","(20, 13)",East,"[((21, 14), 'North'), ((21, 12), 'South')]","['(18, 9)']","['(21, 12)', '(21, 14)', '(18, 9)']",[132 states],46,0,46
133,"(18, 9)","(17, 9)",East,"[((19, 9), 'East')]","['(21, 12)', '(21, 14)']","['(19, 9)', '(21, 12)', '(21, 14)']",[133 states],47,0,47
134,"(21, 14)","(21, 13)",North,"[((21, 15), 'North')]","['(19, 9)', '(21, 12)']","['(21, 15)', '(19, 9)', '(21, 12)']",[134 states],47,0,47
135,"(21, 12)","(21, 13)",South,"[((21, 11), 'South')]","['(21, 15)', '(19, 9)']","['(21, 11)', '(21, 15)', '(19, 9)']",[135 states],47,0,47
136,"(19, 9)","(18, 9)",East,"[((19, 8), 'South')]","['(21, 11)', '(21, 15)']","['(19, 8)', '(21, 11)', '(21, 15)']",[136 states],48,0,48
137,"(21, 15)","(21, 14)",North,"[((22, 15), 'East')]","['(19, 8)', '(21, 11)']","['(22, 15)', '(19, 8)', '(21, 11)']",[137 states],48,0,48
138,"(21, 11)","(21, 12)",South,"[((22, 11), 'East')]","['(22, 15)', '(19, 8)']","['(22, 11)', '(22, 15)', '(19, 8)']",[138 states],48,0,48
139,"(19, 8)","(19, 9)",South,"[((19, 7), 'South')]","['(22, 11)', '(22, 15)']","['(19, 7)', '(22, 11)', '(22, 15)']",[139 states],49,0,49
140,"(22, 15)","(21, 15)",East,"[((23, 15), 'East')]","['(19, 7)', '(22, 11)']","['(23, 15)', '(19, 7)', '(22, 11)']",[140 states],49,0,49
141,"(22, 11)","(21, 11)",East,"[((23, 11), 'East')]","['(23, 15)', '(19, 7)']","['(23, 11)', '(23, 15)', '(19, 7)']",[141 states],49,0,49
142,"(19, 7)","(19, 8)",South,[],"['(23, 11)', '(23, 15)']","['(23, 11)', '(23, 15)']",[142 states],50,0,50
143,"(23, 15)","(22, 15)",East,"[((24, 15), 'East')]","['(23, 11)']","['(24, 15)', '(23, 11)']",[143 states],50,0,50
144,"(23, 11)","(22, 11)",East,"[((23, 12), 'North'), ((24, 11), 'East')]","['(24, 15)']","['(24, 11)', '(23, 12)', '(24, 15)']",[144 states],50,0,50
145,"(24, 15)","(23, 15)",East,"[((25, 15), 'East')]","['(24, 11)', '(23, 12)']","['(25, 15)', '(24, 11)', '(23, 12)']",[145 states],51,0,51
146,"(23, 12)","(23, 11)",North,"[((23, 13), 'North')]","['(25, 15)', '(24, 11)']","['(23, 13)', '(25, 15)', '(24, 11)']",[146 states],51,0,51
147,"(24, 11)","(23, 11)",East,"[((25, 11), 'East')]","['(23, 13)', '(25, 15)']","['(25, 11)', '(23, 13)', '(25, 15)']",[147 states],51,0,51
148,"(25, 15)","(24, 15)",East,[],"['(25, 11)', '(23, 13)']","['(25, 11)', '(23, 13)']",[148 states],52,0,52
149,"(23, 13)","(23, 12)",North,"[((24, 13), 'East')]","['(25, 11)']","['(24, 13)', '(25, 11)']",[149 states],52,0,52
150,"(25, 11)","(24, 11)",East,"[((26, 11), 'East')]","['(24, 13)']","['(26, 11)', '(24, 13)']",[150 states],52,0,52
151,"(24, 13)","(23, 13)",East,"[((25, 13), 'East')]","['(26, 11)']","['(25, 13)', '(26, 11)']",[151 states],53,0,53
152,"(26, 11)","(25, 11)",East,"[((27, 11), 'East')]","['(25, 13)']","['(27, 11)', '(25, 13)']",[152 states],53,0,53
153,"(25, 13)","(24, 13)",East,"[((26, 13), 'East')]","['(27, 11)']","['(26, 13)', '(27, 11)']",[153 states],54,0,54
154,"(27, 11)","(26, 11)",East,"[((27, 10), 'South')]","['(26, 13)']","['(27, 10)', '(26, 13)']",[154 states],54,0,54
155,"(26, 13)","(25, 13)",East,"[((27, 13), 'East')]","['(27, 10)']","['(27, 13)', '(27, 10)']",[155 states],55,0,55
156,"(27, 10)","(27, 11)",South,"[((27, 9), 'South')]","['(27, 13)']","['(27, 9)', '(27, 13)']",[156 states],55,0,55
157,"(27, 13)","(26, 13)",East,"[((27, 14), 'North')]","['(27, 9)']","['(27, 14)', '(27, 9)']",[157 states],56,0,56
158,"(27, 9)","(27, 10)",South,[],"['(27, 14)']","['(27, 14)']",[158 states],56,0,56
159,"(27, 14)","(27, 13)",North,"[((27, 15), 'North')]",[],"['(27, 15)']",[159 states],57,0,57
160,"(27, 15)","(27, 14)",North,"[((28, 15), 'East')]",[],"['(28, 15)']",[160 states],58,0,58
161,"(28, 15)","(27, 15)",East,"[((29, 15), 'East')]",[],"['(29, 15)']",[161 states],59,0,59
162,"(29, 15)","(28, 15)",East,"[((29, 14), 'South')]",[],"['(29, 14)']",[162 states],60,0,60
163,"(29, 14)","(29, 15)",South,"[((29, 13), 'South')]",[],"['(29, 13)']",[163 states],61,0,61
164,"(29, 13)","(29, 14)",South,"[((30, 13), 'East')]",[],"['(30, 13)']",[164 states],62,0,62
165,"(30, 13)","(29, 13)",East,"[((31, 13), 'East')]",[],"['(31, 13)']",[165 states],63,0,63
166,"(31, 13)","(30, 13)",East,"[((31, 14), 'North'), ((32, 13), 'East')]",[],"['(32, 13)', '(31, 14)']",[166 states],64,0,64
167,"(31, 14)","(31, 13)",North,"[((31, 15), 'North')]","['(32, 13)']","['(31, 15)', '(32, 13)']",[167 states],65,0,65
168,"(32, 13)","(31, 13)",East,"[((33, 13), 'East')]","['(31, 15)']","['(33, 13)', '(31, 15)']",[168 states],65,0,65
169,"(31, 15)","(31, 14)",North,"[((31, 16), 'North')]","['(33, 13)']","['(31, 16)', '(33, 13)']",[169 states],66,0,66
170,"(33, 13)","(32, 13)",East,"[((34, 13), 'East')]","['(31, 16)']","['(34, 13)', '(31, 16)']",[170 states],66,0,66
171,"(31, 16)","(31, 15)",North,"[((31, 17), 'North')]","['(34, 13)']","['(31, 17)', '(34, 13)']",[171 states],67,0,67
172,"(34, 13)","(33, 13)",East,"[((35, 13), 'East')]","['(31, 17)']","['(35, 13)', '(31, 17)']",[172 states],67,0,67
173,"(31, 17)","(31, 16)",North,"[((31, 18), 'North')]","['(35, 13)']","['(31, 18)', '(35, 13)']",[173 states],68,0,68
174,"(35, 13)","(34, 13)",East,"[((35, 14), 'North')]","['(31, 18)']","['(35, 14)', '(31, 18)']",[174 states],68,0,68
175,"(31, 18)","(31, 17)",North,"[((31, 19), 'North')]","['(35, 14)']","['(31, 19)', '(35, 14)']",[175 states],69,0,69
176,"(35, 14)","(35, 13)",North,"[((35, 15), 'North')]","['(31, 19)']","['(35, 15)', '(31, 19)']",[176 states],69,0,69
177,"(31, 19)","(31, 18)",North,"[((31, 20), 'North'), ((32, 19), 'East')]","['(35, 15)']","['(32, 19)', '(31, 20)', '(35, 15)']",[177 states],70,0,70
178,"(35, 15)","(35, 14)",North,"[((34, 15), 'West')]","['(32, 19)', '(31, 20)']","['(34, 15)', '(32, 19)', '(31, 20)']",[178 states],70,0,70
179,"(31, 20)","(31, 19)",North,"[((31, 21), 'North')]","['(34, 15)', '(32, 19)']","['(31, 21)', '(34, 15)', '(32, 19)']",[179 states],71,0,71
180,"(32, 19)","(31, 19)",East,"[((33, 19), 'East')]","['(31, 21)', '(34, 15)']","['(33, 19)', '(31, 21)', '(34, 15)']",[180 states],71,0,71
181,"(34, 15)","(35, 15)",West,"[((33, 15), 'West')]","['(33, 19)', '(31, 21)']","['(33, 15)', '(33, 19)', '(31, 21)']",[181 states],71,0,71
182,"(31, 21)","(31, 20)",North,[],"['(33, 15)', '(33, 19)']","['(33, 15)', '(33, 19)']",[182 states],72,0,72
183,"(33, 19)","(32, 19)",East,"[((33, 20), 'North'), ((34, 19), 'East')]","['(33, 15)']","['(34, 19)', '(33, 20)', '(33, 15)']",[183 states],72,0,72
184,"(33, 15)","(34, 15)",West,"[((33, 16), 'North')]","['(34, 19)', '(33, 20)']","['(33, 16)', '(34, 19)', '(33, 20)']",[184 states],72,0,72
185,"(33, 20)","(33, 19)",North,"[((33, 21), 'North')]","['(33, 16)', '(34, 19)']","['(33, 21)', '(33, 16)', '(34, 19)']",[185 states],73,0,73
186,"(34, 19)","(33, 19)",East,"[((35, 19), 'East')]","['(33, 21)', '(33, 16)']","['(35, 19)', '(33, 21)', '(33, 16)']",[186 states],73,0,73
187,"(33, 16)","(33, 15)",North,"[((33, 17), 'North')]","['(35, 19)', '(33, 21)']","['(33, 17)', '(35, 19)', '(33, 21)']",[187 states],73,0,73
188,"(33, 21)","(33, 20)",North,[],"['(33, 17)', '(35, 19)']","['(33, 17)', '(35, 19)']",[188 states],74,0,74
189,"(35, 19)","(34, 19)",East,"[((35, 20), 'North')]","['(33, 17)']","['(35, 20)', '(33, 17)']",[189 states],74,0,74
190,"(33, 17)","(33, 16)",North,"[((34, 17), 'East')]","['(35, 20)']","['(34, 17)', '(35, 20)']",[190 states],74,0,74
191,"(35, 20)","(35, 19)",North,"[((35, 21), 'North')]","['(34, 17)']","['(35, 21)', '(34, 17)']",[191 states],75,0,75
192,"(34, 17)","(33, 17)",East,"[((35, 17), 'East')]","['(35, 21)']","['(35, 17)', '(35, 21)']",[192 states],75,0,75
193,"(35, 21)","(35, 20)",North,"[((35, 22), 'North')]","['(35, 17)']","['(35, 22)', '(35, 17)']",[193 states],76,0,76
194,"(35, 17)","(34, 17)",East,[],"['(35, 22)']","['(35, 22)']",[194 states],76,0,76
195,"(35, 22)","(35, 21)",North,"[((35, 23), 'North')]",[],"['(35, 23)']",[195 states],77,0,77
196,"(35, 23)","(35, 22)",North,"[((35, 24), 'North'), ((34, 23), 'West')]",[],"['(34, 23)', '(35, 24)']",[196 states],78,0,78
197,"(35, 24)","(35, 23)",North,"[((35, 25), 'North')]","['(34, 23)']","['(35, 25)', '(34, 23)']",[197 states],79,0,79
198,"(34, 23)","(35, 23)",West,"[((33, 23), 'West')]","['(35, 25)']","['(33, 23)', '(35, 25)']",[198 states],79,0,79
199,"(35, 25)","(35, 24)",North,"[((35, 26), 'North')]","['(33, 23)']","['(35, 26)', '(33, 23)']",[199 states],80,0,80
200,"(33, 23)","(34, 23)",West,[],"['(35, 26)']","['(35, 26)']",[200 states],80,0,80
201,"(35, 26)","(35, 25)",North,"[((35, 27), 'North')]",[],"['(35, 27)']",[201 states],81,0,81
202,"(35, 27)","(35, 26)",North,"[((35, 28), 'North')]",[],"['(35, 28)']",[202 states],82,0,82
203,"(35, 28)","(35, 27)",North,"[((35, 29), 'North')]",[],"['(35, 29)']",[203 states],83,0,83
204,"(35, 29)","(35, 28)",North,"[((35, 30), 'North'), ((34, 29), 'West')]",[],"['(34, 29)', '(35, 30)']",[204 states],84,0,84
205,"(35, 30)","(35, 29)",North,"[((35, 31), 'North')]","['(34, 29)']","['(35, 31)', '(34, 29)']",[205 states],85,0,85
206,"(34, 29)","(35, 29)",West,"[((33, 29), 'West')]","['(35, 31)']","['(33, 29)', '(35, 31)']",[206 states],85,0,85
207,"(35, 31)","(35, 30)",North,"[((34, 31), 'West')]","['(33, 29)']","['(34, 31)', '(33, 29)']",[207 states],86,0,86
208,"(33, 29)","(34, 29)",West,"[((33, 28), 'South')]","['(34, 31)']","['(33, 28)', '(34, 31)']",[208 states],86,0,86
209,"(34, 31)","(35, 31)",West,"[((33, 31), 'West')]","['(33, 28)']","['(33, 31)', '(33, 28)']",[209 states],87,0,87
210,"(33, 28)","(33, 29)",South,"[((33, 27), 'South')]","['(33, 31)']","['(33, 27)', '(33, 31)']",[210 states],87,0,87
211,"(33, 31)","(34, 31)",West,"[((33, 32), 'North')]","['(33, 27)']","['(33, 32)', '(33, 27)']",[211 states],88,0,88
212,"(33, 27)","(33, 28)",South,"[((33, 26), 'South'), ((32, 27), 'West')]","['(33, 32)']","['(32, 27)', '(33, 26)', '(33, 32)']",[212 states],88,0,88
213,"(33, 32)","(33, 31)",North,"[((33, 33), 'North')]","['(32, 27)', '(33, 26)']","['(33, 33)', '(32, 27)', '(33, 26)']",[213 states],89,0,89
214,"(33, 26)","(33, 27)",South,"[((33, 25), 'South')]","['(33, 33)', '(32, 27)']","['(33, 25)', '(33, 33)', '(32, 27)']",[214 states],89,0,89
215,"(32, 27)","(33, 27)",West,"[((31, 27), 'West')]","['(33, 25)', '(33, 33)']","['(31, 27)', '(33, 25)', '(33, 33)']",[215 states],89,0,89
216,"(33, 33)","(33, 32)",North,"[((33, 34), 'North'), ((34, 33), 'East')]","['(31, 27)', '(33, 25)']","['(34, 33)', '(33, 34)', '(31, 27)', '(33, 25)']",[216 states],90,0,90
217,"(33, 25)","(33, 26)",South,[],"['(34, 33)', '(33, 34)', '(31, 27)']","['(34, 33)', '(33, 34)', '(31, 27)']",[217 states],90,0,90
218,"(31, 27)","(32, 27)",West,"[((31, 28), 'North'), ((30, 27), 'West')]","['(34, 33)', '(33, 34)']","['(30, 27)', '(31, 28)', '(34, 33)', '(33, 34)']",[218 states],90,0,90
219,"(33, 34)","(33, 33)",North,"[((33, 35), 'North')]","['(30, 27)', '(31, 28)', '(34, 33)']","['(33, 35)', '(30, 27)', '(31, 28)', '(34, 33)']",[219 states],91,0,91
220,"(34, 33)","(33, 33)",East,"[((35, 33), 'East')]","['(33, 35)', '(30, 27)', '(31, 28)']","['(35, 33)', '(33, 35)', '(30, 27)', '(31, 28)']",[220 states],91,0,91
221,"(31, 28)","(31, 27)",North,"[((31, 29), 'North')]","['(35, 33)', '(33, 35)', '(30, 27)']","['(31, 29)', '(35, 33)', '(33, 35)', '(30, 27)']",[221 states],91,0,91
222,"(30, 27)","(31, 27)",West,"[((29, 27), 'West')]","['(31, 29)', '(35, 33)', '(33, 35)']","['(29, 27)', '(31, 29)', '(35, 33)', '(33, 35)']",[222 states],91,0,91
223,"(33, 35)","(33, 34)",North,"[((32, 35), 'West')]","['(29, 27)', '(31, 29)', '(35, 33)']","['(32, 35)', '(29, 27)', '(31, 29)', '(35, 33)']",[223 states],92,0,92
224,"(35, 33)","(34, 33)",East,"[((35, 34), 'North')]","['(32, 35)', '(29, 27)', '(31, 29)']","['(35, 34)', '(32, 35)', '(29, 27)', '(31, 29)']",[224 states],92,0,92
225,"(31, 29)","(31, 28)",North,"[((31, 30), 'North')]","['(35, 34)', '(32, 35)', '(29, 27)']","['(31, 30)', '(35, 34)', '(32, 35)', '(29, 27)']",[225 states],92,0,92
226,"(29, 27)","(30, 27)",West,"[((29, 28), 'North'), ((29, 26), 'South')]","['(31, 30)', '(35, 34)', '(32, 35)']","['(29, 26)', '(29, 28)', '(31, 30)', '(35, 34)', '(32, 35)']",[226 states],92,0,92
227,"(32, 35)","(33, 35)",West,"[((31, 35), 'West')]","['(29, 26)', '(29, 28)', '(31, 30)', '(35, 34)']","['(31, 35)', '(29, 26)', '(29, 28)', '(31, 30)', '(35, 34)']",[227 states],93,0,93
228,"(35, 34)","(35, 33)",North,"[((35, 35), 'North')]","['(31, 35)', '(29, 26)', '(29, 28)', '(31, 30)']","['(35, 35)', '(31, 35)', '(29, 26)', '(29, 28)', '(31, 30)']",[228 states],93,0,93
229,"(31, 30)","(31, 29)",North,"[((31, 31), 'North')]","['(35, 35)', '(31, 35)', '(29, 26)', '(29, 28)']","['(31, 31)', '(35, 35)', '(31, 35)', '(29, 26)', '(29, 28)']",[229 states],93,0,93
230,"(29, 28)","(29, 27)",North,"[((29, 29), 'North')]","['(31, 31)', '(35, 35)', '(31, 35)', '(29, 26)']","['(29, 29)', '(31, 31)', '(35, 35)', '(31, 35)', '(29, 26)']",[230 states],93,0,93
231,"(29, 26)","(29, 27)",South,"[((29, 25), 'South')]","['(29, 29)', '(31, 31)', '(35, 35)', '(31, 35)']","['(29, 25)', '(29, 29)', '(31, 31)', '(35, 35)', '(31, 35)']",[231 states],93,0,93
232,"(31, 35)","(32, 35)",West,"[((30, 35), 'West')]","['(29, 25)', '(29, 29)', '(31, 31)', '(35, 35)']","['(30, 35)', '(29, 25)', '(29, 29)', '(31, 31)', '(35, 35)']",[232 states],94,0,94
233,"(35, 35)","(35, 34)",North,[],"['(30, 35)', '(29, 25)', '(29, 29)', '(31, 31)']","['(30, 35)', '(29, 25)', '(29, 29)', '(31, 31)']",[233 states],94,0,94
234,"(31, 31)","(31, 30)",North,"[((31, 32), 'North')]","['(30, 35)', '(29, 25)', '(29, 29)']","['(31, 32)', '(30, 35)', '(29, 25)', '(29, 29)']",[234 states],94,0,94
235,"(29, 29)","(29, 28)",North,[],"['(31, 32)', '(30, 35)', '(29, 25)']","['(31, 32)', '(30, 35)', '(29, 25)']",[235 states],94,0,94
236,"(29, 25)","(29, 26)",South,"[((29, 24), 'South')]","['(31, 32)', '(30, 35)']","['(29, 24)', '(31, 32)', '(30, 35)']",[236 states],94,0,94
237,"(30, 35)","(31, 35)",West,"[((29, 35), 'West')]","['(29, 24)', '(31, 32)']","['(29, 35)', '(29, 24)', '(31, 32)']",[237 states],95,0,95
238,"(31, 32)","(31, 31)",North,"[((31, 33), 'North')]","['(29, 35)', '(29, 24)']","['(31, 33)', '(29, 35)', '(29, 24)']",[238 states],95,0,95
239,"(29, 24)","(29, 25)",South,"[((29, 23), 'South')]","['(31, 33)', '(29, 35)']","['(29, 23)', '(31, 33)', '(29, 35)']",[239 states],95,0,95
240,"(29, 35)","(30, 35)",West,[],"['(29, 23)', '(31, 33)']","['(29, 23)', '(31, 33)']",[240 states],96,0,96
241,"(31, 33)","(31, 32)",North,[],"['(29, 23)']","['(29, 23)']",[241 states],96,0,96
242,"(29, 23)","(29, 24)",South,"[((29, 22), 'South'), ((30, 23), 'East')]",[],"['(30, 23)', '(29, 22)']",[242 states],96,0,96
243,"(29, 22)","(29, 23)",South,"[((29, 21), 'South')]","['(30, 23)']","['(29, 21)', '(30, 23)']",[243 states],97,0,97
244,"(30, 23)","(29, 23)",East,"[((31, 23), 'East')]","['(29, 21)']","['(31, 23)', '(29, 21)']",[244 states],97,0,97
245,"(29, 21)","(29, 22)",South,"[((29, 20), 'South'), ((28, 21), 'West')]","['(31, 23)']","['(28, 21)', '(29, 20)', '(31, 23)']",[245 states],98,0,98
246,"(31, 23)","(30, 23)",East,"[((31, 24), 'North')]","['(28, 21)', '(29, 20)']","['(31, 24)', '(28, 21)', '(29, 20)']",[246 states],98,0,98
247,"(29, 20)","(29, 21)",South,"[((29, 19), 'South')]","['(31, 24)', '(28, 21)']","['(29, 19)', '(31, 24)', '(28, 21)']",[247 states],99,0,99
248,"(28, 21)","(29, 21)",West,"[((27, 21), 'West')]","['(29, 19)', '(31, 24)']","['(27, 21)', '(29, 19)', '(31, 24)']",[248 states],99,0,99
249,"(31, 24)","(31, 23)",North,"[((31, 25), 'North')]","['(27, 21)', '(29, 19)']","['(31, 25)', '(27, 21)', '(29, 19)']",[249 states],99,0,99
250,"(29, 19)","(29, 20)",South,[],"['(31, 25)', '(27, 21)']","['(31, 25)', '(27, 21)']",[250 states],100,0,100
251,"(27, 21)","(28, 21)",West,"[((27, 20), 'South')]","['(31, 25)']","['(27, 20)', '(31, 25)']",[251 states],100,0,100
252,"(31, 25)","(31, 24)",North,[],"['(27, 20)']","['(27, 20)']",[252 states],100,0,100
253,"(27, 20)","(27, 21)",South,"[((27, 19), 'South')]",[],"['(27, 19)']",[253 states],101,0,101
254,"(27, 19)","(27, 20)",South,"[((27, 18), 'South')]",[],"['(27, 18)']",[254 states],102,0,102
255,"(27, 18)","(27, 19)",South,"[((27, 17), 'South')]",[],"['(27, 17)']",[255 states],103,0,103
256,"(27, 17)","(27, 18)",South,"[((28, 17), 'East'), ((26, 17), 'West')]",[],"['(26, 17)', '(28, 17)']",[256 states],104,0,104
257,"(28, 17)","(27, 17)",East,"[((29, 17), 'East')]","['(26, 17)']","['(29, 17)', '(26, 17)']",[257 states],105,0,105
258,"(26, 17)","(27, 17)",West,"[((25, 17), 'West')]","['(29, 17)']","['(25, 17)', '(29, 17)']",[258 states],105,0,105
259,"(29, 17)","(28, 17)",East,[],"['(25, 17)']","['(25, 17)']",[259 states],106,0,106
260,"(25, 17)","(26, 17)",West,"[((25, 18), 'North')]",[],"['(25, 18)']",[260 states],106,0,106
261,"(25, 18)","(25, 17)",North,"[((25, 19), 'North')]",[],"['(25, 19)']",[261 states],107,0,107
262,"(25, 19)","(25, 18)",North,"[((25, 20), 'North'), ((24, 19), 'West')]",[],"['(24, 19)', '(25, 20)']",[262 states],108,0,108
263,"(25, 20)","(25, 19)",North,"[((25, 21), 'North')]","['(24, 19)']","['(25, 21)', '(24, 19)']",[263 states],109,0,109
264,"(24, 19)","(25, 19)",West,"[((23, 19), 'West')]","['(25, 21)']","['(23, 19)', '(25, 21)']",[264 states],109,0,109
265,"(25, 21)","(25, 20)",North,"[((25, 22), 'North')]","['(23, 19)']","['(25, 22)', '(23, 19)']",[265 states],110,0,110
266,"(23, 19)","(24, 19)",West,"[((22, 19), 'West')]","['(25, 22)']","['(22, 19)', '(25, 22)']",[266 states],110,0,110
267,"(25, 22)","(25, 21)",North,"[((25, 23), 'North')]","['(22, 19)']","['(25, 23)', '(22, 19)']",[267 states],111,0,111
268,"(22, 19)","(23, 19)",West,"[((21, 19), 'West')]","['(25, 23)']","['(21, 19)', '(25, 23)']",[268 states],111,0,111
269,"(25, 23)","(25, 22)",North,"[((25, 24), 'North'), ((26, 23), 'East'), ((24, 23), 'West')]","['(21, 19)']","['(24, 23)', '(26, 23)', '(25, 24)', '(21, 19)']",[269 states],112,0,112
270,"(21, 19)","(22, 19)",West,"[((21, 20), 'North'), ((21, 18), 'South'), ((20, 19), 'West')]","['(24, 23)', '(26, 23)', '(25, 24)']","['(20, 19)', '(21, 18)', '(21, 20)', '(24, 23)', '(26, 23)', '(25, 24)']",[270 states],112,0,112
271,"(25, 24)","(25, 23)",North,"[((25, 25), 'North')]","['(20, 19)', '(21, 18)', '(21, 20)', '(24, 23)', '(26, 23)']","['(25, 25)', '(20, 19)', '(21, 18)', '(21, 20)', '(24, 23)', '(26, 23)']",[271 states],113,0,113
272,"(26, 23)","(25, 23)",East,"[((27, 23), 'East')]","['(25, 25)', '(20, 19)', '(21, 18)', '(21, 20)', '(24, 23)']","['(27, 23)', '(25, 25)', '(20, 19)', '(21, 18)', '(21, 20)', '(24, 23)']",[272 states],113,0,113
273,"(24, 23)","(25, 23)",West,"[((23, 23), 'West')]","['(27, 23)', '(25, 25)', '(20, 19)', '(21, 18)', '(21, 20)']","['(23, 23)', '(27, 23)', '(25, 25)', '(20, 19)', '(21, 18)', '(21, 20)']",[273 states],113,0,113
274,"(21, 20)","(21, 19)",North,"[((21, 21), 'North')]","['(23, 23)', '(27, 23)', '(25, 25)', '(20, 19)', '(21, 18)']","['(21, 21)', '(23, 23)', '(27, 23)', '(25, 25)', '(20, 19)', '(21, 18)']",[274 states],113,0,113
275,"(21, 18)","(21, 19)",South,"[((21, 17), 'South')]","['(21, 21)', '(23, 23)', '(27, 23)', '(25, 25)', '(20, 19)']","['(21, 17)', '(21, 21)', '(23, 23)', '(27, 23)', '(25, 25)', '(20, 19)']",[275 states],113,0,113
276,"(20, 19)","(21, 19)",West,"[((19, 19), 'West')]","['(21, 17)', '(21, 21)', '(23, 23)', '(27, 23)', '(25, 25)']","['(19, 19)', '(21, 17)', '(21, 21)', '(23, 23)', '(27, 23)', '(25, 25)']",[276 states],113,0,113
277,"(25, 25)","(25, 24)",North,"[((25, 26), 'North'), ((26, 25), 'East')]","['(19, 19)', '(21, 17)', '(21, 21)', '(23, 23)', '(27, 23)']","['(26, 25)', '(25, 26)', '(19, 19)', '(21, 17)', '(21, 21)', '(23, 23)', '(27, 23)']",[277 states],114,0,114
278,"(27, 23)","(26, 23)",East,[],"['(26, 25)', '(25, 26)', '(19, 19)', '(21, 17)', '(21, 21)', '(23, 23)']","['(26, 25)', '(25, 26)', '(19, 19)', '(21, 17)', '(21, 21)', '(23, 23)']",[278 states],114,0,114
279,"(23, 23)","(24, 23)",West,[],"['(26, 25)', '(25, 26)', '(19, 19)', '(21, 17)', '(21, 21)']","['(26, 25)', '(25, 26)', '(19, 19)', '(21, 17)', '(21, 21)']",[279 states],114,0,114
280,"(21, 21)","(21, 20)",North,"[((21, 22), 'North'), ((22, 21), 'East'), ((20, 21), 'West')]","['(26, 25)', '(25, 26)', '(19, 19)', '(21, 17)']","['(20, 21)', '(22, 21)', '(21, 22)', '(26, 25)', '(25, 26)', '(19, 19)', '(21, 17)']",[280 states],114,0,114
281,"(21, 17)","(21, 18)",South,"[((22, 17), 'East')]","['(20, 21)', '(22, 21)', '(21, 22)', '(26, 25)', '(25, 26)', '(19, 19)']","['(22, 17)', '(20, 21)', '(22, 21)', '(21, 22)', '(26, 25)', '(25, 26)', '(19, 19)']",[281 states],114,0,114
282,"(19, 19)","(20, 19)",West,"[((18, 19), 'West')]","['(22, 17)', '(20, 21)', '(22, 21)', '(21, 22)', '(26, 25)', '(25, 26)']","['(18, 19)', '(22, 17)', '(20, 21)', '(22, 21)', '(21, 22)', '(26, 25)', '(25, 26)']",[282 states],114,0,114
283,"(25, 26)","(25, 25)",North,"[((25, 27), 'North')]","['(18, 19)', '(22, 17)', '(20, 21)', '(22, 21)', '(21, 22)', '(26, 25)']","['(25, 27)', '(18, 19)', '(22, 17)', '(20, 21)', '(22, 21)', '(21, 22)', '(26, 25)']",[283 states],115,0,115
284,"(26, 25)","(25, 25)",East,"[((27, 25), 'East')]","['(25, 27)', '(18, 19)', '(22, 17)', '(20, 21)', '(22, 21)', '(21, 22)']","['(27, 25)', '(25, 27)', '(18, 19)', '(22, 17)', '(20, 21)', '(22, 21)', '(21, 22)']",[284 states],115,0,115
285,"(21, 22)","(21, 21)",North,"[((21, 23), 'North')]","['(27, 25)', '(25, 27)', '(18, 19)', '(22, 17)', '(20, 21)', '(22, 21)']","['(21, 23)', '(27, 25)', '(25, 27)', '(18, 19)', '(22, 17)', '(20, 21)', '(22, 21)']",[285 states],115,0,115
286,"(22, 21)","(21, 21)",East,"[((23, 21), 'East')]","['(21, 23)', '(27, 25)', '(25, 27)', '(18, 19)', '(22, 17)', '(20, 21)']","['(23, 21)', '(21, 23)', '(27, 25)', '(25, 27)', '(18, 19)', '(22, 17)', '(20, 21)']",[286 states],115,0,115
287,"(20, 21)","(21, 21)",West,"[((19, 21), 'West')]","['(23, 21)', '(21, 23)', '(27, 25)', '(25, 27)', '(18, 19)', '(22, 17)']","['(19, 21)', '(23, 21)', '(21, 23)', '(27, 25)', '(25, 27)', '(18, 19)', '(22, 17)']",[287 states],115,0,115
288,"(22, 17)","(21, 17)",East,"[((23, 17), 'East')]","['(19, 21)', '(23, 21)', '(21, 23)', '(27, 25)', '(25, 27)', '(18, 19)']","['(23, 17)', '(19, 21)', '(23, 21)', '(21, 23)', '(27, 25)', '(25, 27)', '(18, 19)']",[288 states],115,0,115
289,"(18, 19)","(19, 19)",West,"[((17, 19), 'West')]","['(23, 17)', '(19, 21)', '(23, 21)', '(21, 23)', '(27, 25)', '(25, 27)']","['(17, 19)', '(23, 17)', '(19, 21)', '(23, 21)', '(21, 23)', '(27, 25)', '(25, 27)']",[289 states],115,0,115
290,"(25, 27)","(25, 26)",North,"[((25, 28), 'North'), ((26, 27), 'East')]","['(17, 19)', '(23, 17)', '(19, 21)', '(23, 21)', '(21, 23)', '(27, 25)']","['(26, 27)', '(25, 28)', '(17, 19)', '(23, 17)', '(19, 21)', '(23, 21)', '(21, 23)', '(27, 25)']",[290 states],116,0,116
291,"(27, 25)","(26, 25)",East,[],"['(26, 27)', '(25, 28)', '(17, 19)', '(23, 17)', '(19, 21)', '(23, 21)', '(21, 23)']","['(26, 27)', '(25, 28)', '(17, 19)', '(23, 17)', '(19, 21)', '(23, 21)', '(21, 23)']",[291 states],116,0,116
292,"(21, 23)","(21, 22)",North,"[((20, 23), 'West')]","['(26, 27)', '(25, 28)', '(17, 19)', '(23, 17)', '(19, 21)', '(23, 21)']","['(20, 23)', '(26, 27)', '(25, 28)', '(17, 19)', '(23, 17)', '(19, 21)', '(23, 21)']",[292 states],116,0,116
293,"(23, 21)","(22, 21)",East,[],"['(20, 23)', '(26, 27)', '(25, 28)', '(17, 19)', '(23, 17)', '(19, 21)']","['(20, 23)', '(26, 27)', '(25, 28)', '(17, 19)', '(23, 17)', '(19, 21)']",[293 states],116,0,116
294,"(19, 21)","(20, 21)",West,[],"['(20, 23)', '(26, 27)', '(25, 28)', '(17, 19)', '(23, 17)']","['(20, 23)', '(26, 27)', '(25, 28)', '(17, 19)', '(23, 17)']",[294 states],116,0,116
295,"(23, 17)","(22, 17)",East,[],"['(20, 23)', '(26, 27)', '(25, 28)', '(17, 19)']","['(20, 23)', '(26, 27)', '(25, 28)', '(17, 19)']",[295 states],116,0,116
296,"(17, 19)","(18, 19)",West,"[((17, 20), 'North'), ((16, 19), 'West')]","['(20, 23)', '(26, 27)', '(25, 28)']","['(16, 19)', '(17, 20)', '(20, 23)', '(26, 27)', '(25, 28)']",[296 states],116,0,116
297,"(25, 28)","(25, 27)",North,"[((25, 29), 'North')]","['(16, 19)', '(17, 20)', '(20, 23)', '(26, 27)']","['(25, 29)', '(16, 19)', '(17, 20)', '(20, 23)', '(26, 27)']",[297 states],117,0,117
298,"(26, 27)","(25, 27)",East,"[((27, 27), 'East')]","['(25, 29)', '(16, 19)', '(17, 20)', '(20, 23)']","['(27, 27)', '(25, 29)', '(16, 19)', '(17, 20)', '(20, 23)']",[298 states],117,0,117
299,"(20, 23)","(21, 23)",West,"[((19, 23), 'West')]","['(27, 27)', '(25, 29)', '(16, 19)', '(17, 20)']","['(19, 23)', '(27, 27)', '(25, 29)', '(16, 19)', '(17, 20)']",[299 states],117,0,117
300,"(17, 20)","(17, 19)",North,"[((17, 21), 'North')]","['(19, 23)', '(27, 27)', '(25, 29)', '(16, 19)']","['(17, 21)', '(19, 23)', '(27, 27)', '(25, 29)', '(16, 19)']",[300 states],117,0,117
301,"(16, 19)","(17, 19)",West,"[((15, 19), 'West')]","['(17, 21)', '(19, 23)', '(27, 27)', '(25, 29)']","['(15, 19)', '(17, 21)', '(19, 23)', '(27, 27)', '(25, 29)']",[301 states],117,0,117
302,"(25, 29)","(25, 28)",North,"[((25, 30), 'North'), ((26, 29), 'East'), ((24, 29), 'West')]","['(15, 19)', '(17, 21)', '(19, 23)', '(27, 27)']","['(24, 29)', '(26, 29)', '(25, 30)', '(15, 19)', '(17, 21)', '(19, 23)', '(27, 27)']",[302 states],118,0,118
303,"(27, 27)","(26, 27)",East,[],"['(24, 29)', '(26, 29)', '(25, 30)', '(15, 19)', '(17, 21)', '(19, 23)']","['(24, 29)', '(26, 29)', '(25, 30)', '(15, 19)', '(17, 21)', '(19, 23)']",[303 states],118,0,118
304,"(19, 23)","(20, 23)",West,"[((18, 23), 'West')]","['(24, 29)', '(26, 29)', '(25, 30)', '(15, 19)', '(17, 21)']","['(18, 23)', '(24, 29)', '(26, 29)', '(25, 30)', '(15, 19)', '(17, 21)']",[304 states],118,0,118
305,"(17, 21)","(17, 20)",North,[],"['(18, 23)', '(24, 29)', '(26, 29)', '(25, 30)', '(15, 19)']","['(18, 23)', '(24, 29)', '(26, 29)', '(25, 30)', '(15, 19)']",[305 states],118,0,118
306,"(15, 19)","(16, 19)",West,"[((15, 18), 'South'), ((14, 19), 'West')]","['(18, 23)', '(24, 29)', '(26, 29)', '(25, 30)']","['(14, 19)', '(15, 18)', '(18, 23)', '(24, 29)', '(26, 29)', '(25, 30)']",[306 states],118,0,118
307,"(25, 30)","(25, 29)",North,"[((25, 31), 'North')]","['(14, 19)', '(15, 18)', '(18, 23)', '(24, 29)', '(26, 29)']","['(25, 31)', '(14, 19)', '(15, 18)', '(18, 23)', '(24, 29)', '(26, 29)']",[307 states],119,0,119
308,"(26, 29)","(25, 29)",East,"[((27, 29), 'East')]","['(25, 31)', '(14, 19)', '(15, 18)', '(18, 23)', '(24, 29)']","['(27, 29)', '(25, 31)', '(14, 19)', '(15, 18)', '(18, 23)', '(24, 29)']",[308 states],119,0,119
309,"(24, 29)","(25, 29)",West,"[((23, 29), 'West')]","['(27, 29)', '(25, 31)', '(14, 19)', '(15, 18)', '(18, 23)']","['(23, 29)', '(27, 29)', '(25, 31)', '(14, 19)', '(15, 18)', '(18, 23)']",[309 states],119,0,119
310,"(18, 23)","(19, 23)",West,"[((17, 23), 'West')]","['(23, 29)', '(27, 29)', '(25, 31)', '(14, 19)', '(15, 18)']","['(17, 23)', '(23, 29)', '(27, 29)', '(25, 31)', '(14, 19)', '(15, 18)']",[310 states],119,0,119
311,"(15, 18)","(15, 19)",South,"[((15, 17), 'South')]","['(17, 23)', '(23, 29)', '(27, 29)', '(25, 31)', '(14, 19)']","['(15, 17)', '(17, 23)', '(23, 29)', '(27, 29)', '(25, 31)', '(14, 19)']",[311 states],119,0,119
312,"(14, 19)","(15, 19)",West,"[((13, 19), 'West')]","['(15, 17)', '(17, 23)', '(23, 29)', '(27, 29)', '(25, 31)']","['(13, 19)', '(15, 17)', '(17, 23)', '(23, 29)', '(27, 29)', '(25, 31)']",[312 states],119,0,119
313,"(25, 31)","(25, 30)",North,"[((25, 32), 'North')]","['(13, 19)', '(15, 17)', '(17, 23)', '(23, 29)', '(27, 29)']","['(25, 32)', '(13, 19)', '(15, 17)', '(17, 23)', '(23, 29)', '(27, 29)']",[313 states],120,0,120
314,"(27, 29)","(26, 29)",East,"[((27, 30), 'North')]","['(25, 32)', '(13, 19)', '(15, 17)', '(17, 23)', '(23, 29)']","['(27, 30)', '(25, 32)', '(13, 19)', '(15, 17)', '(17, 23)', '(23, 29)']",[314 states],120,0,120
315,"(23, 29)","(24, 29)",West,[],"['(27, 30)', '(25, 32)', '(13, 19)', '(15, 17)', '(17, 23)']","['(27, 30)', '(25, 32)', '(13, 19)', '(15, 17)', '(17, 23)']",[315 states],120,0,120
316,"(17, 23)","(18, 23)",West,[],"['(27, 30)', '(25, 32)', '(13, 19)', '(15, 17)']","['(27, 30)', '(25, 32)', '(13, 19)', '(15, 17)']",[316 states],120,0,120
317,"(15, 17)","(15, 18)",South,"[((16, 17), 'East')]","['(27, 30)', '(25, 32)', '(13, 19)']","['(16, 17)', '(27, 30)', '(25, 32)', '(13, 19)']",[317 states],120,0,120
318,"(13, 19)","(14, 19)",West,"[((13, 20), 'North'), ((13, 18), 'South'), ((12, 19), 'West')]","['(16, 17)', '(27, 30)', '(25, 32)']","['(12, 19)', '(13, 18)', '(13, 20)', '(16, 17)', '(27, 30)', '(25, 32)']",[318 states],120,0,120
319,"(25, 32)","(25, 31)",North,"[((25, 33), 'North')]","['(12, 19)', '(13, 18)', '(13, 20)', '(16, 17)', '(27, 30)']","['(25, 33)', '(12, 19)', '(13, 18)', '(13, 20)', '(16, 17)', '(27, 30)']",[319 states],121,0,121
320,"(27, 30)","(27, 29)",North,"[((27, 31), 'North')]","['(25, 33)', '(12, 19)', '(13, 18)', '(13, 20)', '(16, 17)']","['(27, 31)', '(25, 33)', '(12, 19)', '(13, 18)', '(13, 20)', '(16, 17)']",[320 states],121,0,121
321,"(16, 17)","(15, 17)",East,"[((17, 17), 'East')]","['(27, 31)', '(25, 33)', '(12, 19)', '(13, 18)', '(13, 20)']","['(17, 17)', '(27, 31)', '(25, 33)', '(12, 19)', '(13, 18)', '(13, 20)']",[321 states],121,0,121
322,"(13, 20)","(13, 19)",North,"[((13, 21), 'North')]","['(17, 17)', '(27, 31)', '(25, 33)', '(12, 19)', '(13, 18)']","['(13, 21)', '(17, 17)', '(27, 31)', '(25, 33)', '(12, 19)', '(13, 18)']",[322 states],121,0,121
323,"(13, 18)","(13, 19)",South,"[((13, 17), 'South')]","['(13, 21)', '(17, 17)', '(27, 31)', '(25, 33)', '(12, 19)']","['(13, 17)', '(13, 21)', '(17, 17)', '(27, 31)', '(25, 33)', '(12, 19)']",[323 states],121,0,121
324,"(12, 19)","(13, 19)",West,"[((11, 19), 'West')]","['(13, 17)', '(13, 21)', '(17, 17)', '(27, 31)', '(25, 33)']","['(11, 19)', '(13, 17)', '(13, 21)', '(17, 17)', '(27, 31)', '(25, 33)']",[324 states],121,0,121
325,"(25, 33)","(25, 32)",North,"[((25, 34), 'North'), ((26, 33), 'East')]","['(11, 19)', '(13, 17)', '(13, 21)', '(17, 17)', '(27, 31)']","['(26, 33)', '(25, 34)', '(11, 19)', '(13, 17)', '(13, 21)', '(17, 17)', '(27, 31)']",[325 states],122,0,122
326,"(27, 31)","(27, 30)",North,"[((28, 31), 'East')]","['(26, 33)', '(25, 34)', '(11, 19)', '(13, 17)', '(13, 21)', '(17, 17)']","['(28, 31)', '(26, 33)', '(25, 34)', '(11, 19)', '(13, 17)', '(13, 21)', '(17, 17)']",[326 states],122,0,122
327,"(17, 17)","(16, 17)",East,"[((18, 17), 'East')]","['(28, 31)', '(26, 33)', '(25, 34)', '(11, 19)', '(13, 17)', '(13, 21)']","['(18, 17)', '(28, 31)', '(26, 33)', '(25, 34)', '(11, 19)', '(13, 17)', '(13, 21)']",[327 states],122,0,122
328,"(13, 21)","(13, 20)",North,"[((14, 21), 'East'), ((12, 21), 'West')]","['(18, 17)', '(28, 31)', '(26, 33)', '(25, 34)', '(11, 19)', '(13, 17)']","['(12, 21)', '(14, 21)', '(18, 17)', '(28, 31)', '(26, 33)', '(25, 34)', '(11, 19)', '(13, 17)']",[328 states],122,0,122
329,"(13, 17)","(13, 18)",South,[],"['(12, 21)', '(14, 21)', '(18, 17)', '(28, 31)', '(26, 33)', '(25, 34)', '(11, 19)']","['(12, 21)', '(14, 21)', '(18, 17)', '(28, 31)', '(26, 33)', '(25, 34)', '(11, 19)']",[329 states],122,0,122
330,"(11, 19)","(12, 19)",West,"[((11, 18), 'South'), ((10, 19), 'West')]","['(12, 21)', '(14, 21)', '(18, 17)', '(28, 31)', '(26, 33)', '(25, 34)']","['(10, 19)', '(11, 18)', '(12, 21)', '(14, 21)', '(18, 17)', '(28, 31)', '(26, 33)', '(25, 34)']",[330 states],122,0,122
331,"(25, 34)","(25, 33)",North,"[((25, 35), 'North')]","['(10, 19)', '(11, 18)', '(12, 21)', '(14, 21)', '(18, 17)', '(28, 31)', '(26, 33)']","['(25, 35)', '(10, 19)', '(11, 18)', '(12, 21)', '(14, 21)', '(18, 17)', '(28, 31)', '(26, 33)']",[331 states],123,0,123
332,"(26, 33)","(25, 33)",East,"[((27, 33), 'East')]","['(25, 35)', '(10, 19)', '(11, 18)', '(12, 21)', '(14, 21)', '(18, 17)', '(28, 31)']","['(27, 33)', '(25, 35)', '(10, 19)', '(11, 18)', '(12, 21)', '(14, 21)', '(18, 17)', '(28, 31)']",[332 states],123,0,123
333,"(28, 31)","(27, 31)",East,"[((29, 31), 'East')]","['(27, 33)', '(25, 35)', '(10, 19)', '(11, 18)', '(12, 21)', '(14, 21)', '(18, 17)']","['(29, 31)', '(27, 33)', '(25, 35)', '(10, 19)', '(11, 18)', '(12, 21)', '(14, 21)', '(18, 17)']",[333 states],123,0,123
334,"(18, 17)","(17, 17)",East,"[((19, 17), 'East')]","['(29, 31)', '(27, 33)', '(25, 35)', '(10, 19)', '(11, 18)', '(12, 21)', '(14, 21)']","['(19, 17)', '(29, 31)', '(27, 33)', '(25, 35)', '(10, 19)', '(11, 18)', '(12, 21)', '(14, 21)']",[334 states],123,0,123
335,"(14, 21)","(13, 21)",East,"[((15, 21), 'East')]","['(19, 17)', '(29, 31)', '(27, 33)', '(25, 35)', '(10, 19)', '(11, 18)', '(12, 21)']","['(15, 21)', '(19, 17)', '(29, 31)', '(27, 33)', '(25, 35)', '(10, 19)', '(11, 18)', '(12, 21)']",[335 states],123,0,123
336,"(12, 21)","(13, 21)",West,"[((11, 21), 'West')]","['(15, 21)', '(19, 17)', '(29, 31)', '(27, 33)', '(25, 35)', '(10, 19)', '(11, 18)']","['(11, 21)', '(15, 21)', '(19, 17)', '(29, 31)', '(27, 33)', '(25, 35)', '(10, 19)', '(11, 18)']",[336 states],123,0,123
337,"(11, 18)","(11, 19)",South,"[((11, 17), 'South')]","['(11, 21)', '(15, 21)', '(19, 17)', '(29, 31)', '(27, 33)', '(25, 35)', '(10, 19)']","['(11, 17)', '(11, 21)', '(15, 21)', '(19, 17)', '(29, 31)', '(27, 33)', '(25, 35)', '(10, 19)']",[337 states],123,0,123
338,"(10, 19)","(11, 19)",West,"[((9, 19), 'West')]","['(11, 17)', '(11, 21)', '(15, 21)', '(19, 17)', '(29, 31)', '(27, 33)', '(25, 35)']","['(9, 19)', '(11, 17)', '(11, 21)', '(15, 21)', '(19, 17)', '(29, 31)', '(27, 33)', '(25, 35)']",[338 states],123,0,123
339,"(25, 35)","(25, 34)",North,"[((26, 35), 'East')]","['(9, 19)', '(11, 17)', '(11, 21)', '(15, 21)', '(19, 17)', '(29, 31)', '(27, 33)']","['(26, 35)', '(9, 19)', '(11, 17)', '(11, 21)', '(15, 21)', '(19, 17)', '(29, 31)', '(27, 33)']",[339 states],124,0,124
340,"(27, 33)","(26, 33)",East,"[((28, 33), 'East')]","['(26, 35)', '(9, 19)', '(11, 17)', '(11, 21)', '(15, 21)', '(19, 17)', '(29, 31)']","['(28, 33)', '(26, 35)', '(9, 19)', '(11, 17)', '(11, 21)', '(15, 21)', '(19, 17)', '(29, 31)']",[340 states],124,0,124
341,"(29, 31)","(28, 31)",East,[],"['(28, 33)', '(26, 35)', '(9, 19)', '(11, 17)', '(11, 21)', '(15, 21)', '(19, 17)']","['(28, 33)', '(26, 35)', '(9, 19)', '(11, 17)', '(11, 21)', '(15, 21)', '(19, 17)']",[341 states],124,0,124
342,"(19, 17)","(18, 17)",East,"[((19, 16), 'South')]","['(28, 33)', '(26, 35)', '(9, 19)', '(11, 17)', '(11, 21)', '(15, 21)']","['(19, 16)', '(28, 33)', '(26, 35)', '(9, 19)', '(11, 17)', '(11, 21)', '(15, 21)']",[342 states],124,0,124
343,"(15, 21)","(14, 21)",East,"[((15, 22), 'North')]","['(19, 16)', '(28, 33)', '(26, 35)', '(9, 19)', '(11, 17)', '(11, 21)']","['(15, 22)', '(19, 16)', '(28, 33)', '(26, 35)', '(9, 19)', '(11, 17)', '(11, 21)']",[343 states],124,0,124
344,"(11, 21)","(12, 21)",West,[],"['(15, 22)', '(19, 16)', '(28, 33)', '(26, 35)', '(9, 19)', '(11, 17)']","['(15, 22)', '(19, 16)', '(28, 33)', '(26, 35)', '(9, 19)', '(11, 17)']",[344 states],124,0,124
345,"(11, 17)","(11, 18)",South,[],"['(15, 22)', '(19, 16)', '(28, 33)', '(26, 35)', '(9, 19)']","['(15, 22)', '(19, 16)', '(28, 33)', '(26, 35)', '(9, 19)']",[345 states],124,0,124
346,"(9, 19)","(10, 19)",West,"[((9, 20), 'North')]","['(15, 22)', '(19, 16)', '(28, 33)', '(26, 35)']","['(9, 20)', '(15, 22)', '(19, 16)', '(28, 33)', '(26, 35)']",[346 states],124,0,124
347,"(26, 35)","(25, 35)",East,"[((27, 35), 'East')]","['(9, 20)', '(15, 22)', '(19, 16)', '(28, 33)']","['(27, 35)', '(9, 20)', '(15, 22)', '(19, 16)', '(28, 33)']",[347 states],125,0,125
348,"(28, 33)","(27, 33)",East,"[((29, 33), 'East')]","['(27, 35)', '(9, 20)', '(15, 22)', '(19, 16)']","['(29, 33)', '(27, 35)', '(9, 20)', '(15, 22)', '(19, 16)']",[348 states],125,0,125
349,"(19, 16)","(19, 17)",South,"[((19, 15), 'South')]","['(29, 33)', '(27, 35)', '(9, 20)', '(15, 22)']","['(19, 15)', '(29, 33)', '(27, 35)', '(9, 20)', '(15, 22)']",[349 states],125,0,125
350,"(15, 22)","(15, 21)",North,"[((15, 23), 'North')]","['(19, 15)', '(29, 33)', '(27, 35)', '(9, 20)']","['(15, 23)', '(19, 15)', '(29, 33)', '(27, 35)', '(9, 20)']",[350 states],125,0,125
351,"(9, 20)","(9, 19)",North,"[((9, 21), 'North')]","['(15, 23)', '(19, 15)', '(29, 33)', '(27, 35)']","['(9, 21)', '(15, 23)', '(19, 15)', '(29, 33)', '(27, 35)']",[351 states],125,0,125
352,"(27, 35)","(26, 35)",East,[],"['(9, 21)', '(15, 23)', '(19, 15)', '(29, 33)']","['(9, 21)', '(15, 23)', '(19, 15)', '(29, 33)']",[352 states],126,0,126
353,"(29, 33)","(28, 33)",East,[],"['(9, 21)', '(15, 23)', '(19, 15)']","['(9, 21)', '(15, 23)', '(19, 15)']",[353 states],126,0,126
354,"(19, 15)","(19, 16)",South,[],"['(9, 21)', '(15, 23)']","['(9, 21)', '(15, 23)']",[354 states],126,0,126
355,"(15, 23)","(15, 22)",North,"[((15, 24), 'North'), ((14, 23), 'West')]","['(9, 21)']","['(14, 23)', '(15, 24)', '(9, 21)']",[355 states],126,0,126
356,"(9, 21)","(9, 20)",North,"[((9, 22), 'North')]","['(14, 23)', '(15, 24)']","['(9, 22)', '(14, 23)', '(15, 24)']",[356 states],126,0,126
357,"(15, 24)","(15, 23)",North,"[((15, 25), 'North')]","['(9, 22)', '(14, 23)']","['(15, 25)', '(9, 22)', '(14, 23)']",[357 states],127,0,127
358,"(14, 23)","(15, 23)",West,"[((13, 23), 'West')]","['(15, 25)', '(9, 22)']","['(13, 23)', '(15, 25)', '(9, 22)']",[358 states],127,0,127
359,"(9, 22)","(9, 21)",North,"[((9, 23), 'North')]","['(13, 23)', '(15, 25)']","['(9, 23)', '(13, 23)', '(15, 25)']",[359 states],127,0,127
360,"(15, 25)","(15, 24)",North,"[((15, 26), 'North')]","['(9, 23)', '(13, 23)']","['(15, 26)', '(9, 23)', '(13, 23)']",[360 states],128,0,128
361,"(13, 23)","(14, 23)",West,"[((13, 24), 'North')]","['(15, 26)', '(9, 23)']","['(13, 24)', '(15, 26)', '(9, 23)']",[361 states],128,0,128
362,"(9, 23)","(9, 22)",North,"[((10, 23), 'East'), ((8, 23), 'West')]","['(13, 24)', '(15, 26)']","['(8, 23)', '(10, 23)', '(13, 24)', '(15, 26)']",[362 states],128,0,128
363,"(15, 26)","(15, 25)",North,"[((15, 27), 'North')]","['(8, 23)', '(10, 23)', '(13, 24)']","['(15, 27)', '(8, 23)', '(10, 23)', '(13, 24)']",[363 states],129,0,129
364,"(13, 24)","(13, 23)",North,"[((13, 25), 'North')]","['(15, 27)', '(8, 23)', '(10, 23)']","['(13, 25)', '(15, 27)', '(8, 23)', '(10, 23)']",[364 states],129,0,129
365,"(10, 23)","(9, 23)",East,"[((11, 23), 'East')]","['(13, 25)', '(15, 27)', '(8, 23)']","['(11, 23)', '(13, 25)', '(15, 27)', '(8, 23)']",[365 states],129,0,129
366,"(8, 23)","(9, 23)",West,"[((7, 23), 'West')]","['(11, 23)', '(13, 25)', '(15, 27)']","['(7, 23)', '(11, 23)', '(13, 25)', '(15, 27)']",[366 states],129,0,129
367,"(15, 27)","(15, 26)",North,"[((16, 27), 'East')]","['(7, 23)', '(11, 23)', '(13, 25)']","['(16, 27)', '(7, 23)', '(11, 23)', '(13, 25)']",[367 states],130,0,130
368,"(13, 25)","(13, 24)",North,[],"['(16, 27)', '(7, 23)', '(11, 23)']","['(16, 27)', '(7, 23)', '(11, 23)']",[368 states],130,0,130
369,"(11, 23)","(10, 23)",East,[],"['(16, 27)', '(7, 23)']","['(16, 27)', '(7, 23)']",[369 states],130,0,130
370,"(7, 23)","(8, 23)",West,"[((7, 22), 'South')]","['(16, 27)']","['(7, 22)', '(16, 27)']",[370 states],130,0,130
371,"(16, 27)","(15, 27)",East,"[((17, 27), 'East')]","['(7, 22)']","['(17, 27)', '(7, 22)']",[371 states],131,0,131
372,"(7, 22)","(7, 23)",South,"[((7, 21), 'South')]","['(17, 27)']","['(7, 21)', '(17, 27)']",[372 states],131,0,131
373,"(17, 27)","(16, 27)",East,"[((17, 26), 'South'), ((18, 27), 'East')]","['(7, 21)']","['(18, 27)', '(17, 26)', '(7, 21)']",[373 states],132,0,132
374,"(7, 21)","(7, 22)",South,"[((7, 20), 'South')]","['(18, 27)', '(17, 26)']","['(7, 20)', '(18, 27)', '(17, 26)']",[374 states],132,0,132
375,"(17, 26)","(17, 27)",South,"[((17, 25), 'South')]","['(7, 20)', '(18, 27)']","['(17, 25)', '(7, 20)', '(18, 27)']",[375 states],133,0,133
376,"(18, 27)","(17, 27)",East,"[((19, 27), 'East')]","['(17, 25)', '(7, 20)']","['(19, 27)', '(17, 25)', '(7, 20)']",[376 states],133,0,133
377,"(7, 20)","(7, 21)",South,"[((7, 19), 'South')]","['(19, 27)', '(17, 25)']","['(7, 19)', '(19, 27)', '(17, 25)']",[377 states],133,0,133
378,"(17, 25)","(17, 26)",South,[],"['(7, 19)', '(19, 27)']","['(7, 19)', '(19, 27)']",[378 states],134,0,134
379,"(19, 27)","(18, 27)",East,"[((19, 26), 'South'), ((20, 27), 'East')]","['(7, 19)']","['(20, 27)', '(19, 26)', '(7, 19)']",[379 states],134,0,134
380,"(7, 19)","(7, 20)",South,[],"['(20, 27)', '(19, 26)']","['(20, 27)', '(19, 26)']",[380 states],134,0,134
381,"(19, 26)","(19, 27)",South,"[((19, 25), 'South')]","['(20, 27)']","['(19, 25)', '(20, 27)']",[381 states],135,0,135
382,"(20, 27)","(19, 27)",East,"[((21, 27), 'East')]","['(19, 25)']","['(21, 27)', '(19, 25)']",[382 states],135,0,135
383,"(19, 25)","(19, 26)",South,"[((20, 25), 'East')]","['(21, 27)']","['(20, 25)', '(21, 27)']",[383 states],136,0,136
384,"(21, 27)","(20, 27)",East,"[((21, 28), 'North')]","['(20, 25)']","['(21, 28)', '(20, 25)']",[384 states],136,0,136
385,"(20, 25)","(19, 25)",East,"[((21, 25), 'East')]","['(21, 28)']","['(21, 25)', '(21, 28)']",[385 states],137,0,137
386,"(21, 28)","(21, 27)",North,"[((21, 29), 'North')]","['(21, 25)']","['(21, 29)', '(21, 25)']",[386 states],137,0,137
387,"(21, 25)","(20, 25)",East,"[((22, 25), 'East')]","['(21, 29)']","['(22, 25)', '(21, 29)']",[387 states],138,0,138
388,"(21, 29)","(21, 28)",North,"[((21, 30), 'North'), ((20, 29), 'West')]","['(22, 25)']","['(20, 29)', '(21, 30)', '(22, 25)']",[388 states],138,0,138
389,"(22, 25)","(21, 25)",East,"[((23, 25), 'East')]","['(20, 29)', '(21, 30)']","['(23, 25)', '(20, 29)', '(21, 30)']",[389 states],139,0,139
390,"(21, 30)","(21, 29)",North,"[((21, 31), 'North')]","['(23, 25)', '(20, 29)']","['(21, 31)', '(23, 25)', '(20, 29)']",[390 states],139,0,139
391,"(20, 29)","(21, 29)",West,"[((19, 29), 'West')]","['(21, 31)', '(23, 25)']","['(19, 29)', '(21, 31)', '(23, 25)']",[391 states],139,0,139
392,"(23, 25)","(22, 25)",East,"[((23, 26), 'North')]","['(19, 29)', '(21, 31)']","['(23, 26)', '(19, 29)', '(21, 31)']",[392 states],140,0,140
393,"(21, 31)","(21, 30)",North,"[((21, 32), 'North'), ((22, 31), 'East')]","['(23, 26)', '(19, 29)']","['(22, 31)', '(21, 32)', '(23, 26)', '(19, 29)']",[393 states],140,0,140
394,"(19, 29)","(20, 29)",West,[],"['(22, 31)', '(21, 32)', '(23, 26)']","['(22, 31)', '(21, 32)', '(23, 26)']",[394 states],140,0,140
395,"(23, 26)","(23, 25)",North,"[((23, 27), 'North')]","['(22, 31)', '(21, 32)']","['(23, 27)', '(22, 31)', '(21, 32)']",[395 states],141,0,141
396,"(21, 32)","(21, 31)",North,"[((21, 33), 'North')]","['(23, 27)', '(22, 31)']","['(21, 33)', '(23, 27)', '(22, 31)']",[396 states],141,0,141
397,"(22, 31)","(21, 31)",East,"[((23, 31), 'East')]","['(21, 33)', '(23, 27)']","['(23, 31)', '(21, 33)', '(23, 27)']",[397 states],141,0,141
398,"(23, 27)","(23, 26)",North,[],"['(23, 31)', '(21, 33)']","['(23, 31)', '(21, 33)']",[398 states],142,0,142
399,"(21, 33)","(21, 32)",North,"[((21, 34), 'North'), ((22, 33), 'East'), ((20, 33), 'West')]","['(23, 31)']","['(20, 33)', '(22, 33)', '(21, 34)', '(23, 31)']",[399 states],142,0,142
400,"(23, 31)","(22, 31)",East,[],"['(20, 33)', '(22, 33)', '(21, 34)']","['(20, 33)', '(22, 33)', '(21, 34)']",[400 states],142,0,142
401,"(21, 34)","(21, 33)",North,"[((21, 35), 'North')]","['(20, 33)', '(22, 33)']","['(21, 35)', '(20, 33)', '(22, 33)']",[401 states],143,0,143
402,"(22, 33)","(21, 33)",East,"[((23, 33), 'East')]","['(21, 35)', '(20, 33)']","['(23, 33)', '(21, 35)', '(20, 33)']",[402 states],143,0,143
403,"(20, 33)","(21, 33)",West,"[((19, 33), 'West')]","['(23, 33)', '(21, 35)']","['(19, 33)', '(23, 33)', '(21, 35)']",[403 states],143,0,143
404,"(21, 35)","(21, 34)",North,"[((22, 35), 'East'), ((20, 35), 'West')]","['(19, 33)', '(23, 33)']","['(20, 35)', '(22, 35)', '(19, 33)', '(23, 33)']",[404 states],144,0,144
405,"(23, 33)","(22, 33)",East,[],"['(20, 35)', '(22, 35)', '(19, 33)']","['(20, 35)', '(22, 35)', '(19, 33)']",[405 states],144,0,144
406,"(19, 33)","(20, 33)",West,"[((19, 32), 'South')]","['(20, 35)', '(22, 35)']","['(19, 32)', '(20, 35)', '(22, 35)']",[406 states],144,0,144
407,"(22, 35)","(21, 35)",East,"[((23, 35), 'East')]","['(19, 32)', '(20, 35)']","['(23, 35)', '(19, 32)', '(20, 35)']",[407 states],145,0,145
408,"(20, 35)","(21, 35)",West,"[((19, 35), 'West')]","['(23, 35)', '(19, 32)']","['(19, 35)', '(23, 35)', '(19, 32)']",[408 states],145,0,145
409,"(19, 32)","(19, 33)",South,"[((19, 31), 'South')]","['(19, 35)', '(23, 35)']","['(19, 31)', '(19, 35)', '(23, 35)']",[409 states],145,0,145
410,"(23, 35)","(22, 35)",East,[],"['(19, 31)', '(19, 35)']","['(19, 31)', '(19, 35)']",[410 states],146,0,146
411,"(19, 35)","(20, 35)",West,"[((18, 35), 'West')]","['(19, 31)']","['(18, 35)', '(19, 31)']",[411 states],146,0,146
412,"(19, 31)","(19, 32)",South,[],"['(18, 35)']","['(18, 35)']",[412 states],146,0,146
413,"(18, 35)","(19, 35)",West,"[((17, 35), 'West')]",[],"['(17, 35)']",[413 states],147,0,147
414,"(17, 35)","(18, 35)",West,"[((17, 34), 'South'), ((16, 35), 'West')]",[],"['(16, 35)', '(17, 34)']",[414 states],148,0,148
415,"(17, 34)","(17, 35)",South,"[((17, 33), 'South')]","['(16, 35)']","['(17, 33)', '(16, 35)']",[415 states],149,0,149
416,"(16, 35)","(17, 35)",West,"[((15, 35), 'West')]","['(17, 33)']","['(15, 35)', '(17, 33)']",[416 states],149,0,149
417,"(17, 33)","(17, 34)",South,"[((17, 32), 'South')]","['(15, 35)']","['(17, 32)', '(15, 35)']",[417 states],150,0,150
418,"(15, 35)","(16, 35)",West,"[((15, 34), 'South'), ((14, 35), 'West')]","['(17, 32)']","['(14, 35)', '(15, 34)', '(17, 32)']",[418 states],150,0,150
419,"(17, 32)","(17, 33)",South,"[((17, 31), 'South')]","['(14, 35)', '(15, 34)']","['(17, 31)', '(14, 35)', '(15, 34)']",[419 states],151,0,151
420,"(15, 34)","(15, 35)",South,"[((15, 33), 'South')]","['(17, 31)', '(14, 35)']","['(15, 33)', '(17, 31)', '(14, 35)']",[420 states],151,0,151
421,"(14, 35)","(15, 35)",West,"[((13, 35), 'West')]","['(15, 33)', '(17, 31)']","['(13, 35)', '(15, 33)', '(17, 31)']",[421 states],151,0,151
422,"(17, 31)","(17, 32)",South,[],"['(13, 35)', '(15, 33)']","['(13, 35)', '(15, 33)']",[422 states],152,0,152
423,"(15, 33)","(15, 34)",South,"[((15, 32), 'South'), ((14, 33), 'West')]","['(13, 35)']","['(14, 33)', '(15, 32)', '(13, 35)']",[423 states],152,0,152
424,"(13, 35)","(14, 35)",West,[],"['(14, 33)', '(15, 32)']","['(14, 33)', '(15, 32)']",[424 states],152,0,152
425,"(15, 32)","(15, 33)",South,"[((15, 31), 'South')]","['(14, 33)']","['(15, 31)', '(14, 33)']",[425 states],153,0,153
426,"(14, 33)","(15, 33)",West,"[((13, 33), 'West')]","['(15, 31)']","['(13, 33)', '(15, 31)']",[426 states],153,0,153
427,"(15, 31)","(15, 32)",South,"[((15, 30), 'South')]","['(13, 33)']","['(15, 30)', '(13, 33)']",[427 states],154,0,154
428,"(13, 33)","(14, 33)",West,"[((12, 33), 'West')]","['(15, 30)']","['(12, 33)', '(15, 30)']",[428 states],154,0,154
429,"(15, 30)","(15, 31)",South,"[((15, 29), 'South')]","['(12, 33)']","['(15, 29)', '(12, 33)']",[429 states],155,0,155
430,"(12, 33)","(13, 33)",West,"[((11, 33), 'West')]","['(15, 29)']","['(11, 33)', '(15, 29)']",[430 states],155,0,155
431,"(15, 29)","(15, 30)",South,"[((16, 29), 'East')]","['(11, 33)']","['(16, 29)', '(11, 33)']",[431 states],156,0,156
432,"(11, 33)","(12, 33)",West,"[((11, 34), 'North'), ((11, 32), 'South'), ((10, 33), 'West')]","['(16, 29)']","['(10, 33)', '(11, 32)', '(11, 34)', '(16, 29)']",[432 states],156,0,156
433,"(16, 29)","(15, 29)",East,"[((17, 29), 'East')]","['(10, 33)', '(11, 32)', '(11, 34)']","['(17, 29)', '(10, 33)', '(11, 32)', '(11, 34)']",[433 states],157,0,157
434,"(11, 34)","(11, 33)",North,"[((11, 35), 'North')]","['(17, 29)', '(10, 33)', '(11, 32)']","['(11, 35)', '(17, 29)', '(10, 33)', '(11, 32)']",[434 states],157,0,157
435,"(11, 32)","(11, 33)",South,"[((11, 31), 'South')]","['(11, 35)', '(17, 29)', '(10, 33)']","['(11, 31)', '(11, 35)', '(17, 29)', '(10, 33)']",[435 states],157,0,157
436,"(10, 33)","(11, 33)",West,"[((9, 33), 'West')]","['(11, 31)', '(11, 35)', '(17, 29)']","['(9, 33)', '(11, 31)', '(11, 35)', '(17, 29)']",[436 states],157,0,157
437,"(17, 29)","(16, 29)",East,[],"['(9, 33)', '(11, 31)', '(11, 35)']","['(9, 33)', '(11, 31)', '(11, 35)']",[437 states],158,0,158
438,"(11, 35)","(11, 34)",North,[],"['(9, 33)', '(11, 31)']","['(9, 33)', '(11, 31)']",[438 states],158,0,158
439,"(11, 31)","(11, 32)",South,"[((11, 30), 'South'), ((12, 31), 'East')]","['(9, 33)']","['(12, 31)', '(11, 30)', '(9, 33)']",[439 states],158,0,158
440,"(9, 33)","(10, 33)",West,"[((9, 34), 'North')]","['(12, 31)', '(11, 30)']","['(9, 34)', '(12, 31)', '(11, 30)']",[440 states],158,0,158
441,"(11, 30)","(11, 31)",South,"[((11, 29), 'South')]","['(9, 34)', '(12, 31)']","['(11, 29)', '(9, 34)', '(12, 31)']",[441 states],159,0,159
442,"(12, 31)","(11, 31)",East,"[((13, 31), 'East')]","['(11, 29)', '(9, 34)']","['(13, 31)', '(11, 29)', '(9, 34)']",[442 states],159,0,159
443,"(9, 34)","(9, 33)",North,"[((9, 35), 'North')]","['(13, 31)', '(11, 29)']","['(9, 35)', '(13, 31)', '(11, 29)']",[443 states],159,0,159
444,"(11, 29)","(11, 30)",South,"[((12, 29), 'East'), ((10, 29), 'West')]","['(9, 35)', '(13, 31)']","['(10, 29)', '(12, 29)', '(9, 35)', '(13, 31)']",[444 states],160,0,160
445,"(13, 31)","(12, 31)",East,[],"['(10, 29)', '(12, 29)', '(9, 35)']","['(10, 29)', '(12, 29)', '(9, 35)']",[445 states],160,0,160
446,"(9, 35)","(9, 34)",North,[],"['(10, 29)', '(12, 29)']","['(10, 29)', '(12, 29)']",[446 states],160,0,160
447,"(12, 29)","(11, 29)",East,"[((13, 29), 'East')]","['(10, 29)']","['(13, 29)', '(10, 29)']",[447 states],161,0,161
448,"(10, 29)","(11, 29)",West,"[((9, 29), 'West')]","['(13, 29)']","['(9, 29)', '(13, 29)']",[448 states],161,0,161
449,"(13, 29)","(12, 29)",East,"[((13, 28), 'South')]","['(9, 29)']","['(13, 28)', '(9, 29)']",[449 states],162,0,162
450,"(9, 29)","(10, 29)",West,"[((9, 30), 'North')]","['(13, 28)']","['(9, 30)', '(13, 28)']",[450 states],162,0,162
451,"(13, 28)","(13, 29)",South,"[((13, 27), 'South')]","['(9, 30)']","['(13, 27)', '(9, 30)']",[451 states],163,0,163
452,"(9, 30)","(9, 29)",North,"[((9, 31), 'North')]","['(13, 27)']","['(9, 31)', '(13, 27)']",[452 states],163,0,163
453,"(13, 27)","(13, 28)",South,"[((12, 27), 'West')]","['(9, 31)']","['(12, 27)', '(9, 31)']",[453 states],164,0,164
454,"(9, 31)","(9, 30)",North,[],"['(12, 27)']","['(12, 27)']",[454 states],164,0,164
455,"(12, 27)","(13, 27)",West,"[((11, 27), 'West')]",[],"['(11, 27)']",[455 states],165,0,165
456,"(11, 27)","(12, 27)",West,"[((11, 26), 'South'), ((10, 27), 'West')]",[],"['(10, 27)', '(11, 26)']",[456 states],166,0,166
457,"(11, 26)","(11, 27)",South,"[((11, 25), 'South')]","['(10, 27)']","['(11, 25)', '(10, 27)']",[457 states],167,0,167
458,"(10, 27)","(11, 27)",West,"[((9, 27), 'West')]","['(11, 25)']","['(9, 27)', '(11, 25)']",[458 states],167,0,167
459,"(11, 25)","(11, 26)",South,[],"['(9, 27)']","['(9, 27)']",[459 states],168,0,168
460,"(9, 27)","(10, 27)",West,"[((9, 26), 'South'), ((8, 27), 'West')]",[],"['(8, 27)', '(9, 26)']",[460 states],168,0,168
461,"(9, 26)","(9, 27)",South,"[((9, 25), 'South')]","['(8, 27)']","['(9, 25)', '(8, 27)']",[461 states],169,0,169
462,"(8, 27)","(9, 27)",West,"[((7, 27), 'West')]","['(9, 25)']","['(7, 27)', '(9, 25)']",[462 states],169,0,169
463,"(9, 25)","(9, 26)",South,"[((8, 25), 'West')]","['(7, 27)']","['(8, 25)', '(7, 27)']",[463 states],170,0,170
464,"(7, 27)","(8, 27)",West,"[((6, 27), 'West')]","['(8, 25)']","['(6, 27)', '(8, 25)']",[464 states],170,0,170
465,"(8, 25)","(9, 25)",West,"[((7, 25), 'West')]","['(6, 27)']","['(7, 25)', '(6, 27)']",[465 states],171,0,171
466,"(6, 27)","(7, 27)",West,"[((5, 27), 'West')]","['(7, 25)']","['(5, 27)', '(7, 25)']",[466 states],171,0,171
467,"(7, 25)","(8, 25)",West,"[((6, 25), 'West')]","['(5, 27)']","['(6, 25)', '(5, 27)']",[467 states],172,0,172
468,"(5, 27)","(6, 27)",West,"[((4, 27), 'West')]","['(6, 25)']","['(4, 27)', '(6, 25)']",[468 states],172,0,172
469,"(6, 25)","(7, 25)",West,"[((5, 25), 'West')]","['(4, 27)']","['(5, 25)', '(4, 27)']",[469 states],173,0,173
470,"(4, 27)","(5, 27)",West,"[((3, 27), 'West')]","['(5, 25)']","['(3, 27)', '(5, 25)']",[470 states],173,0,173
471,"(5, 25)","(6, 25)",West,"[((5, 24), 'South')]","['(3, 27)']","['(5, 24)', '(3, 27)']",[471 states],174,0,174
472,"(3, 27)","(4, 27)",West,"[((3, 28), 'North'), ((3, 26), 'South'), ((2, 27), 'West')]","['(5, 24)']","['(2, 27)', '(3, 26)', '(3, 28)', '(5, 24)']",[472 states],174,0,174
473,"(5, 24)","(5, 25)",South,"[((5, 23), 'South')]","['(2, 27)', '(3, 26)', '(3, 28)']","['(5, 23)', '(2, 27)', '(3, 26)', '(3, 28)']",[473 states],175,0,175
474,"(3, 28)","(3, 27)",North,"[((3, 29), 'North')]","['(5, 23)', '(2, 27)', '(3, 26)']","['(3, 29)', '(5, 23)', '(2, 27)', '(3, 26)']",[474 states],175,0,175
475,"(3, 26)","(3, 27)",South,"[((3, 25), 'South')]","['(3, 29)', '(5, 23)', '(2, 27)']","['(3, 25)', '(3, 29)', '(5, 23)', '(2, 27)']",[475 states],175,0,175
476,"(2, 27)","(3, 27)",West,"[((1, 27), 'West')]","['(3, 25)', '(3, 29)', '(5, 23)']","['(1, 27)', '(3, 25)', '(3, 29)', '(5, 23)']",[476 states],175,0,175
477,"(5, 23)","(5, 24)",South,[],"['(1, 27)', '(3, 25)', '(3, 29)']","['(1, 27)', '(3, 25)', '(3, 29)']",[477 states],176,0,176
478,"(3, 29)","(3, 28)",North,"[((4, 29), 'East'), ((2, 29), 'West')]","['(1, 27)', '(3, 25)']","['(2, 29)', '(4, 29)', '(1, 27)', '(3, 25)']",[478 states],176,0,176
479,"(3, 25)","(3, 26)",South,"[((3, 24), 'South')]","['(2, 29)', '(4, 29)', '(1, 27)']","['(3, 24)', '(2, 29)', '(4, 29)', '(1, 27)']",[479 states],176,0,176
480,"(1, 27)","(2, 27)",West,"[((1, 26), 'South')]","['(3, 24)', '(2, 29)', '(4, 29)']","['(1, 26)', '(3, 24)', '(2, 29)', '(4, 29)']",[480 states],176,0,176
481,"(4, 29)","(3, 29)",East,"[((5, 29), 'East')]","['(1, 26)', '(3, 24)', '(2, 29)']","['(5, 29)', '(1, 26)', '(3, 24)', '(2, 29)']",[481 states],177,0,177
482,"(2, 29)","(3, 29)",West,"[((1, 29), 'West')]","['(5, 29)', '(1, 26)', '(3, 24)']","['(1, 29)', '(5, 29)', '(1, 26)', '(3, 24)']",[482 states],177,0,177
483,"(3, 24)","(3, 25)",South,"[((3, 23), 'South')]","['(1, 29)', '(5, 29)', '(1, 26)']","['(3, 23)', '(1, 29)', '(5, 29)', '(1, 26)']",[483 states],177,0,177
484,"(1, 26)","(1, 27)",South,"[((1, 25), 'South')]","['(3, 23)', '(1, 29)', '(5, 29)']","['(1, 25)', '(3, 23)', '(1, 29)', '(5, 29)']",[484 states],177,0,177
485,"(5, 29)","(4, 29)",East,"[((5, 30), 'North'), ((6, 29), 'East')]","['(1, 25)', '(3, 23)', '(1, 29)']","['(6, 29)', '(5, 30)', '(1, 25)', '(3, 23)', '(1, 29)']",[485 states],178,0,178
486,"(1, 29)","(2, 29)",West,"[((1, 30), 'North')]","['(6, 29)', '(5, 30)', '(1, 25)', '(3, 23)']","['(1, 30)', '(6, 29)', '(5, 30)', '(1, 25)', '(3, 23)']",[486 states],178,0,178
487,"(3, 23)","(3, 24)",South,"[((3, 22), 'South')]","['(1, 30)', '(6, 29)', '(5, 30)', '(1, 25)']","['(3, 22)', '(1, 30)', '(6, 29)', '(5, 30)', '(1, 25)']",[487 states],178,0,178
488,"(1, 25)","(1, 26)",South,"[((1, 24), 'South')]","['(3, 22)', '(1, 30)', '(6, 29)', '(5, 30)']","['(1, 24)', '(3, 22)', '(1, 30)', '(6, 29)', '(5, 30)']",[488 states],178,0,178
489,"(5, 30)","(5, 29)",North,"[((5, 31), 'North')]","['(1, 24)', '(3, 22)', '(1, 30)', '(6, 29)']","['(5, 31)', '(1, 24)', '(3, 22)', '(1, 30)', '(6, 29)']",[489 states],179,0,179
490,"(6, 29)","(5, 29)",East,"[((7, 29), 'East')]","['(5, 31)', '(1, 24)', '(3, 22)', '(1, 30)']","['(7, 29)', '(5, 31)', '(1, 24)', '(3, 22)', '(1, 30)']",[490 states],179,0,179
491,"(1, 30)","(1, 29)",North,"[((1, 31), 'North')]","['(7, 29)', '(5, 31)', '(1, 24)', '(3, 22)']","['(1, 31)', '(7, 29)', '(5, 31)', '(1, 24)', '(3, 22)']",[491 states],179,0,179
492,"(3, 22)","(3, 23)",South,"[((3, 21), 'South')]","['(1, 31)', '(7, 29)', '(5, 31)', '(1, 24)']","['(3, 21)', '(1, 31)', '(7, 29)', '(5, 31)', '(1, 24)']",[492 states],179,0,179
493,"(1, 24)","(1, 25)",South,"[((1, 23), 'South')]","['(3, 21)', '(1, 31)', '(7, 29)', '(5, 31)']","['(1, 23)', '(3, 21)', '(1, 31)', '(7, 29)', '(5, 31)']",[493 states],179,0,179
494,"(5, 31)","(5, 30)",North,"[((5, 32), 'North')]","['(1, 23)', '(3, 21)', '(1, 31)', '(7, 29)']","['(5, 32)', '(1, 23)', '(3, 21)', '(1, 31)', '(7, 29)']",[494 states],180,0,180
495,"(7, 29)","(6, 29)",East,"[((7, 30), 'North')]","['(5, 32)', '(1, 23)', '(3, 21)', '(1, 31)']","['(7, 30)', '(5, 32)', '(1, 23)', '(3, 21)', '(1, 31)']",[495 states],180,0,180
496,"(1, 31)","(1, 30)",North,"[((2, 31), 'East')]","['(7, 30)', '(5, 32)', '(1, 23)', '(3, 21)']","['(2, 31)', '(7, 30)', '(5, 32)', '(1, 23)', '(3, 21)']",[496 states],180,0,180
497,"(3, 21)","(3, 22)",South,"[((3, 20), 'South'), ((4, 21), 'East'), ((2, 21), 'West')]","['(2, 31)', '(7, 30)', '(5, 32)', '(1, 23)']","['(2, 21)', '(4, 21)', '(3, 20)', '(2, 31)', '(7, 30)', '(5, 32)', '(1, 23)']",[497 states],180,0,180
498,"(1, 23)","(1, 24)",South,[],"['(2, 21)', '(4, 21)', '(3, 20)', '(2, 31)', '(7, 30)', '(5, 32)']","['(2, 21)', '(4, 21)', '(3, 20)', '(2, 31)', '(7, 30)', '(5, 32)']",[498 states],180,0,180
499,"(5, 32)","(5, 31)",North,"[((5, 33), 'North')]","['(2, 21)', '(4, 21)', '(3, 20)', '(2, 31)', '(7, 30)']","['(5, 33)', '(2, 21)', '(4, 21)', '(3, 20)', '(2, 31)', '(7, 30)']",[499 states],181,0,181
500,"(7, 30)","(7, 29)",North,"[((7, 31), 'North')]","['(5, 33)', '(2, 21)', '(4, 21)', '(3, 20)', '(2, 31)']","['(7, 31)', '(5, 33)', '(2, 21)', '(4, 21)', '(3, 20)', '(2, 31)']",[500 states],181,0,181
501,"(2, 31)","(1, 31)",East,"[((3, 31), 'East')]","['(7, 31)', '(5, 33)', '(2, 21)', '(4, 21)', '(3, 20)']","['(3, 31)', '(7, 31)', '(5, 33)', '(2, 21)', '(4, 21)', '(3, 20)']",[501 states],181,0,181
502,"(3, 20)","(3, 21)",South,"[((3, 19), 'South')]","['(3, 31)', '(7, 31)', '(5, 33)', '(2, 21)', '(4, 21)']","['(3, 19)', '(3, 31)', '(7, 31)', '(5, 33)', '(2, 21)', '(4, 21)']",[502 states],181,0,181
503,"(4, 21)","(3, 21)",East,"[((5, 21), 'East')]","['(3, 19)', '(3, 31)', '(7, 31)', '(5, 33)', '(2, 21)']","['(5, 21)', '(3, 19)', '(3, 31)', '(7, 31)', '(5, 33)', '(2, 21)']",[503 states],181,0,181
504,"(2, 21)","(3, 21)",West,"[((1, 21), 'West')]","['(5, 21)', '(3, 19)', '(3, 31)', '(7, 31)', '(5, 33)']","['(1, 21)', '(5, 21)', '(3, 19)', '(3, 31)', '(7, 31)', '(5, 33)']",[504 states],181,0,181
505,"(5, 33)","(5, 32)",North,"[((6, 33), 'East'), ((4, 33), 'West')]","['(1, 21)', '(5, 21)', '(3, 19)', '(3, 31)', '(7, 31)']","['(4, 33)', '(6, 33)', '(1, 21)', '(5, 21)', '(3, 19)', '(3, 31)', '(7, 31)']",[505 states],182,0,182
506,"(7, 31)","(7, 30)",North,[],"['(4, 33)', '(6, 33)', '(1, 21)', '(5, 21)', '(3, 19)', '(3, 31)']","['(4, 33)', '(6, 33)', '(1, 21)', '(5, 21)', '(3, 19)', '(3, 31)']",[506 states],182,0,182
507,"(3, 31)","(2, 31)",East,[],"['(4, 33)', '(6, 33)', '(1, 21)', '(5, 21)', '(3, 19)']","['(4, 33)', '(6, 33)', '(1, 21)', '(5, 21)', '(3, 19)']",[507 states],182,0,182
508,"(3, 19)","(3, 20)",South,"[((3, 18), 'South')]","['(4, 33)', '(6, 33)', '(1, 21)', '(5, 21)']","['(3, 18)', '(4, 33)', '(6, 33)', '(1, 21)', '(5, 21)']",[508 states],182,0,182
509,"(5, 21)","(4, 21)",East,"[((5, 20), 'South')]","['(3, 18)', '(4, 33)', '(6, 33)', '(1, 21)']","['(5, 20)', '(3, 18)', '(4, 33)', '(6, 33)', '(1, 21)']",[509 states],182,0,182
510,"(1, 21)","(2, 21)",West,"[((1, 20), 'South')]","['(5, 20)', '(3, 18)', '(4, 33)', '(6, 33)']","['(1, 20)', '(5, 20)', '(3, 18)', '(4, 33)', '(6, 33)']",[510 states],182,0,182
511,"(6, 33)","(5, 33)",East,"[((7, 33), 'East')]","['(1, 20)', '(5, 20)', '(3, 18)', '(4, 33)']","['(7, 33)', '(1, 20)', '(5, 20)', '(3, 18)', '(4, 33)']",[511 states],183,0,183
512,"(4, 33)","(5, 33)",West,"[((3, 33), 'West')]","['(7, 33)', '(1, 20)', '(5, 20)', '(3, 18)']","['(3, 33)', '(7, 33)', '(1, 20)', '(5, 20)', '(3, 18)']",[512 states],183,0,183
513,"(3, 18)","(3, 19)",South,"[((3, 17), 'South')]","['(3, 33)', '(7, 33)', '(1, 20)', '(5, 20)']","['(3, 17)', '(3, 33)', '(7, 33)', '(1, 20)', '(5, 20)']",[513 states],183,0,183
514,"(5, 20)","(5, 21)",South,"[((5, 19), 'South')]","['(3, 17)', '(3, 33)', '(7, 33)', '(1, 20)']","['(5, 19)', '(3, 17)', '(3, 33)', '(7, 33)', '(1, 20)']",[514 states],183,0,183
515,"(1, 20)","(1, 21)",South,"[((1, 19), 'South')]","['(5, 19)', '(3, 17)', '(3, 33)', '(7, 33)']","['(1, 19)', '(5, 19)', '(3, 17)', '(3, 33)', '(7, 33)']",[515 states],183,0,183
516,"(7, 33)","(6, 33)",East,[],"['(1, 19)', '(5, 19)', '(3, 17)', '(3, 33)']","['(1, 19)', '(5, 19)', '(3, 17)', '(3, 33)']",[516 states],184,0,184
517,"(3, 33)","(4, 33)",West,"[((2, 33), 'West')]","['(1, 19)', '(5, 19)', '(3, 17)']","['(2, 33)', '(1, 19)', '(5, 19)', '(3, 17)']",[517 states],184,0,184
518,"(3, 17)","(3, 18)",South,"[((4, 17), 'East'), ((2, 17), 'West')]","['(2, 33)', '(1, 19)', '(5, 19)']","['(2, 17)', '(4, 17)', '(2, 33)', '(1, 19)', '(5, 19)']",[518 states],184,0,184
519,"(5, 19)","(5, 20)",South,[],"['(2, 17)', '(4, 17)', '(2, 33)', '(1, 19)']","['(2, 17)', '(4, 17)', '(2, 33)', '(1, 19)']",[519 states],184,0,184
520,"(1, 19)","(1, 20)",South,[],"['(2, 17)', '(4, 17)', '(2, 33)']","['(2, 17)', '(4, 17)', '(2, 33)']",[520 states],184,0,184
521,"(2, 33)","(3, 33)",West,"[((1, 33), 'West')]","['(2, 17)', '(4, 17)']","['(1, 33)', '(2, 17)', '(4, 17)']",[521 states],185,0,185
522,"(4, 17)","(3, 17)",East,"[((5, 17), 'East')]","['(1, 33)', '(2, 17)']","['(5, 17)', '(1, 33)', '(2, 17)']",[522 states],185,0,185
523,"(2, 17)","(3, 17)",West,"[((1, 17), 'West')]","['(5, 17)', '(1, 33)']","['(1, 17)', '(5, 17)', '(1, 33)']",[523 states],185,0,185
524,"(1, 33)","(2, 33)",West,"[((1, 34), 'North')]","['(1, 17)', '(5, 17)']","['(1, 34)', '(1, 17)', '(5, 17)']",[524 states],186,0,186
525,"(5, 17)","(4, 17)",East,"[((5, 16), 'South'), ((6, 17), 'East')]","['(1, 34)', '(1, 17)']","['(6, 17)', '(5, 16)', '(1, 34)', '(1, 17)']",[525 states],186,0,186
526,"(1, 17)","(2, 17)",West,[],"['(6, 17)', '(5, 16)', '(1, 34)']","['(6, 17)', '(5, 16)', '(1, 34)']",[526 states],186,0,186
527,"(1, 34)","(1, 33)",North,"[((1, 35), 'North')]","['(6, 17)', '(5, 16)']","['(1, 35)', '(6, 17)', '(5, 16)']",[527 states],187,0,187
528,"(5, 16)","(5, 17)",South,"[((5, 15), 'South')]","['(1, 35)', '(6, 17)']","['(5, 15)', '(1, 35)', '(6, 17)']",[528 states],187,0,187
529,"(6, 17)","(5, 17)",East,"[((7, 17), 'East')]","['(5, 15)', '(1, 35)']","['(7, 17)', '(5, 15)', '(1, 35)']",[529 states],187,0,187
530,"(1, 35)","(1, 34)",North,"[((2, 35), 'East')]","['(7, 17)', '(5, 15)']","['(2, 35)', '(7, 17)', '(5, 15)']",[530 states],188,0,188
531,"(5, 15)","(5, 16)",South,"[((5, 14), 'South')]","['(2, 35)', '(7, 17)']","['(5, 14)', '(2, 35)', '(7, 17)']",[531 states],188,0,188
532,"(7, 17)","(6, 17)",East,"[((7, 16), 'South')]","['(5, 14)', '(2, 35)']","['(7, 16)', '(5, 14)', '(2, 35)']",[532 states],188,0,188
533,"(2, 35)","(1, 35)",East,"[((3, 35), 'East')]","['(7, 16)', '(5, 14)']","['(3, 35)', '(7, 16)', '(5, 14)']",[533 states],189,0,189
534,"(5, 14)","(5, 15)",South,"[((5, 13), 'South')]","['(3, 35)', '(7, 16)']","['(5, 13)', '(3, 35)', '(7, 16)']",[534 states],189,0,189
535,"(7, 16)","(7, 17)",South,"[((7, 15), 'South')]","['(5, 13)', '(3, 35)']","['(7, 15)', '(5, 13)', '(3, 35)']",[535 states],189,0,189
536,"(3, 35)","(2, 35)",East,"[((4, 35), 'East')]","['(7, 15)', '(5, 13)']","['(4, 35)', '(7, 15)', '(5, 13)']",[536 states],190,0,190
537,"(5, 13)","(5, 14)",South,"[((5, 12), 'South'), ((4, 13), 'West')]","['(4, 35)', '(7, 15)']","['(4, 13)', '(5, 12)', '(4, 35)', '(7, 15)']",[537 states],190,0,190
538,"(7, 15)","(7, 16)",South,"[((8, 15), 'East')]","['(4, 13)', '(5, 12)', '(4, 35)']","['(8, 15)', '(4, 13)', '(5, 12)', '(4, 35)']",[538 states],190,0,190
539,"(4, 35)","(3, 35)",East,"[((5, 35), 'East')]","['(8, 15)', '(4, 13)', '(5, 12)']","['(5, 35)', '(8, 15)', '(4, 13)', '(5, 12)']",[539 states],191,0,191
540,"(5, 12)","(5, 13)",South,"[((5, 11), 'South')]","['(5, 35)', '(8, 15)', '(4, 13)']","['(5, 11)', '(5, 35)', '(8, 15)', '(4, 13)']",[540 states],191,0,191
541,"(4, 13)","(5, 13)",West,"[((3, 13), 'West')]","['(5, 11)', '(5, 35)', '(8, 15)']","['(3, 13)', '(5, 11)', '(5, 35)', '(8, 15)']",[541 states],191,0,191
542,"(8, 15)","(7, 15)",East,"[((9, 15), 'East')]","['(3, 13)', '(5, 11)', '(5, 35)']","['(9, 15)', '(3, 13)', '(5, 11)', '(5, 35)']",[542 states],191,0,191
543,"(5, 35)","(4, 35)",East,"[((6, 35), 'East')]","['(9, 15)', '(3, 13)', '(5, 11)']","['(6, 35)', '(9, 15)', '(3, 13)', '(5, 11)']",[543 states],192,0,192
544,"(5, 11)","(5, 12)",South,"[((6, 11), 'East')]","['(6, 35)', '(9, 15)', '(3, 13)']","['(6, 11)', '(6, 35)', '(9, 15)', '(3, 13)']",[544 states],192,0,192
545,"(3, 13)","(4, 13)",West,"[((3, 12), 'South')]","['(6, 11)', '(6, 35)', '(9, 15)']","['(3, 12)', '(6, 11)', '(6, 35)', '(9, 15)']",[545 states],192,0,192
546,"(9, 15)","(8, 15)",East,"[((9, 16), 'North'), ((10, 15), 'East')]","['(3, 12)', '(6, 11)', '(6, 35)']","['(10, 15)', '(9, 16)', '(3, 12)', '(6, 11)', '(6, 35)']",[546 states],192,0,192
547,"(6, 35)","(5, 35)",East,"[((7, 35), 'East')]","['(10, 15)', '(9, 16)', '(3, 12)', '(6, 11)']","['(7, 35)', '(10, 15)', '(9, 16)', '(3, 12)', '(6, 11)']",[547 states],193,0,193
548,"(6, 11)","(5, 11)",East,"[((7, 11), 'East')]","['(7, 35)', '(10, 15)', '(9, 16)', '(3, 12)']","['(7, 11)', '(7, 35)', '(10, 15)', '(9, 16)', '(3, 12)']",[548 states],193,0,193
549,"(3, 12)","(3, 13)",South,"[((3, 11), 'South')]","['(7, 11)', '(7, 35)', '(10, 15)', '(9, 16)']","['(3, 11)', '(7, 11)', '(7, 35)', '(10, 15)', '(9, 16)']",[549 states],193,0,193
550,"(9, 16)","(9, 15)",North,"[((9, 17), 'North')]","['(3, 11)', '(7, 11)', '(7, 35)', '(10, 15)']","['(9, 17)', '(3, 11)', '(7, 11)', '(7, 35)', '(10, 15)']",[550 states],193,0,193
551,"(10, 15)","(9, 15)",East,"[((11, 15), 'East')]","['(9, 17)', '(3, 11)', '(7, 11)', '(7, 35)']","['(11, 15)', '(9, 17)', '(3, 11)', '(7, 11)', '(7, 35)']",[551 states],193,0,193
552,"(7, 35)","(6, 35)",East,[],"['(11, 15)', '(9, 17)', '(3, 11)', '(7, 11)']","['(11, 15)', '(9, 17)', '(3, 11)', '(7, 11)']",[552 states],194,0,194
553,"(7, 11)","(6, 11)",East,"[((7, 10), 'South')]","['(11, 15)', '(9, 17)', '(3, 11)']","['(7, 10)', '(11, 15)', '(9, 17)', '(3, 11)']",[553 states],194,0,194
554,"(3, 11)","(3, 12)",South,"[((3, 10), 'South')]","['(7, 10)', '(11, 15)', '(9, 17)']","['(3, 10)', '(7, 10)', '(11, 15)', '(9, 17)']",[554 states],194,0,194
555,"(9, 17)","(9, 16)",North,[],"['(3, 10)', '(7, 10)', '(11, 15)']","['(3, 10)', '(7, 10)', '(11, 15)']",[555 states],194,0,194
556,"(11, 15)","(10, 15)",East,"[((11, 14), 'South'), ((12, 15), 'East')]","['(3, 10)', '(7, 10)']","['(12, 15)', '(11, 14)', '(3, 10)', '(7, 10)']",[556 states],194,0,194
557,"(7, 10)","(7, 11)",South,"[((7, 9), 'South')]","['(12, 15)', '(11, 14)', '(3, 10)']","['(7, 9)', '(12, 15)', '(11, 14)', '(3, 10)']",[557 states],195,0,195
558,"(3, 10)","(3, 11)",South,"[((3, 9), 'South')]","['(7, 9)', '(12, 15)', '(11, 14)']","['(3, 9)', '(7, 9)', '(12, 15)', '(11, 14)']",[558 states],195,0,195
559,"(11, 14)","(11, 15)",South,"[((11, 13), 'South')]","['(3, 9)', '(7, 9)', '(12, 15)']","['(11, 13)', '(3, 9)', '(7, 9)', '(12, 15)']",[559 states],195,0,195
560,"(12, 15)","(11, 15)",East,"[((13, 15), 'East')]","['(11, 13)', '(3, 9)', '(7, 9)']","['(13, 15)', '(11, 13)', '(3, 9)', '(7, 9)']",[560 states],195,0,195
561,"(7, 9)","(7, 10)",South,[],"['(13, 15)', '(11, 13)', '(3, 9)']","['(13, 15)', '(11, 13)', '(3, 9)']",[561 states],196,0,196
562,"(3, 9)","(3, 10)",South,"[((4, 9), 'East')]","['(13, 15)', '(11, 13)']","['(4, 9)', '(13, 15)', '(11, 13)']",[562 states],196,0,196
563,"(11, 13)","(11, 14)",South,"[((11, 12), 'South'), ((12, 13), 'East'), ((10, 13), 'West')]","['(4, 9)', '(13, 15)']","['(10, 13)', '(12, 13)', '(11, 12)', '(4, 9)', '(13, 15)']",[563 states],196,0,196
564,"(13, 15)","(12, 15)",East,"[((14, 15), 'East')]","['(10, 13)', '(12, 13)', '(11, 12)', '(4, 9)']","['(14, 15)', '(10, 13)', '(12, 13)', '(11, 12)', '(4, 9)']",[564 states],196,0,196
565,"(4, 9)","(3, 9)",East,"[((5, 9), 'East')]","['(14, 15)', '(10, 13)', '(12, 13)', '(11, 12)']","['(5, 9)', '(14, 15)', '(10, 13)', '(12, 13)', '(11, 12)']",[565 states],197,0,197
566,"(11, 12)","(11, 13)",South,"[((11, 11), 'South')]","['(5, 9)', '(14, 15)', '(10, 13)', '(12, 13)']","['(11, 11)', '(5, 9)', '(14, 15)', '(10, 13)', '(12, 13)']",[566 states],197,0,197
567,"(12, 13)","(11, 13)",East,[],"['(11, 11)', '(5, 9)', '(14, 15)', '(10, 13)']","['(11, 11)', '(5, 9)', '(14, 15)', '(10, 13)']",[567 states],197,0,197
568,"(10, 13)","(11, 13)",West,"[((9, 13), 'West')]","['(11, 11)', '(5, 9)', '(14, 15)']","['(9, 13)', '(11, 11)', '(5, 9)', '(14, 15)']",[568 states],197,0,197
569,"(14, 15)","(13, 15)",East,"[((15, 15), 'East')]","['(9, 13)', '(11, 11)', '(5, 9)']","['(15, 15)', '(9, 13)', '(11, 11)', '(5, 9)']",[569 states],197,0,197
570,"(5, 9)","(4, 9)",East,"[((5, 8), 'South')]","['(15, 15)', '(9, 13)', '(11, 11)']","['(5, 8)', '(15, 15)', '(9, 13)', '(11, 11)']",[570 states],198,0,198
571,"(11, 11)","(11, 12)",South,"[((11, 10), 'South'), ((12, 11), 'East'), ((10, 11), 'West')]","['(5, 8)', '(15, 15)', '(9, 13)']","['(10, 11)', '(12, 11)', '(11, 10)', '(5, 8)', '(15, 15)', '(9, 13)']",[571 states],198,0,198
572,"(9, 13)","(10, 13)",West,"[((8, 13), 'West')]","['(10, 11)', '(12, 11)', '(11, 10)', '(5, 8)', '(15, 15)']","['(8, 13)', '(10, 11)', '(12, 11)', '(11, 10)', '(5, 8)', '(15, 15)']",[572 states],198,0,198
573,"(15, 15)","(14, 15)",East,"[((16, 15), 'East')]","['(8, 13)', '(10, 11)', '(12, 11)', '(11, 10)', '(5, 8)']","['(16, 15)', '(8, 13)', '(10, 11)', '(12, 11)', '(11, 10)', '(5, 8)']",[573 states],198,0,198
574,"(5, 8)","(5, 9)",South,"[((5, 7), 'South')]","['(16, 15)', '(8, 13)', '(10, 11)', '(12, 11)', '(11, 10)']","['(5, 7)', '(16, 15)', '(8, 13)', '(10, 11)', '(12, 11)', '(11, 10)']",[574 states],199,0,199
575,"(11, 10)","(11, 11)",South,"[((11, 9), 'South')]","['(5, 7)', '(16, 15)', '(8, 13)', '(10, 11)', '(12, 11)']","['(11, 9)', '(5, 7)', '(16, 15)', '(8, 13)', '(10, 11)', '(12, 11)']",[575 states],199,0,199
576,"(12, 11)","(11, 11)",East,"[((13, 11), 'East')]","['(11, 9)', '(5, 7)', '(16, 15)', '(8, 13)', '(10, 11)']","['(13, 11)', '(11, 9)', '(5, 7)', '(16, 15)', '(8, 13)', '(10, 11)']",[576 states],199,0,199
577,"(10, 11)","(11, 11)",West,"[((9, 11), 'West')]","['(13, 11)', '(11, 9)', '(5, 7)', '(16, 15)', '(8, 13)']","['(9, 11)', '(13, 11)', '(11, 9)', '(5, 7)', '(16, 15)', '(8, 13)']",[577 states],199,0,199
578,"(8, 13)","(9, 13)",West,"[((7, 13), 'West')]","['(9, 11)', '(13, 11)', '(11, 9)', '(5, 7)', '(16, 15)']","['(7, 13)', '(9, 11)', '(13, 11)', '(11, 9)', '(5, 7)', '(16, 15)']",[578 states],199,0,199
579,"(16, 15)","(15, 15)",East,"[((17, 15), 'East')]","['(7, 13)', '(9, 11)', '(13, 11)', '(11, 9)', '(5, 7)']","['(17, 15)', '(7, 13)', '(9, 11)', '(13, 11)', '(11, 9)', '(5, 7)']",[579 states],199,0,199
580,"(5, 7)","(5, 8)",South,"[((5, 6), 'South'), ((6, 7), 'East'), ((4, 7), 'West')]","['(17, 15)', '(7, 13)', '(9, 11)', '(13, 11)', '(11, 9)']","['(4, 7)', '(6, 7)', '(5, 6)', '(17, 15)', '(7, 13)', '(9, 11)', '(13, 11)', '(11, 9)']",[580 states],200,0,200
581,"(11, 9)","(11, 10)",South,"[((10, 9), 'West')]","['(4, 7)', '(6, 7)', '(5, 6)', '(17, 15)', '(7, 13)', '(9, 11)', '(13, 11)']","['(10, 9)', '(4, 7)', '(6, 7)', '(5, 6)', '(17, 15)', '(7, 13)', '(9, 11)', '(13, 11)']",[581 states],200,0,200
582,"(13, 11)","(12, 11)",East,"[((13, 10), 'South')]","['(10, 9)', '(4, 7)', '(6, 7)', '(5, 6)', '(17, 15)', '(7, 13)', '(9, 11)']","['(13, 10)', '(10, 9)', '(4, 7)', '(6, 7)', '(5, 6)', '(17, 15)', '(7, 13)', '(9, 11)']",[582 states],200,0,200
583,"(9, 11)","(10, 11)",West,[],"['(13, 10)', '(10, 9)', '(4, 7)', '(6, 7)', '(5, 6)', '(17, 15)', '(7, 13)']","['(13, 10)', '(10, 9)', '(4, 7)', '(6, 7)', '(5, 6)', '(17, 15)', '(7, 13)']",[583 states],200,0,200
584,"(7, 13)","(8, 13)",West,[],"['(13, 10)', '(10, 9)', '(4, 7)', '(6, 7)', '(5, 6)', '(17, 15)']","['(13, 10)', '(10, 9)', '(4, 7)', '(6, 7)', '(5, 6)', '(17, 15)']",[584 states],200,0,200
585,"(17, 15)","(16, 15)",East,[],"['(13, 10)', '(10, 9)', '(4, 7)', '(6, 7)', '(5, 6)']","['(13, 10)', '(10, 9)', '(4, 7)', '(6, 7)', '(5, 6)']",[585 states],200,0,200
586,"(5, 6)","(5, 7)",South,"[((5, 5), 'South')]","['(13, 10)', '(10, 9)', '(4, 7)', '(6, 7)']","['(5, 5)', '(13, 10)', '(10, 9)', '(4, 7)', '(6, 7)']",[586 states],201,0,201
587,"(6, 7)","(5, 7)",East,"[((7, 7), 'East')]","['(5, 5)', '(13, 10)', '(10, 9)', '(4, 7)']","['(7, 7)', '(5, 5)', '(13, 10)', '(10, 9)', '(4, 7)']",[587 states],201,0,201
588,"(4, 7)","(5, 7)",West,"[((3, 7), 'West')]","['(7, 7)', '(5, 5)', '(13, 10)', '(10, 9)']","['(3, 7)', '(7, 7)', '(5, 5)', '(13, 10)', '(10, 9)']",[588 states],201,0,201
589,"(10, 9)","(11, 9)",West,"[((9, 9), 'West')]","['(3, 7)', '(7, 7)', '(5, 5)', '(13, 10)']","['(9, 9)', '(3, 7)', '(7, 7)', '(5, 5)', '(13, 10)']",[589 states],201,0,201
590,"(13, 10)","(13, 11)",South,"[((13, 9), 'South')]","['(9, 9)', '(3, 7)', '(7, 7)', '(5, 5)']","['(13, 9)', '(9, 9)', '(3, 7)', '(7, 7)', '(5, 5)']",[590 states],201,0,201
591,"(5, 5)","(5, 6)",South,[],"['(13, 9)', '(9, 9)', '(3, 7)', '(7, 7)']","['(13, 9)', '(9, 9)', '(3, 7)', '(7, 7)']",[591 states],202,0,202
592,"(7, 7)","(6, 7)",East,[],"['(13, 9)', '(9, 9)', '(3, 7)']","['(13, 9)', '(9, 9)', '(3, 7)']",[592 states],202,0,202
593,"(3, 7)","(4, 7)",West,"[((3, 6), 'South'), ((2, 7), 'West')]","['(13, 9)', '(9, 9)']","['(2, 7)', '(3, 6)', '(13, 9)', '(9, 9)']",[593 states],202,0,202
594,"(9, 9)","(10, 9)",West,"[((9, 8), 'South')]","['(2, 7)', '(3, 6)', '(13, 9)']","['(9, 8)', '(2, 7)', '(3, 6)', '(13, 9)']",[594 states],202,0,202
595,"(13, 9)","(13, 10)",South,[],"['(9, 8)', '(2, 7)', '(3, 6)']","['(9, 8)', '(2, 7)', '(3, 6)']",[595 states],202,0,202
596,"(3, 6)","(3, 7)",South,"[((3, 5), 'South')]","['(9, 8)', '(2, 7)']","['(3, 5)', '(9, 8)', '(2, 7)']",[596 states],203,0,203
597,"(2, 7)","(3, 7)",West,"[((1, 7), 'West')]","['(3, 5)', '(9, 8)']","['(1, 7)', '(3, 5)', '(9, 8)']",[597 states],203,0,203
598,"(9, 8)","(9, 9)",South,"[((9, 7), 'South')]","['(1, 7)', '(3, 5)']","['(9, 7)', '(1, 7)', '(3, 5)']",[598 states],203,0,203
599,"(3, 5)","(3, 6)",South,"[((3, 4), 'South')]","['(9, 7)', '(1, 7)']","['(3, 4)', '(9, 7)', '(1, 7)']",[599 states],204,0,204
600,"(1, 7)","(2, 7)",West,"[((1, 8), 'North')]","['(3, 4)', '(9, 7)']","['(1, 8)', '(3, 4)', '(9, 7)']",[600 states],204,0,204
601,"(9, 7)","(9, 8)",South,"[((10, 7), 'East')]","['(1, 8)', '(3, 4)']","['(10, 7)', '(1, 8)', '(3, 4)']",[601 states],204,0,204
602,"(3, 4)","(3, 5)",South,"[((3, 3), 'South')]","['(10, 7)', '(1, 8)']","['(3, 3)', '(10, 7)', '(1, 8)']",[602 states],205,0,205
603,"(1, 8)","(1, 7)",North,"[((1, 9), 'North')]","['(3, 3)', '(10, 7)']","['(1, 9)', '(3, 3)', '(10, 7)']",[603 states],205,0,205
604,"(10, 7)","(9, 7)",East,"[((11, 7), 'East')]","['(1, 9)', '(3, 3)']","['(11, 7)', '(1, 9)', '(3, 3)']",[604 states],205,0,205
605,"(3, 3)","(3, 4)",South,"[((3, 2), 'South'), ((2, 3), 'West')]","['(11, 7)', '(1, 9)']","['(2, 3)', '(3, 2)', '(11, 7)', '(1, 9)']",[605 states],206,0,206
606,"(1, 9)","(1, 8)",North,"[((1, 10), 'North')]","['(2, 3)', '(3, 2)', '(11, 7)']","['(1, 10)', '(2, 3)', '(3, 2)', '(11, 7)']",[606 states],206,0,206
607,"(11, 7)","(10, 7)",East,"[((11, 6), 'South')]","['(1, 10)', '(2, 3)', '(3, 2)']","['(11, 6)', '(1, 10)', '(2, 3)', '(3, 2)']",[607 states],206,0,206
608,"(3, 2)","(3, 3)",South,"[((3, 1), 'South')]","['(11, 6)', '(1, 10)', '(2, 3)']","['(3, 1)', '(11, 6)', '(1, 10)', '(2, 3)']",[608 states],207,0,207
609,"(2, 3)","(3, 3)",West,"[((1, 3), 'West')]","['(3, 1)', '(11, 6)', '(1, 10)']","['(1, 3)', '(3, 1)', '(11, 6)', '(1, 10)']",[609 states],207,0,207
610,"(1, 10)","(1, 9)",North,"[((1, 11), 'North')]","['(1, 3)', '(3, 1)', '(11, 6)']","['(1, 11)', '(1, 3)', '(3, 1)', '(11, 6)']",[610 states],207,0,207
611,"(11, 6)","(11, 7)",South,"[((11, 5), 'South')]","['(1, 11)', '(1, 3)', '(3, 1)']","['(11, 5)', '(1, 11)', '(1, 3)', '(3, 1)']",[611 states],207,0,207
612,"(3, 1)","(3, 2)",South,[],"['(11, 5)', '(1, 11)', '(1, 3)']","['(11, 5)', '(1, 11)', '(1, 3)']",[612 states],208,0,208
613,"(1, 3)","(2, 3)",West,"[((1, 4), 'North'), ((1, 2), 'South')]","['(11, 5)', '(1, 11)']","['(1, 2)', '(1, 4)', '(11, 5)', '(1, 11)']",[613 states],208,0,208
614,"(1, 11)","(1, 10)",North,"[((1, 12), 'North')]","['(1, 2)', '(1, 4)', '(11, 5)']","['(1, 12)', '(1, 2)', '(1, 4)', '(11, 5)']",[614 states],208,0,208
615,"(11, 5)","(11, 6)",South,"[((11, 4), 'South')]","['(1, 12)', '(1, 2)', '(1, 4)']","['(11, 4)', '(1, 12)', '(1, 2)', '(1, 4)']",[615 states],208,0,208
616,"(1, 4)","(1, 3)",North,"[((1, 5), 'North')]","['(11, 4)', '(1, 12)', '(1, 2)']","['(1, 5)', '(11, 4)', '(1, 12)', '(1, 2)']",[616 states],209,0,209
617,"(1, 2)","(1, 3)",South,"[((1, 1), 'South')]","['(1, 5)', '(11, 4)', '(1, 12)']","['(1, 1)', '(1, 5)', '(11, 4)', '(1, 12)']",[617 states],209,0,209
618,"(1, 12)","(1, 11)",North,"[((1, 13), 'North')]","['(1, 1)', '(1, 5)', '(11, 4)']","['(1, 13)', '(1, 1)', '(1, 5)', '(11, 4)']",[618 states],209,0,209
619,"(11, 4)","(11, 5)",South,"[((11, 3), 'South')]","['(1, 13)', '(1, 1)', '(1, 5)']","['(11, 3)', '(1, 13)', '(1, 1)', '(1, 5)']",[619 states],209,0,209
620,"(1, 5)","(1, 4)",North,[],"['(11, 3)', '(1, 13)', '(1, 1)']","['(11, 3)', '(1, 13)', '(1, 1)']",[620 states],210,0,210
621,"(1, 1)","(1, 2)",South,[],"['(11, 3)', '(1, 13)']","['(11, 3)', '(1, 13)']",[621 states],210,0,210
