iteration,expanded_state,parent,action,generated_successors,frontier_before,frontier_after,explored,g,h,f
1,"(35, 1)",None,Start,"[((35, 2), 'North'), ((34, 1), 'West')]",[],"['(35, 2)', '(34, 1)']","[(35, 1)]",0,0,0
2,"(34, 1)","(35, 1)",West,"[((33, 1), 'West')]","['(35, 2)']","['(35, 2)', '(33, 1)']","[(34, 1), (35, 1)]",1,0,1
3,"(33, 1)","(34, 1)",West,[],"['(35, 2)']","['(35, 2)']","[(33, 1), (34, 1), (35, 1)]",2,0,2
4,"(35, 2)","(35, 1)",North,"[((35, 3), 'North')]",[],"['(35, 3)']","[(35, 2), (33, 1), (34, 1), (35, 1)]",1,0,1
5,"(35, 3)","(35, 2)",North,"[((35, 4), 'North'), ((34, 3), 'West')]",[],"['(35, 4)', '(34, 3)']","[(33, 1), (34, 1), (35, 1), (35, 3), (35, 2)]",2,0,2
6,"(34, 3)","(35, 3)",West,"[((33, 3), 'West')]","['(35, 4)']","['(35, 4)', '(33, 3)']","[(33, 1), (34, 1), (35, 1), (34, 3), (35, 3), (35, 2)]",3,0,3
7,"(33, 3)","(34, 3)",West,"[((33, 4), 'North'), ((32, 3), 'West')]","['(35, 4)']","['(35, 4)', '(33, 4)', '(32, 3)']","[(33, 1), (34, 1), (35, 1), (33, 3), (34, 3), (35, 3), (35, 2)]",4,0,4
8,"(32, 3)","(33, 3)",West,"[((31, 3), 'West')]","['(35, 4)', '(33, 4)']","['(35, 4)', '(33, 4)', '(31, 3)']","[(33, 1), (34, 1), (35, 1), (32, 3), (33, 3), (34, 3), (35, 3), (35, 2)]",5,0,5
9,"(31, 3)","(32, 3)",West,"[((31, 4), 'North'), ((31, 2), 'South')]","['(35, 4)', '(33, 4)']","['(35, 4)', '(33, 4)', '(31, 4)', '(31, 2)']","[(33, 1), (34, 1), (35, 1), (32, 3), (33, 3), (34, 3), (35, 3), (31, 3), (35, 2)]",6,0,6
10,"(31, 2)","(31, 3)",South,"[((31, 1), 'South')]","['(35, 4)', '(33, 4)', '(31, 4)']","['(35, 4)', '(33, 4)', '(31, 4)', '(31, 1)']","[(33, 1), (34, 1), (35, 1), (32, 3), (33, 3), (34, 3), (35, 3), (31, 3), (35, 2), (31, 2)]",7,0,7
11,"(31, 1)","(31, 2)",South,[],"['(35, 4)', '(33, 4)', '(31, 4)']","['(35, 4)', '(33, 4)', '(31, 4)']","[(33, 1), (34, 1), (35, 1), (32, 3), (31, 1), (33, 3), (34, 3), (35, 3), (31, 3), (35, 2), (31, 2)]",8,0,8
12,"(31, 4)","(31, 3)",North,"[((31, 5), 'North')]","['(35, 4)', '(33, 4)']","['(35, 4)', '(33, 4)', '(31, 5)']","[(33, 1), (34, 1), (35, 1), (31, 4), (32, 3), (31, 1), (33, 3), (34, 3), (35, 3), (31, 3), (35, 2), (31, 2)]",7,0,7
13,"(31, 5)","(31, 4)",North,"[((31, 6), 'North'), ((30, 5), 'West')]","['(35, 4)', '(33, 4)']","['(35, 4)', '(33, 4)', '(31, 6)', '(30, 5)']","[(31, 5), (33, 1), (34, 1), (35, 1), (31, 4), (32, 3), (31, 1), (33, 3), (34, 3), (35, 3), (31, 3), (35, 2), (31, 2)]",8,0,8
14,"(30, 5)","(31, 5)",West,"[((29, 5), 'West')]","['(35, 4)', '(33, 4)', '(31, 6)']","['(35, 4)', '(33, 4)', '(31, 6)', '(29, 5)']","[(31, 5), (33, 1), (34, 1), (35, 1), (31, 4), (32, 3), (31, 1), (33, 3), (34, 3), (35, 3), (31, 3), (35, 2), (31, 2), (30, 5)]",9,0,9
15,"(29, 5)","(30, 5)",West,"[((29, 4), 'South')]","['(35, 4)', '(33, 4)', '(31, 6)']","['(35, 4)', '(33, 4)', '(31, 6)', '(29, 4)']","[(31, 5), (33, 1), (34, 1), (35, 1), (31, 4), (32, 3), (31, 1), (33, 3), (34, 3), (35, 3), (31, 3), (35, 2), (29, 5), (31, 2), (30, 5)]",10,0,10
16,"(29, 4)","(29, 5)",South,"[((29, 3), 'South')]","['(35, 4)', '(33, 4)', '(31, 6)']","['(35, 4)', '(33, 4)', '(31, 6)', '(29, 3)']","[(31, 5), (33, 1), (29, 4), (34, 1), (35, 1), (31, 4), (32, 3), (31, 1), (33, 3), (34, 3), (35, 3), (31, 3), (35, 2), (29, 5), (31, 2), (30, 5)]",11,0,11
17,"(29, 3)","(29, 4)",South,"[((28, 3), 'West')]","['(35, 4)', '(33, 4)', '(31, 6)']","['(35, 4)', '(33, 4)', '(31, 6)', '(28, 3)']","[(31, 5), (33, 1), (29, 4), (34, 1), (35, 1), (31, 4), (32, 3), (31, 1), (33, 3), (34, 3), (29, 3), (35, 3), (31, 3), (35, 2), (29, 5), (31, 2), (30, 5)]",12,0,12
18,"(28, 3)","(29, 3)",West,"[((27, 3), 'West')]","['(35, 4)', '(33, 4)', '(31, 6)']","['(35, 4)', '(33, 4)', '(31, 6)', '(27, 3)']","[(31, 5), (33, 1), (29, 4), (34, 1), (35, 1), (31, 4), (32, 3), (31, 1), (33, 3), (28, 3), (34, 3), (29, 3), (35, 3), (31, 3), (35, 2), (29, 5), (31, 2), (30, 5)]",13,0,13
19,"(27, 3)","(28, 3)",West,"[((27, 4), 'North'), ((27, 2), 'South'), ((26, 3), 'West')]","['(35, 4)', '(33, 4)', '(31, 6)']","['(35, 4)', '(33, 4)', '(31, 6)', '(27, 4)', '(27, 2)', '(26, 3)']","[(31, 5), (34, 1), (28, 3), (32, 3), (35, 2), (29, 4), (31, 4), (31, 1), (34, 3), (27, 3), (30, 5), (33, 1), (35, 1), (29, 3), (31, 3), (33, 3), (35, 3), (29, 5), (31, 2)]",14,0,14
20,"(26, 3)","(27, 3)",West,"[((25, 3), 'West')]","['(35, 4)', '(33, 4)', '(31, 6)', '(27, 4)', '(27, 2)']","['(35, 4)', '(33, 4)', '(31, 6)', '(27, 4)', '(27, 2)', '(25, 3)']","[(31, 5), (34, 1), (28, 3), (32, 3), (35, 2), (29, 4), (31, 4), (31, 1), (34, 3), (27, 3), (30, 5), (33, 1), (35, 1), (29, 3), (31, 3), (33, 3), (35, 3), (26, 3), (29, 5), (31, 2)]",15,0,15
21,"(25, 3)","(26, 3)",West,"[((25, 4), 'North'), ((24, 3), 'West')]","['(35, 4)', '(33, 4)', '(31, 6)', '(27, 4)', '(27, 2)']","['(35, 4)', '(33, 4)', '(31, 6)', '(27, 4)', '(27, 2)', '(25, 4)', '(24, 3)']","[(31, 5), (34, 1), (28, 3), (32, 3), (35, 2), (29, 4), (31, 4), (31, 1), (34, 3), (27, 3), (30, 5), (33, 1), (25, 3), (35, 1), (29, 3), (31, 3), (33, 3), (35, 3), (26, 3), (29, 5), (31, 2)]",16,0,16
22,"(24, 3)","(25, 3)",West,"[((23, 3), 'West')]","['(35, 4)', '(33, 4)', '(31, 6)', '(27, 4)', '(27, 2)', '(25, 4)']","['(35, 4)', '(33, 4)', '(31, 6)', '(27, 4)', '(27, 2)', '(25, 4)', '(23, 3)']","[(31, 5), (34, 1), (28, 3), (32, 3), (35, 2), (29, 4), (31, 4), (31, 1), (34, 3), (27, 3), (30, 5), (33, 1), (25, 3), (35, 1), (29, 3), (31, 3), (33, 3), (35, 3), (24, 3), (26, 3), (29, 5), (31, 2)]",17,0,17
23,"(23, 3)","(24, 3)",West,"[((23, 2), 'South'), ((22, 3), 'West')]","['(35, 4)', '(33, 4)', '(31, 6)', '(27, 4)', '(27, 2)', '(25, 4)']","['(35, 4)', '(33, 4)', '(31, 6)', '(27, 4)', '(27, 2)', '(25, 4)', '(23, 2)', '(22, 3)']","[(31, 5), (34, 1), (28, 3), (32, 3), (35, 2), (29, 4), (31, 4), (31, 1), (23, 3), (34, 3), (27, 3), (30, 5), (33, 1), (25, 3), (35, 1), (29, 3), (31, 3), (33, 3), (35, 3), (24, 3), (26, 3), (29, 5), (31, 2)]",18,0,18
24,"(22, 3)","(23, 3)",West,"[((21, 3), 'West')]","['(35, 4)', '(33, 4)', '(31, 6)', '(27, 4)', '(27, 2)', '(25, 4)', '(23, 2)']","['(35, 4)', '(33, 4)', '(31, 6)', '(27, 4)', '(27, 2)', '(25, 4)', '(23, 2)', '(21, 3)']","[(31, 5), (34, 1), (28, 3), (32, 3), (35, 2), (29, 4), (31, 4), (31, 1), (23, 3), (34, 3), (27, 3), (30, 5), (33, 1), (25, 3), (35, 1), (29, 3), (31, 3), (22, 3), (33, 3), (35, 3), (24, 3), (26, 3), (29, 5), (31, 2)]",19,0,19
25,"(21, 3)","(22, 3)",West,"[((20, 3), 'West')]","['(35, 4)', '(33, 4)', '(31, 6)', '(27, 4)', '(27, 2)', '(25, 4)', '(23, 2)']","['(35, 4)', '(33, 4)', '(31, 6)', '(27, 4)', '(27, 2)', '(25, 4)', '(23, 2)', '(20, 3)']","[(31, 5), (34, 1), (28, 3), (32, 3), (35, 2), (29, 4), (31, 4), (21, 3), (31, 1), (23, 3), (34, 3), (27, 3), (30, 5), (33, 1), (25, 3), (35, 1), (29, 3), (31, 3), (22, 3), (33, 3), (35, 3), (24, 3), (26, 3), (29, 5), (31, 2)]",20,0,20
26,"(20, 3)","(21, 3)",West,"[((19, 3), 'West')]","['(35, 4)', '(33, 4)', '(31, 6)', '(27, 4)', '(27, 2)', '(25, 4)', '(23, 2)']","['(35, 4)', '(33, 4)', '(31, 6)', '(27, 4)', '(27, 2)', '(25, 4)', '(23, 2)', '(19, 3)']","[(31, 5), (34, 1), (28, 3), (32, 3), (35, 2), (29, 4), (31, 4), (21, 3), (31, 1), (23, 3), (34, 3), (27, 3), (30, 5), (33, 1), (25, 3), (35, 1), (29, 3), (31, 3), (20, 3), (22, 3), (33, 3), (35, 3), (24, 3), (26, 3), (29, 5), (31, 2)]",21,0,21
27,"(19, 3)","(20, 3)",West,"[((18, 3), 'West')]","['(35, 4)', '(33, 4)', '(31, 6)', '(27, 4)', '(27, 2)', '(25, 4)', '(23, 2)']","['(35, 4)', '(33, 4)', '(31, 6)', '(27, 4)', '(27, 2)', '(25, 4)', '(23, 2)', '(18, 3)']","[(31, 5), (34, 1), (28, 3), (19, 3), (32, 3), (35, 2), (29, 4), (31, 4), (21, 3), (31, 1), (23, 3), (34, 3), (27, 3), (30, 5), (33, 1), (25, 3), (35, 1), (29, 3), (31, 3), (20, 3), (22, 3), (33, 3), (35, 3), (24, 3), (26, 3), (29, 5), (31, 2)]",22,0,22
28,"(18, 3)","(19, 3)",West,"[((17, 3), 'West')]","['(35, 4)', '(33, 4)', '(31, 6)', '(27, 4)', '(27, 2)', '(25, 4)', '(23, 2)']","['(35, 4)', '(33, 4)', '(31, 6)', '(27, 4)', '(27, 2)', '(25, 4)', '(23, 2)', '(17, 3)']","[(31, 5), (34, 1), (28, 3), (19, 3), (32, 3), (35, 2), (29, 4), (31, 4), (21, 3), (31, 1), (23, 3), (34, 3), (27, 3), (30, 5), (33, 1), (25, 3), (35, 1), (18, 3), (29, 3), (31, 3), (20, 3), (22, 3), (33, 3), (35, 3), (24, 3), (26, 3), (29, 5), (31, 2)]",23,0,23
29,"(17, 3)","(18, 3)",West,"[((16, 3), 'West')]","['(35, 4)', '(33, 4)', '(31, 6)', '(27, 4)', '(27, 2)', '(25, 4)', '(23, 2)']","['(35, 4)', '(33, 4)', '(31, 6)', '(27, 4)', '(27, 2)', '(25, 4)', '(23, 2)', '(16, 3)']","[(31, 5), (34, 1), (28, 3), (17, 3), (19, 3), (32, 3), (35, 2), (29, 4), (31, 4), (21, 3), (31, 1), (23, 3), (34, 3), (27, 3), (30, 5), (33, 1), (25, 3), (35, 1), (18, 3), (29, 3), (31, 3), (20, 3), (22, 3), (33, 3), (35, 3), (24, 3), (26, 3), (29, 5), (31, 2)]",24,0,24
30,"(16, 3)","(17, 3)",West,"[((15, 3), 'West')]","['(35, 4)', '(33, 4)', '(31, 6)', '(27, 4)', '(27, 2)', '(25, 4)', '(23, 2)']","['(35, 4)', '(33, 4)', '(31, 6)', '(27, 4)', '(27, 2)', '(25, 4)', '(23, 2)', '(15, 3)']","[(31, 5), (34, 1), (28, 3), (17, 3), (19, 3), (32, 3), (35, 2), (29, 4), (31, 4), (21, 3), (31, 1), (23, 3), (34, 3), (27, 3), (30, 5), (33, 1), (25, 3), (35, 1), (16, 3), (18, 3), (29, 3), (31, 3), (20, 3), (22, 3), (33, 3), (35, 3), (24, 3), (26, 3), (29, 5), (31, 2)]",25,0,25
31,"(15, 3)","(16, 3)",West,"[((15, 4), 'North'), ((15, 2), 'South'), ((14, 3), 'West')]","['(35, 4)', '(33, 4)', '(31, 6)', '(27, 4)', '(27, 2)', '(25, 4)', '(23, 2)']","['(35, 4)', '(33, 4)', '(31, 6)', '(27, 4)', '(27, 2)', '(25, 4)', '(23, 2)', '(15, 4)', '(15, 2)', '(14, 3)']","[(31, 5), (34, 1), (28, 3), (17, 3), (19, 3), (32, 3), (35, 2), (29, 4), (31, 4), (21, 3), (31, 1), (23, 3), (34, 3), (27, 3), (30, 5), (33, 1), (25, 3), (35, 1), (16, 3), (18, 3), (29, 3), (31, 3), (20, 3), (22, 3), (33, 3), (35, 3), (24, 3), (26, 3), (15, 3), (29, 5), (31, 2)]",26,0,26
32,"(14, 3)","(15, 3)",West,"[((13, 3), 'West')]","['(35, 4)', '(33, 4)', '(31, 6)', '(27, 4)', '(27, 2)', '(25, 4)', '(23, 2)', '(15, 4)', '(15, 2)']","['(35, 4)', '(33, 4)', '(31, 6)', '(27, 4)', '(27, 2)', '(25, 4)', '(23, 2)', '(15, 4)', '(15, 2)', '(13, 3)']","[(31, 5), (34, 1), (28, 3), (17, 3), (19, 3), (32, 3), (35, 2), (29, 4), (31, 4), (21, 3), (31, 1), (23, 3), (34, 3), (14, 3), (27, 3), (30, 5), (33, 1), (25, 3), (35, 1), (16, 3), (18, 3), (29, 3), (31, 3), (20, 3), (22, 3), (33, 3), (35, 3), (24, 3), (26, 3), (15, 3), (29, 5), (31, 2)]",27,0,27
33,"(13, 3)","(14, 3)",West,"[((13, 4), 'North')]","['(35, 4)', '(33, 4)', '(31, 6)', '(27, 4)', '(27, 2)', '(25, 4)', '(23, 2)', '(15, 4)', '(15, 2)']","['(35, 4)', '(33, 4)', '(31, 6)', '(27, 4)', '(27, 2)', '(25, 4)', '(23, 2)', '(15, 4)', '(15, 2)', '(13, 4)']","[(31, 5), (34, 1), (28, 3), (17, 3), (19, 3), (32, 3), (35, 2), (29, 4), (31, 4), (21, 3), (31, 1), (23, 3), (34, 3), (14, 3), (27, 3), (30, 5), (33, 1), (25, 3), (35, 1), (16, 3), (18, 3), (29, 3), (31, 3), (20, 3), (22, 3), (33, 3), (35, 3), (24, 3), (13, 3), (26, 3), (15, 3), (29, 5), (31, 2)]",28,0,28
34,"(13, 4)","(13, 3)",North,"[((13, 5), 'North')]","['(35, 4)', '(33, 4)', '(31, 6)', '(27, 4)', '(27, 2)', '(25, 4)', '(23, 2)', '(15, 4)', '(15, 2)']","['(35, 4)', '(33, 4)', '(31, 6)', '(27, 4)', '(27, 2)', '(25, 4)', '(23, 2)', '(15, 4)', '(15, 2)', '(13, 5)']","[(31, 5), (34, 1), (28, 3), (17, 3), (19, 3), (32, 3), (35, 2), (29, 4), (31, 4), (21, 3), (31, 1), (23, 3), (34, 3), (14, 3), (27, 3), (30, 5), (33, 1), (13, 4), (25, 3), (35, 1), (16, 3), (18, 3), (29, 3), (31, 3), (20, 3), (22, 3), (33, 3), (35, 3), (24, 3), (13, 3), (26, 3), (15, 3), (29, 5), (31, 2)]",29,0,29
35,"(13, 5)","(13, 4)",North,[],"['(35, 4)', '(33, 4)', '(31, 6)', '(27, 4)', '(27, 2)', '(25, 4)', '(23, 2)', '(15, 4)', '(15, 2)']","['(35, 4)', '(33, 4)', '(31, 6)', '(27, 4)', '(27, 2)', '(25, 4)', '(23, 2)', '(15, 4)', '(15, 2)']","[(31, 5), (34, 1), (28, 3), (17, 3), (19, 3), (32, 3), (35, 2), (13, 5), (29, 4), (31, 4), (21, 3), (31, 1), (23, 3), (34, 3), (14, 3), (27, 3), (30, 5), (33, 1), (13, 4), (25, 3), (35, 1), (16, 3), (18, 3), (29, 3), (31, 3), (20, 3), (22, 3), (33, 3), (35, 3), (24, 3), (13, 3), (26, 3), (15, 3), (29, 5), (31, 2)]",30,0,30
36,"(15, 2)","(15, 3)",South,"[((15, 1), 'South')]","['(35, 4)', '(33, 4)', '(31, 6)', '(27, 4)', '(27, 2)', '(25, 4)', '(23, 2)', '(15, 4)']","['(35, 4)', '(33, 4)', '(31, 6)', '(27, 4)', '(27, 2)', '(25, 4)', '(23, 2)', '(15, 4)', '(15, 1)']","[(31, 5), (34, 1), (28, 3), (17, 3), (19, 3), (32, 3), (35, 2), (13, 5), (15, 2), (29, 4), (31, 4), (21, 3), (31, 1), (23, 3), (34, 3), (14, 3), (27, 3), (30, 5), (33, 1), (13, 4), (25, 3), (35, 1), (16, 3), (18, 3), (29, 3), (31, 3), (20, 3), (22, 3), (33, 3), (35, 3), (24, 3), (13, 3), (26, 3), (15, 3), (29, 5), (31, 2)]",27,0,27
37,"(15, 1)","(15, 2)",South,"[((16, 1), 'East')]","['(35, 4)', '(33, 4)', '(31, 6)', '(27, 4)', '(27, 2)', '(25, 4)', '(23, 2)', '(15, 4)']","['(35, 4)', '(33, 4)', '(31, 6)', '(27, 4)', '(27, 2)', '(25, 4)', '(23, 2)', '(15, 4)', '(16, 1)']","[(31, 5), (34, 1), (28, 3), (17, 3), (19, 3), (32, 3), (35, 2), (13, 5), (15, 2), (29, 4), (31, 4), (21, 3), (31, 1), (23, 3), (34, 3), (14, 3), (27, 3), (30, 5), (33, 1), (13, 4), (25, 3), (35, 1), (16, 3), (15, 1), (18, 3), (29, 3), (31, 3), (20, 3), (22, 3), (33, 3), (35, 3), (24, 3), (13, 3), (26, 3), (15, 3), (29, 5), (31, 2)]",28,0,28
38,"(16, 1)","(15, 1)",East,"[((17, 1), 'East')]","['(35, 4)', '(33, 4)', '(31, 6)', '(27, 4)', '(27, 2)', '(25, 4)', '(23, 2)', '(15, 4)']","['(35, 4)', '(33, 4)', '(31, 6)', '(27, 4)', '(27, 2)', '(25, 4)', '(23, 2)', '(15, 4)', '(17, 1)']","[(31, 5), (34, 1), (28, 3), (17, 3), (19, 3), (32, 3), (35, 2), (13, 5), (15, 2), (16, 1), (29, 4), (31, 4), (21, 3), (31, 1), (23, 3), (34, 3), (14, 3), (27, 3), (30, 5), (33, 1), (13, 4), (25, 3), (35, 1), (16, 3), (15, 1), (18, 3), (29, 3), (31, 3), (20, 3), (22, 3), (33, 3), (35, 3), (24, 3), (13, 3), (26, 3), (15, 3), (29, 5), (31, 2)]",29,0,29
39,"(17, 1)","(16, 1)",East,[],"['(35, 4)', '(33, 4)', '(31, 6)', '(27, 4)', '(27, 2)', '(25, 4)', '(23, 2)', '(15, 4)']","['(35, 4)', '(33, 4)', '(31, 6)', '(27, 4)', '(27, 2)', '(25, 4)', '(23, 2)', '(15, 4)']","[(31, 5), (34, 1), (28, 3), (17, 3), (19, 3), (32, 3), (35, 2), (13, 5), (15, 2), (16, 1), (29, 4), (31, 4), (21, 3), (31, 1), (23, 3), (34, 3), (14, 3), (27, 3), (30, 5), (33, 1), (13, 4), (25, 3), (35, 1), (16, 3), (15, 1), (18, 3), (29, 3), (31, 3), (20, 3), (22, 3), (17, 1), (33, 3), (35, 3), (24, 3), (13, 3), (26, 3), (15, 3), (29, 5), (31, 2)]",30,0,30
40,"(15, 4)","(15, 3)",North,"[((15, 5), 'North')]","['(35, 4)', '(33, 4)', '(31, 6)', '(27, 4)', '(27, 2)', '(25, 4)', '(23, 2)']","['(35, 4)', '(33, 4)', '(31, 6)', '(27, 4)', '(27, 2)', '(25, 4)', '(23, 2)', '(15, 5)']","[(31, 5), (34, 1), (28, 3), (17, 3), (19, 3), (32, 3), (35, 2), (13, 5), (15, 2), (16, 1), (29, 4), (31, 4), (21, 3), (31, 1), (23, 3), (34, 3), (14, 3), (27, 3), (30, 5), (33, 1), (13, 4), (25, 3), (35, 1), (15, 4), (16, 3), (15, 1), (18, 3), (29, 3), (31, 3), (20, 3), (22, 3), (17, 1), (33, 3), (35, 3), (24, 3), (13, 3), (26, 3), (15, 3), (29, 5), (31, 2)]",27,0,27
41,"(15, 5)","(15, 4)",North,"[((16, 5), 'East')]","['(35, 4)', '(33, 4)', '(31, 6)', '(27, 4)', '(27, 2)', '(25, 4)', '(23, 2)']","['(35, 4)', '(33, 4)', '(31, 6)', '(27, 4)', '(27, 2)', '(25, 4)', '(23, 2)', '(16, 5)']","[(31, 5), (34, 1), (28, 3), (17, 3), (19, 3), (32, 3), (35, 2), (13, 5), (15, 2), (16, 1), (15, 5), (29, 4), (31, 4), (21, 3), (31, 1), (23, 3), (34, 3), (14, 3), (27, 3), (30, 5), (33, 1), (13, 4), (25, 3), (35, 1), (15, 4), (16, 3), (15, 1), (18, 3), (29, 3), (31, 3), (20, 3), (22, 3), (17, 1), (33, 3), (35, 3), (24, 3), (13, 3), (26, 3), (15, 3), (29, 5), (31, 2)]",28,0,28
42,"(16, 5)","(15, 5)",East,"[((17, 5), 'East')]","['(35, 4)', '(33, 4)', '(31, 6)', '(27, 4)', '(27, 2)', '(25, 4)', '(23, 2)']","['(35, 4)', '(33, 4)', '(31, 6)', '(27, 4)', '(27, 2)', '(25, 4)', '(23, 2)', '(17, 5)']","[(31, 5), (34, 1), (28, 3), (17, 3), (19, 3), (32, 3), (35, 2), (13, 5), (15, 2), (16, 1), (15, 5), (29, 4), (31, 4), (21, 3), (31, 1), (23, 3), (34, 3), (14, 3), (27, 3), (30, 5), (33, 1), (13, 4), (25, 3), (35, 1), (15, 4), (16, 3), (15, 1), (18, 3), (29, 3), (31, 3), (20, 3), (22, 3), (17, 1), (33, 3), (35, 3), (24, 3), (13, 3), (16, 5), (26, 3), (15, 3), (29, 5), (31, 2)]",29,0,29
43,"(17, 5)","(16, 5)",East,"[((17, 6), 'North'), ((18, 5), 'East')]","['(35, 4)', '(33, 4)', '(31, 6)', '(27, 4)', '(27, 2)', '(25, 4)', '(23, 2)']","['(35, 4)', '(33, 4)', '(31, 6)', '(27, 4)', '(27, 2)', '(25, 4)', '(23, 2)', '(17, 6)', '(18, 5)']","[(31, 5), (34, 1), (28, 3), (17, 3), (19, 3), (32, 3), (35, 2), (13, 5), (15, 2), (16, 1), (15, 5), (29, 4), (31, 4), (21, 3), (31, 1), (23, 3), (34, 3), (14, 3), (17, 5), (27, 3), (30, 5), (33, 1), (13, 4), (25, 3), (35, 1), (15, 4), (16, 3), (15, 1), (18, 3), (29, 3), (31, 3), (20, 3), (22, 3), (17, 1), (33, 3), (35, 3), (24, 3), (13, 3), (16, 5), (26, 3), (15, 3), (29, 5), (31, 2)]",30,0,30
44,"(18, 5)","(17, 5)",East,"[((19, 5), 'East')]","['(35, 4)', '(33, 4)', '(31, 6)', '(27, 4)', '(27, 2)', '(25, 4)', '(23, 2)', '(17, 6)']","['(35, 4)', '(33, 4)', '(31, 6)', '(27, 4)', '(27, 2)', '(25, 4)', '(23, 2)', '(17, 6)', '(19, 5)']","[(31, 5), (34, 1), (28, 3), (17, 3), (19, 3), (32, 3), (35, 2), (13, 5), (15, 2), (16, 1), (15, 5), (29, 4), (31, 4), (21, 3), (31, 1), (23, 3), (34, 3), (14, 3), (17, 5), (27, 3), (30, 5), (33, 1), (13, 4), (25, 3), (35, 1), (15, 4), (16, 3), (15, 1), (18, 3), (29, 3), (31, 3), (20, 3), (22, 3), (17, 1), (33, 3), (35, 3), (24, 3), (13, 3), (16, 5), (26, 3), (15, 3), (18, 5), (29, 5), (31, 2)]",31,0,31
45,"(19, 5)","(18, 5)",East,[],"['(35, 4)', '(33, 4)', '(31, 6)', '(27, 4)', '(27, 2)', '(25, 4)', '(23, 2)', '(17, 6)']","['(35, 4)', '(33, 4)', '(31, 6)', '(27, 4)', '(27, 2)', '(25, 4)', '(23, 2)', '(17, 6)']","[(31, 5), (34, 1), (28, 3), (17, 3), (19, 3), (32, 3), (35, 2), (13, 5), (15, 2), (16, 1), (15, 5), (29, 4), (31, 4), (21, 3), (31, 1), (23, 3), (34, 3), (14, 3), (17, 5), (27, 3), (30, 5), (19, 5), (33, 1), (13, 4), (25, 3), (35, 1), (15, 4), (16, 3), (15, 1), (18, 3), (29, 3), (31, 3), (20, 3), (22, 3), (17, 1), (33, 3), (35, 3), (24, 3), (13, 3), (16, 5), (26, 3), (15, 3), (18, 5), (29, 5), (31, 2)]",32,0,32
46,"(17, 6)","(17, 5)",North,"[((17, 7), 'North')]","['(35, 4)', '(33, 4)', '(31, 6)', '(27, 4)', '(27, 2)', '(25, 4)', '(23, 2)']","['(35, 4)', '(33, 4)', '(31, 6)', '(27, 4)', '(27, 2)', '(25, 4)', '(23, 2)', '(17, 7)']","[(31, 5), (34, 1), (28, 3), (17, 3), (17, 6), (19, 3), (32, 3), (35, 2), (13, 5), (15, 2), (16, 1), (15, 5), (29, 4), (31, 4), (21, 3), (31, 1), (23, 3), (34, 3), (14, 3), (17, 5), (27, 3), (30, 5), (19, 5), (33, 1), (13, 4), (25, 3), (35, 1), (15, 4), (16, 3), (15, 1), (18, 3), (29, 3), (31, 3), (20, 3), (22, 3), (17, 1), (33, 3), (35, 3), (24, 3), (13, 3), (16, 5), (26, 3), (15, 3), (18, 5), (29, 5), (31, 2)]",31,0,31
47,"(17, 7)","(17, 6)",North,"[((16, 7), 'West')]","['(35, 4)', '(33, 4)', '(31, 6)', '(27, 4)', '(27, 2)', '(25, 4)', '(23, 2)']","['(35, 4)', '(33, 4)', '(31, 6)', '(27, 4)', '(27, 2)', '(25, 4)', '(23, 2)', '(16, 7)']","[(31, 5), (34, 1), (28, 3), (17, 3), (17, 6), (19, 3), (32, 3), (35, 2), (13, 5), (15, 2), (16, 1), (15, 5), (29, 4), (31, 4), (21, 3), (31, 1), (23, 3), (34, 3), (14, 3), (17, 5), (27, 3), (30, 5), (19, 5), (33, 1), (13, 4), (25, 3), (35, 1), (15, 4), (16, 3), (15, 1), (18, 3), (29, 3), (31, 3), (20, 3), (22, 3), (17, 1), (17, 7), (33, 3), (35, 3), (24, 3), (13, 3), (16, 5), (26, 3), (15, 3), (18, 5), (29, 5), (31, 2)]",32,0,32
48,"(16, 7)","(17, 7)",West,"[((15, 7), 'West')]","['(35, 4)', '(33, 4)', '(31, 6)', '(27, 4)', '(27, 2)', '(25, 4)', '(23, 2)']","['(35, 4)', '(33, 4)', '(31, 6)', '(27, 4)', '(27, 2)', '(25, 4)', '(23, 2)', '(15, 7)']","[(31, 5), (34, 1), (28, 3), (17, 3), (17, 6), (19, 3), (32, 3), (35, 2), (13, 5), (15, 2), (16, 1), (16, 7), (15, 5), (29, 4), (31, 4), (21, 3), (31, 1), (23, 3), (34, 3), (14, 3), (17, 5), (27, 3), (30, 5), (19, 5), (33, 1), (13, 4), (25, 3), (35, 1), (15, 4), (16, 3), (15, 1), (18, 3), (29, 3), (31, 3), (20, 3), (22, 3), (17, 1), (17, 7), (33, 3), (35, 3), (24, 3), (13, 3), (16, 5), (26, 3), (15, 3), (18, 5), (29, 5), (31, 2)]",33,0,33
49,"(15, 7)","(16, 7)",West,"[((15, 8), 'North'), ((14, 7), 'West')]","['(35, 4)', '(33, 4)', '(31, 6)', '(27, 4)', '(27, 2)', '(25, 4)', '(23, 2)']","['(35, 4)', '(33, 4)', '(31, 6)', '(27, 4)', '(27, 2)', '(25, 4)', '(23, 2)', '(15, 8)', '(14, 7)']","[(31, 5), (34, 1), (28, 3), (17, 3), (17, 6), (19, 3), (32, 3), (35, 2), (13, 5), (15, 2), (16, 1), (16, 7), (15, 5), (29, 4), (31, 4), (21, 3), (31, 1), (23, 3), (34, 3), (14, 3), (17, 5), (27, 3), (30, 5), (19, 5), (33, 1), (13, 4), (25, 3), (35, 1), (15, 4), (16, 3), (15, 1), (15, 7), (18, 3), (29, 3), (31, 3), (20, 3), (22, 3), (17, 1), (17, 7), (33, 3), (35, 3), (24, 3), (13, 3), (16, 5), (26, 3), (15, 3), (18, 5), (29, 5), (31, 2)]",34,0,34
50,"(14, 7)","(15, 7)",West,"[((13, 7), 'West')]","['(35, 4)', '(33, 4)', '(31, 6)', '(27, 4)', '(27, 2)', '(25, 4)', '(23, 2)', '(15, 8)']","['(35, 4)', '(33, 4)', '(31, 6)', '(27, 4)', '(27, 2)', '(25, 4)', '(23, 2)', '(15, 8)', '(13, 7)']","[(31, 5), (34, 1), (14, 7), (28, 3), (17, 3), (17, 6), (19, 3), (32, 3), (35, 2), (13, 5), (15, 2), (16, 1), (16, 7), (15, 5), (29, 4), (31, 4), (21, 3), (31, 1), (23, 3), (34, 3), (14, 3), (17, 5), (27, 3), (30, 5), (19, 5), (33, 1), (13, 4), (25, 3), (35, 1), (15, 4), (16, 3), (15, 1), (15, 7), (18, 3), (29, 3), (31, 3), (20, 3), (22, 3), (17, 1), (17, 7), (33, 3), (35, 3), (24, 3), (13, 3), (16, 5), (26, 3), (15, 3), (18, 5), (29, 5), (31, 2)]",35,0,35
51,"(13, 7)","(14, 7)",West,[],"['(35, 4)', '(33, 4)', '(31, 6)', '(27, 4)', '(27, 2)', '(25, 4)', '(23, 2)', '(15, 8)']","['(35, 4)', '(33, 4)', '(31, 6)', '(27, 4)', '(27, 2)', '(25, 4)', '(23, 2)', '(15, 8)']",[51 states],36,0,36
52,"(15, 8)","(15, 7)",North,"[((15, 9), 'North')]","['(35, 4)', '(33, 4)', '(31, 6)', '(27, 4)', '(27, 2)', '(25, 4)', '(23, 2)']","['(35, 4)', '(33, 4)', '(31, 6)', '(27, 4)', '(27, 2)', '(25, 4)', '(23, 2)', '(15, 9)']",[52 states],35,0,35
53,"(15, 9)","(15, 8)",North,"[((15, 10), 'North')]","['(35, 4)', '(33, 4)', '(31, 6)', '(27, 4)', '(27, 2)', '(25, 4)', '(23, 2)']","['(35, 4)', '(33, 4)', '(31, 6)', '(27, 4)', '(27, 2)', '(25, 4)', '(23, 2)', '(15, 10)']",[53 states],36,0,36
54,"(15, 10)","(15, 9)",North,"[((15, 11), 'North')]","['(35, 4)', '(33, 4)', '(31, 6)', '(27, 4)', '(27, 2)', '(25, 4)', '(23, 2)']","['(35, 4)', '(33, 4)', '(31, 6)', '(27, 4)', '(27, 2)', '(25, 4)', '(23, 2)', '(15, 11)']",[54 states],37,0,37
55,"(15, 11)","(15, 10)",North,"[((15, 12), 'North')]","['(35, 4)', '(33, 4)', '(31, 6)', '(27, 4)', '(27, 2)', '(25, 4)', '(23, 2)']","['(35, 4)', '(33, 4)', '(31, 6)', '(27, 4)', '(27, 2)', '(25, 4)', '(23, 2)', '(15, 12)']",[55 states],38,0,38
56,"(15, 12)","(15, 11)",North,"[((15, 13), 'North')]","['(35, 4)', '(33, 4)', '(31, 6)', '(27, 4)', '(27, 2)', '(25, 4)', '(23, 2)']","['(35, 4)', '(33, 4)', '(31, 6)', '(27, 4)', '(27, 2)', '(25, 4)', '(23, 2)', '(15, 13)']",[56 states],39,0,39
57,"(15, 13)","(15, 12)",North,"[((16, 13), 'East'), ((14, 13), 'West')]","['(35, 4)', '(33, 4)', '(31, 6)', '(27, 4)', '(27, 2)', '(25, 4)', '(23, 2)']","['(35, 4)', '(33, 4)', '(31, 6)', '(27, 4)', '(27, 2)', '(25, 4)', '(23, 2)', '(16, 13)', '(14, 13)']",[57 states],40,0,40
58,"(14, 13)","(15, 13)",West,[],"['(35, 4)', '(33, 4)', '(31, 6)', '(27, 4)', '(27, 2)', '(25, 4)', '(23, 2)', '(16, 13)']","['(35, 4)', '(33, 4)', '(31, 6)', '(27, 4)', '(27, 2)', '(25, 4)', '(23, 2)', '(16, 13)']",[58 states],41,0,41
59,"(16, 13)","(15, 13)",East,"[((17, 13), 'East')]","['(35, 4)', '(33, 4)', '(31, 6)', '(27, 4)', '(27, 2)', '(25, 4)', '(23, 2)']","['(35, 4)', '(33, 4)', '(31, 6)', '(27, 4)', '(27, 2)', '(25, 4)', '(23, 2)', '(17, 13)']",[59 states],41,0,41
60,"(17, 13)","(16, 13)",East,"[((17, 12), 'South'), ((18, 13), 'East')]","['(35, 4)', '(33, 4)', '(31, 6)', '(27, 4)', '(27, 2)', '(25, 4)', '(23, 2)']","['(35, 4)', '(33, 4)', '(31, 6)', '(27, 4)', '(27, 2)', '(25, 4)', '(23, 2)', '(17, 12)', '(18, 13)']",[60 states],42,0,42
61,"(18, 13)","(17, 13)",East,"[((19, 13), 'East')]","['(35, 4)', '(33, 4)', '(31, 6)', '(27, 4)', '(27, 2)', '(25, 4)', '(23, 2)', '(17, 12)']","['(35, 4)', '(33, 4)', '(31, 6)', '(27, 4)', '(27, 2)', '(25, 4)', '(23, 2)', '(17, 12)', '(19, 13)']",[61 states],43,0,43
62,"(19, 13)","(18, 13)",East,"[((19, 12), 'South'), ((20, 13), 'East')]","['(35, 4)', '(33, 4)', '(31, 6)', '(27, 4)', '(27, 2)', '(25, 4)', '(23, 2)', '(17, 12)']","['(35, 4)', '(33, 4)', '(31, 6)', '(27, 4)', '(27, 2)', '(25, 4)', '(23, 2)', '(17, 12)', '(19, 12)', '(20, 13)']",[62 states],44,0,44
63,"(20, 13)","(19, 13)",East,"[((21, 13), 'East')]","['(35, 4)', '(33, 4)', '(31, 6)', '(27, 4)', '(27, 2)', '(25, 4)', '(23, 2)', '(17, 12)', '(19, 12)']","['(35, 4)', '(33, 4)', '(31, 6)', '(27, 4)', '(27, 2)', '(25, 4)', '(23, 2)', '(17, 12)', '(19, 12)', '(21, 13)']",[63 states],45,0,45
64,"(21, 13)","(20, 13)",East,"[((21, 14), 'North'), ((21, 12), 'South')]","['(35, 4)', '(33, 4)', '(31, 6)', '(27, 4)', '(27, 2)', '(25, 4)', '(23, 2)', '(17, 12)', '(19, 12)']","['(35, 4)', '(33, 4)', '(31, 6)', '(27, 4)', '(27, 2)', '(25, 4)', '(23, 2)', '(17, 12)', '(19, 12)', '(21, 14)', '(21, 12)']",[64 states],46,0,46
65,"(21, 12)","(21, 13)",South,"[((21, 11), 'South')]","['(35, 4)', '(33, 4)', '(31, 6)', '(27, 4)', '(27, 2)', '(25, 4)', '(23, 2)', '(17, 12)', '(19, 12)', '(21, 14)']","['(35, 4)', '(33, 4)', '(31, 6)', '(27, 4)', '(27, 2)', '(25, 4)', '(23, 2)', '(17, 12)', '(19, 12)', '(21, 14)', '(21, 11)']",[65 states],47,0,47
66,"(21, 11)","(21, 12)",South,"[((22, 11), 'East')]","['(35, 4)', '(33, 4)', '(31, 6)', '(27, 4)', '(27, 2)', '(25, 4)', '(23, 2)', '(17, 12)', '(19, 12)', '(21, 14)']","['(35, 4)', '(33, 4)', '(31, 6)', '(27, 4)', '(27, 2)', '(25, 4)', '(23, 2)', '(17, 12)', '(19, 12)', '(21, 14)', '(22, 11)']",[66 states],48,0,48
67,"(22, 11)","(21, 11)",East,"[((23, 11), 'East')]","['(35, 4)', '(33, 4)', '(31, 6)', '(27, 4)', '(27, 2)', '(25, 4)', '(23, 2)', '(17, 12)', '(19, 12)', '(21, 14)']","['(35, 4)', '(33, 4)', '(31, 6)', '(27, 4)', '(27, 2)', '(25, 4)', '(23, 2)', '(17, 12)', '(19, 12)', '(21, 14)', '(23, 11)']",[67 states],49,0,49
68,"(23, 11)","(22, 11)",East,"[((23, 12), 'North'), ((24, 11), 'East')]","['(35, 4)', '(33, 4)', '(31, 6)', '(27, 4)', '(27, 2)', '(25, 4)', '(23, 2)', '(17, 12)', '(19, 12)', '(21, 14)']","['(35, 4)', '(33, 4)', '(31, 6)', '(27, 4)', '(27, 2)', '(25, 4)', '(23, 2)', '(17, 12)', '(19, 12)', '(21, 14)', '(23, 12)', '(24, 11)']",[68 states],50,0,50
69,"(24, 11)","(23, 11)",East,"[((25, 11), 'East')]","['(35, 4)', '(33, 4)', '(31, 6)', '(27, 4)', '(27, 2)', '(25, 4)', '(23, 2)', '(17, 12)', '(19, 12)', '(21, 14)', '(23, 12)']","['(35, 4)', '(33, 4)', '(31, 6)', '(27, 4)', '(27, 2)', '(25, 4)', '(23, 2)', '(17, 12)', '(19, 12)', '(21, 14)', '(23, 12)', '(25, 11)']",[69 states],51,0,51
70,"(25, 11)","(24, 11)",East,"[((26, 11), 'East')]","['(35, 4)', '(33, 4)', '(31, 6)', '(27, 4)', '(27, 2)', '(25, 4)', '(23, 2)', '(17, 12)', '(19, 12)', '(21, 14)', '(23, 12)']","['(35, 4)', '(33, 4)', '(31, 6)', '(27, 4)', '(27, 2)', '(25, 4)', '(23, 2)', '(17, 12)', '(19, 12)', '(21, 14)', '(23, 12)', '(26, 11)']",[70 states],52,0,52
71,"(26, 11)","(25, 11)",East,"[((27, 11), 'East')]","['(35, 4)', '(33, 4)', '(31, 6)', '(27, 4)', '(27, 2)', '(25, 4)', '(23, 2)', '(17, 12)', '(19, 12)', '(21, 14)', '(23, 12)']","['(35, 4)', '(33, 4)', '(31, 6)', '(27, 4)', '(27, 2)', '(25, 4)', '(23, 2)', '(17, 12)', '(19, 12)', '(21, 14)', '(23, 12)', '(27, 11)']",[71 states],53,0,53
72,"(27, 11)","(26, 11)",East,"[((27, 10), 'South')]","['(35, 4)', '(33, 4)', '(31, 6)', '(27, 4)', '(27, 2)', '(25, 4)', '(23, 2)', '(17, 12)', '(19, 12)', '(21, 14)', '(23, 12)']","['(35, 4)', '(33, 4)', '(31, 6)', '(27, 4)', '(27, 2)', '(25, 4)', '(23, 2)', '(17, 12)', '(19, 12)', '(21, 14)', '(23, 12)', '(27, 10)']",[72 states],54,0,54
73,"(27, 10)","(27, 11)",South,"[((27, 9), 'South')]","['(35, 4)', '(33, 4)', '(31, 6)', '(27, 4)', '(27, 2)', '(25, 4)', '(23, 2)', '(17, 12)', '(19, 12)', '(21, 14)', '(23, 12)']","['(35, 4)', '(33, 4)', '(31, 6)', '(27, 4)', '(27, 2)', '(25, 4)', '(23, 2)', '(17, 12)', '(19, 12)', '(21, 14)', '(23, 12)', '(27, 9)']",[73 states],55,0,55
74,"(27, 9)","(27, 10)",South,[],"['(35, 4)', '(33, 4)', '(31, 6)', '(27, 4)', '(27, 2)', '(25, 4)', '(23, 2)', '(17, 12)', '(19, 12)', '(21, 14)', '(23, 12)']","['(35, 4)', '(33, 4)', '(31, 6)', '(27, 4)', '(27, 2)', '(25, 4)', '(23, 2)', '(17, 12)', '(19, 12)', '(21, 14)', '(23, 12)']",[74 states],56,0,56
75,"(23, 12)","(23, 11)",North,"[((23, 13), 'North')]","['(35, 4)', '(33, 4)', '(31, 6)', '(27, 4)', '(27, 2)', '(25, 4)', '(23, 2)', '(17, 12)', '(19, 12)', '(21, 14)']","['(35, 4)', '(33, 4)', '(31, 6)', '(27, 4)', '(27, 2)', '(25, 4)', '(23, 2)', '(17, 12)', '(19, 12)', '(21, 14)', '(23, 13)']",[75 states],51,0,51
76,"(23, 13)","(23, 12)",North,"[((24, 13), 'East')]","['(35, 4)', '(33, 4)', '(31, 6)', '(27, 4)', '(27, 2)', '(25, 4)', '(23, 2)', '(17, 12)', '(19, 12)', '(21, 14)']","['(35, 4)', '(33, 4)', '(31, 6)', '(27, 4)', '(27, 2)', '(25, 4)', '(23, 2)', '(17, 12)', '(19, 12)', '(21, 14)', '(24, 13)']",[76 states],52,0,52
77,"(24, 13)","(23, 13)",East,"[((25, 13), 'East')]","['(35, 4)', '(33, 4)', '(31, 6)', '(27, 4)', '(27, 2)', '(25, 4)', '(23, 2)', '(17, 12)', '(19, 12)', '(21, 14)']","['(35, 4)', '(33, 4)', '(31, 6)', '(27, 4)', '(27, 2)', '(25, 4)', '(23, 2)', '(17, 12)', '(19, 12)', '(21, 14)', '(25, 13)']",[77 states],53,0,53
78,"(25, 13)","(24, 13)",East,"[((26, 13), 'East')]","['(35, 4)', '(33, 4)', '(31, 6)', '(27, 4)', '(27, 2)', '(25, 4)', '(23, 2)', '(17, 12)', '(19, 12)', '(21, 14)']","['(35, 4)', '(33, 4)', '(31, 6)', '(27, 4)', '(27, 2)', '(25, 4)', '(23, 2)', '(17, 12)', '(19, 12)', '(21, 14)', '(26, 13)']",[78 states],54,0,54
79,"(26, 13)","(25, 13)",East,"[((27, 13), 'East')]","['(35, 4)', '(33, 4)', '(31, 6)', '(27, 4)', '(27, 2)', '(25, 4)', '(23, 2)', '(17, 12)', '(19, 12)', '(21, 14)']","['(35, 4)', '(33, 4)', '(31, 6)', '(27, 4)', '(27, 2)', '(25, 4)', '(23, 2)', '(17, 12)', '(19, 12)', '(21, 14)', '(27, 13)']",[79 states],55,0,55
80,"(27, 13)","(26, 13)",East,"[((27, 14), 'North')]","['(35, 4)', '(33, 4)', '(31, 6)', '(27, 4)', '(27, 2)', '(25, 4)', '(23, 2)', '(17, 12)', '(19, 12)', '(21, 14)']","['(35, 4)', '(33, 4)', '(31, 6)', '(27, 4)', '(27, 2)', '(25, 4)', '(23, 2)', '(17, 12)', '(19, 12)', '(21, 14)', '(27, 14)']",[80 states],56,0,56
81,"(27, 14)","(27, 13)",North,"[((27, 15), 'North')]","['(35, 4)', '(33, 4)', '(31, 6)', '(27, 4)', '(27, 2)', '(25, 4)', '(23, 2)', '(17, 12)', '(19, 12)', '(21, 14)']","['(35, 4)', '(33, 4)', '(31, 6)', '(27, 4)', '(27, 2)', '(25, 4)', '(23, 2)', '(17, 12)', '(19, 12)', '(21, 14)', '(27, 15)']",[81 states],57,0,57
82,"(27, 15)","(27, 14)",North,"[((28, 15), 'East')]","['(35, 4)', '(33, 4)', '(31, 6)', '(27, 4)', '(27, 2)', '(25, 4)', '(23, 2)', '(17, 12)', '(19, 12)', '(21, 14)']","['(35, 4)', '(33, 4)', '(31, 6)', '(27, 4)', '(27, 2)', '(25, 4)', '(23, 2)', '(17, 12)', '(19, 12)', '(21, 14)', '(28, 15)']",[82 states],58,0,58
83,"(28, 15)","(27, 15)",East,"[((29, 15), 'East')]","['(35, 4)', '(33, 4)', '(31, 6)', '(27, 4)', '(27, 2)', '(25, 4)', '(23, 2)', '(17, 12)', '(19, 12)', '(21, 14)']","['(35, 4)', '(33, 4)', '(31, 6)', '(27, 4)', '(27, 2)', '(25, 4)', '(23, 2)', '(17, 12)', '(19, 12)', '(21, 14)', '(29, 15)']",[83 states],59,0,59
84,"(29, 15)","(28, 15)",East,"[((29, 14), 'South')]","['(35, 4)', '(33, 4)', '(31, 6)', '(27, 4)', '(27, 2)', '(25, 4)', '(23, 2)', '(17, 12)', '(19, 12)', '(21, 14)']","['(35, 4)', '(33, 4)', '(31, 6)', '(27, 4)', '(27, 2)', '(25, 4)', '(23, 2)', '(17, 12)', '(19, 12)', '(21, 14)', '(29, 14)']",[84 states],60,0,60
85,"(29, 14)","(29, 15)",South,"[((29, 13), 'South')]","['(35, 4)', '(33, 4)', '(31, 6)', '(27, 4)', '(27, 2)', '(25, 4)', '(23, 2)', '(17, 12)', '(19, 12)', '(21, 14)']","['(35, 4)', '(33, 4)', '(31, 6)', '(27, 4)', '(27, 2)', '(25, 4)', '(23, 2)', '(17, 12)', '(19, 12)', '(21, 14)', '(29, 13)']",[85 states],61,0,61
86,"(29, 13)","(29, 14)",South,"[((30, 13), 'East')]","['(35, 4)', '(33, 4)', '(31, 6)', '(27, 4)', '(27, 2)', '(25, 4)', '(23, 2)', '(17, 12)', '(19, 12)', '(21, 14)']","['(35, 4)', '(33, 4)', '(31, 6)', '(27, 4)', '(27, 2)', '(25, 4)', '(23, 2)', '(17, 12)', '(19, 12)', '(21, 14)', '(30, 13)']",[86 states],62,0,62
87,"(30, 13)","(29, 13)",East,"[((31, 13), 'East')]","['(35, 4)', '(33, 4)', '(31, 6)', '(27, 4)', '(27, 2)', '(25, 4)', '(23, 2)', '(17, 12)', '(19, 12)', '(21, 14)']","['(35, 4)', '(33, 4)', '(31, 6)', '(27, 4)', '(27, 2)', '(25, 4)', '(23, 2)', '(17, 12)', '(19, 12)', '(21, 14)', '(31, 13)']",[87 states],63,0,63
88,"(31, 13)","(30, 13)",East,"[((31, 14), 'North'), ((32, 13), 'East')]","['(35, 4)', '(33, 4)', '(31, 6)', '(27, 4)', '(27, 2)', '(25, 4)', '(23, 2)', '(17, 12)', '(19, 12)', '(21, 14)']","['(35, 4)', '(33, 4)', '(31, 6)', '(27, 4)', '(27, 2)', '(25, 4)', '(23, 2)', '(17, 12)', '(19, 12)', '(21, 14)', '(31, 14)', '(32, 13)']",[88 states],64,0,64
89,"(32, 13)","(31, 13)",East,"[((33, 13), 'East')]","['(35, 4)', '(33, 4)', '(31, 6)', '(27, 4)', '(27, 2)', '(25, 4)', '(23, 2)', '(17, 12)', '(19, 12)', '(21, 14)', '(31, 14)']","['(35, 4)', '(33, 4)', '(31, 6)', '(27, 4)', '(27, 2)', '(25, 4)', '(23, 2)', '(17, 12)', '(19, 12)', '(21, 14)', '(31, 14)', '(33, 13)']",[89 states],65,0,65
90,"(33, 13)","(32, 13)",East,"[((34, 13), 'East')]","['(35, 4)', '(33, 4)', '(31, 6)', '(27, 4)', '(27, 2)', '(25, 4)', '(23, 2)', '(17, 12)', '(19, 12)', '(21, 14)', '(31, 14)']","['(35, 4)', '(33, 4)', '(31, 6)', '(27, 4)', '(27, 2)', '(25, 4)', '(23, 2)', '(17, 12)', '(19, 12)', '(21, 14)', '(31, 14)', '(34, 13)']",[90 states],66,0,66
91,"(34, 13)","(33, 13)",East,"[((35, 13), 'East')]","['(35, 4)', '(33, 4)', '(31, 6)', '(27, 4)', '(27, 2)', '(25, 4)', '(23, 2)', '(17, 12)', '(19, 12)', '(21, 14)', '(31, 14)']","['(35, 4)', '(33, 4)', '(31, 6)', '(27, 4)', '(27, 2)', '(25, 4)', '(23, 2)', '(17, 12)', '(19, 12)', '(21, 14)', '(31, 14)', '(35, 13)']",[91 states],67,0,67
92,"(35, 13)","(34, 13)",East,"[((35, 14), 'North')]","['(35, 4)', '(33, 4)', '(31, 6)', '(27, 4)', '(27, 2)', '(25, 4)', '(23, 2)', '(17, 12)', '(19, 12)', '(21, 14)', '(31, 14)']","['(35, 4)', '(33, 4)', '(31, 6)', '(27, 4)', '(27, 2)', '(25, 4)', '(23, 2)', '(17, 12)', '(19, 12)', '(21, 14)', '(31, 14)', '(35, 14)']",[92 states],68,0,68
93,"(35, 14)","(35, 13)",North,"[((35, 15), 'North')]","['(35, 4)', '(33, 4)', '(31, 6)', '(27, 4)', '(27, 2)', '(25, 4)', '(23, 2)', '(17, 12)', '(19, 12)', '(21, 14)', '(31, 14)']","['(35, 4)', '(33, 4)', '(31, 6)', '(27, 4)', '(27, 2)', '(25, 4)', '(23, 2)', '(17, 12)', '(19, 12)', '(21, 14)', '(31, 14)', '(35, 15)']",[93 states],69,0,69
94,"(35, 15)","(35, 14)",North,"[((34, 15), 'West')]","['(35, 4)', '(33, 4)', '(31, 6)', '(27, 4)', '(27, 2)', '(25, 4)', '(23, 2)', '(17, 12)', '(19, 12)', '(21, 14)', '(31, 14)']","['(35, 4)', '(33, 4)', '(31, 6)', '(27, 4)', '(27, 2)', '(25, 4)', '(23, 2)', '(17, 12)', '(19, 12)', '(21, 14)', '(31, 14)', '(34, 15)']",[94 states],70,0,70
95,"(34, 15)","(35, 15)",West,"[((33, 15), 'West')]","['(35, 4)', '(33, 4)', '(31, 6)', '(27, 4)', '(27, 2)', '(25, 4)', '(23, 2)', '(17, 12)', '(19, 12)', '(21, 14)', '(31, 14)']","['(35, 4)', '(33, 4)', '(31, 6)', '(27, 4)', '(27, 2)', '(25, 4)', '(23, 2)', '(17, 12)', '(19, 12)', '(21, 14)', '(31, 14)', '(33, 15)']",[95 states],71,0,71
96,"(33, 15)","(34, 15)",West,"[((33, 16), 'North')]","['(35, 4)', '(33, 4)', '(31, 6)', '(27, 4)', '(27, 2)', '(25, 4)', '(23, 2)', '(17, 12)', '(19, 12)', '(21, 14)', '(31, 14)']","['(35, 4)', '(33, 4)', '(31, 6)', '(27, 4)', '(27, 2)', '(25, 4)', '(23, 2)', '(17, 12)', '(19, 12)', '(21, 14)', '(31, 14)', '(33, 16)']",[96 states],72,0,72
97,"(33, 16)","(33, 15)",North,"[((33, 17), 'North')]","['(35, 4)', '(33, 4)', '(31, 6)', '(27, 4)', '(27, 2)', '(25, 4)', '(23, 2)', '(17, 12)', '(19, 12)', '(21, 14)', '(31, 14)']","['(35, 4)', '(33, 4)', '(31, 6)', '(27, 4)', '(27, 2)', '(25, 4)', '(23, 2)', '(17, 12)', '(19, 12)', '(21, 14)', '(31, 14)', '(33, 17)']",[97 states],73,0,73
98,"(33, 17)","(33, 16)",North,"[((34, 17), 'East')]","['(35, 4)', '(33, 4)', '(31, 6)', '(27, 4)', '(27, 2)', '(25, 4)', '(23, 2)', '(17, 12)', '(19, 12)', '(21, 14)', '(31, 14)']","['(35, 4)', '(33, 4)', '(31, 6)', '(27, 4)', '(27, 2)', '(25, 4)', '(23, 2)', '(17, 12)', '(19, 12)', '(21, 14)', '(31, 14)', '(34, 17)']",[98 states],74,0,74
99,"(34, 17)","(33, 17)",East,"[((35, 17), 'East')]","['(35, 4)', '(33, 4)', '(31, 6)', '(27, 4)', '(27, 2)', '(25, 4)', '(23, 2)', '(17, 12)', '(19, 12)', '(21, 14)', '(31, 14)']","['(35, 4)', '(33, 4)', '(31, 6)', '(27, 4)', '(27, 2)', '(25, 4)', '(23, 2)', '(17, 12)', '(19, 12)', '(21, 14)', '(31, 14)', '(35, 17)']",[99 states],75,0,75
100,"(35, 17)","(34, 17)",East,[],"['(35, 4)', '(33, 4)', '(31, 6)', '(27, 4)', '(27, 2)', '(25, 4)', '(23, 2)', '(17, 12)', '(19, 12)', '(21, 14)', '(31, 14)']","['(35, 4)', '(33, 4)', '(31, 6)', '(27, 4)', '(27, 2)', '(25, 4)', '(23, 2)', '(17, 12)', '(19, 12)', '(21, 14)', '(31, 14)']",[100 states],76,0,76
101,"(31, 14)","(31, 13)",North,"[((31, 15), 'North')]","['(35, 4)', '(33, 4)', '(31, 6)', '(27, 4)', '(27, 2)', '(25, 4)', '(23, 2)', '(17, 12)', '(19, 12)', '(21, 14)']","['(35, 4)', '(33, 4)', '(31, 6)', '(27, 4)', '(27, 2)', '(25, 4)', '(23, 2)', '(17, 12)', '(19, 12)', '(21, 14)', '(31, 15)']",[101 states],65,0,65
102,"(31, 15)","(31, 14)",North,"[((31, 16), 'North')]","['(35, 4)', '(33, 4)', '(31, 6)', '(27, 4)', '(27, 2)', '(25, 4)', '(23, 2)', '(17, 12)', '(19, 12)', '(21, 14)']","['(35, 4)', '(33, 4)', '(31, 6)', '(27, 4)', '(27, 2)', '(25, 4)', '(23, 2)', '(17, 12)', '(19, 12)', '(21, 14)', '(31, 16)']",[102 states],66,0,66
103,"(31, 16)","(31, 15)",North,"[((31, 17), 'North')]","['(35, 4)', '(33, 4)', '(31, 6)', '(27, 4)', '(27, 2)', '(25, 4)', '(23, 2)', '(17, 12)', '(19, 12)', '(21, 14)']","['(35, 4)', '(33, 4)', '(31, 6)', '(27, 4)', '(27, 2)', '(25, 4)', '(23, 2)', '(17, 12)', '(19, 12)', '(21, 14)', '(31, 17)']",[103 states],67,0,67
104,"(31, 17)","(31, 16)",North,"[((31, 18), 'North')]","['(35, 4)', '(33, 4)', '(31, 6)', '(27, 4)', '(27, 2)', '(25, 4)', '(23, 2)', '(17, 12)', '(19, 12)', '(21, 14)']","['(35, 4)', '(33, 4)', '(31, 6)', '(27, 4)', '(27, 2)', '(25, 4)', '(23, 2)', '(17, 12)', '(19, 12)', '(21, 14)', '(31, 18)']",[104 states],68,0,68
105,"(31, 18)","(31, 17)",North,"[((31, 19), 'North')]","['(35, 4)', '(33, 4)', '(31, 6)', '(27, 4)', '(27, 2)', '(25, 4)', '(23, 2)', '(17, 12)', '(19, 12)', '(21, 14)']","['(35, 4)', '(33, 4)', '(31, 6)', '(27, 4)', '(27, 2)', '(25, 4)', '(23, 2)', '(17, 12)', '(19, 12)', '(21, 14)', '(31, 19)']",[105 states],69,0,69
106,"(31, 19)","(31, 18)",North,"[((31, 20), 'North'), ((32, 19), 'East')]","['(35, 4)', '(33, 4)', '(31, 6)', '(27, 4)', '(27, 2)', '(25, 4)', '(23, 2)', '(17, 12)', '(19, 12)', '(21, 14)']","['(35, 4)', '(33, 4)', '(31, 6)', '(27, 4)', '(27, 2)', '(25, 4)', '(23, 2)', '(17, 12)', '(19, 12)', '(21, 14)', '(31, 20)', '(32, 19)']",[106 states],70,0,70
107,"(32, 19)","(31, 19)",East,"[((33, 19), 'East')]","['(35, 4)', '(33, 4)', '(31, 6)', '(27, 4)', '(27, 2)', '(25, 4)', '(23, 2)', '(17, 12)', '(19, 12)', '(21, 14)', '(31, 20)']","['(35, 4)', '(33, 4)', '(31, 6)', '(27, 4)', '(27, 2)', '(25, 4)', '(23, 2)', '(17, 12)', '(19, 12)', '(21, 14)', '(31, 20)', '(33, 19)']",[107 states],71,0,71
108,"(33, 19)","(32, 19)",East,"[((33, 20), 'North'), ((34, 19), 'East')]","['(35, 4)', '(33, 4)', '(31, 6)', '(27, 4)', '(27, 2)', '(25, 4)', '(23, 2)', '(17, 12)', '(19, 12)', '(21, 14)', '(31, 20)']","['(35, 4)', '(33, 4)', '(31, 6)', '(27, 4)', '(27, 2)', '(25, 4)', '(23, 2)', '(17, 12)', '(19, 12)', '(21, 14)', '(31, 20)', '(33, 20)', '(34, 19)']",[108 states],72,0,72
109,"(34, 19)","(33, 19)",East,"[((35, 19), 'East')]","['(35, 4)', '(33, 4)', '(31, 6)', '(27, 4)', '(27, 2)', '(25, 4)', '(23, 2)', '(17, 12)', '(19, 12)', '(21, 14)', '(31, 20)', '(33, 20)']","['(35, 4)', '(33, 4)', '(31, 6)', '(27, 4)', '(27, 2)', '(25, 4)', '(23, 2)', '(17, 12)', '(19, 12)', '(21, 14)', '(31, 20)', '(33, 20)', '(35, 19)']",[109 states],73,0,73
110,"(35, 19)","(34, 19)",East,"[((35, 20), 'North')]","['(35, 4)', '(33, 4)', '(31, 6)', '(27, 4)', '(27, 2)', '(25, 4)', '(23, 2)', '(17, 12)', '(19, 12)', '(21, 14)', '(31, 20)', '(33, 20)']","['(35, 4)', '(33, 4)', '(31, 6)', '(27, 4)', '(27, 2)', '(25, 4)', '(23, 2)', '(17, 12)', '(19, 12)', '(21, 14)', '(31, 20)', '(33, 20)', '(35, 20)']",[110 states],74,0,74
111,"(35, 20)","(35, 19)",North,"[((35, 21), 'North')]","['(35, 4)', '(33, 4)', '(31, 6)', '(27, 4)', '(27, 2)', '(25, 4)', '(23, 2)', '(17, 12)', '(19, 12)', '(21, 14)', '(31, 20)', '(33, 20)']","['(35, 4)', '(33, 4)', '(31, 6)', '(27, 4)', '(27, 2)', '(25, 4)', '(23, 2)', '(17, 12)', '(19, 12)', '(21, 14)', '(31, 20)', '(33, 20)', '(35, 21)']",[111 states],75,0,75
112,"(35, 21)","(35, 20)",North,"[((35, 22), 'North')]","['(35, 4)', '(33, 4)', '(31, 6)', '(27, 4)', '(27, 2)', '(25, 4)', '(23, 2)', '(17, 12)', '(19, 12)', '(21, 14)', '(31, 20)', '(33, 20)']","['(35, 4)', '(33, 4)', '(31, 6)', '(27, 4)', '(27, 2)', '(25, 4)', '(23, 2)', '(17, 12)', '(19, 12)', '(21, 14)', '(31, 20)', '(33, 20)', '(35, 22)']",[112 states],76,0,76
113,"(35, 22)","(35, 21)",North,"[((35, 23), 'North')]","['(35, 4)', '(33, 4)', '(31, 6)', '(27, 4)', '(27, 2)', '(25, 4)', '(23, 2)', '(17, 12)', '(19, 12)', '(21, 14)', '(31, 20)', '(33, 20)']","['(35, 4)', '(33, 4)', '(31, 6)', '(27, 4)', '(27, 2)', '(25, 4)', '(23, 2)', '(17, 12)', '(19, 12)', '(21, 14)', '(31, 20)', '(33, 20)', '(35, 23)']",[113 states],77,0,77
114,"(35, 23)","(35, 22)",North,"[((35, 24), 'North'), ((34, 23), 'West')]","['(35, 4)', '(33, 4)', '(31, 6)', '(27, 4)', '(27, 2)', '(25, 4)', '(23, 2)', '(17, 12)', '(19, 12)', '(21, 14)', '(31, 20)', '(33, 20)']","['(35, 4)', '(33, 4)', '(31, 6)', '(27, 4)', '(27, 2)', '(25, 4)', '(23, 2)', '(17, 12)', '(19, 12)', '(21, 14)', '(31, 20)', '(33, 20)', '(35, 24)', '(34, 23)']",[114 states],78,0,78
115,"(34, 23)","(35, 23)",West,"[((33, 23), 'West')]","['(35, 4)', '(33, 4)', '(31, 6)', '(27, 4)', '(27, 2)', '(25, 4)', '(23, 2)', '(17, 12)', '(19, 12)', '(21, 14)', '(31, 20)', '(33, 20)', '(35, 24)']","['(35, 4)', '(33, 4)', '(31, 6)', '(27, 4)', '(27, 2)', '(25, 4)', '(23, 2)', '(17, 12)', '(19, 12)', '(21, 14)', '(31, 20)', '(33, 20)', '(35, 24)', '(33, 23)']",[115 states],79,0,79
116,"(33, 23)","(34, 23)",West,[],"['(35, 4)', '(33, 4)', '(31, 6)', '(27, 4)', '(27, 2)', '(25, 4)', '(23, 2)', '(17, 12)', '(19, 12)', '(21, 14)', '(31, 20)', '(33, 20)', '(35, 24)']","['(35, 4)', '(33, 4)', '(31, 6)', '(27, 4)', '(27, 2)', '(25, 4)', '(23, 2)', '(17, 12)', '(19, 12)', '(21, 14)', '(31, 20)', '(33, 20)', '(35, 24)']",[116 states],80,0,80
117,"(35, 24)","(35, 23)",North,"[((35, 25), 'North')]","['(35, 4)', '(33, 4)', '(31, 6)', '(27, 4)', '(27, 2)', '(25, 4)', '(23, 2)', '(17, 12)', '(19, 12)', '(21, 14)', '(31, 20)', '(33, 20)']","['(35, 4)', '(33, 4)', '(31, 6)', '(27, 4)', '(27, 2)', '(25, 4)', '(23, 2)', '(17, 12)', '(19, 12)', '(21, 14)', '(31, 20)', '(33, 20)', '(35, 25)']",[117 states],79,0,79
118,"(35, 25)","(35, 24)",North,"[((35, 26), 'North')]","['(35, 4)', '(33, 4)', '(31, 6)', '(27, 4)', '(27, 2)', '(25, 4)', '(23, 2)', '(17, 12)', '(19, 12)', '(21, 14)', '(31, 20)', '(33, 20)']","['(35, 4)', '(33, 4)', '(31, 6)', '(27, 4)', '(27, 2)', '(25, 4)', '(23, 2)', '(17, 12)', '(19, 12)', '(21, 14)', '(31, 20)', '(33, 20)', '(35, 26)']",[118 states],80,0,80
119,"(35, 26)","(35, 25)",North,"[((35, 27), 'North')]","['(35, 4)', '(33, 4)', '(31, 6)', '(27, 4)', '(27, 2)', '(25, 4)', '(23, 2)', '(17, 12)', '(19, 12)', '(21, 14)', '(31, 20)', '(33, 20)']","['(35, 4)', '(33, 4)', '(31, 6)', '(27, 4)', '(27, 2)', '(25, 4)', '(23, 2)', '(17, 12)', '(19, 12)', '(21, 14)', '(31, 20)', '(33, 20)', '(35, 27)']",[119 states],81,0,81
120,"(35, 27)","(35, 26)",North,"[((35, 28), 'North')]","['(35, 4)', '(33, 4)', '(31, 6)', '(27, 4)', '(27, 2)', '(25, 4)', '(23, 2)', '(17, 12)', '(19, 12)', '(21, 14)', '(31, 20)', '(33, 20)']","['(35, 4)', '(33, 4)', '(31, 6)', '(27, 4)', '(27, 2)', '(25, 4)', '(23, 2)', '(17, 12)', '(19, 12)', '(21, 14)', '(31, 20)', '(33, 20)', '(35, 28)']",[120 states],82,0,82
121,"(35, 28)","(35, 27)",North,"[((35, 29), 'North')]","['(35, 4)', '(33, 4)', '(31, 6)', '(27, 4)', '(27, 2)', '(25, 4)', '(23, 2)', '(17, 12)', '(19, 12)', '(21, 14)', '(31, 20)', '(33, 20)']","['(35, 4)', '(33, 4)', '(31, 6)', '(27, 4)', '(27, 2)', '(25, 4)', '(23, 2)', '(17, 12)', '(19, 12)', '(21, 14)', '(31, 20)', '(33, 20)', '(35, 29)']",[121 states],83,0,83
122,"(35, 29)","(35, 28)",North,"[((35, 30), 'North'), ((34, 29), 'West')]","['(35, 4)', '(33, 4)', '(31, 6)', '(27, 4)', '(27, 2)', '(25, 4)', '(23, 2)', '(17, 12)', '(19, 12)', '(21, 14)', '(31, 20)', '(33, 20)']","['(35, 4)', '(33, 4)', '(31, 6)', '(27, 4)', '(27, 2)', '(25, 4)', '(23, 2)', '(17, 12)', '(19, 12)', '(21, 14)', '(31, 20)', '(33, 20)', '(35, 30)', '(34, 29)']",[122 states],84,0,84
123,"(34, 29)","(35, 29)",West,"[((33, 29), 'West')]","['(35, 4)', '(33, 4)', '(31, 6)', '(27, 4)', '(27, 2)', '(25, 4)', '(23, 2)', '(17, 12)', '(19, 12)', '(21, 14)', '(31, 20)', '(33, 20)', '(35, 30)']","['(35, 4)', '(33, 4)', '(31, 6)', '(27, 4)', '(27, 2)', '(25, 4)', '(23, 2)', '(17, 12)', '(19, 12)', '(21, 14)', '(31, 20)', '(33, 20)', '(35, 30)', '(33, 29)']",[123 states],85,0,85
124,"(33, 29)","(34, 29)",West,"[((33, 28), 'South')]","['(35, 4)', '(33, 4)', '(31, 6)', '(27, 4)', '(27, 2)', '(25, 4)', '(23, 2)', '(17, 12)', '(19, 12)', '(21, 14)', '(31, 20)', '(33, 20)', '(35, 30)']","['(35, 4)', '(33, 4)', '(31, 6)', '(27, 4)', '(27, 2)', '(25, 4)', '(23, 2)', '(17, 12)', '(19, 12)', '(21, 14)', '(31, 20)', '(33, 20)', '(35, 30)', '(33, 28)']",[124 states],86,0,86
125,"(33, 28)","(33, 29)",South,"[((33, 27), 'South')]","['(35, 4)', '(33, 4)', '(31, 6)', '(27, 4)', '(27, 2)', '(25, 4)', '(23, 2)', '(17, 12)', '(19, 12)', '(21, 14)', '(31, 20)', '(33, 20)', '(35, 30)']","['(35, 4)', '(33, 4)', '(31, 6)', '(27, 4)', '(27, 2)', '(25, 4)', '(23, 2)', '(17, 12)', '(19, 12)', '(21, 14)', '(31, 20)', '(33, 20)', '(35, 30)', '(33, 27)']",[125 states],87,0,87
126,"(33, 27)","(33, 28)",South,"[((33, 26), 'South'), ((32, 27), 'West')]","['(35, 4)', '(33, 4)', '(31, 6)', '(27, 4)', '(27, 2)', '(25, 4)', '(23, 2)', '(17, 12)', '(19, 12)', '(21, 14)', '(31, 20)', '(33, 20)', '(35, 30)']","['(35, 4)', '(33, 4)', '(31, 6)', '(27, 4)', '(27, 2)', '(25, 4)', '(23, 2)', '(17, 12)', '(19, 12)', '(21, 14)', '(31, 20)', '(33, 20)', '(35, 30)', '(33, 26)', '(32, 27)']",[126 states],88,0,88
127,"(32, 27)","(33, 27)",West,"[((31, 27), 'West')]","['(35, 4)', '(33, 4)', '(31, 6)', '(27, 4)', '(27, 2)', '(25, 4)', '(23, 2)', '(17, 12)', '(19, 12)', '(21, 14)', '(31, 20)', '(33, 20)', '(35, 30)', '(33, 26)']","['(35, 4)', '(33, 4)', '(31, 6)', '(27, 4)', '(27, 2)', '(25, 4)', '(23, 2)', '(17, 12)', '(19, 12)', '(21, 14)', '(31, 20)', '(33, 20)', '(35, 30)', '(33, 26)', '(31, 27)']",[127 states],89,0,89
128,"(31, 27)","(32, 27)",West,"[((31, 28), 'North'), ((30, 27), 'West')]","['(35, 4)', '(33, 4)', '(31, 6)', '(27, 4)', '(27, 2)', '(25, 4)', '(23, 2)', '(17, 12)', '(19, 12)', '(21, 14)', '(31, 20)', '(33, 20)', '(35, 30)', '(33, 26)']","['(35, 4)', '(33, 4)', '(31, 6)', '(27, 4)', '(27, 2)', '(25, 4)', '(23, 2)', '(17, 12)', '(19, 12)', '(21, 14)', '(31, 20)', '(33, 20)', '(35, 30)', '(33, 26)', '(31, 28)', '(30, 27)']",[128 states],90,0,90
129,"(30, 27)","(31, 27)",West,"[((29, 27), 'West')]","['(35, 4)', '(33, 4)', '(31, 6)', '(27, 4)', '(27, 2)', '(25, 4)', '(23, 2)', '(17, 12)', '(19, 12)', '(21, 14)', '(31, 20)', '(33, 20)', '(35, 30)', '(33, 26)', '(31, 28)']","['(35, 4)', '(33, 4)', '(31, 6)', '(27, 4)', '(27, 2)', '(25, 4)', '(23, 2)', '(17, 12)', '(19, 12)', '(21, 14)', '(31, 20)', '(33, 20)', '(35, 30)', '(33, 26)', '(31, 28)', '(29, 27)']",[129 states],91,0,91
130,"(29, 27)","(30, 27)",West,"[((29, 28), 'North'), ((29, 26), 'South')]","['(35, 4)', '(33, 4)', '(31, 6)', '(27, 4)', '(27, 2)', '(25, 4)', '(23, 2)', '(17, 12)', '(19, 12)', '(21, 14)', '(31, 20)', '(33, 20)', '(35, 30)', '(33, 26)', '(31, 28)']","['(35, 4)', '(33, 4)', '(31, 6)', '(27, 4)', '(27, 2)', '(25, 4)', '(23, 2)', '(17, 12)', '(19, 12)', '(21, 14)', '(31, 20)', '(33, 20)', '(35, 30)', '(33, 26)', '(31, 28)', '(29, 28)', '(29, 26)']",[130 states],92,0,92
131,"(29, 26)","(29, 27)",South,"[((29, 25), 'South')]","['(35, 4)', '(33, 4)', '(31, 6)', '(27, 4)', '(27, 2)', '(25, 4)', '(23, 2)', '(17, 12)', '(19, 12)', '(21, 14)', '(31, 20)', '(33, 20)', '(35, 30)', '(33, 26)', '(31, 28)', '(29, 28)']","['(35, 4)', '(33, 4)', '(31, 6)', '(27, 4)', '(27, 2)', '(25, 4)', '(23, 2)', '(17, 12)', '(19, 12)', '(21, 14)', '(31, 20)', '(33, 20)', '(35, 30)', '(33, 26)', '(31, 28)', '(29, 28)', '(29, 25)']",[131 states],93,0,93
132,"(29, 25)","(29, 26)",South,"[((29, 24), 'South')]","['(35, 4)', '(33, 4)', '(31, 6)', '(27, 4)', '(27, 2)', '(25, 4)', '(23, 2)', '(17, 12)', '(19, 12)', '(21, 14)', '(31, 20)', '(33, 20)', '(35, 30)', '(33, 26)', '(31, 28)', '(29, 28)']","['(35, 4)', '(33, 4)', '(31, 6)', '(27, 4)', '(27, 2)', '(25, 4)', '(23, 2)', '(17, 12)', '(19, 12)', '(21, 14)', '(31, 20)', '(33, 20)', '(35, 30)', '(33, 26)', '(31, 28)', '(29, 28)', '(29, 24)']",[132 states],94,0,94
133,"(29, 24)","(29, 25)",South,"[((29, 23), 'South')]","['(35, 4)', '(33, 4)', '(31, 6)', '(27, 4)', '(27, 2)', '(25, 4)', '(23, 2)', '(17, 12)', '(19, 12)', '(21, 14)', '(31, 20)', '(33, 20)', '(35, 30)', '(33, 26)', '(31, 28)', '(29, 28)']","['(35, 4)', '(33, 4)', '(31, 6)', '(27, 4)', '(27, 2)', '(25, 4)', '(23, 2)', '(17, 12)', '(19, 12)', '(21, 14)', '(31, 20)', '(33, 20)', '(35, 30)', '(33, 26)', '(31, 28)', '(29, 28)', '(29, 23)']",[133 states],95,0,95
134,"(29, 23)","(29, 24)",South,"[((29, 22), 'South'), ((30, 23), 'East')]","['(35, 4)', '(33, 4)', '(31, 6)', '(27, 4)', '(27, 2)', '(25, 4)', '(23, 2)', '(17, 12)', '(19, 12)', '(21, 14)', '(31, 20)', '(33, 20)', '(35, 30)', '(33, 26)', '(31, 28)', '(29, 28)']","['(35, 4)', '(33, 4)', '(31, 6)', '(27, 4)', '(27, 2)', '(25, 4)', '(23, 2)', '(17, 12)', '(19, 12)', '(21, 14)', '(31, 20)', '(33, 20)', '(35, 30)', '(33, 26)', '(31, 28)', '(29, 28)', '(29, 22)', '(30, 23)']",[134 states],96,0,96
135,"(30, 23)","(29, 23)",East,"[((31, 23), 'East')]","['(35, 4)', '(33, 4)', '(31, 6)', '(27, 4)', '(27, 2)', '(25, 4)', '(23, 2)', '(17, 12)', '(19, 12)', '(21, 14)', '(31, 20)', '(33, 20)', '(35, 30)', '(33, 26)', '(31, 28)', '(29, 28)', '(29, 22)']","['(35, 4)', '(33, 4)', '(31, 6)', '(27, 4)', '(27, 2)', '(25, 4)', '(23, 2)', '(17, 12)', '(19, 12)', '(21, 14)', '(31, 20)', '(33, 20)', '(35, 30)', '(33, 26)', '(31, 28)', '(29, 28)', '(29, 22)', '(31, 23)']",[135 states],97,0,97
136,"(31, 23)","(30, 23)",East,"[((31, 24), 'North')]","['(35, 4)', '(33, 4)', '(31, 6)', '(27, 4)', '(27, 2)', '(25, 4)', '(23, 2)', '(17, 12)', '(19, 12)', '(21, 14)', '(31, 20)', '(33, 20)', '(35, 30)', '(33, 26)', '(31, 28)', '(29, 28)', '(29, 22)']","['(35, 4)', '(33, 4)', '(31, 6)', '(27, 4)', '(27, 2)', '(25, 4)', '(23, 2)', '(17, 12)', '(19, 12)', '(21, 14)', '(31, 20)', '(33, 20)', '(35, 30)', '(33, 26)', '(31, 28)', '(29, 28)', '(29, 22)', '(31, 24)']",[136 states],98,0,98
137,"(31, 24)","(31, 23)",North,"[((31, 25), 'North')]","['(35, 4)', '(33, 4)', '(31, 6)', '(27, 4)', '(27, 2)', '(25, 4)', '(23, 2)', '(17, 12)', '(19, 12)', '(21, 14)', '(31, 20)', '(33, 20)', '(35, 30)', '(33, 26)', '(31, 28)', '(29, 28)', '(29, 22)']","['(35, 4)', '(33, 4)', '(31, 6)', '(27, 4)', '(27, 2)', '(25, 4)', '(23, 2)', '(17, 12)', '(19, 12)', '(21, 14)', '(31, 20)', '(33, 20)', '(35, 30)', '(33, 26)', '(31, 28)', '(29, 28)', '(29, 22)', '(31, 25)']",[137 states],99,0,99
138,"(31, 25)","(31, 24)",North,[],"['(35, 4)', '(33, 4)', '(31, 6)', '(27, 4)', '(27, 2)', '(25, 4)', '(23, 2)', '(17, 12)', '(19, 12)', '(21, 14)', '(31, 20)', '(33, 20)', '(35, 30)', '(33, 26)', '(31, 28)', '(29, 28)', '(29, 22)']","['(35, 4)', '(33, 4)', '(31, 6)', '(27, 4)', '(27, 2)', '(25, 4)', '(23, 2)', '(17, 12)', '(19, 12)', '(21, 14)', '(31, 20)', '(33, 20)', '(35, 30)', '(33, 26)', '(31, 28)', '(29, 28)', '(29, 22)']",[138 states],100,0,100
139,"(29, 22)","(29, 23)",South,"[((29, 21), 'South')]","['(35, 4)', '(33, 4)', '(31, 6)', '(27, 4)', '(27, 2)', '(25, 4)', '(23, 2)', '(17, 12)', '(19, 12)', '(21, 14)', '(31, 20)', '(33, 20)', '(35, 30)', '(33, 26)', '(31, 28)', '(29, 28)']","['(35, 4)', '(33, 4)', '(31, 6)', '(27, 4)', '(27, 2)', '(25, 4)', '(23, 2)', '(17, 12)', '(19, 12)', '(21, 14)', '(31, 20)', '(33, 20)', '(35, 30)', '(33, 26)', '(31, 28)', '(29, 28)', '(29, 21)']",[139 states],97,0,97
140,"(29, 21)","(29, 22)",South,"[((29, 20), 'South'), ((28, 21), 'West')]","['(35, 4)', '(33, 4)', '(31, 6)', '(27, 4)', '(27, 2)', '(25, 4)', '(23, 2)', '(17, 12)', '(19, 12)', '(21, 14)', '(31, 20)', '(33, 20)', '(35, 30)', '(33, 26)', '(31, 28)', '(29, 28)']","['(35, 4)', '(33, 4)', '(31, 6)', '(27, 4)', '(27, 2)', '(25, 4)', '(23, 2)', '(17, 12)', '(19, 12)', '(21, 14)', '(31, 20)', '(33, 20)', '(35, 30)', '(33, 26)', '(31, 28)', '(29, 28)', '(29, 20)', '(28, 21)']",[140 states],98,0,98
141,"(28, 21)","(29, 21)",West,"[((27, 21), 'West')]","['(35, 4)', '(33, 4)', '(31, 6)', '(27, 4)', '(27, 2)', '(25, 4)', '(23, 2)', '(17, 12)', '(19, 12)', '(21, 14)', '(31, 20)', '(33, 20)', '(35, 30)', '(33, 26)', '(31, 28)', '(29, 28)', '(29, 20)']","['(35, 4)', '(33, 4)', '(31, 6)', '(27, 4)', '(27, 2)', '(25, 4)', '(23, 2)', '(17, 12)', '(19, 12)', '(21, 14)', '(31, 20)', '(33, 20)', '(35, 30)', '(33, 26)', '(31, 28)', '(29, 28)', '(29, 20)', '(27, 21)']",[141 states],99,0,99
142,"(27, 21)","(28, 21)",West,"[((27, 20), 'South')]","['(35, 4)', '(33, 4)', '(31, 6)', '(27, 4)', '(27, 2)', '(25, 4)', '(23, 2)', '(17, 12)', '(19, 12)', '(21, 14)', '(31, 20)', '(33, 20)', '(35, 30)', '(33, 26)', '(31, 28)', '(29, 28)', '(29, 20)']","['(35, 4)', '(33, 4)', '(31, 6)', '(27, 4)', '(27, 2)', '(25, 4)', '(23, 2)', '(17, 12)', '(19, 12)', '(21, 14)', '(31, 20)', '(33, 20)', '(35, 30)', '(33, 26)', '(31, 28)', '(29, 28)', '(29, 20)', '(27, 20)']",[142 states],100,0,100
143,"(27, 20)","(27, 21)",South,"[((27, 19), 'South')]","['(35, 4)', '(33, 4)', '(31, 6)', '(27, 4)', '(27, 2)', '(25, 4)', '(23, 2)', '(17, 12)', '(19, 12)', '(21, 14)', '(31, 20)', '(33, 20)', '(35, 30)', '(33, 26)', '(31, 28)', '(29, 28)', '(29, 20)']","['(35, 4)', '(33, 4)', '(31, 6)', '(27, 4)', '(27, 2)', '(25, 4)', '(23, 2)', '(17, 12)', '(19, 12)', '(21, 14)', '(31, 20)', '(33, 20)', '(35, 30)', '(33, 26)', '(31, 28)', '(29, 28)', '(29, 20)', '(27, 19)']",[143 states],101,0,101
144,"(27, 19)","(27, 20)",South,"[((27, 18), 'South')]","['(35, 4)', '(33, 4)', '(31, 6)', '(27, 4)', '(27, 2)', '(25, 4)', '(23, 2)', '(17, 12)', '(19, 12)', '(21, 14)', '(31, 20)', '(33, 20)', '(35, 30)', '(33, 26)', '(31, 28)', '(29, 28)', '(29, 20)']","['(35, 4)', '(33, 4)', '(31, 6)', '(27, 4)', '(27, 2)', '(25, 4)', '(23, 2)', '(17, 12)', '(19, 12)', '(21, 14)', '(31, 20)', '(33, 20)', '(35, 30)', '(33, 26)', '(31, 28)', '(29, 28)', '(29, 20)', '(27, 18)']",[144 states],102,0,102
145,"(27, 18)","(27, 19)",South,"[((27, 17), 'South')]","['(35, 4)', '(33, 4)', '(31, 6)', '(27, 4)', '(27, 2)', '(25, 4)', '(23, 2)', '(17, 12)', '(19, 12)', '(21, 14)', '(31, 20)', '(33, 20)', '(35, 30)', '(33, 26)', '(31, 28)', '(29, 28)', '(29, 20)']","['(35, 4)', '(33, 4)', '(31, 6)', '(27, 4)', '(27, 2)', '(25, 4)', '(23, 2)', '(17, 12)', '(19, 12)', '(21, 14)', '(31, 20)', '(33, 20)', '(35, 30)', '(33, 26)', '(31, 28)', '(29, 28)', '(29, 20)', '(27, 17)']",[145 states],103,0,103
146,"(27, 17)","(27, 18)",South,"[((28, 17), 'East'), ((26, 17), 'West')]","['(35, 4)', '(33, 4)', '(31, 6)', '(27, 4)', '(27, 2)', '(25, 4)', '(23, 2)', '(17, 12)', '(19, 12)', '(21, 14)', '(31, 20)', '(33, 20)', '(35, 30)', '(33, 26)', '(31, 28)', '(29, 28)', '(29, 20)']","['(35, 4)', '(33, 4)', '(31, 6)', '(27, 4)', '(27, 2)', '(25, 4)', '(23, 2)', '(17, 12)', '(19, 12)', '(21, 14)', '(31, 20)', '(33, 20)', '(35, 30)', '(33, 26)', '(31, 28)', '(29, 28)', '(29, 20)', '(28, 17)', '(26, 17)']",[146 states],104,0,104
147,"(26, 17)","(27, 17)",West,"[((25, 17), 'West')]","['(35, 4)', '(33, 4)', '(31, 6)', '(27, 4)', '(27, 2)', '(25, 4)', '(23, 2)', '(17, 12)', '(19, 12)', '(21, 14)', '(31, 20)', '(33, 20)', '(35, 30)', '(33, 26)', '(31, 28)', '(29, 28)', '(29, 20)', '(28, 17)']","['(35, 4)', '(33, 4)', '(31, 6)', '(27, 4)', '(27, 2)', '(25, 4)', '(23, 2)', '(17, 12)', '(19, 12)', '(21, 14)', '(31, 20)', '(33, 20)', '(35, 30)', '(33, 26)', '(31, 28)', '(29, 28)', '(29, 20)', '(28, 17)', '(25, 17)']",[147 states],105,0,105
148,"(25, 17)","(26, 17)",West,"[((25, 18), 'North')]","['(35, 4)', '(33, 4)', '(31, 6)', '(27, 4)', '(27, 2)', '(25, 4)', '(23, 2)', '(17, 12)', '(19, 12)', '(21, 14)', '(31, 20)', '(33, 20)', '(35, 30)', '(33, 26)', '(31, 28)', '(29, 28)', '(29, 20)', '(28, 17)']","['(35, 4)', '(33, 4)', '(31, 6)', '(27, 4)', '(27, 2)', '(25, 4)', '(23, 2)', '(17, 12)', '(19, 12)', '(21, 14)', '(31, 20)', '(33, 20)', '(35, 30)', '(33, 26)', '(31, 28)', '(29, 28)', '(29, 20)', '(28, 17)', '(25, 18)']",[148 states],106,0,106
149,"(25, 18)","(25, 17)",North,"[((25, 19), 'North')]","['(35, 4)', '(33, 4)', '(31, 6)', '(27, 4)', '(27, 2)', '(25, 4)', '(23, 2)', '(17, 12)', '(19, 12)', '(21, 14)', '(31, 20)', '(33, 20)', '(35, 30)', '(33, 26)', '(31, 28)', '(29, 28)', '(29, 20)', '(28, 17)']","['(35, 4)', '(33, 4)', '(31, 6)', '(27, 4)', '(27, 2)', '(25, 4)', '(23, 2)', '(17, 12)', '(19, 12)', '(21, 14)', '(31, 20)', '(33, 20)', '(35, 30)', '(33, 26)', '(31, 28)', '(29, 28)', '(29, 20)', '(28, 17)', '(25, 19)']",[149 states],107,0,107
150,"(25, 19)","(25, 18)",North,"[((25, 20), 'North'), ((24, 19), 'West')]","['(35, 4)', '(33, 4)', '(31, 6)', '(27, 4)', '(27, 2)', '(25, 4)', '(23, 2)', '(17, 12)', '(19, 12)', '(21, 14)', '(31, 20)', '(33, 20)', '(35, 30)', '(33, 26)', '(31, 28)', '(29, 28)', '(29, 20)', '(28, 17)']","['(35, 4)', '(33, 4)', '(31, 6)', '(27, 4)', '(27, 2)', '(25, 4)', '(23, 2)', '(17, 12)', '(19, 12)', '(21, 14)', '(31, 20)', '(33, 20)', '(35, 30)', '(33, 26)', '(31, 28)', '(29, 28)', '(29, 20)', '(28, 17)', '(25, 20)', '(24, 19)']",[150 states],108,0,108
151,"(24, 19)","(25, 19)",West,"[((23, 19), 'West')]","['(35, 4)', '(33, 4)', '(31, 6)', '(27, 4)', '(27, 2)', '(25, 4)', '(23, 2)', '(17, 12)', '(19, 12)', '(21, 14)', '(31, 20)', '(33, 20)', '(35, 30)', '(33, 26)', '(31, 28)', '(29, 28)', '(29, 20)', '(28, 17)', '(25, 20)']","['(35, 4)', '(33, 4)', '(31, 6)', '(27, 4)', '(27, 2)', '(25, 4)', '(23, 2)', '(17, 12)', '(19, 12)', '(21, 14)', '(31, 20)', '(33, 20)', '(35, 30)', '(33, 26)', '(31, 28)', '(29, 28)', '(29, 20)', '(28, 17)', '(25, 20)', '(23, 19)']",[151 states],109,0,109
152,"(23, 19)","(24, 19)",West,"[((22, 19), 'West')]","['(35, 4)', '(33, 4)', '(31, 6)', '(27, 4)', '(27, 2)', '(25, 4)', '(23, 2)', '(17, 12)', '(19, 12)', '(21, 14)', '(31, 20)', '(33, 20)', '(35, 30)', '(33, 26)', '(31, 28)', '(29, 28)', '(29, 20)', '(28, 17)', '(25, 20)']","['(35, 4)', '(33, 4)', '(31, 6)', '(27, 4)', '(27, 2)', '(25, 4)', '(23, 2)', '(17, 12)', '(19, 12)', '(21, 14)', '(31, 20)', '(33, 20)', '(35, 30)', '(33, 26)', '(31, 28)', '(29, 28)', '(29, 20)', '(28, 17)', '(25, 20)', '(22, 19)']",[152 states],110,0,110
153,"(22, 19)","(23, 19)",West,"[((21, 19), 'West')]","['(35, 4)', '(33, 4)', '(31, 6)', '(27, 4)', '(27, 2)', '(25, 4)', '(23, 2)', '(17, 12)', '(19, 12)', '(21, 14)', '(31, 20)', '(33, 20)', '(35, 30)', '(33, 26)', '(31, 28)', '(29, 28)', '(29, 20)', '(28, 17)', '(25, 20)']","['(35, 4)', '(33, 4)', '(31, 6)', '(27, 4)', '(27, 2)', '(25, 4)', '(23, 2)', '(17, 12)', '(19, 12)', '(21, 14)', '(31, 20)', '(33, 20)', '(35, 30)', '(33, 26)', '(31, 28)', '(29, 28)', '(29, 20)', '(28, 17)', '(25, 20)', '(21, 19)']",[153 states],111,0,111
154,"(21, 19)","(22, 19)",West,"[((21, 20), 'North'), ((21, 18), 'South'), ((20, 19), 'West')]","['(35, 4)', '(33, 4)', '(31, 6)', '(27, 4)', '(27, 2)', '(25, 4)', '(23, 2)', '(17, 12)', '(19, 12)', '(21, 14)', '(31, 20)', '(33, 20)', '(35, 30)', '(33, 26)', '(31, 28)', '(29, 28)', '(29, 20)', '(28, 17)', '(25, 20)']","['(35, 4)', '(33, 4)', '(31, 6)', '(27, 4)', '(27, 2)', '(25, 4)', '(23, 2)', '(17, 12)', '(19, 12)', '(21, 14)', '(31, 20)', '(33, 20)', '(35, 30)', '(33, 26)', '(31, 28)', '(29, 28)', '(29, 20)', '(28, 17)', '(25, 20)', '(21, 20)', '(21, 18)', '(20, 19)']",[154 states],112,0,112
155,"(20, 19)","(21, 19)",West,"[((19, 19), 'West')]","['(35, 4)', '(33, 4)', '(31, 6)', '(27, 4)', '(27, 2)', '(25, 4)', '(23, 2)', '(17, 12)', '(19, 12)', '(21, 14)', '(31, 20)', '(33, 20)', '(35, 30)', '(33, 26)', '(31, 28)', '(29, 28)', '(29, 20)', '(28, 17)', '(25, 20)', '(21, 20)', '(21, 18)']","['(35, 4)', '(33, 4)', '(31, 6)', '(27, 4)', '(27, 2)', '(25, 4)', '(23, 2)', '(17, 12)', '(19, 12)', '(21, 14)', '(31, 20)', '(33, 20)', '(35, 30)', '(33, 26)', '(31, 28)', '(29, 28)', '(29, 20)', '(28, 17)', '(25, 20)', '(21, 20)', '(21, 18)', '(19, 19)']",[155 states],113,0,113
156,"(19, 19)","(20, 19)",West,"[((18, 19), 'West')]","['(35, 4)', '(33, 4)', '(31, 6)', '(27, 4)', '(27, 2)', '(25, 4)', '(23, 2)', '(17, 12)', '(19, 12)', '(21, 14)', '(31, 20)', '(33, 20)', '(35, 30)', '(33, 26)', '(31, 28)', '(29, 28)', '(29, 20)', '(28, 17)', '(25, 20)', '(21, 20)', '(21, 18)']","['(35, 4)', '(33, 4)', '(31, 6)', '(27, 4)', '(27, 2)', '(25, 4)', '(23, 2)', '(17, 12)', '(19, 12)', '(21, 14)', '(31, 20)', '(33, 20)', '(35, 30)', '(33, 26)', '(31, 28)', '(29, 28)', '(29, 20)', '(28, 17)', '(25, 20)', '(21, 20)', '(21, 18)', '(18, 19)']",[156 states],114,0,114
157,"(18, 19)","(19, 19)",West,"[((17, 19), 'West')]","['(35, 4)', '(33, 4)', '(31, 6)', '(27, 4)', '(27, 2)', '(25, 4)', '(23, 2)', '(17, 12)', '(19, 12)', '(21, 14)', '(31, 20)', '(33, 20)', '(35, 30)', '(33, 26)', '(31, 28)', '(29, 28)', '(29, 20)', '(28, 17)', '(25, 20)', '(21, 20)', '(21, 18)']","['(35, 4)', '(33, 4)', '(31, 6)', '(27, 4)', '(27, 2)', '(25, 4)', '(23, 2)', '(17, 12)', '(19, 12)', '(21, 14)', '(31, 20)', '(33, 20)', '(35, 30)', '(33, 26)', '(31, 28)', '(29, 28)', '(29, 20)', '(28, 17)', '(25, 20)', '(21, 20)', '(21, 18)', '(17, 19)']",[157 states],115,0,115
158,"(17, 19)","(18, 19)",West,"[((17, 20), 'North'), ((16, 19), 'West')]","['(35, 4)', '(33, 4)', '(31, 6)', '(27, 4)', '(27, 2)', '(25, 4)', '(23, 2)', '(17, 12)', '(19, 12)', '(21, 14)', '(31, 20)', '(33, 20)', '(35, 30)', '(33, 26)', '(31, 28)', '(29, 28)', '(29, 20)', '(28, 17)', '(25, 20)', '(21, 20)', '(21, 18)']","['(35, 4)', '(33, 4)', '(31, 6)', '(27, 4)', '(27, 2)', '(25, 4)', '(23, 2)', '(17, 12)', '(19, 12)', '(21, 14)', '(31, 20)', '(33, 20)', '(35, 30)', '(33, 26)', '(31, 28)', '(29, 28)', '(29, 20)', '(28, 17)', '(25, 20)', '(21, 20)', '(21, 18)', '(17, 20)', '(16, 19)']",[158 states],116,0,116
159,"(16, 19)","(17, 19)",West,"[((15, 19), 'West')]","['(35, 4)', '(33, 4)', '(31, 6)', '(27, 4)', '(27, 2)', '(25, 4)', '(23, 2)', '(17, 12)', '(19, 12)', '(21, 14)', '(31, 20)', '(33, 20)', '(35, 30)', '(33, 26)', '(31, 28)', '(29, 28)', '(29, 20)', '(28, 17)', '(25, 20)', '(21, 20)', '(21, 18)', '(17, 20)']","['(35, 4)', '(33, 4)', '(31, 6)', '(27, 4)', '(27, 2)', '(25, 4)', '(23, 2)', '(17, 12)', '(19, 12)', '(21, 14)', '(31, 20)', '(33, 20)', '(35, 30)', '(33, 26)', '(31, 28)', '(29, 28)', '(29, 20)', '(28, 17)', '(25, 20)', '(21, 20)', '(21, 18)', '(17, 20)', '(15, 19)']",[159 states],117,0,117
160,"(15, 19)","(16, 19)",West,"[((15, 18), 'South'), ((14, 19), 'West')]","['(35, 4)', '(33, 4)', '(31, 6)', '(27, 4)', '(27, 2)', '(25, 4)', '(23, 2)', '(17, 12)', '(19, 12)', '(21, 14)', '(31, 20)', '(33, 20)', '(35, 30)', '(33, 26)', '(31, 28)', '(29, 28)', '(29, 20)', '(28, 17)', '(25, 20)', '(21, 20)', '(21, 18)', '(17, 20)']","['(35, 4)', '(33, 4)', '(31, 6)', '(27, 4)', '(27, 2)', '(25, 4)', '(23, 2)', '(17, 12)', '(19, 12)', '(21, 14)', '(31, 20)', '(33, 20)', '(35, 30)', '(33, 26)', '(31, 28)', '(29, 28)', '(29, 20)', '(28, 17)', '(25, 20)', '(21, 20)', '(21, 18)', '(17, 20)', '(15, 18)', '(14, 19)']",[160 states],118,0,118
161,"(14, 19)","(15, 19)",West,"[((13, 19), 'West')]","['(35, 4)', '(33, 4)', '(31, 6)', '(27, 4)', '(27, 2)', '(25, 4)', '(23, 2)', '(17, 12)', '(19, 12)', '(21, 14)', '(31, 20)', '(33, 20)', '(35, 30)', '(33, 26)', '(31, 28)', '(29, 28)', '(29, 20)', '(28, 17)', '(25, 20)', '(21, 20)', '(21, 18)', '(17, 20)', '(15, 18)']","['(35, 4)', '(33, 4)', '(31, 6)', '(27, 4)', '(27, 2)', '(25, 4)', '(23, 2)', '(17, 12)', '(19, 12)', '(21, 14)', '(31, 20)', '(33, 20)', '(35, 30)', '(33, 26)', '(31, 28)', '(29, 28)', '(29, 20)', '(28, 17)', '(25, 20)', '(21, 20)', '(21, 18)', '(17, 20)', '(15, 18)', '(13, 19)']",[161 states],119,0,119
162,"(13, 19)","(14, 19)",West,"[((13, 20), 'North'), ((13, 18), 'South'), ((12, 19), 'West')]","['(35, 4)', '(33, 4)', '(31, 6)', '(27, 4)', '(27, 2)', '(25, 4)', '(23, 2)', '(17, 12)', '(19, 12)', '(21, 14)', '(31, 20)', '(33, 20)', '(35, 30)', '(33, 26)', '(31, 28)', '(29, 28)', '(29, 20)', '(28, 17)', '(25, 20)', '(21, 20)', '(21, 18)', '(17, 20)', '(15, 18)']","['(35, 4)', '(33, 4)', '(31, 6)', '(27, 4)', '(27, 2)', '(25, 4)', '(23, 2)', '(17, 12)', '(19, 12)', '(21, 14)', '(31, 20)', '(33, 20)', '(35, 30)', '(33, 26)', '(31, 28)', '(29, 28)', '(29, 20)', '(28, 17)', '(25, 20)', '(21, 20)', '(21, 18)', '(17, 20)', '(15, 18)', '(13, 20)', '(13, 18)', '(12, 19)']",[162 states],120,0,120
163,"(12, 19)","(13, 19)",West,"[((11, 19), 'West')]","['(35, 4)', '(33, 4)', '(31, 6)', '(27, 4)', '(27, 2)', '(25, 4)', '(23, 2)', '(17, 12)', '(19, 12)', '(21, 14)', '(31, 20)', '(33, 20)', '(35, 30)', '(33, 26)', '(31, 28)', '(29, 28)', '(29, 20)', '(28, 17)', '(25, 20)', '(21, 20)', '(21, 18)', '(17, 20)', '(15, 18)', '(13, 20)', '(13, 18)']","['(35, 4)', '(33, 4)', '(31, 6)', '(27, 4)', '(27, 2)', '(25, 4)', '(23, 2)', '(17, 12)', '(19, 12)', '(21, 14)', '(31, 20)', '(33, 20)', '(35, 30)', '(33, 26)', '(31, 28)', '(29, 28)', '(29, 20)', '(28, 17)', '(25, 20)', '(21, 20)', '(21, 18)', '(17, 20)', '(15, 18)', '(13, 20)', '(13, 18)', '(11, 19)']",[163 states],121,0,121
164,"(11, 19)","(12, 19)",West,"[((11, 18), 'South'), ((10, 19), 'West')]","['(35, 4)', '(33, 4)', '(31, 6)', '(27, 4)', '(27, 2)', '(25, 4)', '(23, 2)', '(17, 12)', '(19, 12)', '(21, 14)', '(31, 20)', '(33, 20)', '(35, 30)', '(33, 26)', '(31, 28)', '(29, 28)', '(29, 20)', '(28, 17)', '(25, 20)', '(21, 20)', '(21, 18)', '(17, 20)', '(15, 18)', '(13, 20)', '(13, 18)']","['(35, 4)', '(33, 4)', '(31, 6)', '(27, 4)', '(27, 2)', '(25, 4)', '(23, 2)', '(17, 12)', '(19, 12)', '(21, 14)', '(31, 20)', '(33, 20)', '(35, 30)', '(33, 26)', '(31, 28)', '(29, 28)', '(29, 20)', '(28, 17)', '(25, 20)', '(21, 20)', '(21, 18)', '(17, 20)', '(15, 18)', '(13, 20)', '(13, 18)', '(11, 18)', '(10, 19)']",[164 states],122,0,122
165,"(10, 19)","(11, 19)",West,"[((9, 19), 'West')]","['(35, 4)', '(33, 4)', '(31, 6)', '(27, 4)', '(27, 2)', '(25, 4)', '(23, 2)', '(17, 12)', '(19, 12)', '(21, 14)', '(31, 20)', '(33, 20)', '(35, 30)', '(33, 26)', '(31, 28)', '(29, 28)', '(29, 20)', '(28, 17)', '(25, 20)', '(21, 20)', '(21, 18)', '(17, 20)', '(15, 18)', '(13, 20)', '(13, 18)', '(11, 18)']","['(35, 4)', '(33, 4)', '(31, 6)', '(27, 4)', '(27, 2)', '(25, 4)', '(23, 2)', '(17, 12)', '(19, 12)', '(21, 14)', '(31, 20)', '(33, 20)', '(35, 30)', '(33, 26)', '(31, 28)', '(29, 28)', '(29, 20)', '(28, 17)', '(25, 20)', '(21, 20)', '(21, 18)', '(17, 20)', '(15, 18)', '(13, 20)', '(13, 18)', '(11, 18)', '(9, 19)']",[165 states],123,0,123
166,"(9, 19)","(10, 19)",West,"[((9, 20), 'North')]","['(35, 4)', '(33, 4)', '(31, 6)', '(27, 4)', '(27, 2)', '(25, 4)', '(23, 2)', '(17, 12)', '(19, 12)', '(21, 14)', '(31, 20)', '(33, 20)', '(35, 30)', '(33, 26)', '(31, 28)', '(29, 28)', '(29, 20)', '(28, 17)', '(25, 20)', '(21, 20)', '(21, 18)', '(17, 20)', '(15, 18)', '(13, 20)', '(13, 18)', '(11, 18)']","['(35, 4)', '(33, 4)', '(31, 6)', '(27, 4)', '(27, 2)', '(25, 4)', '(23, 2)', '(17, 12)', '(19, 12)', '(21, 14)', '(31, 20)', '(33, 20)', '(35, 30)', '(33, 26)', '(31, 28)', '(29, 28)', '(29, 20)', '(28, 17)', '(25, 20)', '(21, 20)', '(21, 18)', '(17, 20)', '(15, 18)', '(13, 20)', '(13, 18)', '(11, 18)', '(9, 20)']",[166 states],124,0,124
167,"(9, 20)","(9, 19)",North,"[((9, 21), 'North')]","['(35, 4)', '(33, 4)', '(31, 6)', '(27, 4)', '(27, 2)', '(25, 4)', '(23, 2)', '(17, 12)', '(19, 12)', '(21, 14)', '(31, 20)', '(33, 20)', '(35, 30)', '(33, 26)', '(31, 28)', '(29, 28)', '(29, 20)', '(28, 17)', '(25, 20)', '(21, 20)', '(21, 18)', '(17, 20)', '(15, 18)', '(13, 20)', '(13, 18)', '(11, 18)']","['(35, 4)', '(33, 4)', '(31, 6)', '(27, 4)', '(27, 2)', '(25, 4)', '(23, 2)', '(17, 12)', '(19, 12)', '(21, 14)', '(31, 20)', '(33, 20)', '(35, 30)', '(33, 26)', '(31, 28)', '(29, 28)', '(29, 20)', '(28, 17)', '(25, 20)', '(21, 20)', '(21, 18)', '(17, 20)', '(15, 18)', '(13, 20)', '(13, 18)', '(11, 18)', '(9, 21)']",[167 states],125,0,125
168,"(9, 21)","(9, 20)",North,"[((9, 22), 'North')]","['(35, 4)', '(33, 4)', '(31, 6)', '(27, 4)', '(27, 2)', '(25, 4)', '(23, 2)', '(17, 12)', '(19, 12)', '(21, 14)', '(31, 20)', '(33, 20)', '(35, 30)', '(33, 26)', '(31, 28)', '(29, 28)', '(29, 20)', '(28, 17)', '(25, 20)', '(21, 20)', '(21, 18)', '(17, 20)', '(15, 18)', '(13, 20)', '(13, 18)', '(11, 18)']","['(35, 4)', '(33, 4)', '(31, 6)', '(27, 4)', '(27, 2)', '(25, 4)', '(23, 2)', '(17, 12)', '(19, 12)', '(21, 14)', '(31, 20)', '(33, 20)', '(35, 30)', '(33, 26)', '(31, 28)', '(29, 28)', '(29, 20)', '(28, 17)', '(25, 20)', '(21, 20)', '(21, 18)', '(17, 20)', '(15, 18)', '(13, 20)', '(13, 18)', '(11, 18)', '(9, 22)']",[168 states],126,0,126
169,"(9, 22)","(9, 21)",North,"[((9, 23), 'North')]","['(35, 4)', '(33, 4)', '(31, 6)', '(27, 4)', '(27, 2)', '(25, 4)', '(23, 2)', '(17, 12)', '(19, 12)', '(21, 14)', '(31, 20)', '(33, 20)', '(35, 30)', '(33, 26)', '(31, 28)', '(29, 28)', '(29, 20)', '(28, 17)', '(25, 20)', '(21, 20)', '(21, 18)', '(17, 20)', '(15, 18)', '(13, 20)', '(13, 18)', '(11, 18)']","['(35, 4)', '(33, 4)', '(31, 6)', '(27, 4)', '(27, 2)', '(25, 4)', '(23, 2)', '(17, 12)', '(19, 12)', '(21, 14)', '(31, 20)', '(33, 20)', '(35, 30)', '(33, 26)', '(31, 28)', '(29, 28)', '(29, 20)', '(28, 17)', '(25, 20)', '(21, 20)', '(21, 18)', '(17, 20)', '(15, 18)', '(13, 20)', '(13, 18)', '(11, 18)', '(9, 23)']",[169 states],127,0,127
170,"(9, 23)","(9, 22)",North,"[((10, 23), 'East'), ((8, 23), 'West')]","['(35, 4)', '(33, 4)', '(31, 6)', '(27, 4)', '(27, 2)', '(25, 4)', '(23, 2)', '(17, 12)', '(19, 12)', '(21, 14)', '(31, 20)', '(33, 20)', '(35, 30)', '(33, 26)', '(31, 28)', '(29, 28)', '(29, 20)', '(28, 17)', '(25, 20)', '(21, 20)', '(21, 18)', '(17, 20)', '(15, 18)', '(13, 20)', '(13, 18)', '(11, 18)']","['(35, 4)', '(33, 4)', '(31, 6)', '(27, 4)', '(27, 2)', '(25, 4)', '(23, 2)', '(17, 12)', '(19, 12)', '(21, 14)', '(31, 20)', '(33, 20)', '(35, 30)', '(33, 26)', '(31, 28)', '(29, 28)', '(29, 20)', '(28, 17)', '(25, 20)', '(21, 20)', '(21, 18)', '(17, 20)', '(15, 18)', '(13, 20)', '(13, 18)', '(11, 18)', '(10, 23)', '(8, 23)']",[170 states],128,0,128
171,"(8, 23)","(9, 23)",West,"[((7, 23), 'West')]","['(35, 4)', '(33, 4)', '(31, 6)', '(27, 4)', '(27, 2)', '(25, 4)', '(23, 2)', '(17, 12)', '(19, 12)', '(21, 14)', '(31, 20)', '(33, 20)', '(35, 30)', '(33, 26)', '(31, 28)', '(29, 28)', '(29, 20)', '(28, 17)', '(25, 20)', '(21, 20)', '(21, 18)', '(17, 20)', '(15, 18)', '(13, 20)', '(13, 18)', '(11, 18)', '(10, 23)']","['(35, 4)', '(33, 4)', '(31, 6)', '(27, 4)', '(27, 2)', '(25, 4)', '(23, 2)', '(17, 12)', '(19, 12)', '(21, 14)', '(31, 20)', '(33, 20)', '(35, 30)', '(33, 26)', '(31, 28)', '(29, 28)', '(29, 20)', '(28, 17)', '(25, 20)', '(21, 20)', '(21, 18)', '(17, 20)', '(15, 18)', '(13, 20)', '(13, 18)', '(11, 18)', '(10, 23)', '(7, 23)']",[171 states],129,0,129
172,"(7, 23)","(8, 23)",West,"[((7, 22), 'South')]","['(35, 4)', '(33, 4)', '(31, 6)', '(27, 4)', '(27, 2)', '(25, 4)', '(23, 2)', '(17, 12)', '(19, 12)', '(21, 14)', '(31, 20)', '(33, 20)', '(35, 30)', '(33, 26)', '(31, 28)', '(29, 28)', '(29, 20)', '(28, 17)', '(25, 20)', '(21, 20)', '(21, 18)', '(17, 20)', '(15, 18)', '(13, 20)', '(13, 18)', '(11, 18)', '(10, 23)']","['(35, 4)', '(33, 4)', '(31, 6)', '(27, 4)', '(27, 2)', '(25, 4)', '(23, 2)', '(17, 12)', '(19, 12)', '(21, 14)', '(31, 20)', '(33, 20)', '(35, 30)', '(33, 26)', '(31, 28)', '(29, 28)', '(29, 20)', '(28, 17)', '(25, 20)', '(21, 20)', '(21, 18)', '(17, 20)', '(15, 18)', '(13, 20)', '(13, 18)', '(11, 18)', '(10, 23)', '(7, 22)']",[172 states],130,0,130
173,"(7, 22)","(7, 23)",South,"[((7, 21), 'South')]","['(35, 4)', '(33, 4)', '(31, 6)', '(27, 4)', '(27, 2)', '(25, 4)', '(23, 2)', '(17, 12)', '(19, 12)', '(21, 14)', '(31, 20)', '(33, 20)', '(35, 30)', '(33, 26)', '(31, 28)', '(29, 28)', '(29, 20)', '(28, 17)', '(25, 20)', '(21, 20)', '(21, 18)', '(17, 20)', '(15, 18)', '(13, 20)', '(13, 18)', '(11, 18)', '(10, 23)']","['(35, 4)', '(33, 4)', '(31, 6)', '(27, 4)', '(27, 2)', '(25, 4)', '(23, 2)', '(17, 12)', '(19, 12)', '(21, 14)', '(31, 20)', '(33, 20)', '(35, 30)', '(33, 26)', '(31, 28)', '(29, 28)', '(29, 20)', '(28, 17)', '(25, 20)', '(21, 20)', '(21, 18)', '(17, 20)', '(15, 18)', '(13, 20)', '(13, 18)', '(11, 18)', '(10, 23)', '(7, 21)']",[173 states],131,0,131
174,"(7, 21)","(7, 22)",South,"[((7, 20), 'South')]","['(35, 4)', '(33, 4)', '(31, 6)', '(27, 4)', '(27, 2)', '(25, 4)', '(23, 2)', '(17, 12)', '(19, 12)', '(21, 14)', '(31, 20)', '(33, 20)', '(35, 30)', '(33, 26)', '(31, 28)', '(29, 28)', '(29, 20)', '(28, 17)', '(25, 20)', '(21, 20)', '(21, 18)', '(17, 20)', '(15, 18)', '(13, 20)', '(13, 18)', '(11, 18)', '(10, 23)']","['(35, 4)', '(33, 4)', '(31, 6)', '(27, 4)', '(27, 2)', '(25, 4)', '(23, 2)', '(17, 12)', '(19, 12)', '(21, 14)', '(31, 20)', '(33, 20)', '(35, 30)', '(33, 26)', '(31, 28)', '(29, 28)', '(29, 20)', '(28, 17)', '(25, 20)', '(21, 20)', '(21, 18)', '(17, 20)', '(15, 18)', '(13, 20)', '(13, 18)', '(11, 18)', '(10, 23)', '(7, 20)']",[174 states],132,0,132
175,"(7, 20)","(7, 21)",South,"[((7, 19), 'South')]","['(35, 4)', '(33, 4)', '(31, 6)', '(27, 4)', '(27, 2)', '(25, 4)', '(23, 2)', '(17, 12)', '(19, 12)', '(21, 14)', '(31, 20)', '(33, 20)', '(35, 30)', '(33, 26)', '(31, 28)', '(29, 28)', '(29, 20)', '(28, 17)', '(25, 20)', '(21, 20)', '(21, 18)', '(17, 20)', '(15, 18)', '(13, 20)', '(13, 18)', '(11, 18)', '(10, 23)']","['(35, 4)', '(33, 4)', '(31, 6)', '(27, 4)', '(27, 2)', '(25, 4)', '(23, 2)', '(17, 12)', '(19, 12)', '(21, 14)', '(31, 20)', '(33, 20)', '(35, 30)', '(33, 26)', '(31, 28)', '(29, 28)', '(29, 20)', '(28, 17)', '(25, 20)', '(21, 20)', '(21, 18)', '(17, 20)', '(15, 18)', '(13, 20)', '(13, 18)', '(11, 18)', '(10, 23)', '(7, 19)']",[175 states],133,0,133
176,"(7, 19)","(7, 20)",South,[],"['(35, 4)', '(33, 4)', '(31, 6)', '(27, 4)', '(27, 2)', '(25, 4)', '(23, 2)', '(17, 12)', '(19, 12)', '(21, 14)', '(31, 20)', '(33, 20)', '(35, 30)', '(33, 26)', '(31, 28)', '(29, 28)', '(29, 20)', '(28, 17)', '(25, 20)', '(21, 20)', '(21, 18)', '(17, 20)', '(15, 18)', '(13, 20)', '(13, 18)', '(11, 18)', '(10, 23)']","['(35, 4)', '(33, 4)', '(31, 6)', '(27, 4)', '(27, 2)', '(25, 4)', '(23, 2)', '(17, 12)', '(19, 12)', '(21, 14)', '(31, 20)', '(33, 20)', '(35, 30)', '(33, 26)', '(31, 28)', '(29, 28)', '(29, 20)', '(28, 17)', '(25, 20)', '(21, 20)', '(21, 18)', '(17, 20)', '(15, 18)', '(13, 20)', '(13, 18)', '(11, 18)', '(10, 23)']",[176 states],134,0,134
177,"(10, 23)","(9, 23)",East,"[((11, 23), 'East')]","['(35, 4)', '(33, 4)', '(31, 6)', '(27, 4)', '(27, 2)', '(25, 4)', '(23, 2)', '(17, 12)', '(19, 12)', '(21, 14)', '(31, 20)', '(33, 20)', '(35, 30)', '(33, 26)', '(31, 28)', '(29, 28)', '(29, 20)', '(28, 17)', '(25, 20)', '(21, 20)', '(21, 18)', '(17, 20)', '(15, 18)', '(13, 20)', '(13, 18)', '(11, 18)']","['(35, 4)', '(33, 4)', '(31, 6)', '(27, 4)', '(27, 2)', '(25, 4)', '(23, 2)', '(17, 12)', '(19, 12)', '(21, 14)', '(31, 20)', '(33, 20)', '(35, 30)', '(33, 26)', '(31, 28)', '(29, 28)', '(29, 20)', '(28, 17)', '(25, 20)', '(21, 20)', '(21, 18)', '(17, 20)', '(15, 18)', '(13, 20)', '(13, 18)', '(11, 18)', '(11, 23)']",[177 states],129,0,129
178,"(11, 23)","(10, 23)",East,[],"['(35, 4)', '(33, 4)', '(31, 6)', '(27, 4)', '(27, 2)', '(25, 4)', '(23, 2)', '(17, 12)', '(19, 12)', '(21, 14)', '(31, 20)', '(33, 20)', '(35, 30)', '(33, 26)', '(31, 28)', '(29, 28)', '(29, 20)', '(28, 17)', '(25, 20)', '(21, 20)', '(21, 18)', '(17, 20)', '(15, 18)', '(13, 20)', '(13, 18)', '(11, 18)']","['(35, 4)', '(33, 4)', '(31, 6)', '(27, 4)', '(27, 2)', '(25, 4)', '(23, 2)', '(17, 12)', '(19, 12)', '(21, 14)', '(31, 20)', '(33, 20)', '(35, 30)', '(33, 26)', '(31, 28)', '(29, 28)', '(29, 20)', '(28, 17)', '(25, 20)', '(21, 20)', '(21, 18)', '(17, 20)', '(15, 18)', '(13, 20)', '(13, 18)', '(11, 18)']",[178 states],130,0,130
179,"(11, 18)","(11, 19)",South,"[((11, 17), 'South')]","['(35, 4)', '(33, 4)', '(31, 6)', '(27, 4)', '(27, 2)', '(25, 4)', '(23, 2)', '(17, 12)', '(19, 12)', '(21, 14)', '(31, 20)', '(33, 20)', '(35, 30)', '(33, 26)', '(31, 28)', '(29, 28)', '(29, 20)', '(28, 17)', '(25, 20)', '(21, 20)', '(21, 18)', '(17, 20)', '(15, 18)', '(13, 20)', '(13, 18)']","['(35, 4)', '(33, 4)', '(31, 6)', '(27, 4)', '(27, 2)', '(25, 4)', '(23, 2)', '(17, 12)', '(19, 12)', '(21, 14)', '(31, 20)', '(33, 20)', '(35, 30)', '(33, 26)', '(31, 28)', '(29, 28)', '(29, 20)', '(28, 17)', '(25, 20)', '(21, 20)', '(21, 18)', '(17, 20)', '(15, 18)', '(13, 20)', '(13, 18)', '(11, 17)']",[179 states],123,0,123
180,"(11, 17)","(11, 18)",South,[],"['(35, 4)', '(33, 4)', '(31, 6)', '(27, 4)', '(27, 2)', '(25, 4)', '(23, 2)', '(17, 12)', '(19, 12)', '(21, 14)', '(31, 20)', '(33, 20)', '(35, 30)', '(33, 26)', '(31, 28)', '(29, 28)', '(29, 20)', '(28, 17)', '(25, 20)', '(21, 20)', '(21, 18)', '(17, 20)', '(15, 18)', '(13, 20)', '(13, 18)']","['(35, 4)', '(33, 4)', '(31, 6)', '(27, 4)', '(27, 2)', '(25, 4)', '(23, 2)', '(17, 12)', '(19, 12)', '(21, 14)', '(31, 20)', '(33, 20)', '(35, 30)', '(33, 26)', '(31, 28)', '(29, 28)', '(29, 20)', '(28, 17)', '(25, 20)', '(21, 20)', '(21, 18)', '(17, 20)', '(15, 18)', '(13, 20)', '(13, 18)']",[180 states],124,0,124
181,"(13, 18)","(13, 19)",South,"[((13, 17), 'South')]","['(35, 4)', '(33, 4)', '(31, 6)', '(27, 4)', '(27, 2)', '(25, 4)', '(23, 2)', '(17, 12)', '(19, 12)', '(21, 14)', '(31, 20)', '(33, 20)', '(35, 30)', '(33, 26)', '(31, 28)', '(29, 28)', '(29, 20)', '(28, 17)', '(25, 20)', '(21, 20)', '(21, 18)', '(17, 20)', '(15, 18)', '(13, 20)']","['(35, 4)', '(33, 4)', '(31, 6)', '(27, 4)', '(27, 2)', '(25, 4)', '(23, 2)', '(17, 12)', '(19, 12)', '(21, 14)', '(31, 20)', '(33, 20)', '(35, 30)', '(33, 26)', '(31, 28)', '(29, 28)', '(29, 20)', '(28, 17)', '(25, 20)', '(21, 20)', '(21, 18)', '(17, 20)', '(15, 18)', '(13, 20)', '(13, 17)']",[181 states],121,0,121
182,"(13, 17)","(13, 18)",South,[],"['(35, 4)', '(33, 4)', '(31, 6)', '(27, 4)', '(27, 2)', '(25, 4)', '(23, 2)', '(17, 12)', '(19, 12)', '(21, 14)', '(31, 20)', '(33, 20)', '(35, 30)', '(33, 26)', '(31, 28)', '(29, 28)', '(29, 20)', '(28, 17)', '(25, 20)', '(21, 20)', '(21, 18)', '(17, 20)', '(15, 18)', '(13, 20)']","['(35, 4)', '(33, 4)', '(31, 6)', '(27, 4)', '(27, 2)', '(25, 4)', '(23, 2)', '(17, 12)', '(19, 12)', '(21, 14)', '(31, 20)', '(33, 20)', '(35, 30)', '(33, 26)', '(31, 28)', '(29, 28)', '(29, 20)', '(28, 17)', '(25, 20)', '(21, 20)', '(21, 18)', '(17, 20)', '(15, 18)', '(13, 20)']",[182 states],122,0,122
183,"(13, 20)","(13, 19)",North,"[((13, 21), 'North')]","['(35, 4)', '(33, 4)', '(31, 6)', '(27, 4)', '(27, 2)', '(25, 4)', '(23, 2)', '(17, 12)', '(19, 12)', '(21, 14)', '(31, 20)', '(33, 20)', '(35, 30)', '(33, 26)', '(31, 28)', '(29, 28)', '(29, 20)', '(28, 17)', '(25, 20)', '(21, 20)', '(21, 18)', '(17, 20)', '(15, 18)']","['(35, 4)', '(33, 4)', '(31, 6)', '(27, 4)', '(27, 2)', '(25, 4)', '(23, 2)', '(17, 12)', '(19, 12)', '(21, 14)', '(31, 20)', '(33, 20)', '(35, 30)', '(33, 26)', '(31, 28)', '(29, 28)', '(29, 20)', '(28, 17)', '(25, 20)', '(21, 20)', '(21, 18)', '(17, 20)', '(15, 18)', '(13, 21)']",[183 states],121,0,121
184,"(13, 21)","(13, 20)",North,"[((14, 21), 'East'), ((12, 21), 'West')]","['(35, 4)', '(33, 4)', '(31, 6)', '(27, 4)', '(27, 2)', '(25, 4)', '(23, 2)', '(17, 12)', '(19, 12)', '(21, 14)', '(31, 20)', '(33, 20)', '(35, 30)', '(33, 26)', '(31, 28)', '(29, 28)', '(29, 20)', '(28, 17)', '(25, 20)', '(21, 20)', '(21, 18)', '(17, 20)', '(15, 18)']","['(35, 4)', '(33, 4)', '(31, 6)', '(27, 4)', '(27, 2)', '(25, 4)', '(23, 2)', '(17, 12)', '(19, 12)', '(21, 14)', '(31, 20)', '(33, 20)', '(35, 30)', '(33, 26)', '(31, 28)', '(29, 28)', '(29, 20)', '(28, 17)', '(25, 20)', '(21, 20)', '(21, 18)', '(17, 20)', '(15, 18)', '(14, 21)', '(12, 21)']",[184 states],122,0,122
185,"(12, 21)","(13, 21)",West,"[((11, 21), 'West')]","['(35, 4)', '(33, 4)', '(31, 6)', '(27, 4)', '(27, 2)', '(25, 4)', '(23, 2)', '(17, 12)', '(19, 12)', '(21, 14)', '(31, 20)', '(33, 20)', '(35, 30)', '(33, 26)', '(31, 28)', '(29, 28)', '(29, 20)', '(28, 17)', '(25, 20)', '(21, 20)', '(21, 18)', '(17, 20)', '(15, 18)', '(14, 21)']","['(35, 4)', '(33, 4)', '(31, 6)', '(27, 4)', '(27, 2)', '(25, 4)', '(23, 2)', '(17, 12)', '(19, 12)', '(21, 14)', '(31, 20)', '(33, 20)', '(35, 30)', '(33, 26)', '(31, 28)', '(29, 28)', '(29, 20)', '(28, 17)', '(25, 20)', '(21, 20)', '(21, 18)', '(17, 20)', '(15, 18)', '(14, 21)', '(11, 21)']",[185 states],123,0,123
186,"(11, 21)","(12, 21)",West,[],"['(35, 4)', '(33, 4)', '(31, 6)', '(27, 4)', '(27, 2)', '(25, 4)', '(23, 2)', '(17, 12)', '(19, 12)', '(21, 14)', '(31, 20)', '(33, 20)', '(35, 30)', '(33, 26)', '(31, 28)', '(29, 28)', '(29, 20)', '(28, 17)', '(25, 20)', '(21, 20)', '(21, 18)', '(17, 20)', '(15, 18)', '(14, 21)']","['(35, 4)', '(33, 4)', '(31, 6)', '(27, 4)', '(27, 2)', '(25, 4)', '(23, 2)', '(17, 12)', '(19, 12)', '(21, 14)', '(31, 20)', '(33, 20)', '(35, 30)', '(33, 26)', '(31, 28)', '(29, 28)', '(29, 20)', '(28, 17)', '(25, 20)', '(21, 20)', '(21, 18)', '(17, 20)', '(15, 18)', '(14, 21)']",[186 states],124,0,124
187,"(14, 21)","(13, 21)",East,"[((15, 21), 'East')]","['(35, 4)', '(33, 4)', '(31, 6)', '(27, 4)', '(27, 2)', '(25, 4)', '(23, 2)', '(17, 12)', '(19, 12)', '(21, 14)', '(31, 20)', '(33, 20)', '(35, 30)', '(33, 26)', '(31, 28)', '(29, 28)', '(29, 20)', '(28, 17)', '(25, 20)', '(21, 20)', '(21, 18)', '(17, 20)', '(15, 18)']","['(35, 4)', '(33, 4)', '(31, 6)', '(27, 4)', '(27, 2)', '(25, 4)', '(23, 2)', '(17, 12)', '(19, 12)', '(21, 14)', '(31, 20)', '(33, 20)', '(35, 30)', '(33, 26)', '(31, 28)', '(29, 28)', '(29, 20)', '(28, 17)', '(25, 20)', '(21, 20)', '(21, 18)', '(17, 20)', '(15, 18)', '(15, 21)']",[187 states],123,0,123
188,"(15, 21)","(14, 21)",East,"[((15, 22), 'North')]","['(35, 4)', '(33, 4)', '(31, 6)', '(27, 4)', '(27, 2)', '(25, 4)', '(23, 2)', '(17, 12)', '(19, 12)', '(21, 14)', '(31, 20)', '(33, 20)', '(35, 30)', '(33, 26)', '(31, 28)', '(29, 28)', '(29, 20)', '(28, 17)', '(25, 20)', '(21, 20)', '(21, 18)', '(17, 20)', '(15, 18)']","['(35, 4)', '(33, 4)', '(31, 6)', '(27, 4)', '(27, 2)', '(25, 4)', '(23, 2)', '(17, 12)', '(19, 12)', '(21, 14)', '(31, 20)', '(33, 20)', '(35, 30)', '(33, 26)', '(31, 28)', '(29, 28)', '(29, 20)', '(28, 17)', '(25, 20)', '(21, 20)', '(21, 18)', '(17, 20)', '(15, 18)', '(15, 22)']",[188 states],124,0,124
189,"(15, 22)","(15, 21)",North,"[((15, 23), 'North')]","['(35, 4)', '(33, 4)', '(31, 6)', '(27, 4)', '(27, 2)', '(25, 4)', '(23, 2)', '(17, 12)', '(19, 12)', '(21, 14)', '(31, 20)', '(33, 20)', '(35, 30)', '(33, 26)', '(31, 28)', '(29, 28)', '(29, 20)', '(28, 17)', '(25, 20)', '(21, 20)', '(21, 18)', '(17, 20)', '(15, 18)']","['(35, 4)', '(33, 4)', '(31, 6)', '(27, 4)', '(27, 2)', '(25, 4)', '(23, 2)', '(17, 12)', '(19, 12)', '(21, 14)', '(31, 20)', '(33, 20)', '(35, 30)', '(33, 26)', '(31, 28)', '(29, 28)', '(29, 20)', '(28, 17)', '(25, 20)', '(21, 20)', '(21, 18)', '(17, 20)', '(15, 18)', '(15, 23)']",[189 states],125,0,125
190,"(15, 23)","(15, 22)",North,"[((15, 24), 'North'), ((14, 23), 'West')]","['(35, 4)', '(33, 4)', '(31, 6)', '(27, 4)', '(27, 2)', '(25, 4)', '(23, 2)', '(17, 12)', '(19, 12)', '(21, 14)', '(31, 20)', '(33, 20)', '(35, 30)', '(33, 26)', '(31, 28)', '(29, 28)', '(29, 20)', '(28, 17)', '(25, 20)', '(21, 20)', '(21, 18)', '(17, 20)', '(15, 18)']","['(35, 4)', '(33, 4)', '(31, 6)', '(27, 4)', '(27, 2)', '(25, 4)', '(23, 2)', '(17, 12)', '(19, 12)', '(21, 14)', '(31, 20)', '(33, 20)', '(35, 30)', '(33, 26)', '(31, 28)', '(29, 28)', '(29, 20)', '(28, 17)', '(25, 20)', '(21, 20)', '(21, 18)', '(17, 20)', '(15, 18)', '(15, 24)', '(14, 23)']",[190 states],126,0,126
191,"(14, 23)","(15, 23)",West,"[((13, 23), 'West')]","['(35, 4)', '(33, 4)', '(31, 6)', '(27, 4)', '(27, 2)', '(25, 4)', '(23, 2)', '(17, 12)', '(19, 12)', '(21, 14)', '(31, 20)', '(33, 20)', '(35, 30)', '(33, 26)', '(31, 28)', '(29, 28)', '(29, 20)', '(28, 17)', '(25, 20)', '(21, 20)', '(21, 18)', '(17, 20)', '(15, 18)', '(15, 24)']","['(35, 4)', '(33, 4)', '(31, 6)', '(27, 4)', '(27, 2)', '(25, 4)', '(23, 2)', '(17, 12)', '(19, 12)', '(21, 14)', '(31, 20)', '(33, 20)', '(35, 30)', '(33, 26)', '(31, 28)', '(29, 28)', '(29, 20)', '(28, 17)', '(25, 20)', '(21, 20)', '(21, 18)', '(17, 20)', '(15, 18)', '(15, 24)', '(13, 23)']",[191 states],127,0,127
192,"(13, 23)","(14, 23)",West,"[((13, 24), 'North')]","['(35, 4)', '(33, 4)', '(31, 6)', '(27, 4)', '(27, 2)', '(25, 4)', '(23, 2)', '(17, 12)', '(19, 12)', '(21, 14)', '(31, 20)', '(33, 20)', '(35, 30)', '(33, 26)', '(31, 28)', '(29, 28)', '(29, 20)', '(28, 17)', '(25, 20)', '(21, 20)', '(21, 18)', '(17, 20)', '(15, 18)', '(15, 24)']","['(35, 4)', '(33, 4)', '(31, 6)', '(27, 4)', '(27, 2)', '(25, 4)', '(23, 2)', '(17, 12)', '(19, 12)', '(21, 14)', '(31, 20)', '(33, 20)', '(35, 30)', '(33, 26)', '(31, 28)', '(29, 28)', '(29, 20)', '(28, 17)', '(25, 20)', '(21, 20)', '(21, 18)', '(17, 20)', '(15, 18)', '(15, 24)', '(13, 24)']",[192 states],128,0,128
193,"(13, 24)","(13, 23)",North,"[((13, 25), 'North')]","['(35, 4)', '(33, 4)', '(31, 6)', '(27, 4)', '(27, 2)', '(25, 4)', '(23, 2)', '(17, 12)', '(19, 12)', '(21, 14)', '(31, 20)', '(33, 20)', '(35, 30)', '(33, 26)', '(31, 28)', '(29, 28)', '(29, 20)', '(28, 17)', '(25, 20)', '(21, 20)', '(21, 18)', '(17, 20)', '(15, 18)', '(15, 24)']","['(35, 4)', '(33, 4)', '(31, 6)', '(27, 4)', '(27, 2)', '(25, 4)', '(23, 2)', '(17, 12)', '(19, 12)', '(21, 14)', '(31, 20)', '(33, 20)', '(35, 30)', '(33, 26)', '(31, 28)', '(29, 28)', '(29, 20)', '(28, 17)', '(25, 20)', '(21, 20)', '(21, 18)', '(17, 20)', '(15, 18)', '(15, 24)', '(13, 25)']",[193 states],129,0,129
194,"(13, 25)","(13, 24)",North,[],"['(35, 4)', '(33, 4)', '(31, 6)', '(27, 4)', '(27, 2)', '(25, 4)', '(23, 2)', '(17, 12)', '(19, 12)', '(21, 14)', '(31, 20)', '(33, 20)', '(35, 30)', '(33, 26)', '(31, 28)', '(29, 28)', '(29, 20)', '(28, 17)', '(25, 20)', '(21, 20)', '(21, 18)', '(17, 20)', '(15, 18)', '(15, 24)']","['(35, 4)', '(33, 4)', '(31, 6)', '(27, 4)', '(27, 2)', '(25, 4)', '(23, 2)', '(17, 12)', '(19, 12)', '(21, 14)', '(31, 20)', '(33, 20)', '(35, 30)', '(33, 26)', '(31, 28)', '(29, 28)', '(29, 20)', '(28, 17)', '(25, 20)', '(21, 20)', '(21, 18)', '(17, 20)', '(15, 18)', '(15, 24)']",[194 states],130,0,130
195,"(15, 24)","(15, 23)",North,"[((15, 25), 'North')]","['(35, 4)', '(33, 4)', '(31, 6)', '(27, 4)', '(27, 2)', '(25, 4)', '(23, 2)', '(17, 12)', '(19, 12)', '(21, 14)', '(31, 20)', '(33, 20)', '(35, 30)', '(33, 26)', '(31, 28)', '(29, 28)', '(29, 20)', '(28, 17)', '(25, 20)', '(21, 20)', '(21, 18)', '(17, 20)', '(15, 18)']","['(35, 4)', '(33, 4)', '(31, 6)', '(27, 4)', '(27, 2)', '(25, 4)', '(23, 2)', '(17, 12)', '(19, 12)', '(21, 14)', '(31, 20)', '(33, 20)', '(35, 30)', '(33, 26)', '(31, 28)', '(29, 28)', '(29, 20)', '(28, 17)', '(25, 20)', '(21, 20)', '(21, 18)', '(17, 20)', '(15, 18)', '(15, 25)']",[195 states],127,0,127
196,"(15, 25)","(15, 24)",North,"[((15, 26), 'North')]","['(35, 4)', '(33, 4)', '(31, 6)', '(27, 4)', '(27, 2)', '(25, 4)', '(23, 2)', '(17, 12)', '(19, 12)', '(21, 14)', '(31, 20)', '(33, 20)', '(35, 30)', '(33, 26)', '(31, 28)', '(29, 28)', '(29, 20)', '(28, 17)', '(25, 20)', '(21, 20)', '(21, 18)', '(17, 20)', '(15, 18)']","['(35, 4)', '(33, 4)', '(31, 6)', '(27, 4)', '(27, 2)', '(25, 4)', '(23, 2)', '(17, 12)', '(19, 12)', '(21, 14)', '(31, 20)', '(33, 20)', '(35, 30)', '(33, 26)', '(31, 28)', '(29, 28)', '(29, 20)', '(28, 17)', '(25, 20)', '(21, 20)', '(21, 18)', '(17, 20)', '(15, 18)', '(15, 26)']",[196 states],128,0,128
197,"(15, 26)","(15, 25)",North,"[((15, 27), 'North')]","['(35, 4)', '(33, 4)', '(31, 6)', '(27, 4)', '(27, 2)', '(25, 4)', '(23, 2)', '(17, 12)', '(19, 12)', '(21, 14)', '(31, 20)', '(33, 20)', '(35, 30)', '(33, 26)', '(31, 28)', '(29, 28)', '(29, 20)', '(28, 17)', '(25, 20)', '(21, 20)', '(21, 18)', '(17, 20)', '(15, 18)']","['(35, 4)', '(33, 4)', '(31, 6)', '(27, 4)', '(27, 2)', '(25, 4)', '(23, 2)', '(17, 12)', '(19, 12)', '(21, 14)', '(31, 20)', '(33, 20)', '(35, 30)', '(33, 26)', '(31, 28)', '(29, 28)', '(29, 20)', '(28, 17)', '(25, 20)', '(21, 20)', '(21, 18)', '(17, 20)', '(15, 18)', '(15, 27)']",[197 states],129,0,129
198,"(15, 27)","(15, 26)",North,"[((16, 27), 'East')]","['(35, 4)', '(33, 4)', '(31, 6)', '(27, 4)', '(27, 2)', '(25, 4)', '(23, 2)', '(17, 12)', '(19, 12)', '(21, 14)', '(31, 20)', '(33, 20)', '(35, 30)', '(33, 26)', '(31, 28)', '(29, 28)', '(29, 20)', '(28, 17)', '(25, 20)', '(21, 20)', '(21, 18)', '(17, 20)', '(15, 18)']","['(35, 4)', '(33, 4)', '(31, 6)', '(27, 4)', '(27, 2)', '(25, 4)', '(23, 2)', '(17, 12)', '(19, 12)', '(21, 14)', '(31, 20)', '(33, 20)', '(35, 30)', '(33, 26)', '(31, 28)', '(29, 28)', '(29, 20)', '(28, 17)', '(25, 20)', '(21, 20)', '(21, 18)', '(17, 20)', '(15, 18)', '(16, 27)']",[198 states],130,0,130
199,"(16, 27)","(15, 27)",East,"[((17, 27), 'East')]","['(35, 4)', '(33, 4)', '(31, 6)', '(27, 4)', '(27, 2)', '(25, 4)', '(23, 2)', '(17, 12)', '(19, 12)', '(21, 14)', '(31, 20)', '(33, 20)', '(35, 30)', '(33, 26)', '(31, 28)', '(29, 28)', '(29, 20)', '(28, 17)', '(25, 20)', '(21, 20)', '(21, 18)', '(17, 20)', '(15, 18)']","['(35, 4)', '(33, 4)', '(31, 6)', '(27, 4)', '(27, 2)', '(25, 4)', '(23, 2)', '(17, 12)', '(19, 12)', '(21, 14)', '(31, 20)', '(33, 20)', '(35, 30)', '(33, 26)', '(31, 28)', '(29, 28)', '(29, 20)', '(28, 17)', '(25, 20)', '(21, 20)', '(21, 18)', '(17, 20)', '(15, 18)', '(17, 27)']",[199 states],131,0,131
200,"(17, 27)","(16, 27)",East,"[((17, 26), 'South'), ((18, 27), 'East')]","['(35, 4)', '(33, 4)', '(31, 6)', '(27, 4)', '(27, 2)', '(25, 4)', '(23, 2)', '(17, 12)', '(19, 12)', '(21, 14)', '(31, 20)', '(33, 20)', '(35, 30)', '(33, 26)', '(31, 28)', '(29, 28)', '(29, 20)', '(28, 17)', '(25, 20)', '(21, 20)', '(21, 18)', '(17, 20)', '(15, 18)']","['(35, 4)', '(33, 4)', '(31, 6)', '(27, 4)', '(27, 2)', '(25, 4)', '(23, 2)', '(17, 12)', '(19, 12)', '(21, 14)', '(31, 20)', '(33, 20)', '(35, 30)', '(33, 26)', '(31, 28)', '(29, 28)', '(29, 20)', '(28, 17)', '(25, 20)', '(21, 20)', '(21, 18)', '(17, 20)', '(15, 18)', '(17, 26)', '(18, 27)']",[200 states],132,0,132
201,"(18, 27)","(17, 27)",East,"[((19, 27), 'East')]","['(35, 4)', '(33, 4)', '(31, 6)', '(27, 4)', '(27, 2)', '(25, 4)', '(23, 2)', '(17, 12)', '(19, 12)', '(21, 14)', '(31, 20)', '(33, 20)', '(35, 30)', '(33, 26)', '(31, 28)', '(29, 28)', '(29, 20)', '(28, 17)', '(25, 20)', '(21, 20)', '(21, 18)', '(17, 20)', '(15, 18)', '(17, 26)']","['(35, 4)', '(33, 4)', '(31, 6)', '(27, 4)', '(27, 2)', '(25, 4)', '(23, 2)', '(17, 12)', '(19, 12)', '(21, 14)', '(31, 20)', '(33, 20)', '(35, 30)', '(33, 26)', '(31, 28)', '(29, 28)', '(29, 20)', '(28, 17)', '(25, 20)', '(21, 20)', '(21, 18)', '(17, 20)', '(15, 18)', '(17, 26)', '(19, 27)']",[201 states],133,0,133
202,"(19, 27)","(18, 27)",East,"[((19, 26), 'South'), ((20, 27), 'East')]","['(35, 4)', '(33, 4)', '(31, 6)', '(27, 4)', '(27, 2)', '(25, 4)', '(23, 2)', '(17, 12)', '(19, 12)', '(21, 14)', '(31, 20)', '(33, 20)', '(35, 30)', '(33, 26)', '(31, 28)', '(29, 28)', '(29, 20)', '(28, 17)', '(25, 20)', '(21, 20)', '(21, 18)', '(17, 20)', '(15, 18)', '(17, 26)']","['(35, 4)', '(33, 4)', '(31, 6)', '(27, 4)', '(27, 2)', '(25, 4)', '(23, 2)', '(17, 12)', '(19, 12)', '(21, 14)', '(31, 20)', '(33, 20)', '(35, 30)', '(33, 26)', '(31, 28)', '(29, 28)', '(29, 20)', '(28, 17)', '(25, 20)', '(21, 20)', '(21, 18)', '(17, 20)', '(15, 18)', '(17, 26)', '(19, 26)', '(20, 27)']",[202 states],134,0,134
203,"(20, 27)","(19, 27)",East,"[((21, 27), 'East')]","['(35, 4)', '(33, 4)', '(31, 6)', '(27, 4)', '(27, 2)', '(25, 4)', '(23, 2)', '(17, 12)', '(19, 12)', '(21, 14)', '(31, 20)', '(33, 20)', '(35, 30)', '(33, 26)', '(31, 28)', '(29, 28)', '(29, 20)', '(28, 17)', '(25, 20)', '(21, 20)', '(21, 18)', '(17, 20)', '(15, 18)', '(17, 26)', '(19, 26)']","['(35, 4)', '(33, 4)', '(31, 6)', '(27, 4)', '(27, 2)', '(25, 4)', '(23, 2)', '(17, 12)', '(19, 12)', '(21, 14)', '(31, 20)', '(33, 20)', '(35, 30)', '(33, 26)', '(31, 28)', '(29, 28)', '(29, 20)', '(28, 17)', '(25, 20)', '(21, 20)', '(21, 18)', '(17, 20)', '(15, 18)', '(17, 26)', '(19, 26)', '(21, 27)']",[203 states],135,0,135
204,"(21, 27)","(20, 27)",East,"[((21, 28), 'North')]","['(35, 4)', '(33, 4)', '(31, 6)', '(27, 4)', '(27, 2)', '(25, 4)', '(23, 2)', '(17, 12)', '(19, 12)', '(21, 14)', '(31, 20)', '(33, 20)', '(35, 30)', '(33, 26)', '(31, 28)', '(29, 28)', '(29, 20)', '(28, 17)', '(25, 20)', '(21, 20)', '(21, 18)', '(17, 20)', '(15, 18)', '(17, 26)', '(19, 26)']","['(35, 4)', '(33, 4)', '(31, 6)', '(27, 4)', '(27, 2)', '(25, 4)', '(23, 2)', '(17, 12)', '(19, 12)', '(21, 14)', '(31, 20)', '(33, 20)', '(35, 30)', '(33, 26)', '(31, 28)', '(29, 28)', '(29, 20)', '(28, 17)', '(25, 20)', '(21, 20)', '(21, 18)', '(17, 20)', '(15, 18)', '(17, 26)', '(19, 26)', '(21, 28)']",[204 states],136,0,136
205,"(21, 28)","(21, 27)",North,"[((21, 29), 'North')]","['(35, 4)', '(33, 4)', '(31, 6)', '(27, 4)', '(27, 2)', '(25, 4)', '(23, 2)', '(17, 12)', '(19, 12)', '(21, 14)', '(31, 20)', '(33, 20)', '(35, 30)', '(33, 26)', '(31, 28)', '(29, 28)', '(29, 20)', '(28, 17)', '(25, 20)', '(21, 20)', '(21, 18)', '(17, 20)', '(15, 18)', '(17, 26)', '(19, 26)']","['(35, 4)', '(33, 4)', '(31, 6)', '(27, 4)', '(27, 2)', '(25, 4)', '(23, 2)', '(17, 12)', '(19, 12)', '(21, 14)', '(31, 20)', '(33, 20)', '(35, 30)', '(33, 26)', '(31, 28)', '(29, 28)', '(29, 20)', '(28, 17)', '(25, 20)', '(21, 20)', '(21, 18)', '(17, 20)', '(15, 18)', '(17, 26)', '(19, 26)', '(21, 29)']",[205 states],137,0,137
206,"(21, 29)","(21, 28)",North,"[((21, 30), 'North'), ((20, 29), 'West')]","['(35, 4)', '(33, 4)', '(31, 6)', '(27, 4)', '(27, 2)', '(25, 4)', '(23, 2)', '(17, 12)', '(19, 12)', '(21, 14)', '(31, 20)', '(33, 20)', '(35, 30)', '(33, 26)', '(31, 28)', '(29, 28)', '(29, 20)', '(28, 17)', '(25, 20)', '(21, 20)', '(21, 18)', '(17, 20)', '(15, 18)', '(17, 26)', '(19, 26)']","['(35, 4)', '(33, 4)', '(31, 6)', '(27, 4)', '(27, 2)', '(25, 4)', '(23, 2)', '(17, 12)', '(19, 12)', '(21, 14)', '(31, 20)', '(33, 20)', '(35, 30)', '(33, 26)', '(31, 28)', '(29, 28)', '(29, 20)', '(28, 17)', '(25, 20)', '(21, 20)', '(21, 18)', '(17, 20)', '(15, 18)', '(17, 26)', '(19, 26)', '(21, 30)', '(20, 29)']",[206 states],138,0,138
207,"(20, 29)","(21, 29)",West,"[((19, 29), 'West')]","['(35, 4)', '(33, 4)', '(31, 6)', '(27, 4)', '(27, 2)', '(25, 4)', '(23, 2)', '(17, 12)', '(19, 12)', '(21, 14)', '(31, 20)', '(33, 20)', '(35, 30)', '(33, 26)', '(31, 28)', '(29, 28)', '(29, 20)', '(28, 17)', '(25, 20)', '(21, 20)', '(21, 18)', '(17, 20)', '(15, 18)', '(17, 26)', '(19, 26)', '(21, 30)']","['(35, 4)', '(33, 4)', '(31, 6)', '(27, 4)', '(27, 2)', '(25, 4)', '(23, 2)', '(17, 12)', '(19, 12)', '(21, 14)', '(31, 20)', '(33, 20)', '(35, 30)', '(33, 26)', '(31, 28)', '(29, 28)', '(29, 20)', '(28, 17)', '(25, 20)', '(21, 20)', '(21, 18)', '(17, 20)', '(15, 18)', '(17, 26)', '(19, 26)', '(21, 30)', '(19, 29)']",[207 states],139,0,139
208,"(19, 29)","(20, 29)",West,[],"['(35, 4)', '(33, 4)', '(31, 6)', '(27, 4)', '(27, 2)', '(25, 4)', '(23, 2)', '(17, 12)', '(19, 12)', '(21, 14)', '(31, 20)', '(33, 20)', '(35, 30)', '(33, 26)', '(31, 28)', '(29, 28)', '(29, 20)', '(28, 17)', '(25, 20)', '(21, 20)', '(21, 18)', '(17, 20)', '(15, 18)', '(17, 26)', '(19, 26)', '(21, 30)']","['(35, 4)', '(33, 4)', '(31, 6)', '(27, 4)', '(27, 2)', '(25, 4)', '(23, 2)', '(17, 12)', '(19, 12)', '(21, 14)', '(31, 20)', '(33, 20)', '(35, 30)', '(33, 26)', '(31, 28)', '(29, 28)', '(29, 20)', '(28, 17)', '(25, 20)', '(21, 20)', '(21, 18)', '(17, 20)', '(15, 18)', '(17, 26)', '(19, 26)', '(21, 30)']",[208 states],140,0,140
209,"(21, 30)","(21, 29)",North,"[((21, 31), 'North')]","['(35, 4)', '(33, 4)', '(31, 6)', '(27, 4)', '(27, 2)', '(25, 4)', '(23, 2)', '(17, 12)', '(19, 12)', '(21, 14)', '(31, 20)', '(33, 20)', '(35, 30)', '(33, 26)', '(31, 28)', '(29, 28)', '(29, 20)', '(28, 17)', '(25, 20)', '(21, 20)', '(21, 18)', '(17, 20)', '(15, 18)', '(17, 26)', '(19, 26)']","['(35, 4)', '(33, 4)', '(31, 6)', '(27, 4)', '(27, 2)', '(25, 4)', '(23, 2)', '(17, 12)', '(19, 12)', '(21, 14)', '(31, 20)', '(33, 20)', '(35, 30)', '(33, 26)', '(31, 28)', '(29, 28)', '(29, 20)', '(28, 17)', '(25, 20)', '(21, 20)', '(21, 18)', '(17, 20)', '(15, 18)', '(17, 26)', '(19, 26)', '(21, 31)']",[209 states],139,0,139
210,"(21, 31)","(21, 30)",North,"[((21, 32), 'North'), ((22, 31), 'East')]","['(35, 4)', '(33, 4)', '(31, 6)', '(27, 4)', '(27, 2)', '(25, 4)', '(23, 2)', '(17, 12)', '(19, 12)', '(21, 14)', '(31, 20)', '(33, 20)', '(35, 30)', '(33, 26)', '(31, 28)', '(29, 28)', '(29, 20)', '(28, 17)', '(25, 20)', '(21, 20)', '(21, 18)', '(17, 20)', '(15, 18)', '(17, 26)', '(19, 26)']","['(35, 4)', '(33, 4)', '(31, 6)', '(27, 4)', '(27, 2)', '(25, 4)', '(23, 2)', '(17, 12)', '(19, 12)', '(21, 14)', '(31, 20)', '(33, 20)', '(35, 30)', '(33, 26)', '(31, 28)', '(29, 28)', '(29, 20)', '(28, 17)', '(25, 20)', '(21, 20)', '(21, 18)', '(17, 20)', '(15, 18)', '(17, 26)', '(19, 26)', '(21, 32)', '(22, 31)']",[210 states],140,0,140
211,"(22, 31)","(21, 31)",East,"[((23, 31), 'East')]","['(35, 4)', '(33, 4)', '(31, 6)', '(27, 4)', '(27, 2)', '(25, 4)', '(23, 2)', '(17, 12)', '(19, 12)', '(21, 14)', '(31, 20)', '(33, 20)', '(35, 30)', '(33, 26)', '(31, 28)', '(29, 28)', '(29, 20)', '(28, 17)', '(25, 20)', '(21, 20)', '(21, 18)', '(17, 20)', '(15, 18)', '(17, 26)', '(19, 26)', '(21, 32)']","['(35, 4)', '(33, 4)', '(31, 6)', '(27, 4)', '(27, 2)', '(25, 4)', '(23, 2)', '(17, 12)', '(19, 12)', '(21, 14)', '(31, 20)', '(33, 20)', '(35, 30)', '(33, 26)', '(31, 28)', '(29, 28)', '(29, 20)', '(28, 17)', '(25, 20)', '(21, 20)', '(21, 18)', '(17, 20)', '(15, 18)', '(17, 26)', '(19, 26)', '(21, 32)', '(23, 31)']",[211 states],141,0,141
212,"(23, 31)","(22, 31)",East,[],"['(35, 4)', '(33, 4)', '(31, 6)', '(27, 4)', '(27, 2)', '(25, 4)', '(23, 2)', '(17, 12)', '(19, 12)', '(21, 14)', '(31, 20)', '(33, 20)', '(35, 30)', '(33, 26)', '(31, 28)', '(29, 28)', '(29, 20)', '(28, 17)', '(25, 20)', '(21, 20)', '(21, 18)', '(17, 20)', '(15, 18)', '(17, 26)', '(19, 26)', '(21, 32)']","['(35, 4)', '(33, 4)', '(31, 6)', '(27, 4)', '(27, 2)', '(25, 4)', '(23, 2)', '(17, 12)', '(19, 12)', '(21, 14)', '(31, 20)', '(33, 20)', '(35, 30)', '(33, 26)', '(31, 28)', '(29, 28)', '(29, 20)', '(28, 17)', '(25, 20)', '(21, 20)', '(21, 18)', '(17, 20)', '(15, 18)', '(17, 26)', '(19, 26)', '(21, 32)']",[212 states],142,0,142
213,"(21, 32)","(21, 31)",North,"[((21, 33), 'North')]","['(35, 4)', '(33, 4)', '(31, 6)', '(27, 4)', '(27, 2)', '(25, 4)', '(23, 2)', '(17, 12)', '(19, 12)', '(21, 14)', '(31, 20)', '(33, 20)', '(35, 30)', '(33, 26)', '(31, 28)', '(29, 28)', '(29, 20)', '(28, 17)', '(25, 20)', '(21, 20)', '(21, 18)', '(17, 20)', '(15, 18)', '(17, 26)', '(19, 26)']","['(35, 4)', '(33, 4)', '(31, 6)', '(27, 4)', '(27, 2)', '(25, 4)', '(23, 2)', '(17, 12)', '(19, 12)', '(21, 14)', '(31, 20)', '(33, 20)', '(35, 30)', '(33, 26)', '(31, 28)', '(29, 28)', '(29, 20)', '(28, 17)', '(25, 20)', '(21, 20)', '(21, 18)', '(17, 20)', '(15, 18)', '(17, 26)', '(19, 26)', '(21, 33)']",[213 states],141,0,141
214,"(21, 33)","(21, 32)",North,"[((21, 34), 'North'), ((22, 33), 'East'), ((20, 33), 'West')]","['(35, 4)', '(33, 4)', '(31, 6)', '(27, 4)', '(27, 2)', '(25, 4)', '(23, 2)', '(17, 12)', '(19, 12)', '(21, 14)', '(31, 20)', '(33, 20)', '(35, 30)', '(33, 26)', '(31, 28)', '(29, 28)', '(29, 20)', '(28, 17)', '(25, 20)', '(21, 20)', '(21, 18)', '(17, 20)', '(15, 18)', '(17, 26)', '(19, 26)']","['(35, 4)', '(33, 4)', '(31, 6)', '(27, 4)', '(27, 2)', '(25, 4)', '(23, 2)', '(17, 12)', '(19, 12)', '(21, 14)', '(31, 20)', '(33, 20)', '(35, 30)', '(33, 26)', '(31, 28)', '(29, 28)', '(29, 20)', '(28, 17)', '(25, 20)', '(21, 20)', '(21, 18)', '(17, 20)', '(15, 18)', '(17, 26)', '(19, 26)', '(21, 34)', '(22, 33)', '(20, 33)']",[214 states],142,0,142
215,"(20, 33)","(21, 33)",West,"[((19, 33), 'West')]","['(35, 4)', '(33, 4)', '(31, 6)', '(27, 4)', '(27, 2)', '(25, 4)', '(23, 2)', '(17, 12)', '(19, 12)', '(21, 14)', '(31, 20)', '(33, 20)', '(35, 30)', '(33, 26)', '(31, 28)', '(29, 28)', '(29, 20)', '(28, 17)', '(25, 20)', '(21, 20)', '(21, 18)', '(17, 20)', '(15, 18)', '(17, 26)', '(19, 26)', '(21, 34)', '(22, 33)']","['(35, 4)', '(33, 4)', '(31, 6)', '(27, 4)', '(27, 2)', '(25, 4)', '(23, 2)', '(17, 12)', '(19, 12)', '(21, 14)', '(31, 20)', '(33, 20)', '(35, 30)', '(33, 26)', '(31, 28)', '(29, 28)', '(29, 20)', '(28, 17)', '(25, 20)', '(21, 20)', '(21, 18)', '(17, 20)', '(15, 18)', '(17, 26)', '(19, 26)', '(21, 34)', '(22, 33)', '(19, 33)']",[215 states],143,0,143
216,"(19, 33)","(20, 33)",West,"[((19, 32), 'South')]","['(35, 4)', '(33, 4)', '(31, 6)', '(27, 4)', '(27, 2)', '(25, 4)', '(23, 2)', '(17, 12)', '(19, 12)', '(21, 14)', '(31, 20)', '(33, 20)', '(35, 30)', '(33, 26)', '(31, 28)', '(29, 28)', '(29, 20)', '(28, 17)', '(25, 20)', '(21, 20)', '(21, 18)', '(17, 20)', '(15, 18)', '(17, 26)', '(19, 26)', '(21, 34)', '(22, 33)']","['(35, 4)', '(33, 4)', '(31, 6)', '(27, 4)', '(27, 2)', '(25, 4)', '(23, 2)', '(17, 12)', '(19, 12)', '(21, 14)', '(31, 20)', '(33, 20)', '(35, 30)', '(33, 26)', '(31, 28)', '(29, 28)', '(29, 20)', '(28, 17)', '(25, 20)', '(21, 20)', '(21, 18)', '(17, 20)', '(15, 18)', '(17, 26)', '(19, 26)', '(21, 34)', '(22, 33)', '(19, 32)']",[216 states],144,0,144
217,"(19, 32)","(19, 33)",South,"[((19, 31), 'South')]","['(35, 4)', '(33, 4)', '(31, 6)', '(27, 4)', '(27, 2)', '(25, 4)', '(23, 2)', '(17, 12)', '(19, 12)', '(21, 14)', '(31, 20)', '(33, 20)', '(35, 30)', '(33, 26)', '(31, 28)', '(29, 28)', '(29, 20)', '(28, 17)', '(25, 20)', '(21, 20)', '(21, 18)', '(17, 20)', '(15, 18)', '(17, 26)', '(19, 26)', '(21, 34)', '(22, 33)']","['(35, 4)', '(33, 4)', '(31, 6)', '(27, 4)', '(27, 2)', '(25, 4)', '(23, 2)', '(17, 12)', '(19, 12)', '(21, 14)', '(31, 20)', '(33, 20)', '(35, 30)', '(33, 26)', '(31, 28)', '(29, 28)', '(29, 20)', '(28, 17)', '(25, 20)', '(21, 20)', '(21, 18)', '(17, 20)', '(15, 18)', '(17, 26)', '(19, 26)', '(21, 34)', '(22, 33)', '(19, 31)']",[217 states],145,0,145
218,"(19, 31)","(19, 32)",South,[],"['(35, 4)', '(33, 4)', '(31, 6)', '(27, 4)', '(27, 2)', '(25, 4)', '(23, 2)', '(17, 12)', '(19, 12)', '(21, 14)', '(31, 20)', '(33, 20)', '(35, 30)', '(33, 26)', '(31, 28)', '(29, 28)', '(29, 20)', '(28, 17)', '(25, 20)', '(21, 20)', '(21, 18)', '(17, 20)', '(15, 18)', '(17, 26)', '(19, 26)', '(21, 34)', '(22, 33)']","['(35, 4)', '(33, 4)', '(31, 6)', '(27, 4)', '(27, 2)', '(25, 4)', '(23, 2)', '(17, 12)', '(19, 12)', '(21, 14)', '(31, 20)', '(33, 20)', '(35, 30)', '(33, 26)', '(31, 28)', '(29, 28)', '(29, 20)', '(28, 17)', '(25, 20)', '(21, 20)', '(21, 18)', '(17, 20)', '(15, 18)', '(17, 26)', '(19, 26)', '(21, 34)', '(22, 33)']",[218 states],146,0,146
219,"(22, 33)","(21, 33)",East,"[((23, 33), 'East')]","['(35, 4)', '(33, 4)', '(31, 6)', '(27, 4)', '(27, 2)', '(25, 4)', '(23, 2)', '(17, 12)', '(19, 12)', '(21, 14)', '(31, 20)', '(33, 20)', '(35, 30)', '(33, 26)', '(31, 28)', '(29, 28)', '(29, 20)', '(28, 17)', '(25, 20)', '(21, 20)', '(21, 18)', '(17, 20)', '(15, 18)', '(17, 26)', '(19, 26)', '(21, 34)']","['(35, 4)', '(33, 4)', '(31, 6)', '(27, 4)', '(27, 2)', '(25, 4)', '(23, 2)', '(17, 12)', '(19, 12)', '(21, 14)', '(31, 20)', '(33, 20)', '(35, 30)', '(33, 26)', '(31, 28)', '(29, 28)', '(29, 20)', '(28, 17)', '(25, 20)', '(21, 20)', '(21, 18)', '(17, 20)', '(15, 18)', '(17, 26)', '(19, 26)', '(21, 34)', '(23, 33)']",[219 states],143,0,143
220,"(23, 33)","(22, 33)",East,[],"['(35, 4)', '(33, 4)', '(31, 6)', '(27, 4)', '(27, 2)', '(25, 4)', '(23, 2)', '(17, 12)', '(19, 12)', '(21, 14)', '(31, 20)', '(33, 20)', '(35, 30)', '(33, 26)', '(31, 28)', '(29, 28)', '(29, 20)', '(28, 17)', '(25, 20)', '(21, 20)', '(21, 18)', '(17, 20)', '(15, 18)', '(17, 26)', '(19, 26)', '(21, 34)']","['(35, 4)', '(33, 4)', '(31, 6)', '(27, 4)', '(27, 2)', '(25, 4)', '(23, 2)', '(17, 12)', '(19, 12)', '(21, 14)', '(31, 20)', '(33, 20)', '(35, 30)', '(33, 26)', '(31, 28)', '(29, 28)', '(29, 20)', '(28, 17)', '(25, 20)', '(21, 20)', '(21, 18)', '(17, 20)', '(15, 18)', '(17, 26)', '(19, 26)', '(21, 34)']",[220 states],144,0,144
221,"(21, 34)","(21, 33)",North,"[((21, 35), 'North')]","['(35, 4)', '(33, 4)', '(31, 6)', '(27, 4)', '(27, 2)', '(25, 4)', '(23, 2)', '(17, 12)', '(19, 12)', '(21, 14)', '(31, 20)', '(33, 20)', '(35, 30)', '(33, 26)', '(31, 28)', '(29, 28)', '(29, 20)', '(28, 17)', '(25, 20)', '(21, 20)', '(21, 18)', '(17, 20)', '(15, 18)', '(17, 26)', '(19, 26)']","['(35, 4)', '(33, 4)', '(31, 6)', '(27, 4)', '(27, 2)', '(25, 4)', '(23, 2)', '(17, 12)', '(19, 12)', '(21, 14)', '(31, 20)', '(33, 20)', '(35, 30)', '(33, 26)', '(31, 28)', '(29, 28)', '(29, 20)', '(28, 17)', '(25, 20)', '(21, 20)', '(21, 18)', '(17, 20)', '(15, 18)', '(17, 26)', '(19, 26)', '(21, 35)']",[221 states],143,0,143
222,"(21, 35)","(21, 34)",North,"[((22, 35), 'East'), ((20, 35), 'West')]","['(35, 4)', '(33, 4)', '(31, 6)', '(27, 4)', '(27, 2)', '(25, 4)', '(23, 2)', '(17, 12)', '(19, 12)', '(21, 14)', '(31, 20)', '(33, 20)', '(35, 30)', '(33, 26)', '(31, 28)', '(29, 28)', '(29, 20)', '(28, 17)', '(25, 20)', '(21, 20)', '(21, 18)', '(17, 20)', '(15, 18)', '(17, 26)', '(19, 26)']","['(35, 4)', '(33, 4)', '(31, 6)', '(27, 4)', '(27, 2)', '(25, 4)', '(23, 2)', '(17, 12)', '(19, 12)', '(21, 14)', '(31, 20)', '(33, 20)', '(35, 30)', '(33, 26)', '(31, 28)', '(29, 28)', '(29, 20)', '(28, 17)', '(25, 20)', '(21, 20)', '(21, 18)', '(17, 20)', '(15, 18)', '(17, 26)', '(19, 26)', '(22, 35)', '(20, 35)']",[222 states],144,0,144
223,"(20, 35)","(21, 35)",West,"[((19, 35), 'West')]","['(35, 4)', '(33, 4)', '(31, 6)', '(27, 4)', '(27, 2)', '(25, 4)', '(23, 2)', '(17, 12)', '(19, 12)', '(21, 14)', '(31, 20)', '(33, 20)', '(35, 30)', '(33, 26)', '(31, 28)', '(29, 28)', '(29, 20)', '(28, 17)', '(25, 20)', '(21, 20)', '(21, 18)', '(17, 20)', '(15, 18)', '(17, 26)', '(19, 26)', '(22, 35)']","['(35, 4)', '(33, 4)', '(31, 6)', '(27, 4)', '(27, 2)', '(25, 4)', '(23, 2)', '(17, 12)', '(19, 12)', '(21, 14)', '(31, 20)', '(33, 20)', '(35, 30)', '(33, 26)', '(31, 28)', '(29, 28)', '(29, 20)', '(28, 17)', '(25, 20)', '(21, 20)', '(21, 18)', '(17, 20)', '(15, 18)', '(17, 26)', '(19, 26)', '(22, 35)', '(19, 35)']",[223 states],145,0,145
224,"(19, 35)","(20, 35)",West,"[((18, 35), 'West')]","['(35, 4)', '(33, 4)', '(31, 6)', '(27, 4)', '(27, 2)', '(25, 4)', '(23, 2)', '(17, 12)', '(19, 12)', '(21, 14)', '(31, 20)', '(33, 20)', '(35, 30)', '(33, 26)', '(31, 28)', '(29, 28)', '(29, 20)', '(28, 17)', '(25, 20)', '(21, 20)', '(21, 18)', '(17, 20)', '(15, 18)', '(17, 26)', '(19, 26)', '(22, 35)']","['(35, 4)', '(33, 4)', '(31, 6)', '(27, 4)', '(27, 2)', '(25, 4)', '(23, 2)', '(17, 12)', '(19, 12)', '(21, 14)', '(31, 20)', '(33, 20)', '(35, 30)', '(33, 26)', '(31, 28)', '(29, 28)', '(29, 20)', '(28, 17)', '(25, 20)', '(21, 20)', '(21, 18)', '(17, 20)', '(15, 18)', '(17, 26)', '(19, 26)', '(22, 35)', '(18, 35)']",[224 states],146,0,146
225,"(18, 35)","(19, 35)",West,"[((17, 35), 'West')]","['(35, 4)', '(33, 4)', '(31, 6)', '(27, 4)', '(27, 2)', '(25, 4)', '(23, 2)', '(17, 12)', '(19, 12)', '(21, 14)', '(31, 20)', '(33, 20)', '(35, 30)', '(33, 26)', '(31, 28)', '(29, 28)', '(29, 20)', '(28, 17)', '(25, 20)', '(21, 20)', '(21, 18)', '(17, 20)', '(15, 18)', '(17, 26)', '(19, 26)', '(22, 35)']","['(35, 4)', '(33, 4)', '(31, 6)', '(27, 4)', '(27, 2)', '(25, 4)', '(23, 2)', '(17, 12)', '(19, 12)', '(21, 14)', '(31, 20)', '(33, 20)', '(35, 30)', '(33, 26)', '(31, 28)', '(29, 28)', '(29, 20)', '(28, 17)', '(25, 20)', '(21, 20)', '(21, 18)', '(17, 20)', '(15, 18)', '(17, 26)', '(19, 26)', '(22, 35)', '(17, 35)']",[225 states],147,0,147
226,"(17, 35)","(18, 35)",West,"[((17, 34), 'South'), ((16, 35), 'West')]","['(35, 4)', '(33, 4)', '(31, 6)', '(27, 4)', '(27, 2)', '(25, 4)', '(23, 2)', '(17, 12)', '(19, 12)', '(21, 14)', '(31, 20)', '(33, 20)', '(35, 30)', '(33, 26)', '(31, 28)', '(29, 28)', '(29, 20)', '(28, 17)', '(25, 20)', '(21, 20)', '(21, 18)', '(17, 20)', '(15, 18)', '(17, 26)', '(19, 26)', '(22, 35)']","['(35, 4)', '(33, 4)', '(31, 6)', '(27, 4)', '(27, 2)', '(25, 4)', '(23, 2)', '(17, 12)', '(19, 12)', '(21, 14)', '(31, 20)', '(33, 20)', '(35, 30)', '(33, 26)', '(31, 28)', '(29, 28)', '(29, 20)', '(28, 17)', '(25, 20)', '(21, 20)', '(21, 18)', '(17, 20)', '(15, 18)', '(17, 26)', '(19, 26)', '(22, 35)', '(17, 34)', '(16, 35)']",[226 states],148,0,148
227,"(16, 35)","(17, 35)",West,"[((15, 35), 'West')]","['(35, 4)', '(33, 4)', '(31, 6)', '(27, 4)', '(27, 2)', '(25, 4)', '(23, 2)', '(17, 12)', '(19, 12)', '(21, 14)', '(31, 20)', '(33, 20)', '(35, 30)', '(33, 26)', '(31, 28)', '(29, 28)', '(29, 20)', '(28, 17)', '(25, 20)', '(21, 20)', '(21, 18)', '(17, 20)', '(15, 18)', '(17, 26)', '(19, 26)', '(22, 35)', '(17, 34)']","['(35, 4)', '(33, 4)', '(31, 6)', '(27, 4)', '(27, 2)', '(25, 4)', '(23, 2)', '(17, 12)', '(19, 12)', '(21, 14)', '(31, 20)', '(33, 20)', '(35, 30)', '(33, 26)', '(31, 28)', '(29, 28)', '(29, 20)', '(28, 17)', '(25, 20)', '(21, 20)', '(21, 18)', '(17, 20)', '(15, 18)', '(17, 26)', '(19, 26)', '(22, 35)', '(17, 34)', '(15, 35)']",[227 states],149,0,149
228,"(15, 35)","(16, 35)",West,"[((15, 34), 'South'), ((14, 35), 'West')]","['(35, 4)', '(33, 4)', '(31, 6)', '(27, 4)', '(27, 2)', '(25, 4)', '(23, 2)', '(17, 12)', '(19, 12)', '(21, 14)', '(31, 20)', '(33, 20)', '(35, 30)', '(33, 26)', '(31, 28)', '(29, 28)', '(29, 20)', '(28, 17)', '(25, 20)', '(21, 20)', '(21, 18)', '(17, 20)', '(15, 18)', '(17, 26)', '(19, 26)', '(22, 35)', '(17, 34)']","['(35, 4)', '(33, 4)', '(31, 6)', '(27, 4)', '(27, 2)', '(25, 4)', '(23, 2)', '(17, 12)', '(19, 12)', '(21, 14)', '(31, 20)', '(33, 20)', '(35, 30)', '(33, 26)', '(31, 28)', '(29, 28)', '(29, 20)', '(28, 17)', '(25, 20)', '(21, 20)', '(21, 18)', '(17, 20)', '(15, 18)', '(17, 26)', '(19, 26)', '(22, 35)', '(17, 34)', '(15, 34)', '(14, 35)']",[228 states],150,0,150
229,"(14, 35)","(15, 35)",West,"[((13, 35), 'West')]","['(35, 4)', '(33, 4)', '(31, 6)', '(27, 4)', '(27, 2)', '(25, 4)', '(23, 2)', '(17, 12)', '(19, 12)', '(21, 14)', '(31, 20)', '(33, 20)', '(35, 30)', '(33, 26)', '(31, 28)', '(29, 28)', '(29, 20)', '(28, 17)', '(25, 20)', '(21, 20)', '(21, 18)', '(17, 20)', '(15, 18)', '(17, 26)', '(19, 26)', '(22, 35)', '(17, 34)', '(15, 34)']","['(35, 4)', '(33, 4)', '(31, 6)', '(27, 4)', '(27, 2)', '(25, 4)', '(23, 2)', '(17, 12)', '(19, 12)', '(21, 14)', '(31, 20)', '(33, 20)', '(35, 30)', '(33, 26)', '(31, 28)', '(29, 28)', '(29, 20)', '(28, 17)', '(25, 20)', '(21, 20)', '(21, 18)', '(17, 20)', '(15, 18)', '(17, 26)', '(19, 26)', '(22, 35)', '(17, 34)', '(15, 34)', '(13, 35)']",[229 states],151,0,151
230,"(13, 35)","(14, 35)",West,[],"['(35, 4)', '(33, 4)', '(31, 6)', '(27, 4)', '(27, 2)', '(25, 4)', '(23, 2)', '(17, 12)', '(19, 12)', '(21, 14)', '(31, 20)', '(33, 20)', '(35, 30)', '(33, 26)', '(31, 28)', '(29, 28)', '(29, 20)', '(28, 17)', '(25, 20)', '(21, 20)', '(21, 18)', '(17, 20)', '(15, 18)', '(17, 26)', '(19, 26)', '(22, 35)', '(17, 34)', '(15, 34)']","['(35, 4)', '(33, 4)', '(31, 6)', '(27, 4)', '(27, 2)', '(25, 4)', '(23, 2)', '(17, 12)', '(19, 12)', '(21, 14)', '(31, 20)', '(33, 20)', '(35, 30)', '(33, 26)', '(31, 28)', '(29, 28)', '(29, 20)', '(28, 17)', '(25, 20)', '(21, 20)', '(21, 18)', '(17, 20)', '(15, 18)', '(17, 26)', '(19, 26)', '(22, 35)', '(17, 34)', '(15, 34)']",[230 states],152,0,152
231,"(15, 34)","(15, 35)",South,"[((15, 33), 'South')]","['(35, 4)', '(33, 4)', '(31, 6)', '(27, 4)', '(27, 2)', '(25, 4)', '(23, 2)', '(17, 12)', '(19, 12)', '(21, 14)', '(31, 20)', '(33, 20)', '(35, 30)', '(33, 26)', '(31, 28)', '(29, 28)', '(29, 20)', '(28, 17)', '(25, 20)', '(21, 20)', '(21, 18)', '(17, 20)', '(15, 18)', '(17, 26)', '(19, 26)', '(22, 35)', '(17, 34)']","['(35, 4)', '(33, 4)', '(31, 6)', '(27, 4)', '(27, 2)', '(25, 4)', '(23, 2)', '(17, 12)', '(19, 12)', '(21, 14)', '(31, 20)', '(33, 20)', '(35, 30)', '(33, 26)', '(31, 28)', '(29, 28)', '(29, 20)', '(28, 17)', '(25, 20)', '(21, 20)', '(21, 18)', '(17, 20)', '(15, 18)', '(17, 26)', '(19, 26)', '(22, 35)', '(17, 34)', '(15, 33)']",[231 states],151,0,151
232,"(15, 33)","(15, 34)",South,"[((15, 32), 'South'), ((14, 33), 'West')]","['(35, 4)', '(33, 4)', '(31, 6)', '(27, 4)', '(27, 2)', '(25, 4)', '(23, 2)', '(17, 12)', '(19, 12)', '(21, 14)', '(31, 20)', '(33, 20)', '(35, 30)', '(33, 26)', '(31, 28)', '(29, 28)', '(29, 20)', '(28, 17)', '(25, 20)', '(21, 20)', '(21, 18)', '(17, 20)', '(15, 18)', '(17, 26)', '(19, 26)', '(22, 35)', '(17, 34)']","['(35, 4)', '(33, 4)', '(31, 6)', '(27, 4)', '(27, 2)', '(25, 4)', '(23, 2)', '(17, 12)', '(19, 12)', '(21, 14)', '(31, 20)', '(33, 20)', '(35, 30)', '(33, 26)', '(31, 28)', '(29, 28)', '(29, 20)', '(28, 17)', '(25, 20)', '(21, 20)', '(21, 18)', '(17, 20)', '(15, 18)', '(17, 26)', '(19, 26)', '(22, 35)', '(17, 34)', '(15, 32)', '(14, 33)']",[232 states],152,0,152
233,"(14, 33)","(15, 33)",West,"[((13, 33), 'West')]","['(35, 4)', '(33, 4)', '(31, 6)', '(27, 4)', '(27, 2)', '(25, 4)', '(23, 2)', '(17, 12)', '(19, 12)', '(21, 14)', '(31, 20)', '(33, 20)', '(35, 30)', '(33, 26)', '(31, 28)', '(29, 28)', '(29, 20)', '(28, 17)', '(25, 20)', '(21, 20)', '(21, 18)', '(17, 20)', '(15, 18)', '(17, 26)', '(19, 26)', '(22, 35)', '(17, 34)', '(15, 32)']","['(35, 4)', '(33, 4)', '(31, 6)', '(27, 4)', '(27, 2)', '(25, 4)', '(23, 2)', '(17, 12)', '(19, 12)', '(21, 14)', '(31, 20)', '(33, 20)', '(35, 30)', '(33, 26)', '(31, 28)', '(29, 28)', '(29, 20)', '(28, 17)', '(25, 20)', '(21, 20)', '(21, 18)', '(17, 20)', '(15, 18)', '(17, 26)', '(19, 26)', '(22, 35)', '(17, 34)', '(15, 32)', '(13, 33)']",[233 states],153,0,153
234,"(13, 33)","(14, 33)",West,"[((12, 33), 'West')]","['(35, 4)', '(33, 4)', '(31, 6)', '(27, 4)', '(27, 2)', '(25, 4)', '(23, 2)', '(17, 12)', '(19, 12)', '(21, 14)', '(31, 20)', '(33, 20)', '(35, 30)', '(33, 26)', '(31, 28)', '(29, 28)', '(29, 20)', '(28, 17)', '(25, 20)', '(21, 20)', '(21, 18)', '(17, 20)', '(15, 18)', '(17, 26)', '(19, 26)', '(22, 35)', '(17, 34)', '(15, 32)']","['(35, 4)', '(33, 4)', '(31, 6)', '(27, 4)', '(27, 2)', '(25, 4)', '(23, 2)', '(17, 12)', '(19, 12)', '(21, 14)', '(31, 20)', '(33, 20)', '(35, 30)', '(33, 26)', '(31, 28)', '(29, 28)', '(29, 20)', '(28, 17)', '(25, 20)', '(21, 20)', '(21, 18)', '(17, 20)', '(15, 18)', '(17, 26)', '(19, 26)', '(22, 35)', '(17, 34)', '(15, 32)', '(12, 33)']",[234 states],154,0,154
235,"(12, 33)","(13, 33)",West,"[((11, 33), 'West')]","['(35, 4)', '(33, 4)', '(31, 6)', '(27, 4)', '(27, 2)', '(25, 4)', '(23, 2)', '(17, 12)', '(19, 12)', '(21, 14)', '(31, 20)', '(33, 20)', '(35, 30)', '(33, 26)', '(31, 28)', '(29, 28)', '(29, 20)', '(28, 17)', '(25, 20)', '(21, 20)', '(21, 18)', '(17, 20)', '(15, 18)', '(17, 26)', '(19, 26)', '(22, 35)', '(17, 34)', '(15, 32)']","['(35, 4)', '(33, 4)', '(31, 6)', '(27, 4)', '(27, 2)', '(25, 4)', '(23, 2)', '(17, 12)', '(19, 12)', '(21, 14)', '(31, 20)', '(33, 20)', '(35, 30)', '(33, 26)', '(31, 28)', '(29, 28)', '(29, 20)', '(28, 17)', '(25, 20)', '(21, 20)', '(21, 18)', '(17, 20)', '(15, 18)', '(17, 26)', '(19, 26)', '(22, 35)', '(17, 34)', '(15, 32)', '(11, 33)']",[235 states],155,0,155
236,"(11, 33)","(12, 33)",West,"[((11, 34), 'North'), ((11, 32), 'South'), ((10, 33), 'West')]","['(35, 4)', '(33, 4)', '(31, 6)', '(27, 4)', '(27, 2)', '(25, 4)', '(23, 2)', '(17, 12)', '(19, 12)', '(21, 14)', '(31, 20)', '(33, 20)', '(35, 30)', '(33, 26)', '(31, 28)', '(29, 28)', '(29, 20)', '(28, 17)', '(25, 20)', '(21, 20)', '(21, 18)', '(17, 20)', '(15, 18)', '(17, 26)', '(19, 26)', '(22, 35)', '(17, 34)', '(15, 32)']","['(35, 4)', '(33, 4)', '(31, 6)', '(27, 4)', '(27, 2)', '(25, 4)', '(23, 2)', '(17, 12)', '(19, 12)', '(21, 14)', '(31, 20)', '(33, 20)', '(35, 30)', '(33, 26)', '(31, 28)', '(29, 28)', '(29, 20)', '(28, 17)', '(25, 20)', '(21, 20)', '(21, 18)', '(17, 20)', '(15, 18)', '(17, 26)', '(19, 26)', '(22, 35)', '(17, 34)', '(15, 32)', '(11, 34)', '(11, 32)', '(10, 33)']",[236 states],156,0,156
237,"(10, 33)","(11, 33)",West,"[((9, 33), 'West')]","['(35, 4)', '(33, 4)', '(31, 6)', '(27, 4)', '(27, 2)', '(25, 4)', '(23, 2)', '(17, 12)', '(19, 12)', '(21, 14)', '(31, 20)', '(33, 20)', '(35, 30)', '(33, 26)', '(31, 28)', '(29, 28)', '(29, 20)', '(28, 17)', '(25, 20)', '(21, 20)', '(21, 18)', '(17, 20)', '(15, 18)', '(17, 26)', '(19, 26)', '(22, 35)', '(17, 34)', '(15, 32)', '(11, 34)', '(11, 32)']","['(35, 4)', '(33, 4)', '(31, 6)', '(27, 4)', '(27, 2)', '(25, 4)', '(23, 2)', '(17, 12)', '(19, 12)', '(21, 14)', '(31, 20)', '(33, 20)', '(35, 30)', '(33, 26)', '(31, 28)', '(29, 28)', '(29, 20)', '(28, 17)', '(25, 20)', '(21, 20)', '(21, 18)', '(17, 20)', '(15, 18)', '(17, 26)', '(19, 26)', '(22, 35)', '(17, 34)', '(15, 32)', '(11, 34)', '(11, 32)', '(9, 33)']",[237 states],157,0,157
238,"(9, 33)","(10, 33)",West,"[((9, 34), 'North')]","['(35, 4)', '(33, 4)', '(31, 6)', '(27, 4)', '(27, 2)', '(25, 4)', '(23, 2)', '(17, 12)', '(19, 12)', '(21, 14)', '(31, 20)', '(33, 20)', '(35, 30)', '(33, 26)', '(31, 28)', '(29, 28)', '(29, 20)', '(28, 17)', '(25, 20)', '(21, 20)', '(21, 18)', '(17, 20)', '(15, 18)', '(17, 26)', '(19, 26)', '(22, 35)', '(17, 34)', '(15, 32)', '(11, 34)', '(11, 32)']","['(35, 4)', '(33, 4)', '(31, 6)', '(27, 4)', '(27, 2)', '(25, 4)', '(23, 2)', '(17, 12)', '(19, 12)', '(21, 14)', '(31, 20)', '(33, 20)', '(35, 30)', '(33, 26)', '(31, 28)', '(29, 28)', '(29, 20)', '(28, 17)', '(25, 20)', '(21, 20)', '(21, 18)', '(17, 20)', '(15, 18)', '(17, 26)', '(19, 26)', '(22, 35)', '(17, 34)', '(15, 32)', '(11, 34)', '(11, 32)', '(9, 34)']",[238 states],158,0,158
239,"(9, 34)","(9, 33)",North,"[((9, 35), 'North')]","['(35, 4)', '(33, 4)', '(31, 6)', '(27, 4)', '(27, 2)', '(25, 4)', '(23, 2)', '(17, 12)', '(19, 12)', '(21, 14)', '(31, 20)', '(33, 20)', '(35, 30)', '(33, 26)', '(31, 28)', '(29, 28)', '(29, 20)', '(28, 17)', '(25, 20)', '(21, 20)', '(21, 18)', '(17, 20)', '(15, 18)', '(17, 26)', '(19, 26)', '(22, 35)', '(17, 34)', '(15, 32)', '(11, 34)', '(11, 32)']","['(35, 4)', '(33, 4)', '(31, 6)', '(27, 4)', '(27, 2)', '(25, 4)', '(23, 2)', '(17, 12)', '(19, 12)', '(21, 14)', '(31, 20)', '(33, 20)', '(35, 30)', '(33, 26)', '(31, 28)', '(29, 28)', '(29, 20)', '(28, 17)', '(25, 20)', '(21, 20)', '(21, 18)', '(17, 20)', '(15, 18)', '(17, 26)', '(19, 26)', '(22, 35)', '(17, 34)', '(15, 32)', '(11, 34)', '(11, 32)', '(9, 35)']",[239 states],159,0,159
240,"(9, 35)","(9, 34)",North,[],"['(35, 4)', '(33, 4)', '(31, 6)', '(27, 4)', '(27, 2)', '(25, 4)', '(23, 2)', '(17, 12)', '(19, 12)', '(21, 14)', '(31, 20)', '(33, 20)', '(35, 30)', '(33, 26)', '(31, 28)', '(29, 28)', '(29, 20)', '(28, 17)', '(25, 20)', '(21, 20)', '(21, 18)', '(17, 20)', '(15, 18)', '(17, 26)', '(19, 26)', '(22, 35)', '(17, 34)', '(15, 32)', '(11, 34)', '(11, 32)']","['(35, 4)', '(33, 4)', '(31, 6)', '(27, 4)', '(27, 2)', '(25, 4)', '(23, 2)', '(17, 12)', '(19, 12)', '(21, 14)', '(31, 20)', '(33, 20)', '(35, 30)', '(33, 26)', '(31, 28)', '(29, 28)', '(29, 20)', '(28, 17)', '(25, 20)', '(21, 20)', '(21, 18)', '(17, 20)', '(15, 18)', '(17, 26)', '(19, 26)', '(22, 35)', '(17, 34)', '(15, 32)', '(11, 34)', '(11, 32)']",[240 states],160,0,160
241,"(11, 32)","(11, 33)",South,"[((11, 31), 'South')]","['(35, 4)', '(33, 4)', '(31, 6)', '(27, 4)', '(27, 2)', '(25, 4)', '(23, 2)', '(17, 12)', '(19, 12)', '(21, 14)', '(31, 20)', '(33, 20)', '(35, 30)', '(33, 26)', '(31, 28)', '(29, 28)', '(29, 20)', '(28, 17)', '(25, 20)', '(21, 20)', '(21, 18)', '(17, 20)', '(15, 18)', '(17, 26)', '(19, 26)', '(22, 35)', '(17, 34)', '(15, 32)', '(11, 34)']","['(35, 4)', '(33, 4)', '(31, 6)', '(27, 4)', '(27, 2)', '(25, 4)', '(23, 2)', '(17, 12)', '(19, 12)', '(21, 14)', '(31, 20)', '(33, 20)', '(35, 30)', '(33, 26)', '(31, 28)', '(29, 28)', '(29, 20)', '(28, 17)', '(25, 20)', '(21, 20)', '(21, 18)', '(17, 20)', '(15, 18)', '(17, 26)', '(19, 26)', '(22, 35)', '(17, 34)', '(15, 32)', '(11, 34)', '(11, 31)']",[241 states],157,0,157
242,"(11, 31)","(11, 32)",South,"[((11, 30), 'South'), ((12, 31), 'East')]","['(35, 4)', '(33, 4)', '(31, 6)', '(27, 4)', '(27, 2)', '(25, 4)', '(23, 2)', '(17, 12)', '(19, 12)', '(21, 14)', '(31, 20)', '(33, 20)', '(35, 30)', '(33, 26)', '(31, 28)', '(29, 28)', '(29, 20)', '(28, 17)', '(25, 20)', '(21, 20)', '(21, 18)', '(17, 20)', '(15, 18)', '(17, 26)', '(19, 26)', '(22, 35)', '(17, 34)', '(15, 32)', '(11, 34)']","['(35, 4)', '(33, 4)', '(31, 6)', '(27, 4)', '(27, 2)', '(25, 4)', '(23, 2)', '(17, 12)', '(19, 12)', '(21, 14)', '(31, 20)', '(33, 20)', '(35, 30)', '(33, 26)', '(31, 28)', '(29, 28)', '(29, 20)', '(28, 17)', '(25, 20)', '(21, 20)', '(21, 18)', '(17, 20)', '(15, 18)', '(17, 26)', '(19, 26)', '(22, 35)', '(17, 34)', '(15, 32)', '(11, 34)', '(11, 30)', '(12, 31)']",[242 states],158,0,158
243,"(12, 31)","(11, 31)",East,"[((13, 31), 'East')]","['(35, 4)', '(33, 4)', '(31, 6)', '(27, 4)', '(27, 2)', '(25, 4)', '(23, 2)', '(17, 12)', '(19, 12)', '(21, 14)', '(31, 20)', '(33, 20)', '(35, 30)', '(33, 26)', '(31, 28)', '(29, 28)', '(29, 20)', '(28, 17)', '(25, 20)', '(21, 20)', '(21, 18)', '(17, 20)', '(15, 18)', '(17, 26)', '(19, 26)', '(22, 35)', '(17, 34)', '(15, 32)', '(11, 34)', '(11, 30)']","['(35, 4)', '(33, 4)', '(31, 6)', '(27, 4)', '(27, 2)', '(25, 4)', '(23, 2)', '(17, 12)', '(19, 12)', '(21, 14)', '(31, 20)', '(33, 20)', '(35, 30)', '(33, 26)', '(31, 28)', '(29, 28)', '(29, 20)', '(28, 17)', '(25, 20)', '(21, 20)', '(21, 18)', '(17, 20)', '(15, 18)', '(17, 26)', '(19, 26)', '(22, 35)', '(17, 34)', '(15, 32)', '(11, 34)', '(11, 30)', '(13, 31)']",[243 states],159,0,159
244,"(13, 31)","(12, 31)",East,[],"['(35, 4)', '(33, 4)', '(31, 6)', '(27, 4)', '(27, 2)', '(25, 4)', '(23, 2)', '(17, 12)', '(19, 12)', '(21, 14)', '(31, 20)', '(33, 20)', '(35, 30)', '(33, 26)', '(31, 28)', '(29, 28)', '(29, 20)', '(28, 17)', '(25, 20)', '(21, 20)', '(21, 18)', '(17, 20)', '(15, 18)', '(17, 26)', '(19, 26)', '(22, 35)', '(17, 34)', '(15, 32)', '(11, 34)', '(11, 30)']","['(35, 4)', '(33, 4)', '(31, 6)', '(27, 4)', '(27, 2)', '(25, 4)', '(23, 2)', '(17, 12)', '(19, 12)', '(21, 14)', '(31, 20)', '(33, 20)', '(35, 30)', '(33, 26)', '(31, 28)', '(29, 28)', '(29, 20)', '(28, 17)', '(25, 20)', '(21, 20)', '(21, 18)', '(17, 20)', '(15, 18)', '(17, 26)', '(19, 26)', '(22, 35)', '(17, 34)', '(15, 32)', '(11, 34)', '(11, 30)']",[244 states],160,0,160
245,"(11, 30)","(11, 31)",South,"[((11, 29), 'South')]","['(35, 4)', '(33, 4)', '(31, 6)', '(27, 4)', '(27, 2)', '(25, 4)', '(23, 2)', '(17, 12)', '(19, 12)', '(21, 14)', '(31, 20)', '(33, 20)', '(35, 30)', '(33, 26)', '(31, 28)', '(29, 28)', '(29, 20)', '(28, 17)', '(25, 20)', '(21, 20)', '(21, 18)', '(17, 20)', '(15, 18)', '(17, 26)', '(19, 26)', '(22, 35)', '(17, 34)', '(15, 32)', '(11, 34)']","['(35, 4)', '(33, 4)', '(31, 6)', '(27, 4)', '(27, 2)', '(25, 4)', '(23, 2)', '(17, 12)', '(19, 12)', '(21, 14)', '(31, 20)', '(33, 20)', '(35, 30)', '(33, 26)', '(31, 28)', '(29, 28)', '(29, 20)', '(28, 17)', '(25, 20)', '(21, 20)', '(21, 18)', '(17, 20)', '(15, 18)', '(17, 26)', '(19, 26)', '(22, 35)', '(17, 34)', '(15, 32)', '(11, 34)', '(11, 29)']",[245 states],159,0,159
246,"(11, 29)","(11, 30)",South,"[((12, 29), 'East'), ((10, 29), 'West')]","['(35, 4)', '(33, 4)', '(31, 6)', '(27, 4)', '(27, 2)', '(25, 4)', '(23, 2)', '(17, 12)', '(19, 12)', '(21, 14)', '(31, 20)', '(33, 20)', '(35, 30)', '(33, 26)', '(31, 28)', '(29, 28)', '(29, 20)', '(28, 17)', '(25, 20)', '(21, 20)', '(21, 18)', '(17, 20)', '(15, 18)', '(17, 26)', '(19, 26)', '(22, 35)', '(17, 34)', '(15, 32)', '(11, 34)']","['(35, 4)', '(33, 4)', '(31, 6)', '(27, 4)', '(27, 2)', '(25, 4)', '(23, 2)', '(17, 12)', '(19, 12)', '(21, 14)', '(31, 20)', '(33, 20)', '(35, 30)', '(33, 26)', '(31, 28)', '(29, 28)', '(29, 20)', '(28, 17)', '(25, 20)', '(21, 20)', '(21, 18)', '(17, 20)', '(15, 18)', '(17, 26)', '(19, 26)', '(22, 35)', '(17, 34)', '(15, 32)', '(11, 34)', '(12, 29)', '(10, 29)']",[246 states],160,0,160
247,"(10, 29)","(11, 29)",West,"[((9, 29), 'West')]","['(35, 4)', '(33, 4)', '(31, 6)', '(27, 4)', '(27, 2)', '(25, 4)', '(23, 2)', '(17, 12)', '(19, 12)', '(21, 14)', '(31, 20)', '(33, 20)', '(35, 30)', '(33, 26)', '(31, 28)', '(29, 28)', '(29, 20)', '(28, 17)', '(25, 20)', '(21, 20)', '(21, 18)', '(17, 20)', '(15, 18)', '(17, 26)', '(19, 26)', '(22, 35)', '(17, 34)', '(15, 32)', '(11, 34)', '(12, 29)']","['(35, 4)', '(33, 4)', '(31, 6)', '(27, 4)', '(27, 2)', '(25, 4)', '(23, 2)', '(17, 12)', '(19, 12)', '(21, 14)', '(31, 20)', '(33, 20)', '(35, 30)', '(33, 26)', '(31, 28)', '(29, 28)', '(29, 20)', '(28, 17)', '(25, 20)', '(21, 20)', '(21, 18)', '(17, 20)', '(15, 18)', '(17, 26)', '(19, 26)', '(22, 35)', '(17, 34)', '(15, 32)', '(11, 34)', '(12, 29)', '(9, 29)']",[247 states],161,0,161
248,"(9, 29)","(10, 29)",West,"[((9, 30), 'North')]","['(35, 4)', '(33, 4)', '(31, 6)', '(27, 4)', '(27, 2)', '(25, 4)', '(23, 2)', '(17, 12)', '(19, 12)', '(21, 14)', '(31, 20)', '(33, 20)', '(35, 30)', '(33, 26)', '(31, 28)', '(29, 28)', '(29, 20)', '(28, 17)', '(25, 20)', '(21, 20)', '(21, 18)', '(17, 20)', '(15, 18)', '(17, 26)', '(19, 26)', '(22, 35)', '(17, 34)', '(15, 32)', '(11, 34)', '(12, 29)']","['(35, 4)', '(33, 4)', '(31, 6)', '(27, 4)', '(27, 2)', '(25, 4)', '(23, 2)', '(17, 12)', '(19, 12)', '(21, 14)', '(31, 20)', '(33, 20)', '(35, 30)', '(33, 26)', '(31, 28)', '(29, 28)', '(29, 20)', '(28, 17)', '(25, 20)', '(21, 20)', '(21, 18)', '(17, 20)', '(15, 18)', '(17, 26)', '(19, 26)', '(22, 35)', '(17, 34)', '(15, 32)', '(11, 34)', '(12, 29)', '(9, 30)']",[248 states],162,0,162
249,"(9, 30)","(9, 29)",North,"[((9, 31), 'North')]","['(35, 4)', '(33, 4)', '(31, 6)', '(27, 4)', '(27, 2)', '(25, 4)', '(23, 2)', '(17, 12)', '(19, 12)', '(21, 14)', '(31, 20)', '(33, 20)', '(35, 30)', '(33, 26)', '(31, 28)', '(29, 28)', '(29, 20)', '(28, 17)', '(25, 20)', '(21, 20)', '(21, 18)', '(17, 20)', '(15, 18)', '(17, 26)', '(19, 26)', '(22, 35)', '(17, 34)', '(15, 32)', '(11, 34)', '(12, 29)']","['(35, 4)', '(33, 4)', '(31, 6)', '(27, 4)', '(27, 2)', '(25, 4)', '(23, 2)', '(17, 12)', '(19, 12)', '(21, 14)', '(31, 20)', '(33, 20)', '(35, 30)', '(33, 26)', '(31, 28)', '(29, 28)', '(29, 20)', '(28, 17)', '(25, 20)', '(21, 20)', '(21, 18)', '(17, 20)', '(15, 18)', '(17, 26)', '(19, 26)', '(22, 35)', '(17, 34)', '(15, 32)', '(11, 34)', '(12, 29)', '(9, 31)']",[249 states],163,0,163
250,"(9, 31)","(9, 30)",North,[],"['(35, 4)', '(33, 4)', '(31, 6)', '(27, 4)', '(27, 2)', '(25, 4)', '(23, 2)', '(17, 12)', '(19, 12)', '(21, 14)', '(31, 20)', '(33, 20)', '(35, 30)', '(33, 26)', '(31, 28)', '(29, 28)', '(29, 20)', '(28, 17)', '(25, 20)', '(21, 20)', '(21, 18)', '(17, 20)', '(15, 18)', '(17, 26)', '(19, 26)', '(22, 35)', '(17, 34)', '(15, 32)', '(11, 34)', '(12, 29)']","['(35, 4)', '(33, 4)', '(31, 6)', '(27, 4)', '(27, 2)', '(25, 4)', '(23, 2)', '(17, 12)', '(19, 12)', '(21, 14)', '(31, 20)', '(33, 20)', '(35, 30)', '(33, 26)', '(31, 28)', '(29, 28)', '(29, 20)', '(28, 17)', '(25, 20)', '(21, 20)', '(21, 18)', '(17, 20)', '(15, 18)', '(17, 26)', '(19, 26)', '(22, 35)', '(17, 34)', '(15, 32)', '(11, 34)', '(12, 29)']",[250 states],164,0,164
251,"(12, 29)","(11, 29)",East,"[((13, 29), 'East')]","['(35, 4)', '(33, 4)', '(31, 6)', '(27, 4)', '(27, 2)', '(25, 4)', '(23, 2)', '(17, 12)', '(19, 12)', '(21, 14)', '(31, 20)', '(33, 20)', '(35, 30)', '(33, 26)', '(31, 28)', '(29, 28)', '(29, 20)', '(28, 17)', '(25, 20)', '(21, 20)', '(21, 18)', '(17, 20)', '(15, 18)', '(17, 26)', '(19, 26)', '(22, 35)', '(17, 34)', '(15, 32)', '(11, 34)']","['(35, 4)', '(33, 4)', '(31, 6)', '(27, 4)', '(27, 2)', '(25, 4)', '(23, 2)', '(17, 12)', '(19, 12)', '(21, 14)', '(31, 20)', '(33, 20)', '(35, 30)', '(33, 26)', '(31, 28)', '(29, 28)', '(29, 20)', '(28, 17)', '(25, 20)', '(21, 20)', '(21, 18)', '(17, 20)', '(15, 18)', '(17, 26)', '(19, 26)', '(22, 35)', '(17, 34)', '(15, 32)', '(11, 34)', '(13, 29)']",[251 states],161,0,161
252,"(13, 29)","(12, 29)",East,"[((13, 28), 'South')]","['(35, 4)', '(33, 4)', '(31, 6)', '(27, 4)', '(27, 2)', '(25, 4)', '(23, 2)', '(17, 12)', '(19, 12)', '(21, 14)', '(31, 20)', '(33, 20)', '(35, 30)', '(33, 26)', '(31, 28)', '(29, 28)', '(29, 20)', '(28, 17)', '(25, 20)', '(21, 20)', '(21, 18)', '(17, 20)', '(15, 18)', '(17, 26)', '(19, 26)', '(22, 35)', '(17, 34)', '(15, 32)', '(11, 34)']","['(35, 4)', '(33, 4)', '(31, 6)', '(27, 4)', '(27, 2)', '(25, 4)', '(23, 2)', '(17, 12)', '(19, 12)', '(21, 14)', '(31, 20)', '(33, 20)', '(35, 30)', '(33, 26)', '(31, 28)', '(29, 28)', '(29, 20)', '(28, 17)', '(25, 20)', '(21, 20)', '(21, 18)', '(17, 20)', '(15, 18)', '(17, 26)', '(19, 26)', '(22, 35)', '(17, 34)', '(15, 32)', '(11, 34)', '(13, 28)']",[252 states],162,0,162
253,"(13, 28)","(13, 29)",South,"[((13, 27), 'South')]","['(35, 4)', '(33, 4)', '(31, 6)', '(27, 4)', '(27, 2)', '(25, 4)', '(23, 2)', '(17, 12)', '(19, 12)', '(21, 14)', '(31, 20)', '(33, 20)', '(35, 30)', '(33, 26)', '(31, 28)', '(29, 28)', '(29, 20)', '(28, 17)', '(25, 20)', '(21, 20)', '(21, 18)', '(17, 20)', '(15, 18)', '(17, 26)', '(19, 26)', '(22, 35)', '(17, 34)', '(15, 32)', '(11, 34)']","['(35, 4)', '(33, 4)', '(31, 6)', '(27, 4)', '(27, 2)', '(25, 4)', '(23, 2)', '(17, 12)', '(19, 12)', '(21, 14)', '(31, 20)', '(33, 20)', '(35, 30)', '(33, 26)', '(31, 28)', '(29, 28)', '(29, 20)', '(28, 17)', '(25, 20)', '(21, 20)', '(21, 18)', '(17, 20)', '(15, 18)', '(17, 26)', '(19, 26)', '(22, 35)', '(17, 34)', '(15, 32)', '(11, 34)', '(13, 27)']",[253 states],163,0,163
254,"(13, 27)","(13, 28)",South,"[((12, 27), 'West')]","['(35, 4)', '(33, 4)', '(31, 6)', '(27, 4)', '(27, 2)', '(25, 4)', '(23, 2)', '(17, 12)', '(19, 12)', '(21, 14)', '(31, 20)', '(33, 20)', '(35, 30)', '(33, 26)', '(31, 28)', '(29, 28)', '(29, 20)', '(28, 17)', '(25, 20)', '(21, 20)', '(21, 18)', '(17, 20)', '(15, 18)', '(17, 26)', '(19, 26)', '(22, 35)', '(17, 34)', '(15, 32)', '(11, 34)']","['(35, 4)', '(33, 4)', '(31, 6)', '(27, 4)', '(27, 2)', '(25, 4)', '(23, 2)', '(17, 12)', '(19, 12)', '(21, 14)', '(31, 20)', '(33, 20)', '(35, 30)', '(33, 26)', '(31, 28)', '(29, 28)', '(29, 20)', '(28, 17)', '(25, 20)', '(21, 20)', '(21, 18)', '(17, 20)', '(15, 18)', '(17, 26)', '(19, 26)', '(22, 35)', '(17, 34)', '(15, 32)', '(11, 34)', '(12, 27)']",[254 states],164,0,164
255,"(12, 27)","(13, 27)",West,"[((11, 27), 'West')]","['(35, 4)', '(33, 4)', '(31, 6)', '(27, 4)', '(27, 2)', '(25, 4)', '(23, 2)', '(17, 12)', '(19, 12)', '(21, 14)', '(31, 20)', '(33, 20)', '(35, 30)', '(33, 26)', '(31, 28)', '(29, 28)', '(29, 20)', '(28, 17)', '(25, 20)', '(21, 20)', '(21, 18)', '(17, 20)', '(15, 18)', '(17, 26)', '(19, 26)', '(22, 35)', '(17, 34)', '(15, 32)', '(11, 34)']","['(35, 4)', '(33, 4)', '(31, 6)', '(27, 4)', '(27, 2)', '(25, 4)', '(23, 2)', '(17, 12)', '(19, 12)', '(21, 14)', '(31, 20)', '(33, 20)', '(35, 30)', '(33, 26)', '(31, 28)', '(29, 28)', '(29, 20)', '(28, 17)', '(25, 20)', '(21, 20)', '(21, 18)', '(17, 20)', '(15, 18)', '(17, 26)', '(19, 26)', '(22, 35)', '(17, 34)', '(15, 32)', '(11, 34)', '(11, 27)']",[255 states],165,0,165
256,"(11, 27)","(12, 27)",West,"[((11, 26), 'South'), ((10, 27), 'West')]","['(35, 4)', '(33, 4)', '(31, 6)', '(27, 4)', '(27, 2)', '(25, 4)', '(23, 2)', '(17, 12)', '(19, 12)', '(21, 14)', '(31, 20)', '(33, 20)', '(35, 30)', '(33, 26)', '(31, 28)', '(29, 28)', '(29, 20)', '(28, 17)', '(25, 20)', '(21, 20)', '(21, 18)', '(17, 20)', '(15, 18)', '(17, 26)', '(19, 26)', '(22, 35)', '(17, 34)', '(15, 32)', '(11, 34)']","['(35, 4)', '(33, 4)', '(31, 6)', '(27, 4)', '(27, 2)', '(25, 4)', '(23, 2)', '(17, 12)', '(19, 12)', '(21, 14)', '(31, 20)', '(33, 20)', '(35, 30)', '(33, 26)', '(31, 28)', '(29, 28)', '(29, 20)', '(28, 17)', '(25, 20)', '(21, 20)', '(21, 18)', '(17, 20)', '(15, 18)', '(17, 26)', '(19, 26)', '(22, 35)', '(17, 34)', '(15, 32)', '(11, 34)', '(11, 26)', '(10, 27)']",[256 states],166,0,166
257,"(10, 27)","(11, 27)",West,"[((9, 27), 'West')]","['(35, 4)', '(33, 4)', '(31, 6)', '(27, 4)', '(27, 2)', '(25, 4)', '(23, 2)', '(17, 12)', '(19, 12)', '(21, 14)', '(31, 20)', '(33, 20)', '(35, 30)', '(33, 26)', '(31, 28)', '(29, 28)', '(29, 20)', '(28, 17)', '(25, 20)', '(21, 20)', '(21, 18)', '(17, 20)', '(15, 18)', '(17, 26)', '(19, 26)', '(22, 35)', '(17, 34)', '(15, 32)', '(11, 34)', '(11, 26)']","['(35, 4)', '(33, 4)', '(31, 6)', '(27, 4)', '(27, 2)', '(25, 4)', '(23, 2)', '(17, 12)', '(19, 12)', '(21, 14)', '(31, 20)', '(33, 20)', '(35, 30)', '(33, 26)', '(31, 28)', '(29, 28)', '(29, 20)', '(28, 17)', '(25, 20)', '(21, 20)', '(21, 18)', '(17, 20)', '(15, 18)', '(17, 26)', '(19, 26)', '(22, 35)', '(17, 34)', '(15, 32)', '(11, 34)', '(11, 26)', '(9, 27)']",[257 states],167,0,167
258,"(9, 27)","(10, 27)",West,"[((9, 26), 'South'), ((8, 27), 'West')]","['(35, 4)', '(33, 4)', '(31, 6)', '(27, 4)', '(27, 2)', '(25, 4)', '(23, 2)', '(17, 12)', '(19, 12)', '(21, 14)', '(31, 20)', '(33, 20)', '(35, 30)', '(33, 26)', '(31, 28)', '(29, 28)', '(29, 20)', '(28, 17)', '(25, 20)', '(21, 20)', '(21, 18)', '(17, 20)', '(15, 18)', '(17, 26)', '(19, 26)', '(22, 35)', '(17, 34)', '(15, 32)', '(11, 34)', '(11, 26)']","['(35, 4)', '(33, 4)', '(31, 6)', '(27, 4)', '(27, 2)', '(25, 4)', '(23, 2)', '(17, 12)', '(19, 12)', '(21, 14)', '(31, 20)', '(33, 20)', '(35, 30)', '(33, 26)', '(31, 28)', '(29, 28)', '(29, 20)', '(28, 17)', '(25, 20)', '(21, 20)', '(21, 18)', '(17, 20)', '(15, 18)', '(17, 26)', '(19, 26)', '(22, 35)', '(17, 34)', '(15, 32)', '(11, 34)', '(11, 26)', '(9, 26)', '(8, 27)']",[258 states],168,0,168
259,"(8, 27)","(9, 27)",West,"[((7, 27), 'West')]","['(35, 4)', '(33, 4)', '(31, 6)', '(27, 4)', '(27, 2)', '(25, 4)', '(23, 2)', '(17, 12)', '(19, 12)', '(21, 14)', '(31, 20)', '(33, 20)', '(35, 30)', '(33, 26)', '(31, 28)', '(29, 28)', '(29, 20)', '(28, 17)', '(25, 20)', '(21, 20)', '(21, 18)', '(17, 20)', '(15, 18)', '(17, 26)', '(19, 26)', '(22, 35)', '(17, 34)', '(15, 32)', '(11, 34)', '(11, 26)', '(9, 26)']","['(35, 4)', '(33, 4)', '(31, 6)', '(27, 4)', '(27, 2)', '(25, 4)', '(23, 2)', '(17, 12)', '(19, 12)', '(21, 14)', '(31, 20)', '(33, 20)', '(35, 30)', '(33, 26)', '(31, 28)', '(29, 28)', '(29, 20)', '(28, 17)', '(25, 20)', '(21, 20)', '(21, 18)', '(17, 20)', '(15, 18)', '(17, 26)', '(19, 26)', '(22, 35)', '(17, 34)', '(15, 32)', '(11, 34)', '(11, 26)', '(9, 26)', '(7, 27)']",[259 states],169,0,169
260,"(7, 27)","(8, 27)",West,"[((6, 27), 'West')]","['(35, 4)', '(33, 4)', '(31, 6)', '(27, 4)', '(27, 2)', '(25, 4)', '(23, 2)', '(17, 12)', '(19, 12)', '(21, 14)', '(31, 20)', '(33, 20)', '(35, 30)', '(33, 26)', '(31, 28)', '(29, 28)', '(29, 20)', '(28, 17)', '(25, 20)', '(21, 20)', '(21, 18)', '(17, 20)', '(15, 18)', '(17, 26)', '(19, 26)', '(22, 35)', '(17, 34)', '(15, 32)', '(11, 34)', '(11, 26)', '(9, 26)']","['(35, 4)', '(33, 4)', '(31, 6)', '(27, 4)', '(27, 2)', '(25, 4)', '(23, 2)', '(17, 12)', '(19, 12)', '(21, 14)', '(31, 20)', '(33, 20)', '(35, 30)', '(33, 26)', '(31, 28)', '(29, 28)', '(29, 20)', '(28, 17)', '(25, 20)', '(21, 20)', '(21, 18)', '(17, 20)', '(15, 18)', '(17, 26)', '(19, 26)', '(22, 35)', '(17, 34)', '(15, 32)', '(11, 34)', '(11, 26)', '(9, 26)', '(6, 27)']",[260 states],170,0,170
261,"(6, 27)","(7, 27)",West,"[((5, 27), 'West')]","['(35, 4)', '(33, 4)', '(31, 6)', '(27, 4)', '(27, 2)', '(25, 4)', '(23, 2)', '(17, 12)', '(19, 12)', '(21, 14)', '(31, 20)', '(33, 20)', '(35, 30)', '(33, 26)', '(31, 28)', '(29, 28)', '(29, 20)', '(28, 17)', '(25, 20)', '(21, 20)', '(21, 18)', '(17, 20)', '(15, 18)', '(17, 26)', '(19, 26)', '(22, 35)', '(17, 34)', '(15, 32)', '(11, 34)', '(11, 26)', '(9, 26)']","['(35, 4)', '(33, 4)', '(31, 6)', '(27, 4)', '(27, 2)', '(25, 4)', '(23, 2)', '(17, 12)', '(19, 12)', '(21, 14)', '(31, 20)', '(33, 20)', '(35, 30)', '(33, 26)', '(31, 28)', '(29, 28)', '(29, 20)', '(28, 17)', '(25, 20)', '(21, 20)', '(21, 18)', '(17, 20)', '(15, 18)', '(17, 26)', '(19, 26)', '(22, 35)', '(17, 34)', '(15, 32)', '(11, 34)', '(11, 26)', '(9, 26)', '(5, 27)']",[261 states],171,0,171
262,"(5, 27)","(6, 27)",West,"[((4, 27), 'West')]","['(35, 4)', '(33, 4)', '(31, 6)', '(27, 4)', '(27, 2)', '(25, 4)', '(23, 2)', '(17, 12)', '(19, 12)', '(21, 14)', '(31, 20)', '(33, 20)', '(35, 30)', '(33, 26)', '(31, 28)', '(29, 28)', '(29, 20)', '(28, 17)', '(25, 20)', '(21, 20)', '(21, 18)', '(17, 20)', '(15, 18)', '(17, 26)', '(19, 26)', '(22, 35)', '(17, 34)', '(15, 32)', '(11, 34)', '(11, 26)', '(9, 26)']","['(35, 4)', '(33, 4)', '(31, 6)', '(27, 4)', '(27, 2)', '(25, 4)', '(23, 2)', '(17, 12)', '(19, 12)', '(21, 14)', '(31, 20)', '(33, 20)', '(35, 30)', '(33, 26)', '(31, 28)', '(29, 28)', '(29, 20)', '(28, 17)', '(25, 20)', '(21, 20)', '(21, 18)', '(17, 20)', '(15, 18)', '(17, 26)', '(19, 26)', '(22, 35)', '(17, 34)', '(15, 32)', '(11, 34)', '(11, 26)', '(9, 26)', '(4, 27)']",[262 states],172,0,172
263,"(4, 27)","(5, 27)",West,"[((3, 27), 'West')]","['(35, 4)', '(33, 4)', '(31, 6)', '(27, 4)', '(27, 2)', '(25, 4)', '(23, 2)', '(17, 12)', '(19, 12)', '(21, 14)', '(31, 20)', '(33, 20)', '(35, 30)', '(33, 26)', '(31, 28)', '(29, 28)', '(29, 20)', '(28, 17)', '(25, 20)', '(21, 20)', '(21, 18)', '(17, 20)', '(15, 18)', '(17, 26)', '(19, 26)', '(22, 35)', '(17, 34)', '(15, 32)', '(11, 34)', '(11, 26)', '(9, 26)']","['(35, 4)', '(33, 4)', '(31, 6)', '(27, 4)', '(27, 2)', '(25, 4)', '(23, 2)', '(17, 12)', '(19, 12)', '(21, 14)', '(31, 20)', '(33, 20)', '(35, 30)', '(33, 26)', '(31, 28)', '(29, 28)', '(29, 20)', '(28, 17)', '(25, 20)', '(21, 20)', '(21, 18)', '(17, 20)', '(15, 18)', '(17, 26)', '(19, 26)', '(22, 35)', '(17, 34)', '(15, 32)', '(11, 34)', '(11, 26)', '(9, 26)', '(3, 27)']",[263 states],173,0,173
264,"(3, 27)","(4, 27)",West,"[((3, 28), 'North'), ((3, 26), 'South'), ((2, 27), 'West')]","['(35, 4)', '(33, 4)', '(31, 6)', '(27, 4)', '(27, 2)', '(25, 4)', '(23, 2)', '(17, 12)', '(19, 12)', '(21, 14)', '(31, 20)', '(33, 20)', '(35, 30)', '(33, 26)', '(31, 28)', '(29, 28)', '(29, 20)', '(28, 17)', '(25, 20)', '(21, 20)', '(21, 18)', '(17, 20)', '(15, 18)', '(17, 26)', '(19, 26)', '(22, 35)', '(17, 34)', '(15, 32)', '(11, 34)', '(11, 26)', '(9, 26)']","['(35, 4)', '(33, 4)', '(31, 6)', '(27, 4)', '(27, 2)', '(25, 4)', '(23, 2)', '(17, 12)', '(19, 12)', '(21, 14)', '(31, 20)', '(33, 20)', '(35, 30)', '(33, 26)', '(31, 28)', '(29, 28)', '(29, 20)', '(28, 17)', '(25, 20)', '(21, 20)', '(21, 18)', '(17, 20)', '(15, 18)', '(17, 26)', '(19, 26)', '(22, 35)', '(17, 34)', '(15, 32)', '(11, 34)', '(11, 26)', '(9, 26)', '(3, 28)', '(3, 26)', '(2, 27)']",[264 states],174,0,174
265,"(2, 27)","(3, 27)",West,"[((1, 27), 'West')]","['(35, 4)', '(33, 4)', '(31, 6)', '(27, 4)', '(27, 2)', '(25, 4)', '(23, 2)', '(17, 12)', '(19, 12)', '(21, 14)', '(31, 20)', '(33, 20)', '(35, 30)', '(33, 26)', '(31, 28)', '(29, 28)', '(29, 20)', '(28, 17)', '(25, 20)', '(21, 20)', '(21, 18)', '(17, 20)', '(15, 18)', '(17, 26)', '(19, 26)', '(22, 35)', '(17, 34)', '(15, 32)', '(11, 34)', '(11, 26)', '(9, 26)', '(3, 28)', '(3, 26)']","['(35, 4)', '(33, 4)', '(31, 6)', '(27, 4)', '(27, 2)', '(25, 4)', '(23, 2)', '(17, 12)', '(19, 12)', '(21, 14)', '(31, 20)', '(33, 20)', '(35, 30)', '(33, 26)', '(31, 28)', '(29, 28)', '(29, 20)', '(28, 17)', '(25, 20)', '(21, 20)', '(21, 18)', '(17, 20)', '(15, 18)', '(17, 26)', '(19, 26)', '(22, 35)', '(17, 34)', '(15, 32)', '(11, 34)', '(11, 26)', '(9, 26)', '(3, 28)', '(3, 26)', '(1, 27)']",[265 states],175,0,175
266,"(1, 27)","(2, 27)",West,"[((1, 26), 'South')]","['(35, 4)', '(33, 4)', '(31, 6)', '(27, 4)', '(27, 2)', '(25, 4)', '(23, 2)', '(17, 12)', '(19, 12)', '(21, 14)', '(31, 20)', '(33, 20)', '(35, 30)', '(33, 26)', '(31, 28)', '(29, 28)', '(29, 20)', '(28, 17)', '(25, 20)', '(21, 20)', '(21, 18)', '(17, 20)', '(15, 18)', '(17, 26)', '(19, 26)', '(22, 35)', '(17, 34)', '(15, 32)', '(11, 34)', '(11, 26)', '(9, 26)', '(3, 28)', '(3, 26)']","['(35, 4)', '(33, 4)', '(31, 6)', '(27, 4)', '(27, 2)', '(25, 4)', '(23, 2)', '(17, 12)', '(19, 12)', '(21, 14)', '(31, 20)', '(33, 20)', '(35, 30)', '(33, 26)', '(31, 28)', '(29, 28)', '(29, 20)', '(28, 17)', '(25, 20)', '(21, 20)', '(21, 18)', '(17, 20)', '(15, 18)', '(17, 26)', '(19, 26)', '(22, 35)', '(17, 34)', '(15, 32)', '(11, 34)', '(11, 26)', '(9, 26)', '(3, 28)', '(3, 26)', '(1, 26)']",[266 states],176,0,176
267,"(1, 26)","(1, 27)",South,"[((1, 25), 'South')]","['(35, 4)', '(33, 4)', '(31, 6)', '(27, 4)', '(27, 2)', '(25, 4)', '(23, 2)', '(17, 12)', '(19, 12)', '(21, 14)', '(31, 20)', '(33, 20)', '(35, 30)', '(33, 26)', '(31, 28)', '(29, 28)', '(29, 20)', '(28, 17)', '(25, 20)', '(21, 20)', '(21, 18)', '(17, 20)', '(15, 18)', '(17, 26)', '(19, 26)', '(22, 35)', '(17, 34)', '(15, 32)', '(11, 34)', '(11, 26)', '(9, 26)', '(3, 28)', '(3, 26)']","['(35, 4)', '(33, 4)', '(31, 6)', '(27, 4)', '(27, 2)', '(25, 4)', '(23, 2)', '(17, 12)', '(19, 12)', '(21, 14)', '(31, 20)', '(33, 20)', '(35, 30)', '(33, 26)', '(31, 28)', '(29, 28)', '(29, 20)', '(28, 17)', '(25, 20)', '(21, 20)', '(21, 18)', '(17, 20)', '(15, 18)', '(17, 26)', '(19, 26)', '(22, 35)', '(17, 34)', '(15, 32)', '(11, 34)', '(11, 26)', '(9, 26)', '(3, 28)', '(3, 26)', '(1, 25)']",[267 states],177,0,177
268,"(1, 25)","(1, 26)",South,"[((1, 24), 'South')]","['(35, 4)', '(33, 4)', '(31, 6)', '(27, 4)', '(27, 2)', '(25, 4)', '(23, 2)', '(17, 12)', '(19, 12)', '(21, 14)', '(31, 20)', '(33, 20)', '(35, 30)', '(33, 26)', '(31, 28)', '(29, 28)', '(29, 20)', '(28, 17)', '(25, 20)', '(21, 20)', '(21, 18)', '(17, 20)', '(15, 18)', '(17, 26)', '(19, 26)', '(22, 35)', '(17, 34)', '(15, 32)', '(11, 34)', '(11, 26)', '(9, 26)', '(3, 28)', '(3, 26)']","['(35, 4)', '(33, 4)', '(31, 6)', '(27, 4)', '(27, 2)', '(25, 4)', '(23, 2)', '(17, 12)', '(19, 12)', '(21, 14)', '(31, 20)', '(33, 20)', '(35, 30)', '(33, 26)', '(31, 28)', '(29, 28)', '(29, 20)', '(28, 17)', '(25, 20)', '(21, 20)', '(21, 18)', '(17, 20)', '(15, 18)', '(17, 26)', '(19, 26)', '(22, 35)', '(17, 34)', '(15, 32)', '(11, 34)', '(11, 26)', '(9, 26)', '(3, 28)', '(3, 26)', '(1, 24)']",[268 states],178,0,178
269,"(1, 24)","(1, 25)",South,"[((1, 23), 'South')]","['(35, 4)', '(33, 4)', '(31, 6)', '(27, 4)', '(27, 2)', '(25, 4)', '(23, 2)', '(17, 12)', '(19, 12)', '(21, 14)', '(31, 20)', '(33, 20)', '(35, 30)', '(33, 26)', '(31, 28)', '(29, 28)', '(29, 20)', '(28, 17)', '(25, 20)', '(21, 20)', '(21, 18)', '(17, 20)', '(15, 18)', '(17, 26)', '(19, 26)', '(22, 35)', '(17, 34)', '(15, 32)', '(11, 34)', '(11, 26)', '(9, 26)', '(3, 28)', '(3, 26)']","['(35, 4)', '(33, 4)', '(31, 6)', '(27, 4)', '(27, 2)', '(25, 4)', '(23, 2)', '(17, 12)', '(19, 12)', '(21, 14)', '(31, 20)', '(33, 20)', '(35, 30)', '(33, 26)', '(31, 28)', '(29, 28)', '(29, 20)', '(28, 17)', '(25, 20)', '(21, 20)', '(21, 18)', '(17, 20)', '(15, 18)', '(17, 26)', '(19, 26)', '(22, 35)', '(17, 34)', '(15, 32)', '(11, 34)', '(11, 26)', '(9, 26)', '(3, 28)', '(3, 26)', '(1, 23)']",[269 states],179,0,179
270,"(1, 23)","(1, 24)",South,[],"['(35, 4)', '(33, 4)', '(31, 6)', '(27, 4)', '(27, 2)', '(25, 4)', '(23, 2)', '(17, 12)', '(19, 12)', '(21, 14)', '(31, 20)', '(33, 20)', '(35, 30)', '(33, 26)', '(31, 28)', '(29, 28)', '(29, 20)', '(28, 17)', '(25, 20)', '(21, 20)', '(21, 18)', '(17, 20)', '(15, 18)', '(17, 26)', '(19, 26)', '(22, 35)', '(17, 34)', '(15, 32)', '(11, 34)', '(11, 26)', '(9, 26)', '(3, 28)', '(3, 26)']","['(35, 4)', '(33, 4)', '(31, 6)', '(27, 4)', '(27, 2)', '(25, 4)', '(23, 2)', '(17, 12)', '(19, 12)', '(21, 14)', '(31, 20)', '(33, 20)', '(35, 30)', '(33, 26)', '(31, 28)', '(29, 28)', '(29, 20)', '(28, 17)', '(25, 20)', '(21, 20)', '(21, 18)', '(17, 20)', '(15, 18)', '(17, 26)', '(19, 26)', '(22, 35)', '(17, 34)', '(15, 32)', '(11, 34)', '(11, 26)', '(9, 26)', '(3, 28)', '(3, 26)']",[270 states],180,0,180
271,"(3, 26)","(3, 27)",South,"[((3, 25), 'South')]","['(35, 4)', '(33, 4)', '(31, 6)', '(27, 4)', '(27, 2)', '(25, 4)', '(23, 2)', '(17, 12)', '(19, 12)', '(21, 14)', '(31, 20)', '(33, 20)', '(35, 30)', '(33, 26)', '(31, 28)', '(29, 28)', '(29, 20)', '(28, 17)', '(25, 20)', '(21, 20)', '(21, 18)', '(17, 20)', '(15, 18)', '(17, 26)', '(19, 26)', '(22, 35)', '(17, 34)', '(15, 32)', '(11, 34)', '(11, 26)', '(9, 26)', '(3, 28)']","['(35, 4)', '(33, 4)', '(31, 6)', '(27, 4)', '(27, 2)', '(25, 4)', '(23, 2)', '(17, 12)', '(19, 12)', '(21, 14)', '(31, 20)', '(33, 20)', '(35, 30)', '(33, 26)', '(31, 28)', '(29, 28)', '(29, 20)', '(28, 17)', '(25, 20)', '(21, 20)', '(21, 18)', '(17, 20)', '(15, 18)', '(17, 26)', '(19, 26)', '(22, 35)', '(17, 34)', '(15, 32)', '(11, 34)', '(11, 26)', '(9, 26)', '(3, 28)', '(3, 25)']",[271 states],175,0,175
272,"(3, 25)","(3, 26)",South,"[((3, 24), 'South')]","['(35, 4)', '(33, 4)', '(31, 6)', '(27, 4)', '(27, 2)', '(25, 4)', '(23, 2)', '(17, 12)', '(19, 12)', '(21, 14)', '(31, 20)', '(33, 20)', '(35, 30)', '(33, 26)', '(31, 28)', '(29, 28)', '(29, 20)', '(28, 17)', '(25, 20)', '(21, 20)', '(21, 18)', '(17, 20)', '(15, 18)', '(17, 26)', '(19, 26)', '(22, 35)', '(17, 34)', '(15, 32)', '(11, 34)', '(11, 26)', '(9, 26)', '(3, 28)']","['(35, 4)', '(33, 4)', '(31, 6)', '(27, 4)', '(27, 2)', '(25, 4)', '(23, 2)', '(17, 12)', '(19, 12)', '(21, 14)', '(31, 20)', '(33, 20)', '(35, 30)', '(33, 26)', '(31, 28)', '(29, 28)', '(29, 20)', '(28, 17)', '(25, 20)', '(21, 20)', '(21, 18)', '(17, 20)', '(15, 18)', '(17, 26)', '(19, 26)', '(22, 35)', '(17, 34)', '(15, 32)', '(11, 34)', '(11, 26)', '(9, 26)', '(3, 28)', '(3, 24)']",[272 states],176,0,176
273,"(3, 24)","(3, 25)",South,"[((3, 23), 'South')]","['(35, 4)', '(33, 4)', '(31, 6)', '(27, 4)', '(27, 2)', '(25, 4)', '(23, 2)', '(17, 12)', '(19, 12)', '(21, 14)', '(31, 20)', '(33, 20)', '(35, 30)', '(33, 26)', '(31, 28)', '(29, 28)', '(29, 20)', '(28, 17)', '(25, 20)', '(21, 20)', '(21, 18)', '(17, 20)', '(15, 18)', '(17, 26)', '(19, 26)', '(22, 35)', '(17, 34)', '(15, 32)', '(11, 34)', '(11, 26)', '(9, 26)', '(3, 28)']","['(35, 4)', '(33, 4)', '(31, 6)', '(27, 4)', '(27, 2)', '(25, 4)', '(23, 2)', '(17, 12)', '(19, 12)', '(21, 14)', '(31, 20)', '(33, 20)', '(35, 30)', '(33, 26)', '(31, 28)', '(29, 28)', '(29, 20)', '(28, 17)', '(25, 20)', '(21, 20)', '(21, 18)', '(17, 20)', '(15, 18)', '(17, 26)', '(19, 26)', '(22, 35)', '(17, 34)', '(15, 32)', '(11, 34)', '(11, 26)', '(9, 26)', '(3, 28)', '(3, 23)']",[273 states],177,0,177
274,"(3, 23)","(3, 24)",South,"[((3, 22), 'South')]","['(35, 4)', '(33, 4)', '(31, 6)', '(27, 4)', '(27, 2)', '(25, 4)', '(23, 2)', '(17, 12)', '(19, 12)', '(21, 14)', '(31, 20)', '(33, 20)', '(35, 30)', '(33, 26)', '(31, 28)', '(29, 28)', '(29, 20)', '(28, 17)', '(25, 20)', '(21, 20)', '(21, 18)', '(17, 20)', '(15, 18)', '(17, 26)', '(19, 26)', '(22, 35)', '(17, 34)', '(15, 32)', '(11, 34)', '(11, 26)', '(9, 26)', '(3, 28)']","['(35, 4)', '(33, 4)', '(31, 6)', '(27, 4)', '(27, 2)', '(25, 4)', '(23, 2)', '(17, 12)', '(19, 12)', '(21, 14)', '(31, 20)', '(33, 20)', '(35, 30)', '(33, 26)', '(31, 28)', '(29, 28)', '(29, 20)', '(28, 17)', '(25, 20)', '(21, 20)', '(21, 18)', '(17, 20)', '(15, 18)', '(17, 26)', '(19, 26)', '(22, 35)', '(17, 34)', '(15, 32)', '(11, 34)', '(11, 26)', '(9, 26)', '(3, 28)', '(3, 22)']",[274 states],178,0,178
275,"(3, 22)","(3, 23)",South,"[((3, 21), 'South')]","['(35, 4)', '(33, 4)', '(31, 6)', '(27, 4)', '(27, 2)', '(25, 4)', '(23, 2)', '(17, 12)', '(19, 12)', '(21, 14)', '(31, 20)', '(33, 20)', '(35, 30)', '(33, 26)', '(31, 28)', '(29, 28)', '(29, 20)', '(28, 17)', '(25, 20)', '(21, 20)', '(21, 18)', '(17, 20)', '(15, 18)', '(17, 26)', '(19, 26)', '(22, 35)', '(17, 34)', '(15, 32)', '(11, 34)', '(11, 26)', '(9, 26)', '(3, 28)']","['(35, 4)', '(33, 4)', '(31, 6)', '(27, 4)', '(27, 2)', '(25, 4)', '(23, 2)', '(17, 12)', '(19, 12)', '(21, 14)', '(31, 20)', '(33, 20)', '(35, 30)', '(33, 26)', '(31, 28)', '(29, 28)', '(29, 20)', '(28, 17)', '(25, 20)', '(21, 20)', '(21, 18)', '(17, 20)', '(15, 18)', '(17, 26)', '(19, 26)', '(22, 35)', '(17, 34)', '(15, 32)', '(11, 34)', '(11, 26)', '(9, 26)', '(3, 28)', '(3, 21)']",[275 states],179,0,179
276,"(3, 21)","(3, 22)",South,"[((3, 20), 'South'), ((4, 21), 'East'), ((2, 21), 'West')]","['(35, 4)', '(33, 4)', '(31, 6)', '(27, 4)', '(27, 2)', '(25, 4)', '(23, 2)', '(17, 12)', '(19, 12)', '(21, 14)', '(31, 20)', '(33, 20)', '(35, 30)', '(33, 26)', '(31, 28)', '(29, 28)', '(29, 20)', '(28, 17)', '(25, 20)', '(21, 20)', '(21, 18)', '(17, 20)', '(15, 18)', '(17, 26)', '(19, 26)', '(22, 35)', '(17, 34)', '(15, 32)', '(11, 34)', '(11, 26)', '(9, 26)', '(3, 28)']","['(35, 4)', '(33, 4)', '(31, 6)', '(27, 4)', '(27, 2)', '(25, 4)', '(23, 2)', '(17, 12)', '(19, 12)', '(21, 14)', '(31, 20)', '(33, 20)', '(35, 30)', '(33, 26)', '(31, 28)', '(29, 28)', '(29, 20)', '(28, 17)', '(25, 20)', '(21, 20)', '(21, 18)', '(17, 20)', '(15, 18)', '(17, 26)', '(19, 26)', '(22, 35)', '(17, 34)', '(15, 32)', '(11, 34)', '(11, 26)', '(9, 26)', '(3, 28)', '(3, 20)', '(4, 21)', '(2, 21)']",[276 states],180,0,180
277,"(2, 21)","(3, 21)",West,"[((1, 21), 'West')]","['(35, 4)', '(33, 4)', '(31, 6)', '(27, 4)', '(27, 2)', '(25, 4)', '(23, 2)', '(17, 12)', '(19, 12)', '(21, 14)', '(31, 20)', '(33, 20)', '(35, 30)', '(33, 26)', '(31, 28)', '(29, 28)', '(29, 20)', '(28, 17)', '(25, 20)', '(21, 20)', '(21, 18)', '(17, 20)', '(15, 18)', '(17, 26)', '(19, 26)', '(22, 35)', '(17, 34)', '(15, 32)', '(11, 34)', '(11, 26)', '(9, 26)', '(3, 28)', '(3, 20)', '(4, 21)']","['(35, 4)', '(33, 4)', '(31, 6)', '(27, 4)', '(27, 2)', '(25, 4)', '(23, 2)', '(17, 12)', '(19, 12)', '(21, 14)', '(31, 20)', '(33, 20)', '(35, 30)', '(33, 26)', '(31, 28)', '(29, 28)', '(29, 20)', '(28, 17)', '(25, 20)', '(21, 20)', '(21, 18)', '(17, 20)', '(15, 18)', '(17, 26)', '(19, 26)', '(22, 35)', '(17, 34)', '(15, 32)', '(11, 34)', '(11, 26)', '(9, 26)', '(3, 28)', '(3, 20)', '(4, 21)', '(1, 21)']",[277 states],181,0,181
278,"(1, 21)","(2, 21)",West,"[((1, 20), 'South')]","['(35, 4)', '(33, 4)', '(31, 6)', '(27, 4)', '(27, 2)', '(25, 4)', '(23, 2)', '(17, 12)', '(19, 12)', '(21, 14)', '(31, 20)', '(33, 20)', '(35, 30)', '(33, 26)', '(31, 28)', '(29, 28)', '(29, 20)', '(28, 17)', '(25, 20)', '(21, 20)', '(21, 18)', '(17, 20)', '(15, 18)', '(17, 26)', '(19, 26)', '(22, 35)', '(17, 34)', '(15, 32)', '(11, 34)', '(11, 26)', '(9, 26)', '(3, 28)', '(3, 20)', '(4, 21)']","['(35, 4)', '(33, 4)', '(31, 6)', '(27, 4)', '(27, 2)', '(25, 4)', '(23, 2)', '(17, 12)', '(19, 12)', '(21, 14)', '(31, 20)', '(33, 20)', '(35, 30)', '(33, 26)', '(31, 28)', '(29, 28)', '(29, 20)', '(28, 17)', '(25, 20)', '(21, 20)', '(21, 18)', '(17, 20)', '(15, 18)', '(17, 26)', '(19, 26)', '(22, 35)', '(17, 34)', '(15, 32)', '(11, 34)', '(11, 26)', '(9, 26)', '(3, 28)', '(3, 20)', '(4, 21)', '(1, 20)']",[278 states],182,0,182
279,"(1, 20)","(1, 21)",South,"[((1, 19), 'South')]","['(35, 4)', '(33, 4)', '(31, 6)', '(27, 4)', '(27, 2)', '(25, 4)', '(23, 2)', '(17, 12)', '(19, 12)', '(21, 14)', '(31, 20)', '(33, 20)', '(35, 30)', '(33, 26)', '(31, 28)', '(29, 28)', '(29, 20)', '(28, 17)', '(25, 20)', '(21, 20)', '(21, 18)', '(17, 20)', '(15, 18)', '(17, 26)', '(19, 26)', '(22, 35)', '(17, 34)', '(15, 32)', '(11, 34)', '(11, 26)', '(9, 26)', '(3, 28)', '(3, 20)', '(4, 21)']","['(35, 4)', '(33, 4)', '(31, 6)', '(27, 4)', '(27, 2)', '(25, 4)', '(23, 2)', '(17, 12)', '(19, 12)', '(21, 14)', '(31, 20)', '(33, 20)', '(35, 30)', '(33, 26)', '(31, 28)', '(29, 28)', '(29, 20)', '(28, 17)', '(25, 20)', '(21, 20)', '(21, 18)', '(17, 20)', '(15, 18)', '(17, 26)', '(19, 26)', '(22, 35)', '(17, 34)', '(15, 32)', '(11, 34)', '(11, 26)', '(9, 26)', '(3, 28)', '(3, 20)', '(4, 21)', '(1, 19)']",[279 states],183,0,183
280,"(1, 19)","(1, 20)",South,[],"['(35, 4)', '(33, 4)', '(31, 6)', '(27, 4)', '(27, 2)', '(25, 4)', '(23, 2)', '(17, 12)', '(19, 12)', '(21, 14)', '(31, 20)', '(33, 20)', '(35, 30)', '(33, 26)', '(31, 28)', '(29, 28)', '(29, 20)', '(28, 17)', '(25, 20)', '(21, 20)', '(21, 18)', '(17, 20)', '(15, 18)', '(17, 26)', '(19, 26)', '(22, 35)', '(17, 34)', '(15, 32)', '(11, 34)', '(11, 26)', '(9, 26)', '(3, 28)', '(3, 20)', '(4, 21)']","['(35, 4)', '(33, 4)', '(31, 6)', '(27, 4)', '(27, 2)', '(25, 4)', '(23, 2)', '(17, 12)', '(19, 12)', '(21, 14)', '(31, 20)', '(33, 20)', '(35, 30)', '(33, 26)', '(31, 28)', '(29, 28)', '(29, 20)', '(28, 17)', '(25, 20)', '(21, 20)', '(21, 18)', '(17, 20)', '(15, 18)', '(17, 26)', '(19, 26)', '(22, 35)', '(17, 34)', '(15, 32)', '(11, 34)', '(11, 26)', '(9, 26)', '(3, 28)', '(3, 20)', '(4, 21)']",[280 states],184,0,184
281,"(4, 21)","(3, 21)",East,"[((5, 21), 'East')]","['(35, 4)', '(33, 4)', '(31, 6)', '(27, 4)', '(27, 2)', '(25, 4)', '(23, 2)', '(17, 12)', '(19, 12)', '(21, 14)', '(31, 20)', '(33, 20)', '(35, 30)', '(33, 26)', '(31, 28)', '(29, 28)', '(29, 20)', '(28, 17)', '(25, 20)', '(21, 20)', '(21, 18)', '(17, 20)', '(15, 18)', '(17, 26)', '(19, 26)', '(22, 35)', '(17, 34)', '(15, 32)', '(11, 34)', '(11, 26)', '(9, 26)', '(3, 28)', '(3, 20)']","['(35, 4)', '(33, 4)', '(31, 6)', '(27, 4)', '(27, 2)', '(25, 4)', '(23, 2)', '(17, 12)', '(19, 12)', '(21, 14)', '(31, 20)', '(33, 20)', '(35, 30)', '(33, 26)', '(31, 28)', '(29, 28)', '(29, 20)', '(28, 17)', '(25, 20)', '(21, 20)', '(21, 18)', '(17, 20)', '(15, 18)', '(17, 26)', '(19, 26)', '(22, 35)', '(17, 34)', '(15, 32)', '(11, 34)', '(11, 26)', '(9, 26)', '(3, 28)', '(3, 20)', '(5, 21)']",[281 states],181,0,181
282,"(5, 21)","(4, 21)",East,"[((5, 20), 'South')]","['(35, 4)', '(33, 4)', '(31, 6)', '(27, 4)', '(27, 2)', '(25, 4)', '(23, 2)', '(17, 12)', '(19, 12)', '(21, 14)', '(31, 20)', '(33, 20)', '(35, 30)', '(33, 26)', '(31, 28)', '(29, 28)', '(29, 20)', '(28, 17)', '(25, 20)', '(21, 20)', '(21, 18)', '(17, 20)', '(15, 18)', '(17, 26)', '(19, 26)', '(22, 35)', '(17, 34)', '(15, 32)', '(11, 34)', '(11, 26)', '(9, 26)', '(3, 28)', '(3, 20)']","['(35, 4)', '(33, 4)', '(31, 6)', '(27, 4)', '(27, 2)', '(25, 4)', '(23, 2)', '(17, 12)', '(19, 12)', '(21, 14)', '(31, 20)', '(33, 20)', '(35, 30)', '(33, 26)', '(31, 28)', '(29, 28)', '(29, 20)', '(28, 17)', '(25, 20)', '(21, 20)', '(21, 18)', '(17, 20)', '(15, 18)', '(17, 26)', '(19, 26)', '(22, 35)', '(17, 34)', '(15, 32)', '(11, 34)', '(11, 26)', '(9, 26)', '(3, 28)', '(3, 20)', '(5, 20)']",[282 states],182,0,182
283,"(5, 20)","(5, 21)",South,"[((5, 19), 'South')]","['(35, 4)', '(33, 4)', '(31, 6)', '(27, 4)', '(27, 2)', '(25, 4)', '(23, 2)', '(17, 12)', '(19, 12)', '(21, 14)', '(31, 20)', '(33, 20)', '(35, 30)', '(33, 26)', '(31, 28)', '(29, 28)', '(29, 20)', '(28, 17)', '(25, 20)', '(21, 20)', '(21, 18)', '(17, 20)', '(15, 18)', '(17, 26)', '(19, 26)', '(22, 35)', '(17, 34)', '(15, 32)', '(11, 34)', '(11, 26)', '(9, 26)', '(3, 28)', '(3, 20)']","['(35, 4)', '(33, 4)', '(31, 6)', '(27, 4)', '(27, 2)', '(25, 4)', '(23, 2)', '(17, 12)', '(19, 12)', '(21, 14)', '(31, 20)', '(33, 20)', '(35, 30)', '(33, 26)', '(31, 28)', '(29, 28)', '(29, 20)', '(28, 17)', '(25, 20)', '(21, 20)', '(21, 18)', '(17, 20)', '(15, 18)', '(17, 26)', '(19, 26)', '(22, 35)', '(17, 34)', '(15, 32)', '(11, 34)', '(11, 26)', '(9, 26)', '(3, 28)', '(3, 20)', '(5, 19)']",[283 states],183,0,183
284,"(5, 19)","(5, 20)",South,[],"['(35, 4)', '(33, 4)', '(31, 6)', '(27, 4)', '(27, 2)', '(25, 4)', '(23, 2)', '(17, 12)', '(19, 12)', '(21, 14)', '(31, 20)', '(33, 20)', '(35, 30)', '(33, 26)', '(31, 28)', '(29, 28)', '(29, 20)', '(28, 17)', '(25, 20)', '(21, 20)', '(21, 18)', '(17, 20)', '(15, 18)', '(17, 26)', '(19, 26)', '(22, 35)', '(17, 34)', '(15, 32)', '(11, 34)', '(11, 26)', '(9, 26)', '(3, 28)', '(3, 20)']","['(35, 4)', '(33, 4)', '(31, 6)', '(27, 4)', '(27, 2)', '(25, 4)', '(23, 2)', '(17, 12)', '(19, 12)', '(21, 14)', '(31, 20)', '(33, 20)', '(35, 30)', '(33, 26)', '(31, 28)', '(29, 28)', '(29, 20)', '(28, 17)', '(25, 20)', '(21, 20)', '(21, 18)', '(17, 20)', '(15, 18)', '(17, 26)', '(19, 26)', '(22, 35)', '(17, 34)', '(15, 32)', '(11, 34)', '(11, 26)', '(9, 26)', '(3, 28)', '(3, 20)']",[284 states],184,0,184
285,"(3, 20)","(3, 21)",South,"[((3, 19), 'South')]","['(35, 4)', '(33, 4)', '(31, 6)', '(27, 4)', '(27, 2)', '(25, 4)', '(23, 2)', '(17, 12)', '(19, 12)', '(21, 14)', '(31, 20)', '(33, 20)', '(35, 30)', '(33, 26)', '(31, 28)', '(29, 28)', '(29, 20)', '(28, 17)', '(25, 20)', '(21, 20)', '(21, 18)', '(17, 20)', '(15, 18)', '(17, 26)', '(19, 26)', '(22, 35)', '(17, 34)', '(15, 32)', '(11, 34)', '(11, 26)', '(9, 26)', '(3, 28)']","['(35, 4)', '(33, 4)', '(31, 6)', '(27, 4)', '(27, 2)', '(25, 4)', '(23, 2)', '(17, 12)', '(19, 12)', '(21, 14)', '(31, 20)', '(33, 20)', '(35, 30)', '(33, 26)', '(31, 28)', '(29, 28)', '(29, 20)', '(28, 17)', '(25, 20)', '(21, 20)', '(21, 18)', '(17, 20)', '(15, 18)', '(17, 26)', '(19, 26)', '(22, 35)', '(17, 34)', '(15, 32)', '(11, 34)', '(11, 26)', '(9, 26)', '(3, 28)', '(3, 19)']",[285 states],181,0,181
286,"(3, 19)","(3, 20)",South,"[((3, 18), 'South')]","['(35, 4)', '(33, 4)', '(31, 6)', '(27, 4)', '(27, 2)', '(25, 4)', '(23, 2)', '(17, 12)', '(19, 12)', '(21, 14)', '(31, 20)', '(33, 20)', '(35, 30)', '(33, 26)', '(31, 28)', '(29, 28)', '(29, 20)', '(28, 17)', '(25, 20)', '(21, 20)', '(21, 18)', '(17, 20)', '(15, 18)', '(17, 26)', '(19, 26)', '(22, 35)', '(17, 34)', '(15, 32)', '(11, 34)', '(11, 26)', '(9, 26)', '(3, 28)']","['(35, 4)', '(33, 4)', '(31, 6)', '(27, 4)', '(27, 2)', '(25, 4)', '(23, 2)', '(17, 12)', '(19, 12)', '(21, 14)', '(31, 20)', '(33, 20)', '(35, 30)', '(33, 26)', '(31, 28)', '(29, 28)', '(29, 20)', '(28, 17)', '(25, 20)', '(21, 20)', '(21, 18)', '(17, 20)', '(15, 18)', '(17, 26)', '(19, 26)', '(22, 35)', '(17, 34)', '(15, 32)', '(11, 34)', '(11, 26)', '(9, 26)', '(3, 28)', '(3, 18)']",[286 states],182,0,182
287,"(3, 18)","(3, 19)",South,"[((3, 17), 'South')]","['(35, 4)', '(33, 4)', '(31, 6)', '(27, 4)', '(27, 2)', '(25, 4)', '(23, 2)', '(17, 12)', '(19, 12)', '(21, 14)', '(31, 20)', '(33, 20)', '(35, 30)', '(33, 26)', '(31, 28)', '(29, 28)', '(29, 20)', '(28, 17)', '(25, 20)', '(21, 20)', '(21, 18)', '(17, 20)', '(15, 18)', '(17, 26)', '(19, 26)', '(22, 35)', '(17, 34)', '(15, 32)', '(11, 34)', '(11, 26)', '(9, 26)', '(3, 28)']","['(35, 4)', '(33, 4)', '(31, 6)', '(27, 4)', '(27, 2)', '(25, 4)', '(23, 2)', '(17, 12)', '(19, 12)', '(21, 14)', '(31, 20)', '(33, 20)', '(35, 30)', '(33, 26)', '(31, 28)', '(29, 28)', '(29, 20)', '(28, 17)', '(25, 20)', '(21, 20)', '(21, 18)', '(17, 20)', '(15, 18)', '(17, 26)', '(19, 26)', '(22, 35)', '(17, 34)', '(15, 32)', '(11, 34)', '(11, 26)', '(9, 26)', '(3, 28)', '(3, 17)']",[287 states],183,0,183
288,"(3, 17)","(3, 18)",South,"[((4, 17), 'East'), ((2, 17), 'West')]","['(35, 4)', '(33, 4)', '(31, 6)', '(27, 4)', '(27, 2)', '(25, 4)', '(23, 2)', '(17, 12)', '(19, 12)', '(21, 14)', '(31, 20)', '(33, 20)', '(35, 30)', '(33, 26)', '(31, 28)', '(29, 28)', '(29, 20)', '(28, 17)', '(25, 20)', '(21, 20)', '(21, 18)', '(17, 20)', '(15, 18)', '(17, 26)', '(19, 26)', '(22, 35)', '(17, 34)', '(15, 32)', '(11, 34)', '(11, 26)', '(9, 26)', '(3, 28)']","['(35, 4)', '(33, 4)', '(31, 6)', '(27, 4)', '(27, 2)', '(25, 4)', '(23, 2)', '(17, 12)', '(19, 12)', '(21, 14)', '(31, 20)', '(33, 20)', '(35, 30)', '(33, 26)', '(31, 28)', '(29, 28)', '(29, 20)', '(28, 17)', '(25, 20)', '(21, 20)', '(21, 18)', '(17, 20)', '(15, 18)', '(17, 26)', '(19, 26)', '(22, 35)', '(17, 34)', '(15, 32)', '(11, 34)', '(11, 26)', '(9, 26)', '(3, 28)', '(4, 17)', '(2, 17)']",[288 states],184,0,184
289,"(2, 17)","(3, 17)",West,"[((1, 17), 'West')]","['(35, 4)', '(33, 4)', '(31, 6)', '(27, 4)', '(27, 2)', '(25, 4)', '(23, 2)', '(17, 12)', '(19, 12)', '(21, 14)', '(31, 20)', '(33, 20)', '(35, 30)', '(33, 26)', '(31, 28)', '(29, 28)', '(29, 20)', '(28, 17)', '(25, 20)', '(21, 20)', '(21, 18)', '(17, 20)', '(15, 18)', '(17, 26)', '(19, 26)', '(22, 35)', '(17, 34)', '(15, 32)', '(11, 34)', '(11, 26)', '(9, 26)', '(3, 28)', '(4, 17)']","['(35, 4)', '(33, 4)', '(31, 6)', '(27, 4)', '(27, 2)', '(25, 4)', '(23, 2)', '(17, 12)', '(19, 12)', '(21, 14)', '(31, 20)', '(33, 20)', '(35, 30)', '(33, 26)', '(31, 28)', '(29, 28)', '(29, 20)', '(28, 17)', '(25, 20)', '(21, 20)', '(21, 18)', '(17, 20)', '(15, 18)', '(17, 26)', '(19, 26)', '(22, 35)', '(17, 34)', '(15, 32)', '(11, 34)', '(11, 26)', '(9, 26)', '(3, 28)', '(4, 17)', '(1, 17)']",[289 states],185,0,185
290,"(1, 17)","(2, 17)",West,[],"['(35, 4)', '(33, 4)', '(31, 6)', '(27, 4)', '(27, 2)', '(25, 4)', '(23, 2)', '(17, 12)', '(19, 12)', '(21, 14)', '(31, 20)', '(33, 20)', '(35, 30)', '(33, 26)', '(31, 28)', '(29, 28)', '(29, 20)', '(28, 17)', '(25, 20)', '(21, 20)', '(21, 18)', '(17, 20)', '(15, 18)', '(17, 26)', '(19, 26)', '(22, 35)', '(17, 34)', '(15, 32)', '(11, 34)', '(11, 26)', '(9, 26)', '(3, 28)', '(4, 17)']","['(35, 4)', '(33, 4)', '(31, 6)', '(27, 4)', '(27, 2)', '(25, 4)', '(23, 2)', '(17, 12)', '(19, 12)', '(21, 14)', '(31, 20)', '(33, 20)', '(35, 30)', '(33, 26)', '(31, 28)', '(29, 28)', '(29, 20)', '(28, 17)', '(25, 20)', '(21, 20)', '(21, 18)', '(17, 20)', '(15, 18)', '(17, 26)', '(19, 26)', '(22, 35)', '(17, 34)', '(15, 32)', '(11, 34)', '(11, 26)', '(9, 26)', '(3, 28)', '(4, 17)']",[290 states],186,0,186
291,"(4, 17)","(3, 17)",East,"[((5, 17), 'East')]","['(35, 4)', '(33, 4)', '(31, 6)', '(27, 4)', '(27, 2)', '(25, 4)', '(23, 2)', '(17, 12)', '(19, 12)', '(21, 14)', '(31, 20)', '(33, 20)', '(35, 30)', '(33, 26)', '(31, 28)', '(29, 28)', '(29, 20)', '(28, 17)', '(25, 20)', '(21, 20)', '(21, 18)', '(17, 20)', '(15, 18)', '(17, 26)', '(19, 26)', '(22, 35)', '(17, 34)', '(15, 32)', '(11, 34)', '(11, 26)', '(9, 26)', '(3, 28)']","['(35, 4)', '(33, 4)', '(31, 6)', '(27, 4)', '(27, 2)', '(25, 4)', '(23, 2)', '(17, 12)', '(19, 12)', '(21, 14)', '(31, 20)', '(33, 20)', '(35, 30)', '(33, 26)', '(31, 28)', '(29, 28)', '(29, 20)', '(28, 17)', '(25, 20)', '(21, 20)', '(21, 18)', '(17, 20)', '(15, 18)', '(17, 26)', '(19, 26)', '(22, 35)', '(17, 34)', '(15, 32)', '(11, 34)', '(11, 26)', '(9, 26)', '(3, 28)', '(5, 17)']",[291 states],185,0,185
292,"(5, 17)","(4, 17)",East,"[((5, 16), 'South'), ((6, 17), 'East')]","['(35, 4)', '(33, 4)', '(31, 6)', '(27, 4)', '(27, 2)', '(25, 4)', '(23, 2)', '(17, 12)', '(19, 12)', '(21, 14)', '(31, 20)', '(33, 20)', '(35, 30)', '(33, 26)', '(31, 28)', '(29, 28)', '(29, 20)', '(28, 17)', '(25, 20)', '(21, 20)', '(21, 18)', '(17, 20)', '(15, 18)', '(17, 26)', '(19, 26)', '(22, 35)', '(17, 34)', '(15, 32)', '(11, 34)', '(11, 26)', '(9, 26)', '(3, 28)']","['(35, 4)', '(33, 4)', '(31, 6)', '(27, 4)', '(27, 2)', '(25, 4)', '(23, 2)', '(17, 12)', '(19, 12)', '(21, 14)', '(31, 20)', '(33, 20)', '(35, 30)', '(33, 26)', '(31, 28)', '(29, 28)', '(29, 20)', '(28, 17)', '(25, 20)', '(21, 20)', '(21, 18)', '(17, 20)', '(15, 18)', '(17, 26)', '(19, 26)', '(22, 35)', '(17, 34)', '(15, 32)', '(11, 34)', '(11, 26)', '(9, 26)', '(3, 28)', '(5, 16)', '(6, 17)']",[292 states],186,0,186
293,"(6, 17)","(5, 17)",East,"[((7, 17), 'East')]","['(35, 4)', '(33, 4)', '(31, 6)', '(27, 4)', '(27, 2)', '(25, 4)', '(23, 2)', '(17, 12)', '(19, 12)', '(21, 14)', '(31, 20)', '(33, 20)', '(35, 30)', '(33, 26)', '(31, 28)', '(29, 28)', '(29, 20)', '(28, 17)', '(25, 20)', '(21, 20)', '(21, 18)', '(17, 20)', '(15, 18)', '(17, 26)', '(19, 26)', '(22, 35)', '(17, 34)', '(15, 32)', '(11, 34)', '(11, 26)', '(9, 26)', '(3, 28)', '(5, 16)']","['(35, 4)', '(33, 4)', '(31, 6)', '(27, 4)', '(27, 2)', '(25, 4)', '(23, 2)', '(17, 12)', '(19, 12)', '(21, 14)', '(31, 20)', '(33, 20)', '(35, 30)', '(33, 26)', '(31, 28)', '(29, 28)', '(29, 20)', '(28, 17)', '(25, 20)', '(21, 20)', '(21, 18)', '(17, 20)', '(15, 18)', '(17, 26)', '(19, 26)', '(22, 35)', '(17, 34)', '(15, 32)', '(11, 34)', '(11, 26)', '(9, 26)', '(3, 28)', '(5, 16)', '(7, 17)']",[293 states],187,0,187
294,"(7, 17)","(6, 17)",East,"[((7, 16), 'South')]","['(35, 4)', '(33, 4)', '(31, 6)', '(27, 4)', '(27, 2)', '(25, 4)', '(23, 2)', '(17, 12)', '(19, 12)', '(21, 14)', '(31, 20)', '(33, 20)', '(35, 30)', '(33, 26)', '(31, 28)', '(29, 28)', '(29, 20)', '(28, 17)', '(25, 20)', '(21, 20)', '(21, 18)', '(17, 20)', '(15, 18)', '(17, 26)', '(19, 26)', '(22, 35)', '(17, 34)', '(15, 32)', '(11, 34)', '(11, 26)', '(9, 26)', '(3, 28)', '(5, 16)']","['(35, 4)', '(33, 4)', '(31, 6)', '(27, 4)', '(27, 2)', '(25, 4)', '(23, 2)', '(17, 12)', '(19, 12)', '(21, 14)', '(31, 20)', '(33, 20)', '(35, 30)', '(33, 26)', '(31, 28)', '(29, 28)', '(29, 20)', '(28, 17)', '(25, 20)', '(21, 20)', '(21, 18)', '(17, 20)', '(15, 18)', '(17, 26)', '(19, 26)', '(22, 35)', '(17, 34)', '(15, 32)', '(11, 34)', '(11, 26)', '(9, 26)', '(3, 28)', '(5, 16)', '(7, 16)']",[294 states],188,0,188
295,"(7, 16)","(7, 17)",South,"[((7, 15), 'South')]","['(35, 4)', '(33, 4)', '(31, 6)', '(27, 4)', '(27, 2)', '(25, 4)', '(23, 2)', '(17, 12)', '(19, 12)', '(21, 14)', '(31, 20)', '(33, 20)', '(35, 30)', '(33, 26)', '(31, 28)', '(29, 28)', '(29, 20)', '(28, 17)', '(25, 20)', '(21, 20)', '(21, 18)', '(17, 20)', '(15, 18)', '(17, 26)', '(19, 26)', '(22, 35)', '(17, 34)', '(15, 32)', '(11, 34)', '(11, 26)', '(9, 26)', '(3, 28)', '(5, 16)']","['(35, 4)', '(33, 4)', '(31, 6)', '(27, 4)', '(27, 2)', '(25, 4)', '(23, 2)', '(17, 12)', '(19, 12)', '(21, 14)', '(31, 20)', '(33, 20)', '(35, 30)', '(33, 26)', '(31, 28)', '(29, 28)', '(29, 20)', '(28, 17)', '(25, 20)', '(21, 20)', '(21, 18)', '(17, 20)', '(15, 18)', '(17, 26)', '(19, 26)', '(22, 35)', '(17, 34)', '(15, 32)', '(11, 34)', '(11, 26)', '(9, 26)', '(3, 28)', '(5, 16)', '(7, 15)']",[295 states],189,0,189
296,"(7, 15)","(7, 16)",South,"[((8, 15), 'East')]","['(35, 4)', '(33, 4)', '(31, 6)', '(27, 4)', '(27, 2)', '(25, 4)', '(23, 2)', '(17, 12)', '(19, 12)', '(21, 14)', '(31, 20)', '(33, 20)', '(35, 30)', '(33, 26)', '(31, 28)', '(29, 28)', '(29, 20)', '(28, 17)', '(25, 20)', '(21, 20)', '(21, 18)', '(17, 20)', '(15, 18)', '(17, 26)', '(19, 26)', '(22, 35)', '(17, 34)', '(15, 32)', '(11, 34)', '(11, 26)', '(9, 26)', '(3, 28)', '(5, 16)']","['(35, 4)', '(33, 4)', '(31, 6)', '(27, 4)', '(27, 2)', '(25, 4)', '(23, 2)', '(17, 12)', '(19, 12)', '(21, 14)', '(31, 20)', '(33, 20)', '(35, 30)', '(33, 26)', '(31, 28)', '(29, 28)', '(29, 20)', '(28, 17)', '(25, 20)', '(21, 20)', '(21, 18)', '(17, 20)', '(15, 18)', '(17, 26)', '(19, 26)', '(22, 35)', '(17, 34)', '(15, 32)', '(11, 34)', '(11, 26)', '(9, 26)', '(3, 28)', '(5, 16)', '(8, 15)']",[296 states],190,0,190
297,"(8, 15)","(7, 15)",East,"[((9, 15), 'East')]","['(35, 4)', '(33, 4)', '(31, 6)', '(27, 4)', '(27, 2)', '(25, 4)', '(23, 2)', '(17, 12)', '(19, 12)', '(21, 14)', '(31, 20)', '(33, 20)', '(35, 30)', '(33, 26)', '(31, 28)', '(29, 28)', '(29, 20)', '(28, 17)', '(25, 20)', '(21, 20)', '(21, 18)', '(17, 20)', '(15, 18)', '(17, 26)', '(19, 26)', '(22, 35)', '(17, 34)', '(15, 32)', '(11, 34)', '(11, 26)', '(9, 26)', '(3, 28)', '(5, 16)']","['(35, 4)', '(33, 4)', '(31, 6)', '(27, 4)', '(27, 2)', '(25, 4)', '(23, 2)', '(17, 12)', '(19, 12)', '(21, 14)', '(31, 20)', '(33, 20)', '(35, 30)', '(33, 26)', '(31, 28)', '(29, 28)', '(29, 20)', '(28, 17)', '(25, 20)', '(21, 20)', '(21, 18)', '(17, 20)', '(15, 18)', '(17, 26)', '(19, 26)', '(22, 35)', '(17, 34)', '(15, 32)', '(11, 34)', '(11, 26)', '(9, 26)', '(3, 28)', '(5, 16)', '(9, 15)']",[297 states],191,0,191
298,"(9, 15)","(8, 15)",East,"[((9, 16), 'North'), ((10, 15), 'East')]","['(35, 4)', '(33, 4)', '(31, 6)', '(27, 4)', '(27, 2)', '(25, 4)', '(23, 2)', '(17, 12)', '(19, 12)', '(21, 14)', '(31, 20)', '(33, 20)', '(35, 30)', '(33, 26)', '(31, 28)', '(29, 28)', '(29, 20)', '(28, 17)', '(25, 20)', '(21, 20)', '(21, 18)', '(17, 20)', '(15, 18)', '(17, 26)', '(19, 26)', '(22, 35)', '(17, 34)', '(15, 32)', '(11, 34)', '(11, 26)', '(9, 26)', '(3, 28)', '(5, 16)']","['(35, 4)', '(33, 4)', '(31, 6)', '(27, 4)', '(27, 2)', '(25, 4)', '(23, 2)', '(17, 12)', '(19, 12)', '(21, 14)', '(31, 20)', '(33, 20)', '(35, 30)', '(33, 26)', '(31, 28)', '(29, 28)', '(29, 20)', '(28, 17)', '(25, 20)', '(21, 20)', '(21, 18)', '(17, 20)', '(15, 18)', '(17, 26)', '(19, 26)', '(22, 35)', '(17, 34)', '(15, 32)', '(11, 34)', '(11, 26)', '(9, 26)', '(3, 28)', '(5, 16)', '(9, 16)', '(10, 15)']",[298 states],192,0,192
299,"(10, 15)","(9, 15)",East,"[((11, 15), 'East')]","['(35, 4)', '(33, 4)', '(31, 6)', '(27, 4)', '(27, 2)', '(25, 4)', '(23, 2)', '(17, 12)', '(19, 12)', '(21, 14)', '(31, 20)', '(33, 20)', '(35, 30)', '(33, 26)', '(31, 28)', '(29, 28)', '(29, 20)', '(28, 17)', '(25, 20)', '(21, 20)', '(21, 18)', '(17, 20)', '(15, 18)', '(17, 26)', '(19, 26)', '(22, 35)', '(17, 34)', '(15, 32)', '(11, 34)', '(11, 26)', '(9, 26)', '(3, 28)', '(5, 16)', '(9, 16)']","['(35, 4)', '(33, 4)', '(31, 6)', '(27, 4)', '(27, 2)', '(25, 4)', '(23, 2)', '(17, 12)', '(19, 12)', '(21, 14)', '(31, 20)', '(33, 20)', '(35, 30)', '(33, 26)', '(31, 28)', '(29, 28)', '(29, 20)', '(28, 17)', '(25, 20)', '(21, 20)', '(21, 18)', '(17, 20)', '(15, 18)', '(17, 26)', '(19, 26)', '(22, 35)', '(17, 34)', '(15, 32)', '(11, 34)', '(11, 26)', '(9, 26)', '(3, 28)', '(5, 16)', '(9, 16)', '(11, 15)']",[299 states],193,0,193
300,"(11, 15)","(10, 15)",East,"[((11, 14), 'South'), ((12, 15), 'East')]","['(35, 4)', '(33, 4)', '(31, 6)', '(27, 4)', '(27, 2)', '(25, 4)', '(23, 2)', '(17, 12)', '(19, 12)', '(21, 14)', '(31, 20)', '(33, 20)', '(35, 30)', '(33, 26)', '(31, 28)', '(29, 28)', '(29, 20)', '(28, 17)', '(25, 20)', '(21, 20)', '(21, 18)', '(17, 20)', '(15, 18)', '(17, 26)', '(19, 26)', '(22, 35)', '(17, 34)', '(15, 32)', '(11, 34)', '(11, 26)', '(9, 26)', '(3, 28)', '(5, 16)', '(9, 16)']","['(35, 4)', '(33, 4)', '(31, 6)', '(27, 4)', '(27, 2)', '(25, 4)', '(23, 2)', '(17, 12)', '(19, 12)', '(21, 14)', '(31, 20)', '(33, 20)', '(35, 30)', '(33, 26)', '(31, 28)', '(29, 28)', '(29, 20)', '(28, 17)', '(25, 20)', '(21, 20)', '(21, 18)', '(17, 20)', '(15, 18)', '(17, 26)', '(19, 26)', '(22, 35)', '(17, 34)', '(15, 32)', '(11, 34)', '(11, 26)', '(9, 26)', '(3, 28)', '(5, 16)', '(9, 16)', '(11, 14)', '(12, 15)']",[300 states],194,0,194
301,"(12, 15)","(11, 15)",East,"[((13, 15), 'East')]","['(35, 4)', '(33, 4)', '(31, 6)', '(27, 4)', '(27, 2)', '(25, 4)', '(23, 2)', '(17, 12)', '(19, 12)', '(21, 14)', '(31, 20)', '(33, 20)', '(35, 30)', '(33, 26)', '(31, 28)', '(29, 28)', '(29, 20)', '(28, 17)', '(25, 20)', '(21, 20)', '(21, 18)', '(17, 20)', '(15, 18)', '(17, 26)', '(19, 26)', '(22, 35)', '(17, 34)', '(15, 32)', '(11, 34)', '(11, 26)', '(9, 26)', '(3, 28)', '(5, 16)', '(9, 16)', '(11, 14)']","['(35, 4)', '(33, 4)', '(31, 6)', '(27, 4)', '(27, 2)', '(25, 4)', '(23, 2)', '(17, 12)', '(19, 12)', '(21, 14)', '(31, 20)', '(33, 20)', '(35, 30)', '(33, 26)', '(31, 28)', '(29, 28)', '(29, 20)', '(28, 17)', '(25, 20)', '(21, 20)', '(21, 18)', '(17, 20)', '(15, 18)', '(17, 26)', '(19, 26)', '(22, 35)', '(17, 34)', '(15, 32)', '(11, 34)', '(11, 26)', '(9, 26)', '(3, 28)', '(5, 16)', '(9, 16)', '(11, 14)', '(13, 15)']",[301 states],195,0,195
302,"(13, 15)","(12, 15)",East,"[((14, 15), 'East')]","['(35, 4)', '(33, 4)', '(31, 6)', '(27, 4)', '(27, 2)', '(25, 4)', '(23, 2)', '(17, 12)', '(19, 12)', '(21, 14)', '(31, 20)', '(33, 20)', '(35, 30)', '(33, 26)', '(31, 28)', '(29, 28)', '(29, 20)', '(28, 17)', '(25, 20)', '(21, 20)', '(21, 18)', '(17, 20)', '(15, 18)', '(17, 26)', '(19, 26)', '(22, 35)', '(17, 34)', '(15, 32)', '(11, 34)', '(11, 26)', '(9, 26)', '(3, 28)', '(5, 16)', '(9, 16)', '(11, 14)']","['(35, 4)', '(33, 4)', '(31, 6)', '(27, 4)', '(27, 2)', '(25, 4)', '(23, 2)', '(17, 12)', '(19, 12)', '(21, 14)', '(31, 20)', '(33, 20)', '(35, 30)', '(33, 26)', '(31, 28)', '(29, 28)', '(29, 20)', '(28, 17)', '(25, 20)', '(21, 20)', '(21, 18)', '(17, 20)', '(15, 18)', '(17, 26)', '(19, 26)', '(22, 35)', '(17, 34)', '(15, 32)', '(11, 34)', '(11, 26)', '(9, 26)', '(3, 28)', '(5, 16)', '(9, 16)', '(11, 14)', '(14, 15)']",[302 states],196,0,196
303,"(14, 15)","(13, 15)",East,"[((15, 15), 'East')]","['(35, 4)', '(33, 4)', '(31, 6)', '(27, 4)', '(27, 2)', '(25, 4)', '(23, 2)', '(17, 12)', '(19, 12)', '(21, 14)', '(31, 20)', '(33, 20)', '(35, 30)', '(33, 26)', '(31, 28)', '(29, 28)', '(29, 20)', '(28, 17)', '(25, 20)', '(21, 20)', '(21, 18)', '(17, 20)', '(15, 18)', '(17, 26)', '(19, 26)', '(22, 35)', '(17, 34)', '(15, 32)', '(11, 34)', '(11, 26)', '(9, 26)', '(3, 28)', '(5, 16)', '(9, 16)', '(11, 14)']","['(35, 4)', '(33, 4)', '(31, 6)', '(27, 4)', '(27, 2)', '(25, 4)', '(23, 2)', '(17, 12)', '(19, 12)', '(21, 14)', '(31, 20)', '(33, 20)', '(35, 30)', '(33, 26)', '(31, 28)', '(29, 28)', '(29, 20)', '(28, 17)', '(25, 20)', '(21, 20)', '(21, 18)', '(17, 20)', '(15, 18)', '(17, 26)', '(19, 26)', '(22, 35)', '(17, 34)', '(15, 32)', '(11, 34)', '(11, 26)', '(9, 26)', '(3, 28)', '(5, 16)', '(9, 16)', '(11, 14)', '(15, 15)']",[303 states],197,0,197
304,"(15, 15)","(14, 15)",East,"[((16, 15), 'East')]","['(35, 4)', '(33, 4)', '(31, 6)', '(27, 4)', '(27, 2)', '(25, 4)', '(23, 2)', '(17, 12)', '(19, 12)', '(21, 14)', '(31, 20)', '(33, 20)', '(35, 30)', '(33, 26)', '(31, 28)', '(29, 28)', '(29, 20)', '(28, 17)', '(25, 20)', '(21, 20)', '(21, 18)', '(17, 20)', '(15, 18)', '(17, 26)', '(19, 26)', '(22, 35)', '(17, 34)', '(15, 32)', '(11, 34)', '(11, 26)', '(9, 26)', '(3, 28)', '(5, 16)', '(9, 16)', '(11, 14)']","['(35, 4)', '(33, 4)', '(31, 6)', '(27, 4)', '(27, 2)', '(25, 4)', '(23, 2)', '(17, 12)', '(19, 12)', '(21, 14)', '(31, 20)', '(33, 20)', '(35, 30)', '(33, 26)', '(31, 28)', '(29, 28)', '(29, 20)', '(28, 17)', '(25, 20)', '(21, 20)', '(21, 18)', '(17, 20)', '(15, 18)', '(17, 26)', '(19, 26)', '(22, 35)', '(17, 34)', '(15, 32)', '(11, 34)', '(11, 26)', '(9, 26)', '(3, 28)', '(5, 16)', '(9, 16)', '(11, 14)', '(16, 15)']",[304 states],198,0,198
305,"(16, 15)","(15, 15)",East,"[((17, 15), 'East')]","['(35, 4)', '(33, 4)', '(31, 6)', '(27, 4)', '(27, 2)', '(25, 4)', '(23, 2)', '(17, 12)', '(19, 12)', '(21, 14)', '(31, 20)', '(33, 20)', '(35, 30)', '(33, 26)', '(31, 28)', '(29, 28)', '(29, 20)', '(28, 17)', '(25, 20)', '(21, 20)', '(21, 18)', '(17, 20)', '(15, 18)', '(17, 26)', '(19, 26)', '(22, 35)', '(17, 34)', '(15, 32)', '(11, 34)', '(11, 26)', '(9, 26)', '(3, 28)', '(5, 16)', '(9, 16)', '(11, 14)']","['(35, 4)', '(33, 4)', '(31, 6)', '(27, 4)', '(27, 2)', '(25, 4)', '(23, 2)', '(17, 12)', '(19, 12)', '(21, 14)', '(31, 20)', '(33, 20)', '(35, 30)', '(33, 26)', '(31, 28)', '(29, 28)', '(29, 20)', '(28, 17)', '(25, 20)', '(21, 20)', '(21, 18)', '(17, 20)', '(15, 18)', '(17, 26)', '(19, 26)', '(22, 35)', '(17, 34)', '(15, 32)', '(11, 34)', '(11, 26)', '(9, 26)', '(3, 28)', '(5, 16)', '(9, 16)', '(11, 14)', '(17, 15)']",[305 states],199,0,199
306,"(17, 15)","(16, 15)",East,[],"['(35, 4)', '(33, 4)', '(31, 6)', '(27, 4)', '(27, 2)', '(25, 4)', '(23, 2)', '(17, 12)', '(19, 12)', '(21, 14)', '(31, 20)', '(33, 20)', '(35, 30)', '(33, 26)', '(31, 28)', '(29, 28)', '(29, 20)', '(28, 17)', '(25, 20)', '(21, 20)', '(21, 18)', '(17, 20)', '(15, 18)', '(17, 26)', '(19, 26)', '(22, 35)', '(17, 34)', '(15, 32)', '(11, 34)', '(11, 26)', '(9, 26)', '(3, 28)', '(5, 16)', '(9, 16)', '(11, 14)']","['(35, 4)', '(33, 4)', '(31, 6)', '(27, 4)', '(27, 2)', '(25, 4)', '(23, 2)', '(17, 12)', '(19, 12)', '(21, 14)', '(31, 20)', '(33, 20)', '(35, 30)', '(33, 26)', '(31, 28)', '(29, 28)', '(29, 20)', '(28, 17)', '(25, 20)', '(21, 20)', '(21, 18)', '(17, 20)', '(15, 18)', '(17, 26)', '(19, 26)', '(22, 35)', '(17, 34)', '(15, 32)', '(11, 34)', '(11, 26)', '(9, 26)', '(3, 28)', '(5, 16)', '(9, 16)', '(11, 14)']",[306 states],200,0,200
307,"(11, 14)","(11, 15)",South,"[((11, 13), 'South')]","['(35, 4)', '(33, 4)', '(31, 6)', '(27, 4)', '(27, 2)', '(25, 4)', '(23, 2)', '(17, 12)', '(19, 12)', '(21, 14)', '(31, 20)', '(33, 20)', '(35, 30)', '(33, 26)', '(31, 28)', '(29, 28)', '(29, 20)', '(28, 17)', '(25, 20)', '(21, 20)', '(21, 18)', '(17, 20)', '(15, 18)', '(17, 26)', '(19, 26)', '(22, 35)', '(17, 34)', '(15, 32)', '(11, 34)', '(11, 26)', '(9, 26)', '(3, 28)', '(5, 16)', '(9, 16)']","['(35, 4)', '(33, 4)', '(31, 6)', '(27, 4)', '(27, 2)', '(25, 4)', '(23, 2)', '(17, 12)', '(19, 12)', '(21, 14)', '(31, 20)', '(33, 20)', '(35, 30)', '(33, 26)', '(31, 28)', '(29, 28)', '(29, 20)', '(28, 17)', '(25, 20)', '(21, 20)', '(21, 18)', '(17, 20)', '(15, 18)', '(17, 26)', '(19, 26)', '(22, 35)', '(17, 34)', '(15, 32)', '(11, 34)', '(11, 26)', '(9, 26)', '(3, 28)', '(5, 16)', '(9, 16)', '(11, 13)']",[307 states],195,0,195
308,"(11, 13)","(11, 14)",South,"[((11, 12), 'South'), ((12, 13), 'East'), ((10, 13), 'West')]","['(35, 4)', '(33, 4)', '(31, 6)', '(27, 4)', '(27, 2)', '(25, 4)', '(23, 2)', '(17, 12)', '(19, 12)', '(21, 14)', '(31, 20)', '(33, 20)', '(35, 30)', '(33, 26)', '(31, 28)', '(29, 28)', '(29, 20)', '(28, 17)', '(25, 20)', '(21, 20)', '(21, 18)', '(17, 20)', '(15, 18)', '(17, 26)', '(19, 26)', '(22, 35)', '(17, 34)', '(15, 32)', '(11, 34)', '(11, 26)', '(9, 26)', '(3, 28)', '(5, 16)', '(9, 16)']","['(35, 4)', '(33, 4)', '(31, 6)', '(27, 4)', '(27, 2)', '(25, 4)', '(23, 2)', '(17, 12)', '(19, 12)', '(21, 14)', '(31, 20)', '(33, 20)', '(35, 30)', '(33, 26)', '(31, 28)', '(29, 28)', '(29, 20)', '(28, 17)', '(25, 20)', '(21, 20)', '(21, 18)', '(17, 20)', '(15, 18)', '(17, 26)', '(19, 26)', '(22, 35)', '(17, 34)', '(15, 32)', '(11, 34)', '(11, 26)', '(9, 26)', '(3, 28)', '(5, 16)', '(9, 16)', '(11, 12)', '(12, 13)', '(10, 13)']",[308 states],196,0,196
309,"(10, 13)","(11, 13)",West,"[((9, 13), 'West')]","['(35, 4)', '(33, 4)', '(31, 6)', '(27, 4)', '(27, 2)', '(25, 4)', '(23, 2)', '(17, 12)', '(19, 12)', '(21, 14)', '(31, 20)', '(33, 20)', '(35, 30)', '(33, 26)', '(31, 28)', '(29, 28)', '(29, 20)', '(28, 17)', '(25, 20)', '(21, 20)', '(21, 18)', '(17, 20)', '(15, 18)', '(17, 26)', '(19, 26)', '(22, 35)', '(17, 34)', '(15, 32)', '(11, 34)', '(11, 26)', '(9, 26)', '(3, 28)', '(5, 16)', '(9, 16)', '(11, 12)', '(12, 13)']","['(35, 4)', '(33, 4)', '(31, 6)', '(27, 4)', '(27, 2)', '(25, 4)', '(23, 2)', '(17, 12)', '(19, 12)', '(21, 14)', '(31, 20)', '(33, 20)', '(35, 30)', '(33, 26)', '(31, 28)', '(29, 28)', '(29, 20)', '(28, 17)', '(25, 20)', '(21, 20)', '(21, 18)', '(17, 20)', '(15, 18)', '(17, 26)', '(19, 26)', '(22, 35)', '(17, 34)', '(15, 32)', '(11, 34)', '(11, 26)', '(9, 26)', '(3, 28)', '(5, 16)', '(9, 16)', '(11, 12)', '(12, 13)', '(9, 13)']",[309 states],197,0,197
310,"(9, 13)","(10, 13)",West,"[((8, 13), 'West')]","['(35, 4)', '(33, 4)', '(31, 6)', '(27, 4)', '(27, 2)', '(25, 4)', '(23, 2)', '(17, 12)', '(19, 12)', '(21, 14)', '(31, 20)', '(33, 20)', '(35, 30)', '(33, 26)', '(31, 28)', '(29, 28)', '(29, 20)', '(28, 17)', '(25, 20)', '(21, 20)', '(21, 18)', '(17, 20)', '(15, 18)', '(17, 26)', '(19, 26)', '(22, 35)', '(17, 34)', '(15, 32)', '(11, 34)', '(11, 26)', '(9, 26)', '(3, 28)', '(5, 16)', '(9, 16)', '(11, 12)', '(12, 13)']","['(35, 4)', '(33, 4)', '(31, 6)', '(27, 4)', '(27, 2)', '(25, 4)', '(23, 2)', '(17, 12)', '(19, 12)', '(21, 14)', '(31, 20)', '(33, 20)', '(35, 30)', '(33, 26)', '(31, 28)', '(29, 28)', '(29, 20)', '(28, 17)', '(25, 20)', '(21, 20)', '(21, 18)', '(17, 20)', '(15, 18)', '(17, 26)', '(19, 26)', '(22, 35)', '(17, 34)', '(15, 32)', '(11, 34)', '(11, 26)', '(9, 26)', '(3, 28)', '(5, 16)', '(9, 16)', '(11, 12)', '(12, 13)', '(8, 13)']",[310 states],198,0,198
311,"(8, 13)","(9, 13)",West,"[((7, 13), 'West')]","['(35, 4)', '(33, 4)', '(31, 6)', '(27, 4)', '(27, 2)', '(25, 4)', '(23, 2)', '(17, 12)', '(19, 12)', '(21, 14)', '(31, 20)', '(33, 20)', '(35, 30)', '(33, 26)', '(31, 28)', '(29, 28)', '(29, 20)', '(28, 17)', '(25, 20)', '(21, 20)', '(21, 18)', '(17, 20)', '(15, 18)', '(17, 26)', '(19, 26)', '(22, 35)', '(17, 34)', '(15, 32)', '(11, 34)', '(11, 26)', '(9, 26)', '(3, 28)', '(5, 16)', '(9, 16)', '(11, 12)', '(12, 13)']","['(35, 4)', '(33, 4)', '(31, 6)', '(27, 4)', '(27, 2)', '(25, 4)', '(23, 2)', '(17, 12)', '(19, 12)', '(21, 14)', '(31, 20)', '(33, 20)', '(35, 30)', '(33, 26)', '(31, 28)', '(29, 28)', '(29, 20)', '(28, 17)', '(25, 20)', '(21, 20)', '(21, 18)', '(17, 20)', '(15, 18)', '(17, 26)', '(19, 26)', '(22, 35)', '(17, 34)', '(15, 32)', '(11, 34)', '(11, 26)', '(9, 26)', '(3, 28)', '(5, 16)', '(9, 16)', '(11, 12)', '(12, 13)', '(7, 13)']",[311 states],199,0,199
312,"(7, 13)","(8, 13)",West,[],"['(35, 4)', '(33, 4)', '(31, 6)', '(27, 4)', '(27, 2)', '(25, 4)', '(23, 2)', '(17, 12)', '(19, 12)', '(21, 14)', '(31, 20)', '(33, 20)', '(35, 30)', '(33, 26)', '(31, 28)', '(29, 28)', '(29, 20)', '(28, 17)', '(25, 20)', '(21, 20)', '(21, 18)', '(17, 20)', '(15, 18)', '(17, 26)', '(19, 26)', '(22, 35)', '(17, 34)', '(15, 32)', '(11, 34)', '(11, 26)', '(9, 26)', '(3, 28)', '(5, 16)', '(9, 16)', '(11, 12)', '(12, 13)']","['(35, 4)', '(33, 4)', '(31, 6)', '(27, 4)', '(27, 2)', '(25, 4)', '(23, 2)', '(17, 12)', '(19, 12)', '(21, 14)', '(31, 20)', '(33, 20)', '(35, 30)', '(33, 26)', '(31, 28)', '(29, 28)', '(29, 20)', '(28, 17)', '(25, 20)', '(21, 20)', '(21, 18)', '(17, 20)', '(15, 18)', '(17, 26)', '(19, 26)', '(22, 35)', '(17, 34)', '(15, 32)', '(11, 34)', '(11, 26)', '(9, 26)', '(3, 28)', '(5, 16)', '(9, 16)', '(11, 12)', '(12, 13)']",[312 states],200,0,200
313,"(12, 13)","(11, 13)",East,[],"['(35, 4)', '(33, 4)', '(31, 6)', '(27, 4)', '(27, 2)', '(25, 4)', '(23, 2)', '(17, 12)', '(19, 12)', '(21, 14)', '(31, 20)', '(33, 20)', '(35, 30)', '(33, 26)', '(31, 28)', '(29, 28)', '(29, 20)', '(28, 17)', '(25, 20)', '(21, 20)', '(21, 18)', '(17, 20)', '(15, 18)', '(17, 26)', '(19, 26)', '(22, 35)', '(17, 34)', '(15, 32)', '(11, 34)', '(11, 26)', '(9, 26)', '(3, 28)', '(5, 16)', '(9, 16)', '(11, 12)']","['(35, 4)', '(33, 4)', '(31, 6)', '(27, 4)', '(27, 2)', '(25, 4)', '(23, 2)', '(17, 12)', '(19, 12)', '(21, 14)', '(31, 20)', '(33, 20)', '(35, 30)', '(33, 26)', '(31, 28)', '(29, 28)', '(29, 20)', '(28, 17)', '(25, 20)', '(21, 20)', '(21, 18)', '(17, 20)', '(15, 18)', '(17, 26)', '(19, 26)', '(22, 35)', '(17, 34)', '(15, 32)', '(11, 34)', '(11, 26)', '(9, 26)', '(3, 28)', '(5, 16)', '(9, 16)', '(11, 12)']",[313 states],197,0,197
314,"(11, 12)","(11, 13)",South,"[((11, 11), 'South')]","['(35, 4)', '(33, 4)', '(31, 6)', '(27, 4)', '(27, 2)', '(25, 4)', '(23, 2)', '(17, 12)', '(19, 12)', '(21, 14)', '(31, 20)', '(33, 20)', '(35, 30)', '(33, 26)', '(31, 28)', '(29, 28)', '(29, 20)', '(28, 17)', '(25, 20)', '(21, 20)', '(21, 18)', '(17, 20)', '(15, 18)', '(17, 26)', '(19, 26)', '(22, 35)', '(17, 34)', '(15, 32)', '(11, 34)', '(11, 26)', '(9, 26)', '(3, 28)', '(5, 16)', '(9, 16)']","['(35, 4)', '(33, 4)', '(31, 6)', '(27, 4)', '(27, 2)', '(25, 4)', '(23, 2)', '(17, 12)', '(19, 12)', '(21, 14)', '(31, 20)', '(33, 20)', '(35, 30)', '(33, 26)', '(31, 28)', '(29, 28)', '(29, 20)', '(28, 17)', '(25, 20)', '(21, 20)', '(21, 18)', '(17, 20)', '(15, 18)', '(17, 26)', '(19, 26)', '(22, 35)', '(17, 34)', '(15, 32)', '(11, 34)', '(11, 26)', '(9, 26)', '(3, 28)', '(5, 16)', '(9, 16)', '(11, 11)']",[314 states],197,0,197
315,"(11, 11)","(11, 12)",South,"[((11, 10), 'South'), ((12, 11), 'East'), ((10, 11), 'West')]","['(35, 4)', '(33, 4)', '(31, 6)', '(27, 4)', '(27, 2)', '(25, 4)', '(23, 2)', '(17, 12)', '(19, 12)', '(21, 14)', '(31, 20)', '(33, 20)', '(35, 30)', '(33, 26)', '(31, 28)', '(29, 28)', '(29, 20)', '(28, 17)', '(25, 20)', '(21, 20)', '(21, 18)', '(17, 20)', '(15, 18)', '(17, 26)', '(19, 26)', '(22, 35)', '(17, 34)', '(15, 32)', '(11, 34)', '(11, 26)', '(9, 26)', '(3, 28)', '(5, 16)', '(9, 16)']","['(35, 4)', '(33, 4)', '(31, 6)', '(27, 4)', '(27, 2)', '(25, 4)', '(23, 2)', '(17, 12)', '(19, 12)', '(21, 14)', '(31, 20)', '(33, 20)', '(35, 30)', '(33, 26)', '(31, 28)', '(29, 28)', '(29, 20)', '(28, 17)', '(25, 20)', '(21, 20)', '(21, 18)', '(17, 20)', '(15, 18)', '(17, 26)', '(19, 26)', '(22, 35)', '(17, 34)', '(15, 32)', '(11, 34)', '(11, 26)', '(9, 26)', '(3, 28)', '(5, 16)', '(9, 16)', '(11, 10)', '(12, 11)', '(10, 11)']",[315 states],198,0,198
316,"(10, 11)","(11, 11)",West,"[((9, 11), 'West')]","['(35, 4)', '(33, 4)', '(31, 6)', '(27, 4)', '(27, 2)', '(25, 4)', '(23, 2)', '(17, 12)', '(19, 12)', '(21, 14)', '(31, 20)', '(33, 20)', '(35, 30)', '(33, 26)', '(31, 28)', '(29, 28)', '(29, 20)', '(28, 17)', '(25, 20)', '(21, 20)', '(21, 18)', '(17, 20)', '(15, 18)', '(17, 26)', '(19, 26)', '(22, 35)', '(17, 34)', '(15, 32)', '(11, 34)', '(11, 26)', '(9, 26)', '(3, 28)', '(5, 16)', '(9, 16)', '(11, 10)', '(12, 11)']","['(35, 4)', '(33, 4)', '(31, 6)', '(27, 4)', '(27, 2)', '(25, 4)', '(23, 2)', '(17, 12)', '(19, 12)', '(21, 14)', '(31, 20)', '(33, 20)', '(35, 30)', '(33, 26)', '(31, 28)', '(29, 28)', '(29, 20)', '(28, 17)', '(25, 20)', '(21, 20)', '(21, 18)', '(17, 20)', '(15, 18)', '(17, 26)', '(19, 26)', '(22, 35)', '(17, 34)', '(15, 32)', '(11, 34)', '(11, 26)', '(9, 26)', '(3, 28)', '(5, 16)', '(9, 16)', '(11, 10)', '(12, 11)', '(9, 11)']",[316 states],199,0,199
317,"(9, 11)","(10, 11)",West,[],"['(35, 4)', '(33, 4)', '(31, 6)', '(27, 4)', '(27, 2)', '(25, 4)', '(23, 2)', '(17, 12)', '(19, 12)', '(21, 14)', '(31, 20)', '(33, 20)', '(35, 30)', '(33, 26)', '(31, 28)', '(29, 28)', '(29, 20)', '(28, 17)', '(25, 20)', '(21, 20)', '(21, 18)', '(17, 20)', '(15, 18)', '(17, 26)', '(19, 26)', '(22, 35)', '(17, 34)', '(15, 32)', '(11, 34)', '(11, 26)', '(9, 26)', '(3, 28)', '(5, 16)', '(9, 16)', '(11, 10)', '(12, 11)']","['(35, 4)', '(33, 4)', '(31, 6)', '(27, 4)', '(27, 2)', '(25, 4)', '(23, 2)', '(17, 12)', '(19, 12)', '(21, 14)', '(31, 20)', '(33, 20)', '(35, 30)', '(33, 26)', '(31, 28)', '(29, 28)', '(29, 20)', '(28, 17)', '(25, 20)', '(21, 20)', '(21, 18)', '(17, 20)', '(15, 18)', '(17, 26)', '(19, 26)', '(22, 35)', '(17, 34)', '(15, 32)', '(11, 34)', '(11, 26)', '(9, 26)', '(3, 28)', '(5, 16)', '(9, 16)', '(11, 10)', '(12, 11)']",[317 states],200,0,200
318,"(12, 11)","(11, 11)",East,"[((13, 11), 'East')]","['(35, 4)', '(33, 4)', '(31, 6)', '(27, 4)', '(27, 2)', '(25, 4)', '(23, 2)', '(17, 12)', '(19, 12)', '(21, 14)', '(31, 20)', '(33, 20)', '(35, 30)', '(33, 26)', '(31, 28)', '(29, 28)', '(29, 20)', '(28, 17)', '(25, 20)', '(21, 20)', '(21, 18)', '(17, 20)', '(15, 18)', '(17, 26)', '(19, 26)', '(22, 35)', '(17, 34)', '(15, 32)', '(11, 34)', '(11, 26)', '(9, 26)', '(3, 28)', '(5, 16)', '(9, 16)', '(11, 10)']","['(35, 4)', '(33, 4)', '(31, 6)', '(27, 4)', '(27, 2)', '(25, 4)', '(23, 2)', '(17, 12)', '(19, 12)', '(21, 14)', '(31, 20)', '(33, 20)', '(35, 30)', '(33, 26)', '(31, 28)', '(29, 28)', '(29, 20)', '(28, 17)', '(25, 20)', '(21, 20)', '(21, 18)', '(17, 20)', '(15, 18)', '(17, 26)', '(19, 26)', '(22, 35)', '(17, 34)', '(15, 32)', '(11, 34)', '(11, 26)', '(9, 26)', '(3, 28)', '(5, 16)', '(9, 16)', '(11, 10)', '(13, 11)']",[318 states],199,0,199
319,"(13, 11)","(12, 11)",East,"[((13, 10), 'South')]","['(35, 4)', '(33, 4)', '(31, 6)', '(27, 4)', '(27, 2)', '(25, 4)', '(23, 2)', '(17, 12)', '(19, 12)', '(21, 14)', '(31, 20)', '(33, 20)', '(35, 30)', '(33, 26)', '(31, 28)', '(29, 28)', '(29, 20)', '(28, 17)', '(25, 20)', '(21, 20)', '(21, 18)', '(17, 20)', '(15, 18)', '(17, 26)', '(19, 26)', '(22, 35)', '(17, 34)', '(15, 32)', '(11, 34)', '(11, 26)', '(9, 26)', '(3, 28)', '(5, 16)', '(9, 16)', '(11, 10)']","['(35, 4)', '(33, 4)', '(31, 6)', '(27, 4)', '(27, 2)', '(25, 4)', '(23, 2)', '(17, 12)', '(19, 12)', '(21, 14)', '(31, 20)', '(33, 20)', '(35, 30)', '(33, 26)', '(31, 28)', '(29, 28)', '(29, 20)', '(28, 17)', '(25, 20)', '(21, 20)', '(21, 18)', '(17, 20)', '(15, 18)', '(17, 26)', '(19, 26)', '(22, 35)', '(17, 34)', '(15, 32)', '(11, 34)', '(11, 26)', '(9, 26)', '(3, 28)', '(5, 16)', '(9, 16)', '(11, 10)', '(13, 10)']",[319 states],200,0,200
320,"(13, 10)","(13, 11)",South,"[((13, 9), 'South')]","['(35, 4)', '(33, 4)', '(31, 6)', '(27, 4)', '(27, 2)', '(25, 4)', '(23, 2)', '(17, 12)', '(19, 12)', '(21, 14)', '(31, 20)', '(33, 20)', '(35, 30)', '(33, 26)', '(31, 28)', '(29, 28)', '(29, 20)', '(28, 17)', '(25, 20)', '(21, 20)', '(21, 18)', '(17, 20)', '(15, 18)', '(17, 26)', '(19, 26)', '(22, 35)', '(17, 34)', '(15, 32)', '(11, 34)', '(11, 26)', '(9, 26)', '(3, 28)', '(5, 16)', '(9, 16)', '(11, 10)']","['(35, 4)', '(33, 4)', '(31, 6)', '(27, 4)', '(27, 2)', '(25, 4)', '(23, 2)', '(17, 12)', '(19, 12)', '(21, 14)', '(31, 20)', '(33, 20)', '(35, 30)', '(33, 26)', '(31, 28)', '(29, 28)', '(29, 20)', '(28, 17)', '(25, 20)', '(21, 20)', '(21, 18)', '(17, 20)', '(15, 18)', '(17, 26)', '(19, 26)', '(22, 35)', '(17, 34)', '(15, 32)', '(11, 34)', '(11, 26)', '(9, 26)', '(3, 28)', '(5, 16)', '(9, 16)', '(11, 10)', '(13, 9)']",[320 states],201,0,201
321,"(13, 9)","(13, 10)",South,[],"['(35, 4)', '(33, 4)', '(31, 6)', '(27, 4)', '(27, 2)', '(25, 4)', '(23, 2)', '(17, 12)', '(19, 12)', '(21, 14)', '(31, 20)', '(33, 20)', '(35, 30)', '(33, 26)', '(31, 28)', '(29, 28)', '(29, 20)', '(28, 17)', '(25, 20)', '(21, 20)', '(21, 18)', '(17, 20)', '(15, 18)', '(17, 26)', '(19, 26)', '(22, 35)', '(17, 34)', '(15, 32)', '(11, 34)', '(11, 26)', '(9, 26)', '(3, 28)', '(5, 16)', '(9, 16)', '(11, 10)']","['(35, 4)', '(33, 4)', '(31, 6)', '(27, 4)', '(27, 2)', '(25, 4)', '(23, 2)', '(17, 12)', '(19, 12)', '(21, 14)', '(31, 20)', '(33, 20)', '(35, 30)', '(33, 26)', '(31, 28)', '(29, 28)', '(29, 20)', '(28, 17)', '(25, 20)', '(21, 20)', '(21, 18)', '(17, 20)', '(15, 18)', '(17, 26)', '(19, 26)', '(22, 35)', '(17, 34)', '(15, 32)', '(11, 34)', '(11, 26)', '(9, 26)', '(3, 28)', '(5, 16)', '(9, 16)', '(11, 10)']",[321 states],202,0,202
322,"(11, 10)","(11, 11)",South,"[((11, 9), 'South')]","['(35, 4)', '(33, 4)', '(31, 6)', '(27, 4)', '(27, 2)', '(25, 4)', '(23, 2)', '(17, 12)', '(19, 12)', '(21, 14)', '(31, 20)', '(33, 20)', '(35, 30)', '(33, 26)', '(31, 28)', '(29, 28)', '(29, 20)', '(28, 17)', '(25, 20)', '(21, 20)', '(21, 18)', '(17, 20)', '(15, 18)', '(17, 26)', '(19, 26)', '(22, 35)', '(17, 34)', '(15, 32)', '(11, 34)', '(11, 26)', '(9, 26)', '(3, 28)', '(5, 16)', '(9, 16)']","['(35, 4)', '(33, 4)', '(31, 6)', '(27, 4)', '(27, 2)', '(25, 4)', '(23, 2)', '(17, 12)', '(19, 12)', '(21, 14)', '(31, 20)', '(33, 20)', '(35, 30)', '(33, 26)', '(31, 28)', '(29, 28)', '(29, 20)', '(28, 17)', '(25, 20)', '(21, 20)', '(21, 18)', '(17, 20)', '(15, 18)', '(17, 26)', '(19, 26)', '(22, 35)', '(17, 34)', '(15, 32)', '(11, 34)', '(11, 26)', '(9, 26)', '(3, 28)', '(5, 16)', '(9, 16)', '(11, 9)']",[322 states],199,0,199
323,"(11, 9)","(11, 10)",South,"[((10, 9), 'West')]","['(35, 4)', '(33, 4)', '(31, 6)', '(27, 4)', '(27, 2)', '(25, 4)', '(23, 2)', '(17, 12)', '(19, 12)', '(21, 14)', '(31, 20)', '(33, 20)', '(35, 30)', '(33, 26)', '(31, 28)', '(29, 28)', '(29, 20)', '(28, 17)', '(25, 20)', '(21, 20)', '(21, 18)', '(17, 20)', '(15, 18)', '(17, 26)', '(19, 26)', '(22, 35)', '(17, 34)', '(15, 32)', '(11, 34)', '(11, 26)', '(9, 26)', '(3, 28)', '(5, 16)', '(9, 16)']","['(35, 4)', '(33, 4)', '(31, 6)', '(27, 4)', '(27, 2)', '(25, 4)', '(23, 2)', '(17, 12)', '(19, 12)', '(21, 14)', '(31, 20)', '(33, 20)', '(35, 30)', '(33, 26)', '(31, 28)', '(29, 28)', '(29, 20)', '(28, 17)', '(25, 20)', '(21, 20)', '(21, 18)', '(17, 20)', '(15, 18)', '(17, 26)', '(19, 26)', '(22, 35)', '(17, 34)', '(15, 32)', '(11, 34)', '(11, 26)', '(9, 26)', '(3, 28)', '(5, 16)', '(9, 16)', '(10, 9)']",[323 states],200,0,200
324,"(10, 9)","(11, 9)",West,"[((9, 9), 'West')]","['(35, 4)', '(33, 4)', '(31, 6)', '(27, 4)', '(27, 2)', '(25, 4)', '(23, 2)', '(17, 12)', '(19, 12)', '(21, 14)', '(31, 20)', '(33, 20)', '(35, 30)', '(33, 26)', '(31, 28)', '(29, 28)', '(29, 20)', '(28, 17)', '(25, 20)', '(21, 20)', '(21, 18)', '(17, 20)', '(15, 18)', '(17, 26)', '(19, 26)', '(22, 35)', '(17, 34)', '(15, 32)', '(11, 34)', '(11, 26)', '(9, 26)', '(3, 28)', '(5, 16)', '(9, 16)']","['(35, 4)', '(33, 4)', '(31, 6)', '(27, 4)', '(27, 2)', '(25, 4)', '(23, 2)', '(17, 12)', '(19, 12)', '(21, 14)', '(31, 20)', '(33, 20)', '(35, 30)', '(33, 26)', '(31, 28)', '(29, 28)', '(29, 20)', '(28, 17)', '(25, 20)', '(21, 20)', '(21, 18)', '(17, 20)', '(15, 18)', '(17, 26)', '(19, 26)', '(22, 35)', '(17, 34)', '(15, 32)', '(11, 34)', '(11, 26)', '(9, 26)', '(3, 28)', '(5, 16)', '(9, 16)', '(9, 9)']",[324 states],201,0,201
325,"(9, 9)","(10, 9)",West,"[((9, 8), 'South')]","['(35, 4)', '(33, 4)', '(31, 6)', '(27, 4)', '(27, 2)', '(25, 4)', '(23, 2)', '(17, 12)', '(19, 12)', '(21, 14)', '(31, 20)', '(33, 20)', '(35, 30)', '(33, 26)', '(31, 28)', '(29, 28)', '(29, 20)', '(28, 17)', '(25, 20)', '(21, 20)', '(21, 18)', '(17, 20)', '(15, 18)', '(17, 26)', '(19, 26)', '(22, 35)', '(17, 34)', '(15, 32)', '(11, 34)', '(11, 26)', '(9, 26)', '(3, 28)', '(5, 16)', '(9, 16)']","['(35, 4)', '(33, 4)', '(31, 6)', '(27, 4)', '(27, 2)', '(25, 4)', '(23, 2)', '(17, 12)', '(19, 12)', '(21, 14)', '(31, 20)', '(33, 20)', '(35, 30)', '(33, 26)', '(31, 28)', '(29, 28)', '(29, 20)', '(28, 17)', '(25, 20)', '(21, 20)', '(21, 18)', '(17, 20)', '(15, 18)', '(17, 26)', '(19, 26)', '(22, 35)', '(17, 34)', '(15, 32)', '(11, 34)', '(11, 26)', '(9, 26)', '(3, 28)', '(5, 16)', '(9, 16)', '(9, 8)']",[325 states],202,0,202
326,"(9, 8)","(9, 9)",South,"[((9, 7), 'South')]","['(35, 4)', '(33, 4)', '(31, 6)', '(27, 4)', '(27, 2)', '(25, 4)', '(23, 2)', '(17, 12)', '(19, 12)', '(21, 14)', '(31, 20)', '(33, 20)', '(35, 30)', '(33, 26)', '(31, 28)', '(29, 28)', '(29, 20)', '(28, 17)', '(25, 20)', '(21, 20)', '(21, 18)', '(17, 20)', '(15, 18)', '(17, 26)', '(19, 26)', '(22, 35)', '(17, 34)', '(15, 32)', '(11, 34)', '(11, 26)', '(9, 26)', '(3, 28)', '(5, 16)', '(9, 16)']","['(35, 4)', '(33, 4)', '(31, 6)', '(27, 4)', '(27, 2)', '(25, 4)', '(23, 2)', '(17, 12)', '(19, 12)', '(21, 14)', '(31, 20)', '(33, 20)', '(35, 30)', '(33, 26)', '(31, 28)', '(29, 28)', '(29, 20)', '(28, 17)', '(25, 20)', '(21, 20)', '(21, 18)', '(17, 20)', '(15, 18)', '(17, 26)', '(19, 26)', '(22, 35)', '(17, 34)', '(15, 32)', '(11, 34)', '(11, 26)', '(9, 26)', '(3, 28)', '(5, 16)', '(9, 16)', '(9, 7)']",[326 states],203,0,203
327,"(9, 7)","(9, 8)",South,"[((10, 7), 'East')]","['(35, 4)', '(33, 4)', '(31, 6)', '(27, 4)', '(27, 2)', '(25, 4)', '(23, 2)', '(17, 12)', '(19, 12)', '(21, 14)', '(31, 20)', '(33, 20)', '(35, 30)', '(33, 26)', '(31, 28)', '(29, 28)', '(29, 20)', '(28, 17)', '(25, 20)', '(21, 20)', '(21, 18)', '(17, 20)', '(15, 18)', '(17, 26)', '(19, 26)', '(22, 35)', '(17, 34)', '(15, 32)', '(11, 34)', '(11, 26)', '(9, 26)', '(3, 28)', '(5, 16)', '(9, 16)']","['(35, 4)', '(33, 4)', '(31, 6)', '(27, 4)', '(27, 2)', '(25, 4)', '(23, 2)', '(17, 12)', '(19, 12)', '(21, 14)', '(31, 20)', '(33, 20)', '(35, 30)', '(33, 26)', '(31, 28)', '(29, 28)', '(29, 20)', '(28, 17)', '(25, 20)', '(21, 20)', '(21, 18)', '(17, 20)', '(15, 18)', '(17, 26)', '(19, 26)', '(22, 35)', '(17, 34)', '(15, 32)', '(11, 34)', '(11, 26)', '(9, 26)', '(3, 28)', '(5, 16)', '(9, 16)', '(10, 7)']",[327 states],204,0,204
328,"(10, 7)","(9, 7)",East,"[((11, 7), 'East')]","['(35, 4)', '(33, 4)', '(31, 6)', '(27, 4)', '(27, 2)', '(25, 4)', '(23, 2)', '(17, 12)', '(19, 12)', '(21, 14)', '(31, 20)', '(33, 20)', '(35, 30)', '(33, 26)', '(31, 28)', '(29, 28)', '(29, 20)', '(28, 17)', '(25, 20)', '(21, 20)', '(21, 18)', '(17, 20)', '(15, 18)', '(17, 26)', '(19, 26)', '(22, 35)', '(17, 34)', '(15, 32)', '(11, 34)', '(11, 26)', '(9, 26)', '(3, 28)', '(5, 16)', '(9, 16)']","['(35, 4)', '(33, 4)', '(31, 6)', '(27, 4)', '(27, 2)', '(25, 4)', '(23, 2)', '(17, 12)', '(19, 12)', '(21, 14)', '(31, 20)', '(33, 20)', '(35, 30)', '(33, 26)', '(31, 28)', '(29, 28)', '(29, 20)', '(28, 17)', '(25, 20)', '(21, 20)', '(21, 18)', '(17, 20)', '(15, 18)', '(17, 26)', '(19, 26)', '(22, 35)', '(17, 34)', '(15, 32)', '(11, 34)', '(11, 26)', '(9, 26)', '(3, 28)', '(5, 16)', '(9, 16)', '(11, 7)']",[328 states],205,0,205
329,"(11, 7)","(10, 7)",East,"[((11, 6), 'South')]","['(35, 4)', '(33, 4)', '(31, 6)', '(27, 4)', '(27, 2)', '(25, 4)', '(23, 2)', '(17, 12)', '(19, 12)', '(21, 14)', '(31, 20)', '(33, 20)', '(35, 30)', '(33, 26)', '(31, 28)', '(29, 28)', '(29, 20)', '(28, 17)', '(25, 20)', '(21, 20)', '(21, 18)', '(17, 20)', '(15, 18)', '(17, 26)', '(19, 26)', '(22, 35)', '(17, 34)', '(15, 32)', '(11, 34)', '(11, 26)', '(9, 26)', '(3, 28)', '(5, 16)', '(9, 16)']","['(35, 4)', '(33, 4)', '(31, 6)', '(27, 4)', '(27, 2)', '(25, 4)', '(23, 2)', '(17, 12)', '(19, 12)', '(21, 14)', '(31, 20)', '(33, 20)', '(35, 30)', '(33, 26)', '(31, 28)', '(29, 28)', '(29, 20)', '(28, 17)', '(25, 20)', '(21, 20)', '(21, 18)', '(17, 20)', '(15, 18)', '(17, 26)', '(19, 26)', '(22, 35)', '(17, 34)', '(15, 32)', '(11, 34)', '(11, 26)', '(9, 26)', '(3, 28)', '(5, 16)', '(9, 16)', '(11, 6)']",[329 states],206,0,206
330,"(11, 6)","(11, 7)",South,"[((11, 5), 'South')]","['(35, 4)', '(33, 4)', '(31, 6)', '(27, 4)', '(27, 2)', '(25, 4)', '(23, 2)', '(17, 12)', '(19, 12)', '(21, 14)', '(31, 20)', '(33, 20)', '(35, 30)', '(33, 26)', '(31, 28)', '(29, 28)', '(29, 20)', '(28, 17)', '(25, 20)', '(21, 20)', '(21, 18)', '(17, 20)', '(15, 18)', '(17, 26)', '(19, 26)', '(22, 35)', '(17, 34)', '(15, 32)', '(11, 34)', '(11, 26)', '(9, 26)', '(3, 28)', '(5, 16)', '(9, 16)']","['(35, 4)', '(33, 4)', '(31, 6)', '(27, 4)', '(27, 2)', '(25, 4)', '(23, 2)', '(17, 12)', '(19, 12)', '(21, 14)', '(31, 20)', '(33, 20)', '(35, 30)', '(33, 26)', '(31, 28)', '(29, 28)', '(29, 20)', '(28, 17)', '(25, 20)', '(21, 20)', '(21, 18)', '(17, 20)', '(15, 18)', '(17, 26)', '(19, 26)', '(22, 35)', '(17, 34)', '(15, 32)', '(11, 34)', '(11, 26)', '(9, 26)', '(3, 28)', '(5, 16)', '(9, 16)', '(11, 5)']",[330 states],207,0,207
331,"(11, 5)","(11, 6)",South,"[((11, 4), 'South')]","['(35, 4)', '(33, 4)', '(31, 6)', '(27, 4)', '(27, 2)', '(25, 4)', '(23, 2)', '(17, 12)', '(19, 12)', '(21, 14)', '(31, 20)', '(33, 20)', '(35, 30)', '(33, 26)', '(31, 28)', '(29, 28)', '(29, 20)', '(28, 17)', '(25, 20)', '(21, 20)', '(21, 18)', '(17, 20)', '(15, 18)', '(17, 26)', '(19, 26)', '(22, 35)', '(17, 34)', '(15, 32)', '(11, 34)', '(11, 26)', '(9, 26)', '(3, 28)', '(5, 16)', '(9, 16)']","['(35, 4)', '(33, 4)', '(31, 6)', '(27, 4)', '(27, 2)', '(25, 4)', '(23, 2)', '(17, 12)', '(19, 12)', '(21, 14)', '(31, 20)', '(33, 20)', '(35, 30)', '(33, 26)', '(31, 28)', '(29, 28)', '(29, 20)', '(28, 17)', '(25, 20)', '(21, 20)', '(21, 18)', '(17, 20)', '(15, 18)', '(17, 26)', '(19, 26)', '(22, 35)', '(17, 34)', '(15, 32)', '(11, 34)', '(11, 26)', '(9, 26)', '(3, 28)', '(5, 16)', '(9, 16)', '(11, 4)']",[331 states],208,0,208
332,"(11, 4)","(11, 5)",South,"[((11, 3), 'South')]","['(35, 4)', '(33, 4)', '(31, 6)', '(27, 4)', '(27, 2)', '(25, 4)', '(23, 2)', '(17, 12)', '(19, 12)', '(21, 14)', '(31, 20)', '(33, 20)', '(35, 30)', '(33, 26)', '(31, 28)', '(29, 28)', '(29, 20)', '(28, 17)', '(25, 20)', '(21, 20)', '(21, 18)', '(17, 20)', '(15, 18)', '(17, 26)', '(19, 26)', '(22, 35)', '(17, 34)', '(15, 32)', '(11, 34)', '(11, 26)', '(9, 26)', '(3, 28)', '(5, 16)', '(9, 16)']","['(35, 4)', '(33, 4)', '(31, 6)', '(27, 4)', '(27, 2)', '(25, 4)', '(23, 2)', '(17, 12)', '(19, 12)', '(21, 14)', '(31, 20)', '(33, 20)', '(35, 30)', '(33, 26)', '(31, 28)', '(29, 28)', '(29, 20)', '(28, 17)', '(25, 20)', '(21, 20)', '(21, 18)', '(17, 20)', '(15, 18)', '(17, 26)', '(19, 26)', '(22, 35)', '(17, 34)', '(15, 32)', '(11, 34)', '(11, 26)', '(9, 26)', '(3, 28)', '(5, 16)', '(9, 16)', '(11, 3)']",[332 states],209,0,209
333,"(11, 3)","(11, 4)",South,"[((11, 2), 'South'), ((10, 3), 'West')]","['(35, 4)', '(33, 4)', '(31, 6)', '(27, 4)', '(27, 2)', '(25, 4)', '(23, 2)', '(17, 12)', '(19, 12)', '(21, 14)', '(31, 20)', '(33, 20)', '(35, 30)', '(33, 26)', '(31, 28)', '(29, 28)', '(29, 20)', '(28, 17)', '(25, 20)', '(21, 20)', '(21, 18)', '(17, 20)', '(15, 18)', '(17, 26)', '(19, 26)', '(22, 35)', '(17, 34)', '(15, 32)', '(11, 34)', '(11, 26)', '(9, 26)', '(3, 28)', '(5, 16)', '(9, 16)']","['(35, 4)', '(33, 4)', '(31, 6)', '(27, 4)', '(27, 2)', '(25, 4)', '(23, 2)', '(17, 12)', '(19, 12)', '(21, 14)', '(31, 20)', '(33, 20)', '(35, 30)', '(33, 26)', '(31, 28)', '(29, 28)', '(29, 20)', '(28, 17)', '(25, 20)', '(21, 20)', '(21, 18)', '(17, 20)', '(15, 18)', '(17, 26)', '(19, 26)', '(22, 35)', '(17, 34)', '(15, 32)', '(11, 34)', '(11, 26)', '(9, 26)', '(3, 28)', '(5, 16)', '(9, 16)', '(11, 2)', '(10, 3)']",[333 states],210,0,210
334,"(10, 3)","(11, 3)",West,"[((9, 3), 'West')]","['(35, 4)', '(33, 4)', '(31, 6)', '(27, 4)', '(27, 2)', '(25, 4)', '(23, 2)', '(17, 12)', '(19, 12)', '(21, 14)', '(31, 20)', '(33, 20)', '(35, 30)', '(33, 26)', '(31, 28)', '(29, 28)', '(29, 20)', '(28, 17)', '(25, 20)', '(21, 20)', '(21, 18)', '(17, 20)', '(15, 18)', '(17, 26)', '(19, 26)', '(22, 35)', '(17, 34)', '(15, 32)', '(11, 34)', '(11, 26)', '(9, 26)', '(3, 28)', '(5, 16)', '(9, 16)', '(11, 2)']","['(35, 4)', '(33, 4)', '(31, 6)', '(27, 4)', '(27, 2)', '(25, 4)', '(23, 2)', '(17, 12)', '(19, 12)', '(21, 14)', '(31, 20)', '(33, 20)', '(35, 30)', '(33, 26)', '(31, 28)', '(29, 28)', '(29, 20)', '(28, 17)', '(25, 20)', '(21, 20)', '(21, 18)', '(17, 20)', '(15, 18)', '(17, 26)', '(19, 26)', '(22, 35)', '(17, 34)', '(15, 32)', '(11, 34)', '(11, 26)', '(9, 26)', '(3, 28)', '(5, 16)', '(9, 16)', '(11, 2)', '(9, 3)']",[334 states],211,0,211
335,"(9, 3)","(10, 3)",West,"[((9, 4), 'North')]","['(35, 4)', '(33, 4)', '(31, 6)', '(27, 4)', '(27, 2)', '(25, 4)', '(23, 2)', '(17, 12)', '(19, 12)', '(21, 14)', '(31, 20)', '(33, 20)', '(35, 30)', '(33, 26)', '(31, 28)', '(29, 28)', '(29, 20)', '(28, 17)', '(25, 20)', '(21, 20)', '(21, 18)', '(17, 20)', '(15, 18)', '(17, 26)', '(19, 26)', '(22, 35)', '(17, 34)', '(15, 32)', '(11, 34)', '(11, 26)', '(9, 26)', '(3, 28)', '(5, 16)', '(9, 16)', '(11, 2)']","['(35, 4)', '(33, 4)', '(31, 6)', '(27, 4)', '(27, 2)', '(25, 4)', '(23, 2)', '(17, 12)', '(19, 12)', '(21, 14)', '(31, 20)', '(33, 20)', '(35, 30)', '(33, 26)', '(31, 28)', '(29, 28)', '(29, 20)', '(28, 17)', '(25, 20)', '(21, 20)', '(21, 18)', '(17, 20)', '(15, 18)', '(17, 26)', '(19, 26)', '(22, 35)', '(17, 34)', '(15, 32)', '(11, 34)', '(11, 26)', '(9, 26)', '(3, 28)', '(5, 16)', '(9, 16)', '(11, 2)', '(9, 4)']",[335 states],212,0,212
336,"(9, 4)","(9, 3)",North,"[((9, 5), 'North')]","['(35, 4)', '(33, 4)', '(31, 6)', '(27, 4)', '(27, 2)', '(25, 4)', '(23, 2)', '(17, 12)', '(19, 12)', '(21, 14)', '(31, 20)', '(33, 20)', '(35, 30)', '(33, 26)', '(31, 28)', '(29, 28)', '(29, 20)', '(28, 17)', '(25, 20)', '(21, 20)', '(21, 18)', '(17, 20)', '(15, 18)', '(17, 26)', '(19, 26)', '(22, 35)', '(17, 34)', '(15, 32)', '(11, 34)', '(11, 26)', '(9, 26)', '(3, 28)', '(5, 16)', '(9, 16)', '(11, 2)']","['(35, 4)', '(33, 4)', '(31, 6)', '(27, 4)', '(27, 2)', '(25, 4)', '(23, 2)', '(17, 12)', '(19, 12)', '(21, 14)', '(31, 20)', '(33, 20)', '(35, 30)', '(33, 26)', '(31, 28)', '(29, 28)', '(29, 20)', '(28, 17)', '(25, 20)', '(21, 20)', '(21, 18)', '(17, 20)', '(15, 18)', '(17, 26)', '(19, 26)', '(22, 35)', '(17, 34)', '(15, 32)', '(11, 34)', '(11, 26)', '(9, 26)', '(3, 28)', '(5, 16)', '(9, 16)', '(11, 2)', '(9, 5)']",[336 states],213,0,213
337,"(9, 5)","(9, 4)",North,[],"['(35, 4)', '(33, 4)', '(31, 6)', '(27, 4)', '(27, 2)', '(25, 4)', '(23, 2)', '(17, 12)', '(19, 12)', '(21, 14)', '(31, 20)', '(33, 20)', '(35, 30)', '(33, 26)', '(31, 28)', '(29, 28)', '(29, 20)', '(28, 17)', '(25, 20)', '(21, 20)', '(21, 18)', '(17, 20)', '(15, 18)', '(17, 26)', '(19, 26)', '(22, 35)', '(17, 34)', '(15, 32)', '(11, 34)', '(11, 26)', '(9, 26)', '(3, 28)', '(5, 16)', '(9, 16)', '(11, 2)']","['(35, 4)', '(33, 4)', '(31, 6)', '(27, 4)', '(27, 2)', '(25, 4)', '(23, 2)', '(17, 12)', '(19, 12)', '(21, 14)', '(31, 20)', '(33, 20)', '(35, 30)', '(33, 26)', '(31, 28)', '(29, 28)', '(29, 20)', '(28, 17)', '(25, 20)', '(21, 20)', '(21, 18)', '(17, 20)', '(15, 18)', '(17, 26)', '(19, 26)', '(22, 35)', '(17, 34)', '(15, 32)', '(11, 34)', '(11, 26)', '(9, 26)', '(3, 28)', '(5, 16)', '(9, 16)', '(11, 2)']",[337 states],214,0,214
338,"(11, 2)","(11, 3)",South,"[((11, 1), 'South')]","['(35, 4)', '(33, 4)', '(31, 6)', '(27, 4)', '(27, 2)', '(25, 4)', '(23, 2)', '(17, 12)', '(19, 12)', '(21, 14)', '(31, 20)', '(33, 20)', '(35, 30)', '(33, 26)', '(31, 28)', '(29, 28)', '(29, 20)', '(28, 17)', '(25, 20)', '(21, 20)', '(21, 18)', '(17, 20)', '(15, 18)', '(17, 26)', '(19, 26)', '(22, 35)', '(17, 34)', '(15, 32)', '(11, 34)', '(11, 26)', '(9, 26)', '(3, 28)', '(5, 16)', '(9, 16)']","['(35, 4)', '(33, 4)', '(31, 6)', '(27, 4)', '(27, 2)', '(25, 4)', '(23, 2)', '(17, 12)', '(19, 12)', '(21, 14)', '(31, 20)', '(33, 20)', '(35, 30)', '(33, 26)', '(31, 28)', '(29, 28)', '(29, 20)', '(28, 17)', '(25, 20)', '(21, 20)', '(21, 18)', '(17, 20)', '(15, 18)', '(17, 26)', '(19, 26)', '(22, 35)', '(17, 34)', '(15, 32)', '(11, 34)', '(11, 26)', '(9, 26)', '(3, 28)', '(5, 16)', '(9, 16)', '(11, 1)']",[338 states],211,0,211
339,"(11, 1)","(11, 2)",South,"[((12, 1), 'East'), ((10, 1), 'West')]","['(35, 4)', '(33, 4)', '(31, 6)', '(27, 4)', '(27, 2)', '(25, 4)', '(23, 2)', '(17, 12)', '(19, 12)', '(21, 14)', '(31, 20)', '(33, 20)', '(35, 30)', '(33, 26)', '(31, 28)', '(29, 28)', '(29, 20)', '(28, 17)', '(25, 20)', '(21, 20)', '(21, 18)', '(17, 20)', '(15, 18)', '(17, 26)', '(19, 26)', '(22, 35)', '(17, 34)', '(15, 32)', '(11, 34)', '(11, 26)', '(9, 26)', '(3, 28)', '(5, 16)', '(9, 16)']","['(35, 4)', '(33, 4)', '(31, 6)', '(27, 4)', '(27, 2)', '(25, 4)', '(23, 2)', '(17, 12)', '(19, 12)', '(21, 14)', '(31, 20)', '(33, 20)', '(35, 30)', '(33, 26)', '(31, 28)', '(29, 28)', '(29, 20)', '(28, 17)', '(25, 20)', '(21, 20)', '(21, 18)', '(17, 20)', '(15, 18)', '(17, 26)', '(19, 26)', '(22, 35)', '(17, 34)', '(15, 32)', '(11, 34)', '(11, 26)', '(9, 26)', '(3, 28)', '(5, 16)', '(9, 16)', '(12, 1)', '(10, 1)']",[339 states],212,0,212
340,"(10, 1)","(11, 1)",West,"[((9, 1), 'West')]","['(35, 4)', '(33, 4)', '(31, 6)', '(27, 4)', '(27, 2)', '(25, 4)', '(23, 2)', '(17, 12)', '(19, 12)', '(21, 14)', '(31, 20)', '(33, 20)', '(35, 30)', '(33, 26)', '(31, 28)', '(29, 28)', '(29, 20)', '(28, 17)', '(25, 20)', '(21, 20)', '(21, 18)', '(17, 20)', '(15, 18)', '(17, 26)', '(19, 26)', '(22, 35)', '(17, 34)', '(15, 32)', '(11, 34)', '(11, 26)', '(9, 26)', '(3, 28)', '(5, 16)', '(9, 16)', '(12, 1)']","['(35, 4)', '(33, 4)', '(31, 6)', '(27, 4)', '(27, 2)', '(25, 4)', '(23, 2)', '(17, 12)', '(19, 12)', '(21, 14)', '(31, 20)', '(33, 20)', '(35, 30)', '(33, 26)', '(31, 28)', '(29, 28)', '(29, 20)', '(28, 17)', '(25, 20)', '(21, 20)', '(21, 18)', '(17, 20)', '(15, 18)', '(17, 26)', '(19, 26)', '(22, 35)', '(17, 34)', '(15, 32)', '(11, 34)', '(11, 26)', '(9, 26)', '(3, 28)', '(5, 16)', '(9, 16)', '(12, 1)', '(9, 1)']",[340 states],213,0,213
341,"(9, 1)","(10, 1)",West,"[((8, 1), 'West')]","['(35, 4)', '(33, 4)', '(31, 6)', '(27, 4)', '(27, 2)', '(25, 4)', '(23, 2)', '(17, 12)', '(19, 12)', '(21, 14)', '(31, 20)', '(33, 20)', '(35, 30)', '(33, 26)', '(31, 28)', '(29, 28)', '(29, 20)', '(28, 17)', '(25, 20)', '(21, 20)', '(21, 18)', '(17, 20)', '(15, 18)', '(17, 26)', '(19, 26)', '(22, 35)', '(17, 34)', '(15, 32)', '(11, 34)', '(11, 26)', '(9, 26)', '(3, 28)', '(5, 16)', '(9, 16)', '(12, 1)']","['(35, 4)', '(33, 4)', '(31, 6)', '(27, 4)', '(27, 2)', '(25, 4)', '(23, 2)', '(17, 12)', '(19, 12)', '(21, 14)', '(31, 20)', '(33, 20)', '(35, 30)', '(33, 26)', '(31, 28)', '(29, 28)', '(29, 20)', '(28, 17)', '(25, 20)', '(21, 20)', '(21, 18)', '(17, 20)', '(15, 18)', '(17, 26)', '(19, 26)', '(22, 35)', '(17, 34)', '(15, 32)', '(11, 34)', '(11, 26)', '(9, 26)', '(3, 28)', '(5, 16)', '(9, 16)', '(12, 1)', '(8, 1)']",[341 states],214,0,214
342,"(8, 1)","(9, 1)",West,"[((7, 1), 'West')]","['(35, 4)', '(33, 4)', '(31, 6)', '(27, 4)', '(27, 2)', '(25, 4)', '(23, 2)', '(17, 12)', '(19, 12)', '(21, 14)', '(31, 20)', '(33, 20)', '(35, 30)', '(33, 26)', '(31, 28)', '(29, 28)', '(29, 20)', '(28, 17)', '(25, 20)', '(21, 20)', '(21, 18)', '(17, 20)', '(15, 18)', '(17, 26)', '(19, 26)', '(22, 35)', '(17, 34)', '(15, 32)', '(11, 34)', '(11, 26)', '(9, 26)', '(3, 28)', '(5, 16)', '(9, 16)', '(12, 1)']","['(35, 4)', '(33, 4)', '(31, 6)', '(27, 4)', '(27, 2)', '(25, 4)', '(23, 2)', '(17, 12)', '(19, 12)', '(21, 14)', '(31, 20)', '(33, 20)', '(35, 30)', '(33, 26)', '(31, 28)', '(29, 28)', '(29, 20)', '(28, 17)', '(25, 20)', '(21, 20)', '(21, 18)', '(17, 20)', '(15, 18)', '(17, 26)', '(19, 26)', '(22, 35)', '(17, 34)', '(15, 32)', '(11, 34)', '(11, 26)', '(9, 26)', '(3, 28)', '(5, 16)', '(9, 16)', '(12, 1)', '(7, 1)']",[342 states],215,0,215
343,"(7, 1)","(8, 1)",West,"[((7, 2), 'North')]","['(35, 4)', '(33, 4)', '(31, 6)', '(27, 4)', '(27, 2)', '(25, 4)', '(23, 2)', '(17, 12)', '(19, 12)', '(21, 14)', '(31, 20)', '(33, 20)', '(35, 30)', '(33, 26)', '(31, 28)', '(29, 28)', '(29, 20)', '(28, 17)', '(25, 20)', '(21, 20)', '(21, 18)', '(17, 20)', '(15, 18)', '(17, 26)', '(19, 26)', '(22, 35)', '(17, 34)', '(15, 32)', '(11, 34)', '(11, 26)', '(9, 26)', '(3, 28)', '(5, 16)', '(9, 16)', '(12, 1)']","['(35, 4)', '(33, 4)', '(31, 6)', '(27, 4)', '(27, 2)', '(25, 4)', '(23, 2)', '(17, 12)', '(19, 12)', '(21, 14)', '(31, 20)', '(33, 20)', '(35, 30)', '(33, 26)', '(31, 28)', '(29, 28)', '(29, 20)', '(28, 17)', '(25, 20)', '(21, 20)', '(21, 18)', '(17, 20)', '(15, 18)', '(17, 26)', '(19, 26)', '(22, 35)', '(17, 34)', '(15, 32)', '(11, 34)', '(11, 26)', '(9, 26)', '(3, 28)', '(5, 16)', '(9, 16)', '(12, 1)', '(7, 2)']",[343 states],216,0,216
344,"(7, 2)","(7, 1)",North,"[((7, 3), 'North')]","['(35, 4)', '(33, 4)', '(31, 6)', '(27, 4)', '(27, 2)', '(25, 4)', '(23, 2)', '(17, 12)', '(19, 12)', '(21, 14)', '(31, 20)', '(33, 20)', '(35, 30)', '(33, 26)', '(31, 28)', '(29, 28)', '(29, 20)', '(28, 17)', '(25, 20)', '(21, 20)', '(21, 18)', '(17, 20)', '(15, 18)', '(17, 26)', '(19, 26)', '(22, 35)', '(17, 34)', '(15, 32)', '(11, 34)', '(11, 26)', '(9, 26)', '(3, 28)', '(5, 16)', '(9, 16)', '(12, 1)']","['(35, 4)', '(33, 4)', '(31, 6)', '(27, 4)', '(27, 2)', '(25, 4)', '(23, 2)', '(17, 12)', '(19, 12)', '(21, 14)', '(31, 20)', '(33, 20)', '(35, 30)', '(33, 26)', '(31, 28)', '(29, 28)', '(29, 20)', '(28, 17)', '(25, 20)', '(21, 20)', '(21, 18)', '(17, 20)', '(15, 18)', '(17, 26)', '(19, 26)', '(22, 35)', '(17, 34)', '(15, 32)', '(11, 34)', '(11, 26)', '(9, 26)', '(3, 28)', '(5, 16)', '(9, 16)', '(12, 1)', '(7, 3)']",[344 states],217,0,217
345,"(7, 3)","(7, 2)",North,"[((7, 4), 'North'), ((6, 3), 'West')]","['(35, 4)', '(33, 4)', '(31, 6)', '(27, 4)', '(27, 2)', '(25, 4)', '(23, 2)', '(17, 12)', '(19, 12)', '(21, 14)', '(31, 20)', '(33, 20)', '(35, 30)', '(33, 26)', '(31, 28)', '(29, 28)', '(29, 20)', '(28, 17)', '(25, 20)', '(21, 20)', '(21, 18)', '(17, 20)', '(15, 18)', '(17, 26)', '(19, 26)', '(22, 35)', '(17, 34)', '(15, 32)', '(11, 34)', '(11, 26)', '(9, 26)', '(3, 28)', '(5, 16)', '(9, 16)', '(12, 1)']","['(35, 4)', '(33, 4)', '(31, 6)', '(27, 4)', '(27, 2)', '(25, 4)', '(23, 2)', '(17, 12)', '(19, 12)', '(21, 14)', '(31, 20)', '(33, 20)', '(35, 30)', '(33, 26)', '(31, 28)', '(29, 28)', '(29, 20)', '(28, 17)', '(25, 20)', '(21, 20)', '(21, 18)', '(17, 20)', '(15, 18)', '(17, 26)', '(19, 26)', '(22, 35)', '(17, 34)', '(15, 32)', '(11, 34)', '(11, 26)', '(9, 26)', '(3, 28)', '(5, 16)', '(9, 16)', '(12, 1)', '(7, 4)', '(6, 3)']",[345 states],218,0,218
346,"(6, 3)","(7, 3)",West,"[((5, 3), 'West')]","['(35, 4)', '(33, 4)', '(31, 6)', '(27, 4)', '(27, 2)', '(25, 4)', '(23, 2)', '(17, 12)', '(19, 12)', '(21, 14)', '(31, 20)', '(33, 20)', '(35, 30)', '(33, 26)', '(31, 28)', '(29, 28)', '(29, 20)', '(28, 17)', '(25, 20)', '(21, 20)', '(21, 18)', '(17, 20)', '(15, 18)', '(17, 26)', '(19, 26)', '(22, 35)', '(17, 34)', '(15, 32)', '(11, 34)', '(11, 26)', '(9, 26)', '(3, 28)', '(5, 16)', '(9, 16)', '(12, 1)', '(7, 4)']","['(35, 4)', '(33, 4)', '(31, 6)', '(27, 4)', '(27, 2)', '(25, 4)', '(23, 2)', '(17, 12)', '(19, 12)', '(21, 14)', '(31, 20)', '(33, 20)', '(35, 30)', '(33, 26)', '(31, 28)', '(29, 28)', '(29, 20)', '(28, 17)', '(25, 20)', '(21, 20)', '(21, 18)', '(17, 20)', '(15, 18)', '(17, 26)', '(19, 26)', '(22, 35)', '(17, 34)', '(15, 32)', '(11, 34)', '(11, 26)', '(9, 26)', '(3, 28)', '(5, 16)', '(9, 16)', '(12, 1)', '(7, 4)', '(5, 3)']",[346 states],219,0,219
347,"(5, 3)","(6, 3)",West,"[((5, 2), 'South')]","['(35, 4)', '(33, 4)', '(31, 6)', '(27, 4)', '(27, 2)', '(25, 4)', '(23, 2)', '(17, 12)', '(19, 12)', '(21, 14)', '(31, 20)', '(33, 20)', '(35, 30)', '(33, 26)', '(31, 28)', '(29, 28)', '(29, 20)', '(28, 17)', '(25, 20)', '(21, 20)', '(21, 18)', '(17, 20)', '(15, 18)', '(17, 26)', '(19, 26)', '(22, 35)', '(17, 34)', '(15, 32)', '(11, 34)', '(11, 26)', '(9, 26)', '(3, 28)', '(5, 16)', '(9, 16)', '(12, 1)', '(7, 4)']","['(35, 4)', '(33, 4)', '(31, 6)', '(27, 4)', '(27, 2)', '(25, 4)', '(23, 2)', '(17, 12)', '(19, 12)', '(21, 14)', '(31, 20)', '(33, 20)', '(35, 30)', '(33, 26)', '(31, 28)', '(29, 28)', '(29, 20)', '(28, 17)', '(25, 20)', '(21, 20)', '(21, 18)', '(17, 20)', '(15, 18)', '(17, 26)', '(19, 26)', '(22, 35)', '(17, 34)', '(15, 32)', '(11, 34)', '(11, 26)', '(9, 26)', '(3, 28)', '(5, 16)', '(9, 16)', '(12, 1)', '(7, 4)', '(5, 2)']",[347 states],220,0,220
348,"(5, 2)","(5, 3)",South,"[((5, 1), 'South')]","['(35, 4)', '(33, 4)', '(31, 6)', '(27, 4)', '(27, 2)', '(25, 4)', '(23, 2)', '(17, 12)', '(19, 12)', '(21, 14)', '(31, 20)', '(33, 20)', '(35, 30)', '(33, 26)', '(31, 28)', '(29, 28)', '(29, 20)', '(28, 17)', '(25, 20)', '(21, 20)', '(21, 18)', '(17, 20)', '(15, 18)', '(17, 26)', '(19, 26)', '(22, 35)', '(17, 34)', '(15, 32)', '(11, 34)', '(11, 26)', '(9, 26)', '(3, 28)', '(5, 16)', '(9, 16)', '(12, 1)', '(7, 4)']","['(35, 4)', '(33, 4)', '(31, 6)', '(27, 4)', '(27, 2)', '(25, 4)', '(23, 2)', '(17, 12)', '(19, 12)', '(21, 14)', '(31, 20)', '(33, 20)', '(35, 30)', '(33, 26)', '(31, 28)', '(29, 28)', '(29, 20)', '(28, 17)', '(25, 20)', '(21, 20)', '(21, 18)', '(17, 20)', '(15, 18)', '(17, 26)', '(19, 26)', '(22, 35)', '(17, 34)', '(15, 32)', '(11, 34)', '(11, 26)', '(9, 26)', '(3, 28)', '(5, 16)', '(9, 16)', '(12, 1)', '(7, 4)', '(5, 1)']",[348 states],221,0,221
349,"(5, 1)","(5, 2)",South,[],"['(35, 4)', '(33, 4)', '(31, 6)', '(27, 4)', '(27, 2)', '(25, 4)', '(23, 2)', '(17, 12)', '(19, 12)', '(21, 14)', '(31, 20)', '(33, 20)', '(35, 30)', '(33, 26)', '(31, 28)', '(29, 28)', '(29, 20)', '(28, 17)', '(25, 20)', '(21, 20)', '(21, 18)', '(17, 20)', '(15, 18)', '(17, 26)', '(19, 26)', '(22, 35)', '(17, 34)', '(15, 32)', '(11, 34)', '(11, 26)', '(9, 26)', '(3, 28)', '(5, 16)', '(9, 16)', '(12, 1)', '(7, 4)']","['(35, 4)', '(33, 4)', '(31, 6)', '(27, 4)', '(27, 2)', '(25, 4)', '(23, 2)', '(17, 12)', '(19, 12)', '(21, 14)', '(31, 20)', '(33, 20)', '(35, 30)', '(33, 26)', '(31, 28)', '(29, 28)', '(29, 20)', '(28, 17)', '(25, 20)', '(21, 20)', '(21, 18)', '(17, 20)', '(15, 18)', '(17, 26)', '(19, 26)', '(22, 35)', '(17, 34)', '(15, 32)', '(11, 34)', '(11, 26)', '(9, 26)', '(3, 28)', '(5, 16)', '(9, 16)', '(12, 1)', '(7, 4)']",[349 states],222,0,222
350,"(7, 4)","(7, 3)",North,"[((7, 5), 'North')]","['(35, 4)', '(33, 4)', '(31, 6)', '(27, 4)', '(27, 2)', '(25, 4)', '(23, 2)', '(17, 12)', '(19, 12)', '(21, 14)', '(31, 20)', '(33, 20)', '(35, 30)', '(33, 26)', '(31, 28)', '(29, 28)', '(29, 20)', '(28, 17)', '(25, 20)', '(21, 20)', '(21, 18)', '(17, 20)', '(15, 18)', '(17, 26)', '(19, 26)', '(22, 35)', '(17, 34)', '(15, 32)', '(11, 34)', '(11, 26)', '(9, 26)', '(3, 28)', '(5, 16)', '(9, 16)', '(12, 1)']","['(35, 4)', '(33, 4)', '(31, 6)', '(27, 4)', '(27, 2)', '(25, 4)', '(23, 2)', '(17, 12)', '(19, 12)', '(21, 14)', '(31, 20)', '(33, 20)', '(35, 30)', '(33, 26)', '(31, 28)', '(29, 28)', '(29, 20)', '(28, 17)', '(25, 20)', '(21, 20)', '(21, 18)', '(17, 20)', '(15, 18)', '(17, 26)', '(19, 26)', '(22, 35)', '(17, 34)', '(15, 32)', '(11, 34)', '(11, 26)', '(9, 26)', '(3, 28)', '(5, 16)', '(9, 16)', '(12, 1)', '(7, 5)']",[350 states],219,0,219
351,"(7, 5)","(7, 4)",North,[],"['(35, 4)', '(33, 4)', '(31, 6)', '(27, 4)', '(27, 2)', '(25, 4)', '(23, 2)', '(17, 12)', '(19, 12)', '(21, 14)', '(31, 20)', '(33, 20)', '(35, 30)', '(33, 26)', '(31, 28)', '(29, 28)', '(29, 20)', '(28, 17)', '(25, 20)', '(21, 20)', '(21, 18)', '(17, 20)', '(15, 18)', '(17, 26)', '(19, 26)', '(22, 35)', '(17, 34)', '(15, 32)', '(11, 34)', '(11, 26)', '(9, 26)', '(3, 28)', '(5, 16)', '(9, 16)', '(12, 1)']","['(35, 4)', '(33, 4)', '(31, 6)', '(27, 4)', '(27, 2)', '(25, 4)', '(23, 2)', '(17, 12)', '(19, 12)', '(21, 14)', '(31, 20)', '(33, 20)', '(35, 30)', '(33, 26)', '(31, 28)', '(29, 28)', '(29, 20)', '(28, 17)', '(25, 20)', '(21, 20)', '(21, 18)', '(17, 20)', '(15, 18)', '(17, 26)', '(19, 26)', '(22, 35)', '(17, 34)', '(15, 32)', '(11, 34)', '(11, 26)', '(9, 26)', '(3, 28)', '(5, 16)', '(9, 16)', '(12, 1)']",[351 states],220,0,220
352,"(12, 1)","(11, 1)",East,"[((13, 1), 'East')]","['(35, 4)', '(33, 4)', '(31, 6)', '(27, 4)', '(27, 2)', '(25, 4)', '(23, 2)', '(17, 12)', '(19, 12)', '(21, 14)', '(31, 20)', '(33, 20)', '(35, 30)', '(33, 26)', '(31, 28)', '(29, 28)', '(29, 20)', '(28, 17)', '(25, 20)', '(21, 20)', '(21, 18)', '(17, 20)', '(15, 18)', '(17, 26)', '(19, 26)', '(22, 35)', '(17, 34)', '(15, 32)', '(11, 34)', '(11, 26)', '(9, 26)', '(3, 28)', '(5, 16)', '(9, 16)']","['(35, 4)', '(33, 4)', '(31, 6)', '(27, 4)', '(27, 2)', '(25, 4)', '(23, 2)', '(17, 12)', '(19, 12)', '(21, 14)', '(31, 20)', '(33, 20)', '(35, 30)', '(33, 26)', '(31, 28)', '(29, 28)', '(29, 20)', '(28, 17)', '(25, 20)', '(21, 20)', '(21, 18)', '(17, 20)', '(15, 18)', '(17, 26)', '(19, 26)', '(22, 35)', '(17, 34)', '(15, 32)', '(11, 34)', '(11, 26)', '(9, 26)', '(3, 28)', '(5, 16)', '(9, 16)', '(13, 1)']",[352 states],213,0,213
353,"(13, 1)","(12, 1)",East,[],"['(35, 4)', '(33, 4)', '(31, 6)', '(27, 4)', '(27, 2)', '(25, 4)', '(23, 2)', '(17, 12)', '(19, 12)', '(21, 14)', '(31, 20)', '(33, 20)', '(35, 30)', '(33, 26)', '(31, 28)', '(29, 28)', '(29, 20)', '(28, 17)', '(25, 20)', '(21, 20)', '(21, 18)', '(17, 20)', '(15, 18)', '(17, 26)', '(19, 26)', '(22, 35)', '(17, 34)', '(15, 32)', '(11, 34)', '(11, 26)', '(9, 26)', '(3, 28)', '(5, 16)', '(9, 16)']","['(35, 4)', '(33, 4)', '(31, 6)', '(27, 4)', '(27, 2)', '(25, 4)', '(23, 2)', '(17, 12)', '(19, 12)', '(21, 14)', '(31, 20)', '(33, 20)', '(35, 30)', '(33, 26)', '(31, 28)', '(29, 28)', '(29, 20)', '(28, 17)', '(25, 20)', '(21, 20)', '(21, 18)', '(17, 20)', '(15, 18)', '(17, 26)', '(19, 26)', '(22, 35)', '(17, 34)', '(15, 32)', '(11, 34)', '(11, 26)', '(9, 26)', '(3, 28)', '(5, 16)', '(9, 16)']",[353 states],214,0,214
354,"(9, 16)","(9, 15)",North,"[((9, 17), 'North')]","['(35, 4)', '(33, 4)', '(31, 6)', '(27, 4)', '(27, 2)', '(25, 4)', '(23, 2)', '(17, 12)', '(19, 12)', '(21, 14)', '(31, 20)', '(33, 20)', '(35, 30)', '(33, 26)', '(31, 28)', '(29, 28)', '(29, 20)', '(28, 17)', '(25, 20)', '(21, 20)', '(21, 18)', '(17, 20)', '(15, 18)', '(17, 26)', '(19, 26)', '(22, 35)', '(17, 34)', '(15, 32)', '(11, 34)', '(11, 26)', '(9, 26)', '(3, 28)', '(5, 16)']","['(35, 4)', '(33, 4)', '(31, 6)', '(27, 4)', '(27, 2)', '(25, 4)', '(23, 2)', '(17, 12)', '(19, 12)', '(21, 14)', '(31, 20)', '(33, 20)', '(35, 30)', '(33, 26)', '(31, 28)', '(29, 28)', '(29, 20)', '(28, 17)', '(25, 20)', '(21, 20)', '(21, 18)', '(17, 20)', '(15, 18)', '(17, 26)', '(19, 26)', '(22, 35)', '(17, 34)', '(15, 32)', '(11, 34)', '(11, 26)', '(9, 26)', '(3, 28)', '(5, 16)', '(9, 17)']",[354 states],193,0,193
355,"(9, 17)","(9, 16)",North,[],"['(35, 4)', '(33, 4)', '(31, 6)', '(27, 4)', '(27, 2)', '(25, 4)', '(23, 2)', '(17, 12)', '(19, 12)', '(21, 14)', '(31, 20)', '(33, 20)', '(35, 30)', '(33, 26)', '(31, 28)', '(29, 28)', '(29, 20)', '(28, 17)', '(25, 20)', '(21, 20)', '(21, 18)', '(17, 20)', '(15, 18)', '(17, 26)', '(19, 26)', '(22, 35)', '(17, 34)', '(15, 32)', '(11, 34)', '(11, 26)', '(9, 26)', '(3, 28)', '(5, 16)']","['(35, 4)', '(33, 4)', '(31, 6)', '(27, 4)', '(27, 2)', '(25, 4)', '(23, 2)', '(17, 12)', '(19, 12)', '(21, 14)', '(31, 20)', '(33, 20)', '(35, 30)', '(33, 26)', '(31, 28)', '(29, 28)', '(29, 20)', '(28, 17)', '(25, 20)', '(21, 20)', '(21, 18)', '(17, 20)', '(15, 18)', '(17, 26)', '(19, 26)', '(22, 35)', '(17, 34)', '(15, 32)', '(11, 34)', '(11, 26)', '(9, 26)', '(3, 28)', '(5, 16)']",[355 states],194,0,194
356,"(5, 16)","(5, 17)",South,"[((5, 15), 'South')]","['(35, 4)', '(33, 4)', '(31, 6)', '(27, 4)', '(27, 2)', '(25, 4)', '(23, 2)', '(17, 12)', '(19, 12)', '(21, 14)', '(31, 20)', '(33, 20)', '(35, 30)', '(33, 26)', '(31, 28)', '(29, 28)', '(29, 20)', '(28, 17)', '(25, 20)', '(21, 20)', '(21, 18)', '(17, 20)', '(15, 18)', '(17, 26)', '(19, 26)', '(22, 35)', '(17, 34)', '(15, 32)', '(11, 34)', '(11, 26)', '(9, 26)', '(3, 28)']","['(35, 4)', '(33, 4)', '(31, 6)', '(27, 4)', '(27, 2)', '(25, 4)', '(23, 2)', '(17, 12)', '(19, 12)', '(21, 14)', '(31, 20)', '(33, 20)', '(35, 30)', '(33, 26)', '(31, 28)', '(29, 28)', '(29, 20)', '(28, 17)', '(25, 20)', '(21, 20)', '(21, 18)', '(17, 20)', '(15, 18)', '(17, 26)', '(19, 26)', '(22, 35)', '(17, 34)', '(15, 32)', '(11, 34)', '(11, 26)', '(9, 26)', '(3, 28)', '(5, 15)']",[356 states],187,0,187
357,"(5, 15)","(5, 16)",South,"[((5, 14), 'South')]","['(35, 4)', '(33, 4)', '(31, 6)', '(27, 4)', '(27, 2)', '(25, 4)', '(23, 2)', '(17, 12)', '(19, 12)', '(21, 14)', '(31, 20)', '(33, 20)', '(35, 30)', '(33, 26)', '(31, 28)', '(29, 28)', '(29, 20)', '(28, 17)', '(25, 20)', '(21, 20)', '(21, 18)', '(17, 20)', '(15, 18)', '(17, 26)', '(19, 26)', '(22, 35)', '(17, 34)', '(15, 32)', '(11, 34)', '(11, 26)', '(9, 26)', '(3, 28)']","['(35, 4)', '(33, 4)', '(31, 6)', '(27, 4)', '(27, 2)', '(25, 4)', '(23, 2)', '(17, 12)', '(19, 12)', '(21, 14)', '(31, 20)', '(33, 20)', '(35, 30)', '(33, 26)', '(31, 28)', '(29, 28)', '(29, 20)', '(28, 17)', '(25, 20)', '(21, 20)', '(21, 18)', '(17, 20)', '(15, 18)', '(17, 26)', '(19, 26)', '(22, 35)', '(17, 34)', '(15, 32)', '(11, 34)', '(11, 26)', '(9, 26)', '(3, 28)', '(5, 14)']",[357 states],188,0,188
358,"(5, 14)","(5, 15)",South,"[((5, 13), 'South')]","['(35, 4)', '(33, 4)', '(31, 6)', '(27, 4)', '(27, 2)', '(25, 4)', '(23, 2)', '(17, 12)', '(19, 12)', '(21, 14)', '(31, 20)', '(33, 20)', '(35, 30)', '(33, 26)', '(31, 28)', '(29, 28)', '(29, 20)', '(28, 17)', '(25, 20)', '(21, 20)', '(21, 18)', '(17, 20)', '(15, 18)', '(17, 26)', '(19, 26)', '(22, 35)', '(17, 34)', '(15, 32)', '(11, 34)', '(11, 26)', '(9, 26)', '(3, 28)']","['(35, 4)', '(33, 4)', '(31, 6)', '(27, 4)', '(27, 2)', '(25, 4)', '(23, 2)', '(17, 12)', '(19, 12)', '(21, 14)', '(31, 20)', '(33, 20)', '(35, 30)', '(33, 26)', '(31, 28)', '(29, 28)', '(29, 20)', '(28, 17)', '(25, 20)', '(21, 20)', '(21, 18)', '(17, 20)', '(15, 18)', '(17, 26)', '(19, 26)', '(22, 35)', '(17, 34)', '(15, 32)', '(11, 34)', '(11, 26)', '(9, 26)', '(3, 28)', '(5, 13)']",[358 states],189,0,189
359,"(5, 13)","(5, 14)",South,"[((5, 12), 'South'), ((4, 13), 'West')]","['(35, 4)', '(33, 4)', '(31, 6)', '(27, 4)', '(27, 2)', '(25, 4)', '(23, 2)', '(17, 12)', '(19, 12)', '(21, 14)', '(31, 20)', '(33, 20)', '(35, 30)', '(33, 26)', '(31, 28)', '(29, 28)', '(29, 20)', '(28, 17)', '(25, 20)', '(21, 20)', '(21, 18)', '(17, 20)', '(15, 18)', '(17, 26)', '(19, 26)', '(22, 35)', '(17, 34)', '(15, 32)', '(11, 34)', '(11, 26)', '(9, 26)', '(3, 28)']","['(35, 4)', '(33, 4)', '(31, 6)', '(27, 4)', '(27, 2)', '(25, 4)', '(23, 2)', '(17, 12)', '(19, 12)', '(21, 14)', '(31, 20)', '(33, 20)', '(35, 30)', '(33, 26)', '(31, 28)', '(29, 28)', '(29, 20)', '(28, 17)', '(25, 20)', '(21, 20)', '(21, 18)', '(17, 20)', '(15, 18)', '(17, 26)', '(19, 26)', '(22, 35)', '(17, 34)', '(15, 32)', '(11, 34)', '(11, 26)', '(9, 26)', '(3, 28)', '(5, 12)', '(4, 13)']",[359 states],190,0,190
360,"(4, 13)","(5, 13)",West,"[((3, 13), 'West')]","['(35, 4)', '(33, 4)', '(31, 6)', '(27, 4)', '(27, 2)', '(25, 4)', '(23, 2)', '(17, 12)', '(19, 12)', '(21, 14)', '(31, 20)', '(33, 20)', '(35, 30)', '(33, 26)', '(31, 28)', '(29, 28)', '(29, 20)', '(28, 17)', '(25, 20)', '(21, 20)', '(21, 18)', '(17, 20)', '(15, 18)', '(17, 26)', '(19, 26)', '(22, 35)', '(17, 34)', '(15, 32)', '(11, 34)', '(11, 26)', '(9, 26)', '(3, 28)', '(5, 12)']","['(35, 4)', '(33, 4)', '(31, 6)', '(27, 4)', '(27, 2)', '(25, 4)', '(23, 2)', '(17, 12)', '(19, 12)', '(21, 14)', '(31, 20)', '(33, 20)', '(35, 30)', '(33, 26)', '(31, 28)', '(29, 28)', '(29, 20)', '(28, 17)', '(25, 20)', '(21, 20)', '(21, 18)', '(17, 20)', '(15, 18)', '(17, 26)', '(19, 26)', '(22, 35)', '(17, 34)', '(15, 32)', '(11, 34)', '(11, 26)', '(9, 26)', '(3, 28)', '(5, 12)', '(3, 13)']",[360 states],191,0,191
361,"(3, 13)","(4, 13)",West,"[((3, 12), 'South')]","['(35, 4)', '(33, 4)', '(31, 6)', '(27, 4)', '(27, 2)', '(25, 4)', '(23, 2)', '(17, 12)', '(19, 12)', '(21, 14)', '(31, 20)', '(33, 20)', '(35, 30)', '(33, 26)', '(31, 28)', '(29, 28)', '(29, 20)', '(28, 17)', '(25, 20)', '(21, 20)', '(21, 18)', '(17, 20)', '(15, 18)', '(17, 26)', '(19, 26)', '(22, 35)', '(17, 34)', '(15, 32)', '(11, 34)', '(11, 26)', '(9, 26)', '(3, 28)', '(5, 12)']","['(35, 4)', '(33, 4)', '(31, 6)', '(27, 4)', '(27, 2)', '(25, 4)', '(23, 2)', '(17, 12)', '(19, 12)', '(21, 14)', '(31, 20)', '(33, 20)', '(35, 30)', '(33, 26)', '(31, 28)', '(29, 28)', '(29, 20)', '(28, 17)', '(25, 20)', '(21, 20)', '(21, 18)', '(17, 20)', '(15, 18)', '(17, 26)', '(19, 26)', '(22, 35)', '(17, 34)', '(15, 32)', '(11, 34)', '(11, 26)', '(9, 26)', '(3, 28)', '(5, 12)', '(3, 12)']",[361 states],192,0,192
362,"(3, 12)","(3, 13)",South,"[((3, 11), 'South')]","['(35, 4)', '(33, 4)', '(31, 6)', '(27, 4)', '(27, 2)', '(25, 4)', '(23, 2)', '(17, 12)', '(19, 12)', '(21, 14)', '(31, 20)', '(33, 20)', '(35, 30)', '(33, 26)', '(31, 28)', '(29, 28)', '(29, 20)', '(28, 17)', '(25, 20)', '(21, 20)', '(21, 18)', '(17, 20)', '(15, 18)', '(17, 26)', '(19, 26)', '(22, 35)', '(17, 34)', '(15, 32)', '(11, 34)', '(11, 26)', '(9, 26)', '(3, 28)', '(5, 12)']","['(35, 4)', '(33, 4)', '(31, 6)', '(27, 4)', '(27, 2)', '(25, 4)', '(23, 2)', '(17, 12)', '(19, 12)', '(21, 14)', '(31, 20)', '(33, 20)', '(35, 30)', '(33, 26)', '(31, 28)', '(29, 28)', '(29, 20)', '(28, 17)', '(25, 20)', '(21, 20)', '(21, 18)', '(17, 20)', '(15, 18)', '(17, 26)', '(19, 26)', '(22, 35)', '(17, 34)', '(15, 32)', '(11, 34)', '(11, 26)', '(9, 26)', '(3, 28)', '(5, 12)', '(3, 11)']",[362 states],193,0,193
363,"(3, 11)","(3, 12)",South,"[((3, 10), 'South')]","['(35, 4)', '(33, 4)', '(31, 6)', '(27, 4)', '(27, 2)', '(25, 4)', '(23, 2)', '(17, 12)', '(19, 12)', '(21, 14)', '(31, 20)', '(33, 20)', '(35, 30)', '(33, 26)', '(31, 28)', '(29, 28)', '(29, 20)', '(28, 17)', '(25, 20)', '(21, 20)', '(21, 18)', '(17, 20)', '(15, 18)', '(17, 26)', '(19, 26)', '(22, 35)', '(17, 34)', '(15, 32)', '(11, 34)', '(11, 26)', '(9, 26)', '(3, 28)', '(5, 12)']","['(35, 4)', '(33, 4)', '(31, 6)', '(27, 4)', '(27, 2)', '(25, 4)', '(23, 2)', '(17, 12)', '(19, 12)', '(21, 14)', '(31, 20)', '(33, 20)', '(35, 30)', '(33, 26)', '(31, 28)', '(29, 28)', '(29, 20)', '(28, 17)', '(25, 20)', '(21, 20)', '(21, 18)', '(17, 20)', '(15, 18)', '(17, 26)', '(19, 26)', '(22, 35)', '(17, 34)', '(15, 32)', '(11, 34)', '(11, 26)', '(9, 26)', '(3, 28)', '(5, 12)', '(3, 10)']",[363 states],194,0,194
364,"(3, 10)","(3, 11)",South,"[((3, 9), 'South')]","['(35, 4)', '(33, 4)', '(31, 6)', '(27, 4)', '(27, 2)', '(25, 4)', '(23, 2)', '(17, 12)', '(19, 12)', '(21, 14)', '(31, 20)', '(33, 20)', '(35, 30)', '(33, 26)', '(31, 28)', '(29, 28)', '(29, 20)', '(28, 17)', '(25, 20)', '(21, 20)', '(21, 18)', '(17, 20)', '(15, 18)', '(17, 26)', '(19, 26)', '(22, 35)', '(17, 34)', '(15, 32)', '(11, 34)', '(11, 26)', '(9, 26)', '(3, 28)', '(5, 12)']","['(35, 4)', '(33, 4)', '(31, 6)', '(27, 4)', '(27, 2)', '(25, 4)', '(23, 2)', '(17, 12)', '(19, 12)', '(21, 14)', '(31, 20)', '(33, 20)', '(35, 30)', '(33, 26)', '(31, 28)', '(29, 28)', '(29, 20)', '(28, 17)', '(25, 20)', '(21, 20)', '(21, 18)', '(17, 20)', '(15, 18)', '(17, 26)', '(19, 26)', '(22, 35)', '(17, 34)', '(15, 32)', '(11, 34)', '(11, 26)', '(9, 26)', '(3, 28)', '(5, 12)', '(3, 9)']",[364 states],195,0,195
365,"(3, 9)","(3, 10)",South,"[((4, 9), 'East')]","['(35, 4)', '(33, 4)', '(31, 6)', '(27, 4)', '(27, 2)', '(25, 4)', '(23, 2)', '(17, 12)', '(19, 12)', '(21, 14)', '(31, 20)', '(33, 20)', '(35, 30)', '(33, 26)', '(31, 28)', '(29, 28)', '(29, 20)', '(28, 17)', '(25, 20)', '(21, 20)', '(21, 18)', '(17, 20)', '(15, 18)', '(17, 26)', '(19, 26)', '(22, 35)', '(17, 34)', '(15, 32)', '(11, 34)', '(11, 26)', '(9, 26)', '(3, 28)', '(5, 12)']","['(35, 4)', '(33, 4)', '(31, 6)', '(27, 4)', '(27, 2)', '(25, 4)', '(23, 2)', '(17, 12)', '(19, 12)', '(21, 14)', '(31, 20)', '(33, 20)', '(35, 30)', '(33, 26)', '(31, 28)', '(29, 28)', '(29, 20)', '(28, 17)', '(25, 20)', '(21, 20)', '(21, 18)', '(17, 20)', '(15, 18)', '(17, 26)', '(19, 26)', '(22, 35)', '(17, 34)', '(15, 32)', '(11, 34)', '(11, 26)', '(9, 26)', '(3, 28)', '(5, 12)', '(4, 9)']",[365 states],196,0,196
366,"(4, 9)","(3, 9)",East,"[((5, 9), 'East')]","['(35, 4)', '(33, 4)', '(31, 6)', '(27, 4)', '(27, 2)', '(25, 4)', '(23, 2)', '(17, 12)', '(19, 12)', '(21, 14)', '(31, 20)', '(33, 20)', '(35, 30)', '(33, 26)', '(31, 28)', '(29, 28)', '(29, 20)', '(28, 17)', '(25, 20)', '(21, 20)', '(21, 18)', '(17, 20)', '(15, 18)', '(17, 26)', '(19, 26)', '(22, 35)', '(17, 34)', '(15, 32)', '(11, 34)', '(11, 26)', '(9, 26)', '(3, 28)', '(5, 12)']","['(35, 4)', '(33, 4)', '(31, 6)', '(27, 4)', '(27, 2)', '(25, 4)', '(23, 2)', '(17, 12)', '(19, 12)', '(21, 14)', '(31, 20)', '(33, 20)', '(35, 30)', '(33, 26)', '(31, 28)', '(29, 28)', '(29, 20)', '(28, 17)', '(25, 20)', '(21, 20)', '(21, 18)', '(17, 20)', '(15, 18)', '(17, 26)', '(19, 26)', '(22, 35)', '(17, 34)', '(15, 32)', '(11, 34)', '(11, 26)', '(9, 26)', '(3, 28)', '(5, 12)', '(5, 9)']",[366 states],197,0,197
367,"(5, 9)","(4, 9)",East,"[((5, 8), 'South')]","['(35, 4)', '(33, 4)', '(31, 6)', '(27, 4)', '(27, 2)', '(25, 4)', '(23, 2)', '(17, 12)', '(19, 12)', '(21, 14)', '(31, 20)', '(33, 20)', '(35, 30)', '(33, 26)', '(31, 28)', '(29, 28)', '(29, 20)', '(28, 17)', '(25, 20)', '(21, 20)', '(21, 18)', '(17, 20)', '(15, 18)', '(17, 26)', '(19, 26)', '(22, 35)', '(17, 34)', '(15, 32)', '(11, 34)', '(11, 26)', '(9, 26)', '(3, 28)', '(5, 12)']","['(35, 4)', '(33, 4)', '(31, 6)', '(27, 4)', '(27, 2)', '(25, 4)', '(23, 2)', '(17, 12)', '(19, 12)', '(21, 14)', '(31, 20)', '(33, 20)', '(35, 30)', '(33, 26)', '(31, 28)', '(29, 28)', '(29, 20)', '(28, 17)', '(25, 20)', '(21, 20)', '(21, 18)', '(17, 20)', '(15, 18)', '(17, 26)', '(19, 26)', '(22, 35)', '(17, 34)', '(15, 32)', '(11, 34)', '(11, 26)', '(9, 26)', '(3, 28)', '(5, 12)', '(5, 8)']",[367 states],198,0,198
368,"(5, 8)","(5, 9)",South,"[((5, 7), 'South')]","['(35, 4)', '(33, 4)', '(31, 6)', '(27, 4)', '(27, 2)', '(25, 4)', '(23, 2)', '(17, 12)', '(19, 12)', '(21, 14)', '(31, 20)', '(33, 20)', '(35, 30)', '(33, 26)', '(31, 28)', '(29, 28)', '(29, 20)', '(28, 17)', '(25, 20)', '(21, 20)', '(21, 18)', '(17, 20)', '(15, 18)', '(17, 26)', '(19, 26)', '(22, 35)', '(17, 34)', '(15, 32)', '(11, 34)', '(11, 26)', '(9, 26)', '(3, 28)', '(5, 12)']","['(35, 4)', '(33, 4)', '(31, 6)', '(27, 4)', '(27, 2)', '(25, 4)', '(23, 2)', '(17, 12)', '(19, 12)', '(21, 14)', '(31, 20)', '(33, 20)', '(35, 30)', '(33, 26)', '(31, 28)', '(29, 28)', '(29, 20)', '(28, 17)', '(25, 20)', '(21, 20)', '(21, 18)', '(17, 20)', '(15, 18)', '(17, 26)', '(19, 26)', '(22, 35)', '(17, 34)', '(15, 32)', '(11, 34)', '(11, 26)', '(9, 26)', '(3, 28)', '(5, 12)', '(5, 7)']",[368 states],199,0,199
369,"(5, 7)","(5, 8)",South,"[((5, 6), 'South'), ((6, 7), 'East'), ((4, 7), 'West')]","['(35, 4)', '(33, 4)', '(31, 6)', '(27, 4)', '(27, 2)', '(25, 4)', '(23, 2)', '(17, 12)', '(19, 12)', '(21, 14)', '(31, 20)', '(33, 20)', '(35, 30)', '(33, 26)', '(31, 28)', '(29, 28)', '(29, 20)', '(28, 17)', '(25, 20)', '(21, 20)', '(21, 18)', '(17, 20)', '(15, 18)', '(17, 26)', '(19, 26)', '(22, 35)', '(17, 34)', '(15, 32)', '(11, 34)', '(11, 26)', '(9, 26)', '(3, 28)', '(5, 12)']","['(35, 4)', '(33, 4)', '(31, 6)', '(27, 4)', '(27, 2)', '(25, 4)', '(23, 2)', '(17, 12)', '(19, 12)', '(21, 14)', '(31, 20)', '(33, 20)', '(35, 30)', '(33, 26)', '(31, 28)', '(29, 28)', '(29, 20)', '(28, 17)', '(25, 20)', '(21, 20)', '(21, 18)', '(17, 20)', '(15, 18)', '(17, 26)', '(19, 26)', '(22, 35)', '(17, 34)', '(15, 32)', '(11, 34)', '(11, 26)', '(9, 26)', '(3, 28)', '(5, 12)', '(5, 6)', '(6, 7)', '(4, 7)']",[369 states],200,0,200
370,"(4, 7)","(5, 7)",West,"[((3, 7), 'West')]","['(35, 4)', '(33, 4)', '(31, 6)', '(27, 4)', '(27, 2)', '(25, 4)', '(23, 2)', '(17, 12)', '(19, 12)', '(21, 14)', '(31, 20)', '(33, 20)', '(35, 30)', '(33, 26)', '(31, 28)', '(29, 28)', '(29, 20)', '(28, 17)', '(25, 20)', '(21, 20)', '(21, 18)', '(17, 20)', '(15, 18)', '(17, 26)', '(19, 26)', '(22, 35)', '(17, 34)', '(15, 32)', '(11, 34)', '(11, 26)', '(9, 26)', '(3, 28)', '(5, 12)', '(5, 6)', '(6, 7)']","['(35, 4)', '(33, 4)', '(31, 6)', '(27, 4)', '(27, 2)', '(25, 4)', '(23, 2)', '(17, 12)', '(19, 12)', '(21, 14)', '(31, 20)', '(33, 20)', '(35, 30)', '(33, 26)', '(31, 28)', '(29, 28)', '(29, 20)', '(28, 17)', '(25, 20)', '(21, 20)', '(21, 18)', '(17, 20)', '(15, 18)', '(17, 26)', '(19, 26)', '(22, 35)', '(17, 34)', '(15, 32)', '(11, 34)', '(11, 26)', '(9, 26)', '(3, 28)', '(5, 12)', '(5, 6)', '(6, 7)', '(3, 7)']",[370 states],201,0,201
371,"(3, 7)","(4, 7)",West,"[((3, 6), 'South'), ((2, 7), 'West')]","['(35, 4)', '(33, 4)', '(31, 6)', '(27, 4)', '(27, 2)', '(25, 4)', '(23, 2)', '(17, 12)', '(19, 12)', '(21, 14)', '(31, 20)', '(33, 20)', '(35, 30)', '(33, 26)', '(31, 28)', '(29, 28)', '(29, 20)', '(28, 17)', '(25, 20)', '(21, 20)', '(21, 18)', '(17, 20)', '(15, 18)', '(17, 26)', '(19, 26)', '(22, 35)', '(17, 34)', '(15, 32)', '(11, 34)', '(11, 26)', '(9, 26)', '(3, 28)', '(5, 12)', '(5, 6)', '(6, 7)']","['(35, 4)', '(33, 4)', '(31, 6)', '(27, 4)', '(27, 2)', '(25, 4)', '(23, 2)', '(17, 12)', '(19, 12)', '(21, 14)', '(31, 20)', '(33, 20)', '(35, 30)', '(33, 26)', '(31, 28)', '(29, 28)', '(29, 20)', '(28, 17)', '(25, 20)', '(21, 20)', '(21, 18)', '(17, 20)', '(15, 18)', '(17, 26)', '(19, 26)', '(22, 35)', '(17, 34)', '(15, 32)', '(11, 34)', '(11, 26)', '(9, 26)', '(3, 28)', '(5, 12)', '(5, 6)', '(6, 7)', '(3, 6)', '(2, 7)']",[371 states],202,0,202
372,"(2, 7)","(3, 7)",West,"[((1, 7), 'West')]","['(35, 4)', '(33, 4)', '(31, 6)', '(27, 4)', '(27, 2)', '(25, 4)', '(23, 2)', '(17, 12)', '(19, 12)', '(21, 14)', '(31, 20)', '(33, 20)', '(35, 30)', '(33, 26)', '(31, 28)', '(29, 28)', '(29, 20)', '(28, 17)', '(25, 20)', '(21, 20)', '(21, 18)', '(17, 20)', '(15, 18)', '(17, 26)', '(19, 26)', '(22, 35)', '(17, 34)', '(15, 32)', '(11, 34)', '(11, 26)', '(9, 26)', '(3, 28)', '(5, 12)', '(5, 6)', '(6, 7)', '(3, 6)']","['(35, 4)', '(33, 4)', '(31, 6)', '(27, 4)', '(27, 2)', '(25, 4)', '(23, 2)', '(17, 12)', '(19, 12)', '(21, 14)', '(31, 20)', '(33, 20)', '(35, 30)', '(33, 26)', '(31, 28)', '(29, 28)', '(29, 20)', '(28, 17)', '(25, 20)', '(21, 20)', '(21, 18)', '(17, 20)', '(15, 18)', '(17, 26)', '(19, 26)', '(22, 35)', '(17, 34)', '(15, 32)', '(11, 34)', '(11, 26)', '(9, 26)', '(3, 28)', '(5, 12)', '(5, 6)', '(6, 7)', '(3, 6)', '(1, 7)']",[372 states],203,0,203
373,"(1, 7)","(2, 7)",West,"[((1, 8), 'North')]","['(35, 4)', '(33, 4)', '(31, 6)', '(27, 4)', '(27, 2)', '(25, 4)', '(23, 2)', '(17, 12)', '(19, 12)', '(21, 14)', '(31, 20)', '(33, 20)', '(35, 30)', '(33, 26)', '(31, 28)', '(29, 28)', '(29, 20)', '(28, 17)', '(25, 20)', '(21, 20)', '(21, 18)', '(17, 20)', '(15, 18)', '(17, 26)', '(19, 26)', '(22, 35)', '(17, 34)', '(15, 32)', '(11, 34)', '(11, 26)', '(9, 26)', '(3, 28)', '(5, 12)', '(5, 6)', '(6, 7)', '(3, 6)']","['(35, 4)', '(33, 4)', '(31, 6)', '(27, 4)', '(27, 2)', '(25, 4)', '(23, 2)', '(17, 12)', '(19, 12)', '(21, 14)', '(31, 20)', '(33, 20)', '(35, 30)', '(33, 26)', '(31, 28)', '(29, 28)', '(29, 20)', '(28, 17)', '(25, 20)', '(21, 20)', '(21, 18)', '(17, 20)', '(15, 18)', '(17, 26)', '(19, 26)', '(22, 35)', '(17, 34)', '(15, 32)', '(11, 34)', '(11, 26)', '(9, 26)', '(3, 28)', '(5, 12)', '(5, 6)', '(6, 7)', '(3, 6)', '(1, 8)']",[373 states],204,0,204
374,"(1, 8)","(1, 7)",North,"[((1, 9), 'North')]","['(35, 4)', '(33, 4)', '(31, 6)', '(27, 4)', '(27, 2)', '(25, 4)', '(23, 2)', '(17, 12)', '(19, 12)', '(21, 14)', '(31, 20)', '(33, 20)', '(35, 30)', '(33, 26)', '(31, 28)', '(29, 28)', '(29, 20)', '(28, 17)', '(25, 20)', '(21, 20)', '(21, 18)', '(17, 20)', '(15, 18)', '(17, 26)', '(19, 26)', '(22, 35)', '(17, 34)', '(15, 32)', '(11, 34)', '(11, 26)', '(9, 26)', '(3, 28)', '(5, 12)', '(5, 6)', '(6, 7)', '(3, 6)']","['(35, 4)', '(33, 4)', '(31, 6)', '(27, 4)', '(27, 2)', '(25, 4)', '(23, 2)', '(17, 12)', '(19, 12)', '(21, 14)', '(31, 20)', '(33, 20)', '(35, 30)', '(33, 26)', '(31, 28)', '(29, 28)', '(29, 20)', '(28, 17)', '(25, 20)', '(21, 20)', '(21, 18)', '(17, 20)', '(15, 18)', '(17, 26)', '(19, 26)', '(22, 35)', '(17, 34)', '(15, 32)', '(11, 34)', '(11, 26)', '(9, 26)', '(3, 28)', '(5, 12)', '(5, 6)', '(6, 7)', '(3, 6)', '(1, 9)']",[374 states],205,0,205
375,"(1, 9)","(1, 8)",North,"[((1, 10), 'North')]","['(35, 4)', '(33, 4)', '(31, 6)', '(27, 4)', '(27, 2)', '(25, 4)', '(23, 2)', '(17, 12)', '(19, 12)', '(21, 14)', '(31, 20)', '(33, 20)', '(35, 30)', '(33, 26)', '(31, 28)', '(29, 28)', '(29, 20)', '(28, 17)', '(25, 20)', '(21, 20)', '(21, 18)', '(17, 20)', '(15, 18)', '(17, 26)', '(19, 26)', '(22, 35)', '(17, 34)', '(15, 32)', '(11, 34)', '(11, 26)', '(9, 26)', '(3, 28)', '(5, 12)', '(5, 6)', '(6, 7)', '(3, 6)']","['(35, 4)', '(33, 4)', '(31, 6)', '(27, 4)', '(27, 2)', '(25, 4)', '(23, 2)', '(17, 12)', '(19, 12)', '(21, 14)', '(31, 20)', '(33, 20)', '(35, 30)', '(33, 26)', '(31, 28)', '(29, 28)', '(29, 20)', '(28, 17)', '(25, 20)', '(21, 20)', '(21, 18)', '(17, 20)', '(15, 18)', '(17, 26)', '(19, 26)', '(22, 35)', '(17, 34)', '(15, 32)', '(11, 34)', '(11, 26)', '(9, 26)', '(3, 28)', '(5, 12)', '(5, 6)', '(6, 7)', '(3, 6)', '(1, 10)']",[375 states],206,0,206
376,"(1, 10)","(1, 9)",North,"[((1, 11), 'North')]","['(35, 4)', '(33, 4)', '(31, 6)', '(27, 4)', '(27, 2)', '(25, 4)', '(23, 2)', '(17, 12)', '(19, 12)', '(21, 14)', '(31, 20)', '(33, 20)', '(35, 30)', '(33, 26)', '(31, 28)', '(29, 28)', '(29, 20)', '(28, 17)', '(25, 20)', '(21, 20)', '(21, 18)', '(17, 20)', '(15, 18)', '(17, 26)', '(19, 26)', '(22, 35)', '(17, 34)', '(15, 32)', '(11, 34)', '(11, 26)', '(9, 26)', '(3, 28)', '(5, 12)', '(5, 6)', '(6, 7)', '(3, 6)']","['(35, 4)', '(33, 4)', '(31, 6)', '(27, 4)', '(27, 2)', '(25, 4)', '(23, 2)', '(17, 12)', '(19, 12)', '(21, 14)', '(31, 20)', '(33, 20)', '(35, 30)', '(33, 26)', '(31, 28)', '(29, 28)', '(29, 20)', '(28, 17)', '(25, 20)', '(21, 20)', '(21, 18)', '(17, 20)', '(15, 18)', '(17, 26)', '(19, 26)', '(22, 35)', '(17, 34)', '(15, 32)', '(11, 34)', '(11, 26)', '(9, 26)', '(3, 28)', '(5, 12)', '(5, 6)', '(6, 7)', '(3, 6)', '(1, 11)']",[376 states],207,0,207
377,"(1, 11)","(1, 10)",North,"[((1, 12), 'North')]","['(35, 4)', '(33, 4)', '(31, 6)', '(27, 4)', '(27, 2)', '(25, 4)', '(23, 2)', '(17, 12)', '(19, 12)', '(21, 14)', '(31, 20)', '(33, 20)', '(35, 30)', '(33, 26)', '(31, 28)', '(29, 28)', '(29, 20)', '(28, 17)', '(25, 20)', '(21, 20)', '(21, 18)', '(17, 20)', '(15, 18)', '(17, 26)', '(19, 26)', '(22, 35)', '(17, 34)', '(15, 32)', '(11, 34)', '(11, 26)', '(9, 26)', '(3, 28)', '(5, 12)', '(5, 6)', '(6, 7)', '(3, 6)']","['(35, 4)', '(33, 4)', '(31, 6)', '(27, 4)', '(27, 2)', '(25, 4)', '(23, 2)', '(17, 12)', '(19, 12)', '(21, 14)', '(31, 20)', '(33, 20)', '(35, 30)', '(33, 26)', '(31, 28)', '(29, 28)', '(29, 20)', '(28, 17)', '(25, 20)', '(21, 20)', '(21, 18)', '(17, 20)', '(15, 18)', '(17, 26)', '(19, 26)', '(22, 35)', '(17, 34)', '(15, 32)', '(11, 34)', '(11, 26)', '(9, 26)', '(3, 28)', '(5, 12)', '(5, 6)', '(6, 7)', '(3, 6)', '(1, 12)']",[377 states],208,0,208
378,"(1, 12)","(1, 11)",North,"[((1, 13), 'North')]","['(35, 4)', '(33, 4)', '(31, 6)', '(27, 4)', '(27, 2)', '(25, 4)', '(23, 2)', '(17, 12)', '(19, 12)', '(21, 14)', '(31, 20)', '(33, 20)', '(35, 30)', '(33, 26)', '(31, 28)', '(29, 28)', '(29, 20)', '(28, 17)', '(25, 20)', '(21, 20)', '(21, 18)', '(17, 20)', '(15, 18)', '(17, 26)', '(19, 26)', '(22, 35)', '(17, 34)', '(15, 32)', '(11, 34)', '(11, 26)', '(9, 26)', '(3, 28)', '(5, 12)', '(5, 6)', '(6, 7)', '(3, 6)']","['(35, 4)', '(33, 4)', '(31, 6)', '(27, 4)', '(27, 2)', '(25, 4)', '(23, 2)', '(17, 12)', '(19, 12)', '(21, 14)', '(31, 20)', '(33, 20)', '(35, 30)', '(33, 26)', '(31, 28)', '(29, 28)', '(29, 20)', '(28, 17)', '(25, 20)', '(21, 20)', '(21, 18)', '(17, 20)', '(15, 18)', '(17, 26)', '(19, 26)', '(22, 35)', '(17, 34)', '(15, 32)', '(11, 34)', '(11, 26)', '(9, 26)', '(3, 28)', '(5, 12)', '(5, 6)', '(6, 7)', '(3, 6)', '(1, 13)']",[378 states],209,0,209
379,"(1, 13)","(1, 12)",North,"[((1, 14), 'North')]","['(35, 4)', '(33, 4)', '(31, 6)', '(27, 4)', '(27, 2)', '(25, 4)', '(23, 2)', '(17, 12)', '(19, 12)', '(21, 14)', '(31, 20)', '(33, 20)', '(35, 30)', '(33, 26)', '(31, 28)', '(29, 28)', '(29, 20)', '(28, 17)', '(25, 20)', '(21, 20)', '(21, 18)', '(17, 20)', '(15, 18)', '(17, 26)', '(19, 26)', '(22, 35)', '(17, 34)', '(15, 32)', '(11, 34)', '(11, 26)', '(9, 26)', '(3, 28)', '(5, 12)', '(5, 6)', '(6, 7)', '(3, 6)']","['(35, 4)', '(33, 4)', '(31, 6)', '(27, 4)', '(27, 2)', '(25, 4)', '(23, 2)', '(17, 12)', '(19, 12)', '(21, 14)', '(31, 20)', '(33, 20)', '(35, 30)', '(33, 26)', '(31, 28)', '(29, 28)', '(29, 20)', '(28, 17)', '(25, 20)', '(21, 20)', '(21, 18)', '(17, 20)', '(15, 18)', '(17, 26)', '(19, 26)', '(22, 35)', '(17, 34)', '(15, 32)', '(11, 34)', '(11, 26)', '(9, 26)', '(3, 28)', '(5, 12)', '(5, 6)', '(6, 7)', '(3, 6)', '(1, 14)']",[379 states],210,0,210
380,"(1, 14)","(1, 13)",North,"[((1, 15), 'North')]","['(35, 4)', '(33, 4)', '(31, 6)', '(27, 4)', '(27, 2)', '(25, 4)', '(23, 2)', '(17, 12)', '(19, 12)', '(21, 14)', '(31, 20)', '(33, 20)', '(35, 30)', '(33, 26)', '(31, 28)', '(29, 28)', '(29, 20)', '(28, 17)', '(25, 20)', '(21, 20)', '(21, 18)', '(17, 20)', '(15, 18)', '(17, 26)', '(19, 26)', '(22, 35)', '(17, 34)', '(15, 32)', '(11, 34)', '(11, 26)', '(9, 26)', '(3, 28)', '(5, 12)', '(5, 6)', '(6, 7)', '(3, 6)']","['(35, 4)', '(33, 4)', '(31, 6)', '(27, 4)', '(27, 2)', '(25, 4)', '(23, 2)', '(17, 12)', '(19, 12)', '(21, 14)', '(31, 20)', '(33, 20)', '(35, 30)', '(33, 26)', '(31, 28)', '(29, 28)', '(29, 20)', '(28, 17)', '(25, 20)', '(21, 20)', '(21, 18)', '(17, 20)', '(15, 18)', '(17, 26)', '(19, 26)', '(22, 35)', '(17, 34)', '(15, 32)', '(11, 34)', '(11, 26)', '(9, 26)', '(3, 28)', '(5, 12)', '(5, 6)', '(6, 7)', '(3, 6)', '(1, 15)']",[380 states],211,0,211
381,"(1, 15)","(1, 14)",North,"[((2, 15), 'East')]","['(35, 4)', '(33, 4)', '(31, 6)', '(27, 4)', '(27, 2)', '(25, 4)', '(23, 2)', '(17, 12)', '(19, 12)', '(21, 14)', '(31, 20)', '(33, 20)', '(35, 30)', '(33, 26)', '(31, 28)', '(29, 28)', '(29, 20)', '(28, 17)', '(25, 20)', '(21, 20)', '(21, 18)', '(17, 20)', '(15, 18)', '(17, 26)', '(19, 26)', '(22, 35)', '(17, 34)', '(15, 32)', '(11, 34)', '(11, 26)', '(9, 26)', '(3, 28)', '(5, 12)', '(5, 6)', '(6, 7)', '(3, 6)']","['(35, 4)', '(33, 4)', '(31, 6)', '(27, 4)', '(27, 2)', '(25, 4)', '(23, 2)', '(17, 12)', '(19, 12)', '(21, 14)', '(31, 20)', '(33, 20)', '(35, 30)', '(33, 26)', '(31, 28)', '(29, 28)', '(29, 20)', '(28, 17)', '(25, 20)', '(21, 20)', '(21, 18)', '(17, 20)', '(15, 18)', '(17, 26)', '(19, 26)', '(22, 35)', '(17, 34)', '(15, 32)', '(11, 34)', '(11, 26)', '(9, 26)', '(3, 28)', '(5, 12)', '(5, 6)', '(6, 7)', '(3, 6)', '(2, 15)']",[381 states],212,0,212
382,"(2, 15)","(1, 15)",East,"[((3, 15), 'East')]","['(35, 4)', '(33, 4)', '(31, 6)', '(27, 4)', '(27, 2)', '(25, 4)', '(23, 2)', '(17, 12)', '(19, 12)', '(21, 14)', '(31, 20)', '(33, 20)', '(35, 30)', '(33, 26)', '(31, 28)', '(29, 28)', '(29, 20)', '(28, 17)', '(25, 20)', '(21, 20)', '(21, 18)', '(17, 20)', '(15, 18)', '(17, 26)', '(19, 26)', '(22, 35)', '(17, 34)', '(15, 32)', '(11, 34)', '(11, 26)', '(9, 26)', '(3, 28)', '(5, 12)', '(5, 6)', '(6, 7)', '(3, 6)']","['(35, 4)', '(33, 4)', '(31, 6)', '(27, 4)', '(27, 2)', '(25, 4)', '(23, 2)', '(17, 12)', '(19, 12)', '(21, 14)', '(31, 20)', '(33, 20)', '(35, 30)', '(33, 26)', '(31, 28)', '(29, 28)', '(29, 20)', '(28, 17)', '(25, 20)', '(21, 20)', '(21, 18)', '(17, 20)', '(15, 18)', '(17, 26)', '(19, 26)', '(22, 35)', '(17, 34)', '(15, 32)', '(11, 34)', '(11, 26)', '(9, 26)', '(3, 28)', '(5, 12)', '(5, 6)', '(6, 7)', '(3, 6)', '(3, 15)']",[382 states],213,0,213
383,"(3, 15)","(2, 15)",East,[],"['(35, 4)', '(33, 4)', '(31, 6)', '(27, 4)', '(27, 2)', '(25, 4)', '(23, 2)', '(17, 12)', '(19, 12)', '(21, 14)', '(31, 20)', '(33, 20)', '(35, 30)', '(33, 26)', '(31, 28)', '(29, 28)', '(29, 20)', '(28, 17)', '(25, 20)', '(21, 20)', '(21, 18)', '(17, 20)', '(15, 18)', '(17, 26)', '(19, 26)', '(22, 35)', '(17, 34)', '(15, 32)', '(11, 34)', '(11, 26)', '(9, 26)', '(3, 28)', '(5, 12)', '(5, 6)', '(6, 7)', '(3, 6)']","['(35, 4)', '(33, 4)', '(31, 6)', '(27, 4)', '(27, 2)', '(25, 4)', '(23, 2)', '(17, 12)', '(19, 12)', '(21, 14)', '(31, 20)', '(33, 20)', '(35, 30)', '(33, 26)', '(31, 28)', '(29, 28)', '(29, 20)', '(28, 17)', '(25, 20)', '(21, 20)', '(21, 18)', '(17, 20)', '(15, 18)', '(17, 26)', '(19, 26)', '(22, 35)', '(17, 34)', '(15, 32)', '(11, 34)', '(11, 26)', '(9, 26)', '(3, 28)', '(5, 12)', '(5, 6)', '(6, 7)', '(3, 6)']",[383 states],214,0,214
384,"(3, 6)","(3, 7)",South,"[((3, 5), 'South')]","['(35, 4)', '(33, 4)', '(31, 6)', '(27, 4)', '(27, 2)', '(25, 4)', '(23, 2)', '(17, 12)', '(19, 12)', '(21, 14)', '(31, 20)', '(33, 20)', '(35, 30)', '(33, 26)', '(31, 28)', '(29, 28)', '(29, 20)', '(28, 17)', '(25, 20)', '(21, 20)', '(21, 18)', '(17, 20)', '(15, 18)', '(17, 26)', '(19, 26)', '(22, 35)', '(17, 34)', '(15, 32)', '(11, 34)', '(11, 26)', '(9, 26)', '(3, 28)', '(5, 12)', '(5, 6)', '(6, 7)']","['(35, 4)', '(33, 4)', '(31, 6)', '(27, 4)', '(27, 2)', '(25, 4)', '(23, 2)', '(17, 12)', '(19, 12)', '(21, 14)', '(31, 20)', '(33, 20)', '(35, 30)', '(33, 26)', '(31, 28)', '(29, 28)', '(29, 20)', '(28, 17)', '(25, 20)', '(21, 20)', '(21, 18)', '(17, 20)', '(15, 18)', '(17, 26)', '(19, 26)', '(22, 35)', '(17, 34)', '(15, 32)', '(11, 34)', '(11, 26)', '(9, 26)', '(3, 28)', '(5, 12)', '(5, 6)', '(6, 7)', '(3, 5)']",[384 states],203,0,203
385,"(3, 5)","(3, 6)",South,"[((3, 4), 'South')]","['(35, 4)', '(33, 4)', '(31, 6)', '(27, 4)', '(27, 2)', '(25, 4)', '(23, 2)', '(17, 12)', '(19, 12)', '(21, 14)', '(31, 20)', '(33, 20)', '(35, 30)', '(33, 26)', '(31, 28)', '(29, 28)', '(29, 20)', '(28, 17)', '(25, 20)', '(21, 20)', '(21, 18)', '(17, 20)', '(15, 18)', '(17, 26)', '(19, 26)', '(22, 35)', '(17, 34)', '(15, 32)', '(11, 34)', '(11, 26)', '(9, 26)', '(3, 28)', '(5, 12)', '(5, 6)', '(6, 7)']","['(35, 4)', '(33, 4)', '(31, 6)', '(27, 4)', '(27, 2)', '(25, 4)', '(23, 2)', '(17, 12)', '(19, 12)', '(21, 14)', '(31, 20)', '(33, 20)', '(35, 30)', '(33, 26)', '(31, 28)', '(29, 28)', '(29, 20)', '(28, 17)', '(25, 20)', '(21, 20)', '(21, 18)', '(17, 20)', '(15, 18)', '(17, 26)', '(19, 26)', '(22, 35)', '(17, 34)', '(15, 32)', '(11, 34)', '(11, 26)', '(9, 26)', '(3, 28)', '(5, 12)', '(5, 6)', '(6, 7)', '(3, 4)']",[385 states],204,0,204
386,"(3, 4)","(3, 5)",South,"[((3, 3), 'South')]","['(35, 4)', '(33, 4)', '(31, 6)', '(27, 4)', '(27, 2)', '(25, 4)', '(23, 2)', '(17, 12)', '(19, 12)', '(21, 14)', '(31, 20)', '(33, 20)', '(35, 30)', '(33, 26)', '(31, 28)', '(29, 28)', '(29, 20)', '(28, 17)', '(25, 20)', '(21, 20)', '(21, 18)', '(17, 20)', '(15, 18)', '(17, 26)', '(19, 26)', '(22, 35)', '(17, 34)', '(15, 32)', '(11, 34)', '(11, 26)', '(9, 26)', '(3, 28)', '(5, 12)', '(5, 6)', '(6, 7)']","['(35, 4)', '(33, 4)', '(31, 6)', '(27, 4)', '(27, 2)', '(25, 4)', '(23, 2)', '(17, 12)', '(19, 12)', '(21, 14)', '(31, 20)', '(33, 20)', '(35, 30)', '(33, 26)', '(31, 28)', '(29, 28)', '(29, 20)', '(28, 17)', '(25, 20)', '(21, 20)', '(21, 18)', '(17, 20)', '(15, 18)', '(17, 26)', '(19, 26)', '(22, 35)', '(17, 34)', '(15, 32)', '(11, 34)', '(11, 26)', '(9, 26)', '(3, 28)', '(5, 12)', '(5, 6)', '(6, 7)', '(3, 3)']",[386 states],205,0,205
387,"(3, 3)","(3, 4)",South,"[((3, 2), 'South'), ((2, 3), 'West')]","['(35, 4)', '(33, 4)', '(31, 6)', '(27, 4)', '(27, 2)', '(25, 4)', '(23, 2)', '(17, 12)', '(19, 12)', '(21, 14)', '(31, 20)', '(33, 20)', '(35, 30)', '(33, 26)', '(31, 28)', '(29, 28)', '(29, 20)', '(28, 17)', '(25, 20)', '(21, 20)', '(21, 18)', '(17, 20)', '(15, 18)', '(17, 26)', '(19, 26)', '(22, 35)', '(17, 34)', '(15, 32)', '(11, 34)', '(11, 26)', '(9, 26)', '(3, 28)', '(5, 12)', '(5, 6)', '(6, 7)']","['(35, 4)', '(33, 4)', '(31, 6)', '(27, 4)', '(27, 2)', '(25, 4)', '(23, 2)', '(17, 12)', '(19, 12)', '(21, 14)', '(31, 20)', '(33, 20)', '(35, 30)', '(33, 26)', '(31, 28)', '(29, 28)', '(29, 20)', '(28, 17)', '(25, 20)', '(21, 20)', '(21, 18)', '(17, 20)', '(15, 18)', '(17, 26)', '(19, 26)', '(22, 35)', '(17, 34)', '(15, 32)', '(11, 34)', '(11, 26)', '(9, 26)', '(3, 28)', '(5, 12)', '(5, 6)', '(6, 7)', '(3, 2)', '(2, 3)']",[387 states],206,0,206
388,"(2, 3)","(3, 3)",West,"[((1, 3), 'West')]","['(35, 4)', '(33, 4)', '(31, 6)', '(27, 4)', '(27, 2)', '(25, 4)', '(23, 2)', '(17, 12)', '(19, 12)', '(21, 14)', '(31, 20)', '(33, 20)', '(35, 30)', '(33, 26)', '(31, 28)', '(29, 28)', '(29, 20)', '(28, 17)', '(25, 20)', '(21, 20)', '(21, 18)', '(17, 20)', '(15, 18)', '(17, 26)', '(19, 26)', '(22, 35)', '(17, 34)', '(15, 32)', '(11, 34)', '(11, 26)', '(9, 26)', '(3, 28)', '(5, 12)', '(5, 6)', '(6, 7)', '(3, 2)']","['(35, 4)', '(33, 4)', '(31, 6)', '(27, 4)', '(27, 2)', '(25, 4)', '(23, 2)', '(17, 12)', '(19, 12)', '(21, 14)', '(31, 20)', '(33, 20)', '(35, 30)', '(33, 26)', '(31, 28)', '(29, 28)', '(29, 20)', '(28, 17)', '(25, 20)', '(21, 20)', '(21, 18)', '(17, 20)', '(15, 18)', '(17, 26)', '(19, 26)', '(22, 35)', '(17, 34)', '(15, 32)', '(11, 34)', '(11, 26)', '(9, 26)', '(3, 28)', '(5, 12)', '(5, 6)', '(6, 7)', '(3, 2)', '(1, 3)']",[388 states],207,0,207
389,"(1, 3)","(2, 3)",West,"[((1, 4), 'North'), ((1, 2), 'South')]","['(35, 4)', '(33, 4)', '(31, 6)', '(27, 4)', '(27, 2)', '(25, 4)', '(23, 2)', '(17, 12)', '(19, 12)', '(21, 14)', '(31, 20)', '(33, 20)', '(35, 30)', '(33, 26)', '(31, 28)', '(29, 28)', '(29, 20)', '(28, 17)', '(25, 20)', '(21, 20)', '(21, 18)', '(17, 20)', '(15, 18)', '(17, 26)', '(19, 26)', '(22, 35)', '(17, 34)', '(15, 32)', '(11, 34)', '(11, 26)', '(9, 26)', '(3, 28)', '(5, 12)', '(5, 6)', '(6, 7)', '(3, 2)']","['(35, 4)', '(33, 4)', '(31, 6)', '(27, 4)', '(27, 2)', '(25, 4)', '(23, 2)', '(17, 12)', '(19, 12)', '(21, 14)', '(31, 20)', '(33, 20)', '(35, 30)', '(33, 26)', '(31, 28)', '(29, 28)', '(29, 20)', '(28, 17)', '(25, 20)', '(21, 20)', '(21, 18)', '(17, 20)', '(15, 18)', '(17, 26)', '(19, 26)', '(22, 35)', '(17, 34)', '(15, 32)', '(11, 34)', '(11, 26)', '(9, 26)', '(3, 28)', '(5, 12)', '(5, 6)', '(6, 7)', '(3, 2)', '(1, 4)', '(1, 2)']",[389 states],208,0,208
390,"(1, 2)","(1, 3)",South,"[((1, 1), 'South')]","['(35, 4)', '(33, 4)', '(31, 6)', '(27, 4)', '(27, 2)', '(25, 4)', '(23, 2)', '(17, 12)', '(19, 12)', '(21, 14)', '(31, 20)', '(33, 20)', '(35, 30)', '(33, 26)', '(31, 28)', '(29, 28)', '(29, 20)', '(28, 17)', '(25, 20)', '(21, 20)', '(21, 18)', '(17, 20)', '(15, 18)', '(17, 26)', '(19, 26)', '(22, 35)', '(17, 34)', '(15, 32)', '(11, 34)', '(11, 26)', '(9, 26)', '(3, 28)', '(5, 12)', '(5, 6)', '(6, 7)', '(3, 2)', '(1, 4)']","['(35, 4)', '(33, 4)', '(31, 6)', '(27, 4)', '(27, 2)', '(25, 4)', '(23, 2)', '(17, 12)', '(19, 12)', '(21, 14)', '(31, 20)', '(33, 20)', '(35, 30)', '(33, 26)', '(31, 28)', '(29, 28)', '(29, 20)', '(28, 17)', '(25, 20)', '(21, 20)', '(21, 18)', '(17, 20)', '(15, 18)', '(17, 26)', '(19, 26)', '(22, 35)', '(17, 34)', '(15, 32)', '(11, 34)', '(11, 26)', '(9, 26)', '(3, 28)', '(5, 12)', '(5, 6)', '(6, 7)', '(3, 2)', '(1, 4)', '(1, 1)']",[390 states],209,0,209
391,"(1, 1)","(1, 2)",South,[],"['(35, 4)', '(33, 4)', '(31, 6)', '(27, 4)', '(27, 2)', '(25, 4)', '(23, 2)', '(17, 12)', '(19, 12)', '(21, 14)', '(31, 20)', '(33, 20)', '(35, 30)', '(33, 26)', '(31, 28)', '(29, 28)', '(29, 20)', '(28, 17)', '(25, 20)', '(21, 20)', '(21, 18)', '(17, 20)', '(15, 18)', '(17, 26)', '(19, 26)', '(22, 35)', '(17, 34)', '(15, 32)', '(11, 34)', '(11, 26)', '(9, 26)', '(3, 28)', '(5, 12)', '(5, 6)', '(6, 7)', '(3, 2)', '(1, 4)']","['(35, 4)', '(33, 4)', '(31, 6)', '(27, 4)', '(27, 2)', '(25, 4)', '(23, 2)', '(17, 12)', '(19, 12)', '(21, 14)', '(31, 20)', '(33, 20)', '(35, 30)', '(33, 26)', '(31, 28)', '(29, 28)', '(29, 20)', '(28, 17)', '(25, 20)', '(21, 20)', '(21, 18)', '(17, 20)', '(15, 18)', '(17, 26)', '(19, 26)', '(22, 35)', '(17, 34)', '(15, 32)', '(11, 34)', '(11, 26)', '(9, 26)', '(3, 28)', '(5, 12)', '(5, 6)', '(6, 7)', '(3, 2)', '(1, 4)']",[391 states],210,0,210
