iteration,expanded_state,parent,action,generated_successors,frontier_before,frontier_after,explored,g,h,f
1,"(35, 1)",None,Start,"[((35, 2), 'North', 34.0147027033899), ((34, 1), 'West', 33.0)]",[],"['(34, 1)', '(35, 2)']","[(35, 1)]",0,34.0,34.0
2,"(34, 1)","(35, 1)",West,"[((33, 1), 'West', 32.0)]","['(35, 2)']","['(33, 1)', '(35, 2)']","[(34, 1), (35, 1)]",1,33.0,33.0
3,"(33, 1)","(34, 1)",West,[],"['(35, 2)']","['(35, 2)']","[(33, 1), (34, 1), (35, 1)]",2,32.0,32.0
4,"(35, 2)","(35, 1)",North,"[((35, 3), 'North', 34.058772731852805)]",[],"['(35, 3)']","[(35, 2), (33, 1), (34, 1), (35, 1)]",1,34.0147027033899,34.0147027033899
5,"(35, 3)","(35, 2)",North,"[((35, 4), 'North', 34.132096331752024), ((34, 3), 'West', 33.06055050963308)]",[],"['(34, 3)', '(35, 4)']","[(33, 1), (34, 1), (35, 1), (35, 3), (35, 2)]",2,34.058772731852805,34.058772731852805
6,"(34, 3)","(35, 3)",West,"[((33, 3), 'West', 32.0624390837628)]","['(35, 4)']","['(33, 3)', '(35, 4)']","[(33, 1), (34, 1), (35, 1), (34, 3), (35, 3), (35, 2)]",3,33.06055050963308,33.06055050963308
7,"(33, 3)","(34, 3)",West,"[((33, 4), 'North', 32.14031735997639), ((32, 3), 'West', 31.064449134018133)]","['(35, 4)']","['(32, 3)', '(35, 4)', '(33, 4)']","[(33, 1), (34, 1), (35, 1), (33, 3), (34, 3), (35, 3), (35, 2)]",4,32.0624390837628,32.0624390837628
8,"(32, 3)","(33, 3)",West,"[((31, 3), 'West', 30.066592756745816)]","['(33, 4)', '(35, 4)']","['(31, 3)', '(35, 4)', '(33, 4)']","[(33, 1), (34, 1), (35, 1), (32, 3), (33, 3), (34, 3), (35, 3), (35, 2)]",5,31.064449134018133,31.064449134018133
9,"(31, 3)","(32, 3)",West,"[((31, 4), 'North', 30.14962686336267), ((31, 2), 'South', 30.01666203960727)]","['(33, 4)', '(35, 4)']","['(31, 2)', '(31, 4)', '(33, 4)', '(35, 4)']","[(33, 1), (34, 1), (35, 1), (32, 3), (33, 3), (34, 3), (35, 3), (31, 3), (35, 2)]",6,30.066592756745816,30.066592756745816
10,"(31, 2)","(31, 3)",South,"[((31, 1), 'South', 30.0)]","['(31, 4)', '(35, 4)', '(33, 4)']","['(31, 1)', '(31, 4)', '(33, 4)', '(35, 4)']","[(33, 1), (34, 1), (35, 1), (32, 3), (33, 3), (34, 3), (35, 3), (31, 3), (35, 2), (31, 2)]",7,30.01666203960727,30.01666203960727
11,"(31, 1)","(31, 2)",South,[],"['(31, 4)', '(35, 4)', '(33, 4)']","['(31, 4)', '(35, 4)', '(33, 4)']","[(33, 1), (34, 1), (35, 1), (32, 3), (31, 1), (33, 3), (34, 3), (35, 3), (31, 3), (35, 2), (31, 2)]",8,30.0,30.0
12,"(31, 4)","(31, 3)",North,"[((31, 5), 'North', 30.265491900843113)]","['(33, 4)', '(35, 4)']","['(31, 5)', '(35, 4)', '(33, 4)']","[(33, 1), (34, 1), (35, 1), (31, 4), (32, 3), (31, 1), (33, 3), (34, 3), (35, 3), (31, 3), (35, 2), (31, 2)]",7,30.14962686336267,30.14962686336267
13,"(31, 5)","(31, 4)",North,"[((31, 6), 'North', 30.4138126514911), ((30, 5), 'West', 29.274562336608895)]","['(33, 4)', '(35, 4)']","['(30, 5)', '(31, 6)', '(33, 4)', '(35, 4)']","[(31, 5), (33, 1), (34, 1), (35, 1), (31, 4), (32, 3), (31, 1), (33, 3), (34, 3), (35, 3), (31, 3), (35, 2), (31, 2)]",8,30.265491900843113,30.265491900843113
14,"(30, 5)","(31, 5)",West,"[((29, 5), 'West', 28.284271247461902)]","['(31, 6)', '(35, 4)', '(33, 4)']","['(29, 5)', '(31, 6)', '(33, 4)', '(35, 4)']","[(31, 5), (33, 1), (34, 1), (35, 1), (31, 4), (32, 3), (31, 1), (33, 3), (34, 3), (35, 3), (31, 3), (35, 2), (31, 2), (30, 5)]",9,29.274562336608895,29.274562336608895
15,"(29, 5)","(30, 5)",West,"[((29, 4), 'South', 28.160255680657446)]","['(31, 6)', '(35, 4)', '(33, 4)']","['(29, 4)', '(31, 6)', '(33, 4)', '(35, 4)']","[(31, 5), (33, 1), (34, 1), (35, 1), (31, 4), (32, 3), (31, 1), (33, 3), (34, 3), (35, 3), (31, 3), (35, 2), (29, 5), (31, 2), (30, 5)]",10,28.284271247461902,28.284271247461902
16,"(29, 4)","(29, 5)",South,"[((29, 3), 'South', 28.071337695236398)]","['(31, 6)', '(35, 4)', '(33, 4)']","['(29, 3)', '(31, 6)', '(33, 4)', '(35, 4)']","[(31, 5), (33, 1), (29, 4), (34, 1), (35, 1), (31, 4), (32, 3), (31, 1), (33, 3), (34, 3), (35, 3), (31, 3), (35, 2), (29, 5), (31, 2), (30, 5)]",11,28.160255680657446,28.160255680657446
17,"(29, 3)","(29, 4)",South,"[((28, 3), 'West', 27.073972741361768)]","['(31, 6)', '(35, 4)', '(33, 4)']","['(28, 3)', '(31, 6)', '(33, 4)', '(35, 4)']","[(31, 5), (33, 1), (29, 4), (34, 1), (35, 1), (31, 4), (32, 3), (31, 1), (33, 3), (34, 3), (29, 3), (35, 3), (31, 3), (35, 2), (29, 5), (31, 2), (30, 5)]",12,28.071337695236398,28.071337695236398
18,"(28, 3)","(29, 3)",West,"[((27, 3), 'West', 26.076809620810597)]","['(31, 6)', '(35, 4)', '(33, 4)']","['(27, 3)', '(31, 6)', '(33, 4)', '(35, 4)']","[(31, 5), (33, 1), (29, 4), (34, 1), (35, 1), (31, 4), (32, 3), (31, 1), (33, 3), (28, 3), (34, 3), (29, 3), (35, 3), (31, 3), (35, 2), (29, 5), (31, 2), (30, 5)]",13,27.073972741361768,27.073972741361768
19,"(27, 3)","(28, 3)",West,"[((27, 4), 'North', 26.1725046566048), ((27, 2), 'South', 26.019223662515376), ((26, 3), 'West', 25.079872407968907)]","['(31, 6)', '(35, 4)', '(33, 4)']","['(26, 3)', '(27, 4)', '(27, 2)', '(35, 4)', '(31, 6)', '(33, 4)']","[(31, 5), (34, 1), (28, 3), (32, 3), (35, 2), (29, 4), (31, 4), (31, 1), (34, 3), (27, 3), (30, 5), (33, 1), (35, 1), (29, 3), (31, 3), (33, 3), (35, 3), (29, 5), (31, 2)]",14,26.076809620810597,26.076809620810597
20,"(26, 3)","(27, 3)",West,"[((25, 3), 'West', 24.08318915758459)]","['(27, 2)', '(27, 4)', '(33, 4)', '(35, 4)', '(31, 6)']","['(25, 3)', '(27, 4)', '(27, 2)', '(35, 4)', '(31, 6)', '(33, 4)']","[(31, 5), (34, 1), (28, 3), (32, 3), (35, 2), (29, 4), (31, 4), (31, 1), (34, 3), (27, 3), (30, 5), (33, 1), (35, 1), (29, 3), (31, 3), (33, 3), (35, 3), (26, 3), (29, 5), (31, 2)]",15,25.079872407968907,25.079872407968907
21,"(25, 3)","(26, 3)",West,"[((25, 4), 'North', 24.186773244895647), ((24, 3), 'West', 23.08679276123039)]","['(27, 2)', '(27, 4)', '(33, 4)', '(35, 4)', '(31, 6)']","['(24, 3)', '(27, 4)', '(25, 4)', '(35, 4)', '(31, 6)', '(33, 4)', '(27, 2)']","[(31, 5), (34, 1), (28, 3), (32, 3), (35, 2), (29, 4), (31, 4), (31, 1), (34, 3), (27, 3), (30, 5), (33, 1), (25, 3), (35, 1), (29, 3), (31, 3), (33, 3), (35, 3), (26, 3), (29, 5), (31, 2)]",16,24.08318915758459,24.08318915758459
22,"(24, 3)","(25, 3)",West,"[((23, 3), 'West', 22.090722034374522)]","['(25, 4)', '(27, 4)', '(27, 2)', '(35, 4)', '(31, 6)', '(33, 4)']","['(23, 3)', '(27, 4)', '(25, 4)', '(35, 4)', '(31, 6)', '(33, 4)', '(27, 2)']","[(31, 5), (34, 1), (28, 3), (32, 3), (35, 2), (29, 4), (31, 4), (31, 1), (34, 3), (27, 3), (30, 5), (33, 1), (25, 3), (35, 1), (29, 3), (31, 3), (33, 3), (35, 3), (24, 3), (26, 3), (29, 5), (31, 2)]",17,23.08679276123039,23.08679276123039
23,"(23, 3)","(24, 3)",West,"[((23, 2), 'South', 22.02271554554524), ((22, 3), 'West', 21.095023109728988)]","['(25, 4)', '(27, 4)', '(27, 2)', '(35, 4)', '(31, 6)', '(33, 4)']","['(22, 3)', '(23, 2)', '(25, 4)', '(27, 4)', '(31, 6)', '(33, 4)', '(27, 2)', '(35, 4)']","[(31, 5), (34, 1), (28, 3), (32, 3), (35, 2), (29, 4), (31, 4), (31, 1), (23, 3), (34, 3), (27, 3), (30, 5), (33, 1), (25, 3), (35, 1), (29, 3), (31, 3), (33, 3), (35, 3), (24, 3), (26, 3), (29, 5), (31, 2)]",18,22.090722034374522,22.090722034374522
24,"(22, 3)","(23, 3)",West,"[((21, 3), 'West', 20.09975124224178)]","['(23, 2)', '(27, 4)', '(25, 4)', '(35, 4)', '(31, 6)', '(33, 4)', '(27, 2)']","['(21, 3)', '(23, 2)', '(25, 4)', '(27, 4)', '(31, 6)', '(33, 4)', '(27, 2)', '(35, 4)']","[(31, 5), (34, 1), (28, 3), (32, 3), (35, 2), (29, 4), (31, 4), (31, 1), (23, 3), (34, 3), (27, 3), (30, 5), (33, 1), (25, 3), (35, 1), (29, 3), (31, 3), (22, 3), (33, 3), (35, 3), (24, 3), (26, 3), (29, 5), (31, 2)]",19,21.095023109728988,21.095023109728988
25,"(21, 3)","(22, 3)",West,"[((20, 3), 'West', 19.1049731745428)]","['(23, 2)', '(27, 4)', '(25, 4)', '(35, 4)', '(31, 6)', '(33, 4)', '(27, 2)']","['(20, 3)', '(23, 2)', '(25, 4)', '(27, 4)', '(31, 6)', '(33, 4)', '(27, 2)', '(35, 4)']","[(31, 5), (34, 1), (28, 3), (32, 3), (35, 2), (29, 4), (31, 4), (21, 3), (31, 1), (23, 3), (34, 3), (27, 3), (30, 5), (33, 1), (25, 3), (35, 1), (29, 3), (31, 3), (22, 3), (33, 3), (35, 3), (24, 3), (26, 3), (29, 5), (31, 2)]",20,20.09975124224178,20.09975124224178
26,"(20, 3)","(21, 3)",West,"[((19, 3), 'West', 18.110770276274835)]","['(23, 2)', '(27, 4)', '(25, 4)', '(35, 4)', '(31, 6)', '(33, 4)', '(27, 2)']","['(19, 3)', '(23, 2)', '(25, 4)', '(27, 4)', '(31, 6)', '(33, 4)', '(27, 2)', '(35, 4)']","[(31, 5), (34, 1), (28, 3), (32, 3), (35, 2), (29, 4), (31, 4), (21, 3), (31, 1), (23, 3), (34, 3), (27, 3), (30, 5), (33, 1), (25, 3), (35, 1), (29, 3), (31, 3), (20, 3), (22, 3), (33, 3), (35, 3), (24, 3), (26, 3), (29, 5), (31, 2)]",21,19.1049731745428,19.1049731745428
27,"(19, 3)","(20, 3)",West,"[((18, 3), 'West', 17.11724276862369)]","['(23, 2)', '(27, 4)', '(25, 4)', '(35, 4)', '(31, 6)', '(33, 4)', '(27, 2)']","['(18, 3)', '(23, 2)', '(25, 4)', '(27, 4)', '(31, 6)', '(33, 4)', '(27, 2)', '(35, 4)']","[(31, 5), (34, 1), (28, 3), (19, 3), (32, 3), (35, 2), (29, 4), (31, 4), (21, 3), (31, 1), (23, 3), (34, 3), (27, 3), (30, 5), (33, 1), (25, 3), (35, 1), (29, 3), (31, 3), (20, 3), (22, 3), (33, 3), (35, 3), (24, 3), (26, 3), (29, 5), (31, 2)]",22,18.110770276274835,18.110770276274835
28,"(18, 3)","(19, 3)",West,"[((17, 3), 'West', 16.1245154965971)]","['(23, 2)', '(27, 4)', '(25, 4)', '(35, 4)', '(31, 6)', '(33, 4)', '(27, 2)']","['(17, 3)', '(23, 2)', '(25, 4)', '(27, 4)', '(31, 6)', '(33, 4)', '(27, 2)', '(35, 4)']","[(31, 5), (34, 1), (28, 3), (19, 3), (32, 3), (35, 2), (29, 4), (31, 4), (21, 3), (31, 1), (23, 3), (34, 3), (27, 3), (30, 5), (33, 1), (25, 3), (35, 1), (18, 3), (29, 3), (31, 3), (20, 3), (22, 3), (33, 3), (35, 3), (24, 3), (26, 3), (29, 5), (31, 2)]",23,17.11724276862369,17.11724276862369
29,"(17, 3)","(18, 3)",West,"[((16, 3), 'West', 15.132745950421556)]","['(23, 2)', '(27, 4)', '(25, 4)', '(35, 4)', '(31, 6)', '(33, 4)', '(27, 2)']","['(16, 3)', '(23, 2)', '(25, 4)', '(27, 4)', '(31, 6)', '(33, 4)', '(27, 2)', '(35, 4)']","[(31, 5), (34, 1), (28, 3), (17, 3), (19, 3), (32, 3), (35, 2), (29, 4), (31, 4), (21, 3), (31, 1), (23, 3), (34, 3), (27, 3), (30, 5), (33, 1), (25, 3), (35, 1), (18, 3), (29, 3), (31, 3), (20, 3), (22, 3), (33, 3), (35, 3), (24, 3), (26, 3), (29, 5), (31, 2)]",24,16.1245154965971,16.1245154965971
30,"(16, 3)","(17, 3)",West,"[((15, 3), 'West', 14.142135623730951)]","['(23, 2)', '(27, 4)', '(25, 4)', '(35, 4)', '(31, 6)', '(33, 4)', '(27, 2)']","['(15, 3)', '(23, 2)', '(25, 4)', '(27, 4)', '(31, 6)', '(33, 4)', '(27, 2)', '(35, 4)']","[(31, 5), (34, 1), (28, 3), (17, 3), (19, 3), (32, 3), (35, 2), (29, 4), (31, 4), (21, 3), (31, 1), (23, 3), (34, 3), (27, 3), (30, 5), (33, 1), (25, 3), (35, 1), (16, 3), (18, 3), (29, 3), (31, 3), (20, 3), (22, 3), (33, 3), (35, 3), (24, 3), (26, 3), (29, 5), (31, 2)]",25,15.132745950421556,15.132745950421556
31,"(15, 3)","(16, 3)",West,"[((15, 4), 'North', 14.317821063276353), ((15, 2), 'South', 14.035668847618199), ((14, 3), 'West', 13.152946437965905)]","['(23, 2)', '(27, 4)', '(25, 4)', '(35, 4)', '(31, 6)', '(33, 4)', '(27, 2)']","['(14, 3)', '(15, 2)', '(25, 4)', '(23, 2)', '(15, 4)', '(33, 4)', '(27, 2)', '(35, 4)', '(27, 4)', '(31, 6)']","[(31, 5), (34, 1), (28, 3), (17, 3), (19, 3), (32, 3), (35, 2), (29, 4), (31, 4), (21, 3), (31, 1), (23, 3), (34, 3), (27, 3), (30, 5), (33, 1), (25, 3), (35, 1), (16, 3), (18, 3), (29, 3), (31, 3), (20, 3), (22, 3), (33, 3), (35, 3), (24, 3), (26, 3), (15, 3), (29, 5), (31, 2)]",26,14.142135623730951,14.142135623730951
32,"(14, 3)","(15, 3)",West,"[((13, 3), 'West', 12.165525060596439)]","['(15, 2)', '(15, 4)', '(25, 4)', '(23, 2)', '(31, 6)', '(33, 4)', '(27, 2)', '(35, 4)', '(27, 4)']","['(13, 3)', '(15, 2)', '(25, 4)', '(23, 2)', '(15, 4)', '(33, 4)', '(27, 2)', '(35, 4)', '(27, 4)', '(31, 6)']","[(31, 5), (34, 1), (28, 3), (17, 3), (19, 3), (32, 3), (35, 2), (29, 4), (31, 4), (21, 3), (31, 1), (23, 3), (34, 3), (14, 3), (27, 3), (30, 5), (33, 1), (25, 3), (35, 1), (16, 3), (18, 3), (29, 3), (31, 3), (20, 3), (22, 3), (33, 3), (35, 3), (24, 3), (26, 3), (15, 3), (29, 5), (31, 2)]",27,13.152946437965905,13.152946437965905
33,"(13, 3)","(14, 3)",West,"[((13, 4), 'North', 12.36931687685298)]","['(15, 2)', '(15, 4)', '(25, 4)', '(23, 2)', '(31, 6)', '(33, 4)', '(27, 2)', '(35, 4)', '(27, 4)']","['(13, 4)', '(15, 2)', '(25, 4)', '(23, 2)', '(15, 4)', '(33, 4)', '(27, 2)', '(35, 4)', '(27, 4)', '(31, 6)']","[(31, 5), (34, 1), (28, 3), (17, 3), (19, 3), (32, 3), (35, 2), (29, 4), (31, 4), (21, 3), (31, 1), (23, 3), (34, 3), (14, 3), (27, 3), (30, 5), (33, 1), (25, 3), (35, 1), (16, 3), (18, 3), (29, 3), (31, 3), (20, 3), (22, 3), (33, 3), (35, 3), (24, 3), (13, 3), (26, 3), (15, 3), (29, 5), (31, 2)]",28,12.165525060596439,12.165525060596439
34,"(13, 4)","(13, 3)",North,"[((13, 5), 'North', 12.649110640673518)]","['(15, 2)', '(15, 4)', '(25, 4)', '(23, 2)', '(31, 6)', '(33, 4)', '(27, 2)', '(35, 4)', '(27, 4)']","['(13, 5)', '(15, 2)', '(25, 4)', '(23, 2)', '(15, 4)', '(33, 4)', '(27, 2)', '(35, 4)', '(27, 4)', '(31, 6)']","[(31, 5), (34, 1), (28, 3), (17, 3), (19, 3), (32, 3), (35, 2), (29, 4), (31, 4), (21, 3), (31, 1), (23, 3), (34, 3), (14, 3), (27, 3), (30, 5), (33, 1), (13, 4), (25, 3), (35, 1), (16, 3), (18, 3), (29, 3), (31, 3), (20, 3), (22, 3), (33, 3), (35, 3), (24, 3), (13, 3), (26, 3), (15, 3), (29, 5), (31, 2)]",29,12.36931687685298,12.36931687685298
35,"(13, 5)","(13, 4)",North,[],"['(15, 2)', '(15, 4)', '(25, 4)', '(23, 2)', '(31, 6)', '(33, 4)', '(27, 2)', '(35, 4)', '(27, 4)']","['(15, 2)', '(15, 4)', '(25, 4)', '(23, 2)', '(31, 6)', '(33, 4)', '(27, 2)', '(35, 4)', '(27, 4)']","[(31, 5), (34, 1), (28, 3), (17, 3), (19, 3), (32, 3), (35, 2), (13, 5), (29, 4), (31, 4), (21, 3), (31, 1), (23, 3), (34, 3), (14, 3), (27, 3), (30, 5), (33, 1), (13, 4), (25, 3), (35, 1), (16, 3), (18, 3), (29, 3), (31, 3), (20, 3), (22, 3), (33, 3), (35, 3), (24, 3), (13, 3), (26, 3), (15, 3), (29, 5), (31, 2)]",30,12.649110640673518,12.649110640673518
36,"(15, 2)","(15, 3)",South,"[((15, 1), 'South', 14.0)]","['(15, 4)', '(23, 2)', '(25, 4)', '(27, 4)', '(31, 6)', '(33, 4)', '(27, 2)', '(35, 4)']","['(15, 1)', '(15, 4)', '(25, 4)', '(23, 2)', '(31, 6)', '(33, 4)', '(27, 2)', '(35, 4)', '(27, 4)']","[(31, 5), (34, 1), (28, 3), (17, 3), (19, 3), (32, 3), (35, 2), (13, 5), (15, 2), (29, 4), (31, 4), (21, 3), (31, 1), (23, 3), (34, 3), (14, 3), (27, 3), (30, 5), (33, 1), (13, 4), (25, 3), (35, 1), (16, 3), (18, 3), (29, 3), (31, 3), (20, 3), (22, 3), (33, 3), (35, 3), (24, 3), (13, 3), (26, 3), (15, 3), (29, 5), (31, 2)]",27,14.035668847618199,14.035668847618199
37,"(15, 1)","(15, 2)",South,"[((16, 1), 'East', 15.0)]","['(15, 4)', '(23, 2)', '(25, 4)', '(27, 4)', '(31, 6)', '(33, 4)', '(27, 2)', '(35, 4)']","['(15, 4)', '(16, 1)', '(25, 4)', '(23, 2)', '(31, 6)', '(33, 4)', '(27, 2)', '(35, 4)', '(27, 4)']","[(31, 5), (34, 1), (28, 3), (17, 3), (19, 3), (32, 3), (35, 2), (13, 5), (15, 2), (29, 4), (31, 4), (21, 3), (31, 1), (23, 3), (34, 3), (14, 3), (27, 3), (30, 5), (33, 1), (13, 4), (25, 3), (35, 1), (16, 3), (15, 1), (18, 3), (29, 3), (31, 3), (20, 3), (22, 3), (33, 3), (35, 3), (24, 3), (13, 3), (26, 3), (15, 3), (29, 5), (31, 2)]",28,14.0,14.0
38,"(15, 4)","(15, 3)",North,"[((15, 5), 'North', 14.560219778561036)]","['(16, 1)', '(23, 2)', '(25, 4)', '(27, 4)', '(31, 6)', '(33, 4)', '(27, 2)', '(35, 4)']","['(15, 5)', '(16, 1)', '(25, 4)', '(23, 2)', '(31, 6)', '(33, 4)', '(27, 2)', '(35, 4)', '(27, 4)']","[(31, 5), (34, 1), (28, 3), (17, 3), (19, 3), (32, 3), (35, 2), (13, 5), (15, 2), (29, 4), (31, 4), (21, 3), (31, 1), (23, 3), (34, 3), (14, 3), (27, 3), (30, 5), (33, 1), (13, 4), (25, 3), (35, 1), (15, 4), (16, 3), (15, 1), (18, 3), (29, 3), (31, 3), (20, 3), (22, 3), (33, 3), (35, 3), (24, 3), (13, 3), (26, 3), (15, 3), (29, 5), (31, 2)]",27,14.317821063276353,14.317821063276353
39,"(15, 5)","(15, 4)",North,"[((16, 5), 'East', 15.524174696260024)]","['(16, 1)', '(23, 2)', '(25, 4)', '(27, 4)', '(31, 6)', '(33, 4)', '(27, 2)', '(35, 4)']","['(16, 1)', '(16, 5)', '(25, 4)', '(23, 2)', '(31, 6)', '(33, 4)', '(27, 2)', '(35, 4)', '(27, 4)']","[(31, 5), (34, 1), (28, 3), (17, 3), (19, 3), (32, 3), (35, 2), (13, 5), (15, 2), (15, 5), (29, 4), (31, 4), (21, 3), (31, 1), (23, 3), (34, 3), (14, 3), (27, 3), (30, 5), (33, 1), (13, 4), (25, 3), (35, 1), (15, 4), (16, 3), (15, 1), (18, 3), (29, 3), (31, 3), (20, 3), (22, 3), (33, 3), (35, 3), (24, 3), (13, 3), (26, 3), (15, 3), (29, 5), (31, 2)]",28,14.560219778561036,14.560219778561036
40,"(16, 1)","(15, 1)",East,"[((17, 1), 'East', 16.0)]","['(16, 5)', '(23, 2)', '(25, 4)', '(27, 4)', '(31, 6)', '(33, 4)', '(27, 2)', '(35, 4)']","['(16, 5)', '(17, 1)', '(25, 4)', '(23, 2)', '(31, 6)', '(33, 4)', '(27, 2)', '(35, 4)', '(27, 4)']","[(31, 5), (34, 1), (28, 3), (17, 3), (19, 3), (32, 3), (35, 2), (13, 5), (15, 2), (16, 1), (15, 5), (29, 4), (31, 4), (21, 3), (31, 1), (23, 3), (34, 3), (14, 3), (27, 3), (30, 5), (33, 1), (13, 4), (25, 3), (35, 1), (15, 4), (16, 3), (15, 1), (18, 3), (29, 3), (31, 3), (20, 3), (22, 3), (33, 3), (35, 3), (24, 3), (13, 3), (26, 3), (15, 3), (29, 5), (31, 2)]",29,15.0,15.0
41,"(16, 5)","(15, 5)",East,"[((17, 5), 'East', 16.492422502470642)]","['(17, 1)', '(23, 2)', '(25, 4)', '(27, 4)', '(31, 6)', '(33, 4)', '(27, 2)', '(35, 4)']","['(17, 1)', '(17, 5)', '(25, 4)', '(23, 2)', '(31, 6)', '(33, 4)', '(27, 2)', '(35, 4)', '(27, 4)']","[(31, 5), (34, 1), (28, 3), (17, 3), (19, 3), (32, 3), (35, 2), (13, 5), (15, 2), (16, 1), (15, 5), (29, 4), (31, 4), (21, 3), (31, 1), (23, 3), (34, 3), (14, 3), (27, 3), (30, 5), (33, 1), (13, 4), (25, 3), (35, 1), (15, 4), (16, 3), (15, 1), (18, 3), (29, 3), (31, 3), (20, 3), (22, 3), (33, 3), (35, 3), (24, 3), (13, 3), (16, 5), (26, 3), (15, 3), (29, 5), (31, 2)]",29,15.524174696260024,15.524174696260024
42,"(17, 1)","(16, 1)",East,[],"['(17, 5)', '(23, 2)', '(25, 4)', '(27, 4)', '(31, 6)', '(33, 4)', '(27, 2)', '(35, 4)']","['(17, 5)', '(23, 2)', '(25, 4)', '(27, 4)', '(31, 6)', '(33, 4)', '(27, 2)', '(35, 4)']","[(31, 5), (34, 1), (28, 3), (17, 3), (19, 3), (32, 3), (35, 2), (13, 5), (15, 2), (16, 1), (15, 5), (29, 4), (31, 4), (21, 3), (31, 1), (23, 3), (34, 3), (14, 3), (27, 3), (30, 5), (33, 1), (13, 4), (25, 3), (35, 1), (15, 4), (16, 3), (15, 1), (18, 3), (29, 3), (31, 3), (20, 3), (22, 3), (17, 1), (33, 3), (35, 3), (24, 3), (13, 3), (16, 5), (26, 3), (15, 3), (29, 5), (31, 2)]",30,16.0,16.0
43,"(17, 5)","(16, 5)",East,"[((17, 6), 'North', 16.76305461424021), ((18, 5), 'East', 17.46424919657298)]","['(23, 2)', '(27, 4)', '(25, 4)', '(35, 4)', '(31, 6)', '(33, 4)', '(27, 2)']","['(17, 6)', '(18, 5)', '(25, 4)', '(23, 2)', '(31, 6)', '(33, 4)', '(27, 2)', '(35, 4)', '(27, 4)']","[(31, 5), (34, 1), (28, 3), (17, 3), (19, 3), (32, 3), (35, 2), (13, 5), (15, 2), (16, 1), (15, 5), (29, 4), (31, 4), (21, 3), (31, 1), (23, 3), (34, 3), (14, 3), (17, 5), (27, 3), (30, 5), (33, 1), (13, 4), (25, 3), (35, 1), (15, 4), (16, 3), (15, 1), (18, 3), (29, 3), (31, 3), (20, 3), (22, 3), (17, 1), (33, 3), (35, 3), (24, 3), (13, 3), (16, 5), (26, 3), (15, 3), (29, 5), (31, 2)]",30,16.492422502470642,16.492422502470642
44,"(17, 6)","(17, 5)",North,"[((17, 7), 'North', 17.08800749063506)]","['(18, 5)', '(23, 2)', '(25, 4)', '(27, 4)', '(31, 6)', '(33, 4)', '(27, 2)', '(35, 4)']","['(17, 7)', '(18, 5)', '(25, 4)', '(23, 2)', '(31, 6)', '(33, 4)', '(27, 2)', '(35, 4)', '(27, 4)']","[(31, 5), (34, 1), (28, 3), (17, 3), (17, 6), (19, 3), (32, 3), (35, 2), (13, 5), (15, 2), (16, 1), (15, 5), (29, 4), (31, 4), (21, 3), (31, 1), (23, 3), (34, 3), (14, 3), (17, 5), (27, 3), (30, 5), (33, 1), (13, 4), (25, 3), (35, 1), (15, 4), (16, 3), (15, 1), (18, 3), (29, 3), (31, 3), (20, 3), (22, 3), (17, 1), (33, 3), (35, 3), (24, 3), (13, 3), (16, 5), (26, 3), (15, 3), (29, 5), (31, 2)]",31,16.76305461424021,16.76305461424021
45,"(17, 7)","(17, 6)",North,"[((16, 7), 'West', 16.15549442140351)]","['(18, 5)', '(23, 2)', '(25, 4)', '(27, 4)', '(31, 6)', '(33, 4)', '(27, 2)', '(35, 4)']","['(16, 7)', '(18, 5)', '(25, 4)', '(23, 2)', '(31, 6)', '(33, 4)', '(27, 2)', '(35, 4)', '(27, 4)']","[(31, 5), (34, 1), (28, 3), (17, 3), (17, 6), (19, 3), (32, 3), (35, 2), (13, 5), (15, 2), (16, 1), (15, 5), (29, 4), (31, 4), (21, 3), (31, 1), (23, 3), (34, 3), (14, 3), (17, 5), (27, 3), (30, 5), (33, 1), (13, 4), (25, 3), (35, 1), (15, 4), (16, 3), (15, 1), (18, 3), (29, 3), (31, 3), (20, 3), (22, 3), (17, 1), (17, 7), (33, 3), (35, 3), (24, 3), (13, 3), (16, 5), (26, 3), (15, 3), (29, 5), (31, 2)]",32,17.08800749063506,17.08800749063506
46,"(16, 7)","(17, 7)",West,"[((15, 7), 'West', 15.231546211727817)]","['(18, 5)', '(23, 2)', '(25, 4)', '(27, 4)', '(31, 6)', '(33, 4)', '(27, 2)', '(35, 4)']","['(15, 7)', '(18, 5)', '(25, 4)', '(23, 2)', '(31, 6)', '(33, 4)', '(27, 2)', '(35, 4)', '(27, 4)']","[(31, 5), (34, 1), (28, 3), (17, 3), (17, 6), (19, 3), (32, 3), (35, 2), (13, 5), (15, 2), (16, 1), (16, 7), (15, 5), (29, 4), (31, 4), (21, 3), (31, 1), (23, 3), (34, 3), (14, 3), (17, 5), (27, 3), (30, 5), (33, 1), (13, 4), (25, 3), (35, 1), (15, 4), (16, 3), (15, 1), (18, 3), (29, 3), (31, 3), (20, 3), (22, 3), (17, 1), (17, 7), (33, 3), (35, 3), (24, 3), (13, 3), (16, 5), (26, 3), (15, 3), (29, 5), (31, 2)]",33,16.15549442140351,16.15549442140351
47,"(15, 7)","(16, 7)",West,"[((15, 8), 'North', 15.652475842498529), ((14, 7), 'West', 14.317821063276353)]","['(18, 5)', '(23, 2)', '(25, 4)', '(27, 4)', '(31, 6)', '(33, 4)', '(27, 2)', '(35, 4)']","['(14, 7)', '(15, 8)', '(25, 4)', '(23, 2)', '(18, 5)', '(33, 4)', '(27, 2)', '(35, 4)', '(27, 4)', '(31, 6)']","[(31, 5), (34, 1), (28, 3), (17, 3), (17, 6), (19, 3), (32, 3), (35, 2), (13, 5), (15, 2), (16, 1), (16, 7), (15, 5), (29, 4), (31, 4), (21, 3), (31, 1), (23, 3), (34, 3), (14, 3), (17, 5), (27, 3), (30, 5), (33, 1), (13, 4), (25, 3), (35, 1), (15, 4), (16, 3), (15, 1), (15, 7), (18, 3), (29, 3), (31, 3), (20, 3), (22, 3), (17, 1), (17, 7), (33, 3), (35, 3), (24, 3), (13, 3), (16, 5), (26, 3), (15, 3), (29, 5), (31, 2)]",34,15.231546211727817,15.231546211727817
48,"(14, 7)","(15, 7)",West,"[((13, 7), 'West', 13.416407864998739)]","['(15, 8)', '(18, 5)', '(25, 4)', '(23, 2)', '(31, 6)', '(33, 4)', '(27, 2)', '(35, 4)', '(27, 4)']","['(13, 7)', '(15, 8)', '(25, 4)', '(23, 2)', '(18, 5)', '(33, 4)', '(27, 2)', '(35, 4)', '(27, 4)', '(31, 6)']","[(31, 5), (34, 1), (14, 7), (28, 3), (17, 3), (17, 6), (19, 3), (32, 3), (35, 2), (13, 5), (15, 2), (16, 1), (16, 7), (15, 5), (29, 4), (31, 4), (21, 3), (31, 1), (23, 3), (34, 3), (14, 3), (17, 5), (27, 3), (30, 5), (33, 1), (13, 4), (25, 3), (35, 1), (15, 4), (16, 3), (15, 1), (15, 7), (18, 3), (29, 3), (31, 3), (20, 3), (22, 3), (17, 1), (17, 7), (33, 3), (35, 3), (24, 3), (13, 3), (16, 5), (26, 3), (15, 3), (29, 5), (31, 2)]",35,14.317821063276353,14.317821063276353
49,"(13, 7)","(14, 7)",West,[],"['(15, 8)', '(18, 5)', '(25, 4)', '(23, 2)', '(31, 6)', '(33, 4)', '(27, 2)', '(35, 4)', '(27, 4)']","['(15, 8)', '(18, 5)', '(25, 4)', '(23, 2)', '(31, 6)', '(33, 4)', '(27, 2)', '(35, 4)', '(27, 4)']","[(31, 5), (34, 1), (14, 7), (28, 3), (17, 3), (17, 6), (19, 3), (32, 3), (35, 2), (13, 5), (15, 2), (16, 1), (16, 7), (15, 5), (29, 4), (31, 4), (21, 3), (31, 1), (23, 3), (34, 3), (14, 3), (17, 5), (27, 3), (30, 5), (33, 1), (13, 4), (25, 3), (35, 1), (13, 7), (15, 4), (16, 3), (15, 1), (15, 7), (18, 3), (29, 3), (31, 3), (20, 3), (22, 3), (17, 1), (17, 7), (33, 3), (35, 3), (24, 3), (13, 3), (16, 5), (26, 3), (15, 3), (29, 5), (31, 2)]",36,13.416407864998739,13.416407864998739
50,"(15, 8)","(15, 7)",North,"[((15, 9), 'North', 16.1245154965971)]","['(18, 5)', '(23, 2)', '(25, 4)', '(27, 4)', '(31, 6)', '(33, 4)', '(27, 2)', '(35, 4)']","['(15, 9)', '(18, 5)', '(25, 4)', '(23, 2)', '(31, 6)', '(33, 4)', '(27, 2)', '(35, 4)', '(27, 4)']","[(31, 5), (34, 1), (14, 7), (28, 3), (17, 3), (17, 6), (19, 3), (32, 3), (35, 2), (13, 5), (15, 2), (16, 1), (16, 7), (15, 5), (29, 4), (15, 8), (31, 4), (21, 3), (31, 1), (23, 3), (34, 3), (14, 3), (17, 5), (27, 3), (30, 5), (33, 1), (13, 4), (25, 3), (35, 1), (13, 7), (15, 4), (16, 3), (15, 1), (15, 7), (18, 3), (29, 3), (31, 3), (20, 3), (22, 3), (17, 1), (17, 7), (33, 3), (35, 3), (24, 3), (13, 3), (16, 5), (26, 3), (15, 3), (29, 5), (31, 2)]",35,15.652475842498529,15.652475842498529
51,"(15, 9)","(15, 8)",North,"[((15, 10), 'North', 16.64331697709324)]","['(18, 5)', '(23, 2)', '(25, 4)', '(27, 4)', '(31, 6)', '(33, 4)', '(27, 2)', '(35, 4)']","['(15, 10)', '(18, 5)', '(25, 4)', '(23, 2)', '(31, 6)', '(33, 4)', '(27, 2)', '(35, 4)', '(27, 4)']",[51 states],36,16.1245154965971,16.1245154965971
52,"(15, 10)","(15, 9)",North,"[((15, 11), 'North', 17.204650534085253)]","['(18, 5)', '(23, 2)', '(25, 4)', '(27, 4)', '(31, 6)', '(33, 4)', '(27, 2)', '(35, 4)']","['(15, 11)', '(18, 5)', '(25, 4)', '(23, 2)', '(31, 6)', '(33, 4)', '(27, 2)', '(35, 4)', '(27, 4)']",[52 states],37,16.64331697709324,16.64331697709324
53,"(15, 11)","(15, 10)",North,"[((15, 12), 'North', 17.804493814764857)]","['(18, 5)', '(23, 2)', '(25, 4)', '(27, 4)', '(31, 6)', '(33, 4)', '(27, 2)', '(35, 4)']","['(18, 5)', '(15, 12)', '(25, 4)', '(23, 2)', '(31, 6)', '(33, 4)', '(27, 2)', '(35, 4)', '(27, 4)']",[53 states],38,17.204650534085253,17.204650534085253
54,"(18, 5)","(17, 5)",East,"[((19, 5), 'East', 18.439088914585774)]","['(15, 12)', '(23, 2)', '(25, 4)', '(27, 4)', '(31, 6)', '(33, 4)', '(27, 2)', '(35, 4)']","['(15, 12)', '(19, 5)', '(25, 4)', '(23, 2)', '(31, 6)', '(33, 4)', '(27, 2)', '(35, 4)', '(27, 4)']",[54 states],31,17.46424919657298,17.46424919657298
55,"(15, 12)","(15, 11)",North,"[((15, 13), 'North', 18.439088914585774)]","['(19, 5)', '(23, 2)', '(25, 4)', '(27, 4)', '(31, 6)', '(33, 4)', '(27, 2)', '(35, 4)']","['(19, 5)', '(15, 13)', '(25, 4)', '(23, 2)', '(31, 6)', '(33, 4)', '(27, 2)', '(35, 4)', '(27, 4)']",[55 states],39,17.804493814764857,17.804493814764857
56,"(19, 5)","(18, 5)",East,[],"['(15, 13)', '(23, 2)', '(25, 4)', '(27, 4)', '(31, 6)', '(33, 4)', '(27, 2)', '(35, 4)']","['(15, 13)', '(23, 2)', '(25, 4)', '(27, 4)', '(31, 6)', '(33, 4)', '(27, 2)', '(35, 4)']",[56 states],32,18.439088914585774,18.439088914585774
57,"(15, 13)","(15, 12)",North,"[((16, 13), 'East', 19.209372712298546), ((14, 13), 'West', 17.69180601295413)]","['(23, 2)', '(27, 4)', '(25, 4)', '(35, 4)', '(31, 6)', '(33, 4)', '(27, 2)']","['(14, 13)', '(16, 13)', '(25, 4)', '(23, 2)', '(31, 6)', '(33, 4)', '(27, 2)', '(35, 4)', '(27, 4)']",[57 states],40,18.439088914585774,18.439088914585774
58,"(14, 13)","(15, 13)",West,[],"['(16, 13)', '(23, 2)', '(25, 4)', '(27, 4)', '(31, 6)', '(33, 4)', '(27, 2)', '(35, 4)']","['(16, 13)', '(23, 2)', '(25, 4)', '(27, 4)', '(31, 6)', '(33, 4)', '(27, 2)', '(35, 4)']",[58 states],41,17.69180601295413,17.69180601295413
59,"(16, 13)","(15, 13)",East,"[((17, 13), 'East', 20.0)]","['(23, 2)', '(27, 4)', '(25, 4)', '(35, 4)', '(31, 6)', '(33, 4)', '(27, 2)']","['(17, 13)', '(23, 2)', '(25, 4)', '(27, 4)', '(31, 6)', '(33, 4)', '(27, 2)', '(35, 4)']",[59 states],41,19.209372712298546,19.209372712298546
60,"(17, 13)","(16, 13)",East,"[((17, 12), 'South', 19.4164878389476), ((18, 13), 'East', 20.808652046684813)]","['(23, 2)', '(27, 4)', '(25, 4)', '(35, 4)', '(31, 6)', '(33, 4)', '(27, 2)']","['(17, 12)', '(18, 13)', '(25, 4)', '(23, 2)', '(31, 6)', '(33, 4)', '(27, 2)', '(35, 4)', '(27, 4)']",[60 states],42,20.0,20.0
61,"(17, 12)","(17, 13)",South,"[((17, 11), 'South', 18.867962264113206)]","['(18, 13)', '(23, 2)', '(25, 4)', '(27, 4)', '(31, 6)', '(33, 4)', '(27, 2)', '(35, 4)']","['(17, 11)', '(18, 13)', '(25, 4)', '(23, 2)', '(31, 6)', '(33, 4)', '(27, 2)', '(35, 4)', '(27, 4)']",[61 states],43,19.4164878389476,19.4164878389476
62,"(17, 11)","(17, 12)",South,"[((17, 10), 'South', 18.35755975068582)]","['(18, 13)', '(23, 2)', '(25, 4)', '(27, 4)', '(31, 6)', '(33, 4)', '(27, 2)', '(35, 4)']","['(17, 10)', '(18, 13)', '(25, 4)', '(23, 2)', '(31, 6)', '(33, 4)', '(27, 2)', '(35, 4)', '(27, 4)']",[62 states],44,18.867962264113206,18.867962264113206
63,"(17, 10)","(17, 11)",South,"[((17, 9), 'South', 17.88854381999832)]","['(18, 13)', '(23, 2)', '(25, 4)', '(27, 4)', '(31, 6)', '(33, 4)', '(27, 2)', '(35, 4)']","['(17, 9)', '(18, 13)', '(25, 4)', '(23, 2)', '(31, 6)', '(33, 4)', '(27, 2)', '(35, 4)', '(27, 4)']",[63 states],45,18.35755975068582,18.35755975068582
64,"(17, 9)","(17, 10)",South,"[((18, 9), 'East', 18.788294228055936)]","['(18, 13)', '(23, 2)', '(25, 4)', '(27, 4)', '(31, 6)', '(33, 4)', '(27, 2)', '(35, 4)']","['(18, 9)', '(18, 13)', '(25, 4)', '(23, 2)', '(31, 6)', '(33, 4)', '(27, 2)', '(35, 4)', '(27, 4)']",[64 states],46,17.88854381999832,17.88854381999832
65,"(18, 9)","(17, 9)",East,"[((19, 9), 'East', 19.697715603592208)]","['(18, 13)', '(23, 2)', '(25, 4)', '(27, 4)', '(31, 6)', '(33, 4)', '(27, 2)', '(35, 4)']","['(19, 9)', '(18, 13)', '(25, 4)', '(23, 2)', '(31, 6)', '(33, 4)', '(27, 2)', '(35, 4)', '(27, 4)']",[65 states],47,18.788294228055936,18.788294228055936
66,"(19, 9)","(18, 9)",East,"[((19, 8), 'South', 19.313207915827967)]","['(18, 13)', '(23, 2)', '(25, 4)', '(27, 4)', '(31, 6)', '(33, 4)', '(27, 2)', '(35, 4)']","['(19, 8)', '(18, 13)', '(25, 4)', '(23, 2)', '(31, 6)', '(33, 4)', '(27, 2)', '(35, 4)', '(27, 4)']",[66 states],48,19.697715603592208,19.697715603592208
67,"(19, 8)","(19, 9)",South,"[((19, 7), 'South', 18.973665961010276)]","['(18, 13)', '(23, 2)', '(25, 4)', '(27, 4)', '(31, 6)', '(33, 4)', '(27, 2)', '(35, 4)']","['(19, 7)', '(18, 13)', '(25, 4)', '(23, 2)', '(31, 6)', '(33, 4)', '(27, 2)', '(35, 4)', '(27, 4)']",[67 states],49,19.313207915827967,19.313207915827967
68,"(19, 7)","(19, 8)",South,[],"['(18, 13)', '(23, 2)', '(25, 4)', '(27, 4)', '(31, 6)', '(33, 4)', '(27, 2)', '(35, 4)']","['(18, 13)', '(23, 2)', '(25, 4)', '(27, 4)', '(31, 6)', '(33, 4)', '(27, 2)', '(35, 4)']",[68 states],50,18.973665961010276,18.973665961010276
69,"(18, 13)","(17, 13)",East,"[((19, 13), 'East', 21.633307652783937)]","['(23, 2)', '(27, 4)', '(25, 4)', '(35, 4)', '(31, 6)', '(33, 4)', '(27, 2)']","['(19, 13)', '(23, 2)', '(25, 4)', '(27, 4)', '(31, 6)', '(33, 4)', '(27, 2)', '(35, 4)']",[69 states],43,20.808652046684813,20.808652046684813
70,"(19, 13)","(18, 13)",East,"[((19, 12), 'South', 21.095023109728988), ((20, 13), 'East', 22.47220505424423)]","['(23, 2)', '(27, 4)', '(25, 4)', '(35, 4)', '(31, 6)', '(33, 4)', '(27, 2)']","['(19, 12)', '(23, 2)', '(25, 4)', '(20, 13)', '(31, 6)', '(33, 4)', '(27, 2)', '(35, 4)', '(27, 4)']",[70 states],44,21.633307652783937,21.633307652783937
71,"(19, 12)","(19, 13)",South,"[((19, 11), 'South', 20.591260281974)]","['(23, 2)', '(20, 13)', '(25, 4)', '(27, 4)', '(31, 6)', '(33, 4)', '(27, 2)', '(35, 4)']","['(19, 11)', '(23, 2)', '(25, 4)', '(20, 13)', '(31, 6)', '(33, 4)', '(27, 2)', '(35, 4)', '(27, 4)']",[71 states],45,21.095023109728988,21.095023109728988
72,"(19, 11)","(19, 12)",South,[],"['(23, 2)', '(20, 13)', '(25, 4)', '(27, 4)', '(31, 6)', '(33, 4)', '(27, 2)', '(35, 4)']","['(23, 2)', '(20, 13)', '(25, 4)', '(27, 4)', '(31, 6)', '(33, 4)', '(27, 2)', '(35, 4)']",[72 states],46,20.591260281974,20.591260281974
73,"(23, 2)","(23, 3)",South,"[((23, 1), 'South', 22.0)]","['(20, 13)', '(27, 4)', '(25, 4)', '(35, 4)', '(31, 6)', '(33, 4)', '(27, 2)']","['(23, 1)', '(20, 13)', '(25, 4)', '(27, 4)', '(31, 6)', '(33, 4)', '(27, 2)', '(35, 4)']",[73 states],19,22.02271554554524,22.02271554554524
74,"(23, 1)","(23, 2)",South,"[((24, 1), 'East', 23.0), ((22, 1), 'West', 21.0)]","['(20, 13)', '(27, 4)', '(25, 4)', '(35, 4)', '(31, 6)', '(33, 4)', '(27, 2)']","['(22, 1)', '(20, 13)', '(25, 4)', '(24, 1)', '(31, 6)', '(33, 4)', '(27, 2)', '(35, 4)', '(27, 4)']",[74 states],20,22.0,22.0
75,"(22, 1)","(23, 1)",West,"[((21, 1), 'West', 20.0)]","['(20, 13)', '(24, 1)', '(25, 4)', '(27, 4)', '(31, 6)', '(33, 4)', '(27, 2)', '(35, 4)']","['(21, 1)', '(20, 13)', '(25, 4)', '(24, 1)', '(31, 6)', '(33, 4)', '(27, 2)', '(35, 4)', '(27, 4)']",[75 states],21,21.0,21.0
76,"(21, 1)","(22, 1)",West,"[((20, 1), 'West', 19.0)]","['(20, 13)', '(24, 1)', '(25, 4)', '(27, 4)', '(31, 6)', '(33, 4)', '(27, 2)', '(35, 4)']","['(20, 1)', '(20, 13)', '(25, 4)', '(24, 1)', '(31, 6)', '(33, 4)', '(27, 2)', '(35, 4)', '(27, 4)']",[76 states],22,20.0,20.0
77,"(20, 1)","(21, 1)",West,"[((19, 1), 'West', 18.0)]","['(20, 13)', '(24, 1)', '(25, 4)', '(27, 4)', '(31, 6)', '(33, 4)', '(27, 2)', '(35, 4)']","['(19, 1)', '(20, 13)', '(25, 4)', '(24, 1)', '(31, 6)', '(33, 4)', '(27, 2)', '(35, 4)', '(27, 4)']",[77 states],23,19.0,19.0
78,"(19, 1)","(20, 1)",West,[],"['(20, 13)', '(24, 1)', '(25, 4)', '(27, 4)', '(31, 6)', '(33, 4)', '(27, 2)', '(35, 4)']","['(20, 13)', '(24, 1)', '(25, 4)', '(27, 4)', '(31, 6)', '(33, 4)', '(27, 2)', '(35, 4)']",[78 states],24,18.0,18.0
79,"(20, 13)","(19, 13)",East,"[((21, 13), 'East', 23.323807579381203)]","['(24, 1)', '(27, 4)', '(25, 4)', '(35, 4)', '(31, 6)', '(33, 4)', '(27, 2)']","['(24, 1)', '(21, 13)', '(25, 4)', '(27, 4)', '(31, 6)', '(33, 4)', '(27, 2)', '(35, 4)']",[79 states],45,22.47220505424423,22.47220505424423
80,"(24, 1)","(23, 1)",East,"[((25, 1), 'East', 24.0)]","['(21, 13)', '(27, 4)', '(25, 4)', '(35, 4)', '(31, 6)', '(33, 4)', '(27, 2)']","['(21, 13)', '(25, 1)', '(25, 4)', '(27, 4)', '(31, 6)', '(33, 4)', '(27, 2)', '(35, 4)']",[80 states],21,23.0,23.0
81,"(21, 13)","(20, 13)",East,"[((21, 14), 'North', 23.853720883753127), ((21, 12), 'South', 22.825424421026653)]","['(25, 1)', '(27, 4)', '(25, 4)', '(35, 4)', '(31, 6)', '(33, 4)', '(27, 2)']","['(21, 12)', '(21, 14)', '(25, 4)', '(25, 1)', '(31, 6)', '(33, 4)', '(27, 2)', '(35, 4)', '(27, 4)']",[81 states],46,23.323807579381203,23.323807579381203
82,"(21, 12)","(21, 13)",South,"[((21, 11), 'South', 22.360679774997898)]","['(21, 14)', '(25, 1)', '(25, 4)', '(27, 4)', '(31, 6)', '(33, 4)', '(27, 2)', '(35, 4)']","['(21, 11)', '(21, 14)', '(25, 4)', '(25, 1)', '(31, 6)', '(33, 4)', '(27, 2)', '(35, 4)', '(27, 4)']",[82 states],47,22.825424421026653,22.825424421026653
83,"(21, 11)","(21, 12)",South,"[((22, 11), 'East', 23.259406699226016)]","['(21, 14)', '(25, 1)', '(25, 4)', '(27, 4)', '(31, 6)', '(33, 4)', '(27, 2)', '(35, 4)']","['(22, 11)', '(21, 14)', '(25, 4)', '(25, 1)', '(31, 6)', '(33, 4)', '(27, 2)', '(35, 4)', '(27, 4)']",[83 states],48,22.360679774997898,22.360679774997898
84,"(22, 11)","(21, 11)",East,"[((23, 11), 'East', 24.166091947189145)]","['(21, 14)', '(25, 1)', '(25, 4)', '(27, 4)', '(31, 6)', '(33, 4)', '(27, 2)', '(35, 4)']","['(21, 14)', '(25, 1)', '(25, 4)', '(23, 11)', '(31, 6)', '(33, 4)', '(27, 2)', '(35, 4)', '(27, 4)']",[84 states],49,23.259406699226016,23.259406699226016
85,"(21, 14)","(21, 13)",North,"[((21, 15), 'North', 24.413111231467404)]","['(25, 1)', '(23, 11)', '(25, 4)', '(27, 4)', '(31, 6)', '(33, 4)', '(27, 2)', '(35, 4)']","['(25, 1)', '(23, 11)', '(25, 4)', '(21, 15)', '(31, 6)', '(33, 4)', '(27, 2)', '(35, 4)', '(27, 4)']",[85 states],47,23.853720883753127,23.853720883753127
86,"(25, 1)","(24, 1)",East,[],"['(23, 11)', '(21, 15)', '(25, 4)', '(27, 4)', '(31, 6)', '(33, 4)', '(27, 2)', '(35, 4)']","['(23, 11)', '(21, 15)', '(25, 4)', '(27, 4)', '(31, 6)', '(33, 4)', '(27, 2)', '(35, 4)']",[86 states],22,24.0,24.0
87,"(23, 11)","(22, 11)",East,"[((23, 12), 'North', 24.596747752497688), ((24, 11), 'East', 25.079872407968907)]","['(25, 4)', '(21, 15)', '(27, 2)', '(27, 4)', '(31, 6)', '(33, 4)', '(35, 4)']","['(25, 4)', '(21, 15)', '(27, 2)', '(23, 12)', '(31, 6)', '(33, 4)', '(35, 4)', '(27, 4)', '(24, 11)']",[87 states],50,24.166091947189145,24.166091947189145
88,"(25, 4)","(25, 3)",North,"[((25, 5), 'North', 24.331050121192877)]","['(21, 15)', '(23, 12)', '(27, 2)', '(24, 11)', '(31, 6)', '(33, 4)', '(35, 4)', '(27, 4)']","['(25, 5)', '(21, 15)', '(27, 2)', '(23, 12)', '(31, 6)', '(33, 4)', '(35, 4)', '(27, 4)', '(24, 11)']",[88 states],17,24.186773244895647,24.186773244895647
89,"(25, 5)","(25, 4)",North,"[((25, 6), 'North', 24.515301344262525), ((24, 5), 'West', 23.345235059857504)]","['(21, 15)', '(23, 12)', '(27, 2)', '(24, 11)', '(31, 6)', '(33, 4)', '(35, 4)', '(27, 4)']","['(24, 5)', '(21, 15)', '(27, 2)', '(23, 12)', '(25, 6)', '(33, 4)', '(35, 4)', '(27, 4)', '(24, 11)', '(31, 6)']",[89 states],18,24.331050121192877,24.331050121192877
90,"(24, 5)","(25, 5)",West,"[((23, 5), 'West', 22.360679774997898)]","['(21, 15)', '(25, 6)', '(27, 2)', '(23, 12)', '(31, 6)', '(33, 4)', '(35, 4)', '(27, 4)', '(24, 11)']","['(23, 5)', '(21, 15)', '(27, 2)', '(23, 12)', '(25, 6)', '(33, 4)', '(35, 4)', '(27, 4)', '(24, 11)', '(31, 6)']",[90 states],19,23.345235059857504,23.345235059857504
91,"(23, 5)","(24, 5)",West,[],"['(21, 15)', '(25, 6)', '(27, 2)', '(23, 12)', '(31, 6)', '(33, 4)', '(35, 4)', '(27, 4)', '(24, 11)']","['(21, 15)', '(25, 6)', '(27, 2)', '(23, 12)', '(31, 6)', '(33, 4)', '(35, 4)', '(27, 4)', '(24, 11)']",[91 states],20,22.360679774997898,22.360679774997898
92,"(21, 15)","(21, 14)",North,"[((22, 15), 'East', 25.238858928247925)]","['(25, 6)', '(23, 12)', '(27, 2)', '(24, 11)', '(31, 6)', '(33, 4)', '(35, 4)', '(27, 4)']","['(25, 6)', '(23, 12)', '(27, 2)', '(24, 11)', '(31, 6)', '(33, 4)', '(35, 4)', '(27, 4)', '(22, 15)']",[92 states],48,24.413111231467404,24.413111231467404
93,"(25, 6)","(25, 5)",North,"[((25, 7), 'North', 24.73863375370596)]","['(23, 12)', '(24, 11)', '(27, 2)', '(22, 15)', '(31, 6)', '(33, 4)', '(35, 4)', '(27, 4)']","['(23, 12)', '(25, 7)', '(27, 2)', '(24, 11)', '(31, 6)', '(33, 4)', '(35, 4)', '(27, 4)', '(22, 15)']",[93 states],19,24.515301344262525,24.515301344262525
94,"(23, 12)","(23, 11)",North,"[((23, 13), 'North', 25.059928172283335)]","['(25, 7)', '(24, 11)', '(27, 2)', '(22, 15)', '(31, 6)', '(33, 4)', '(35, 4)', '(27, 4)']","['(25, 7)', '(23, 13)', '(27, 2)', '(24, 11)', '(31, 6)', '(33, 4)', '(35, 4)', '(27, 4)', '(22, 15)']",[94 states],51,24.596747752497688,24.596747752497688
95,"(25, 7)","(25, 6)",North,"[((24, 7), 'West', 23.769728648009426)]","['(23, 13)', '(24, 11)', '(27, 2)', '(22, 15)', '(31, 6)', '(33, 4)', '(35, 4)', '(27, 4)']","['(24, 7)', '(23, 13)', '(27, 2)', '(24, 11)', '(31, 6)', '(33, 4)', '(35, 4)', '(27, 4)', '(22, 15)']",[95 states],20,24.73863375370596,24.73863375370596
96,"(24, 7)","(25, 7)",West,"[((23, 7), 'West', 22.80350850198276)]","['(23, 13)', '(24, 11)', '(27, 2)', '(22, 15)', '(31, 6)', '(33, 4)', '(35, 4)', '(27, 4)']","['(23, 7)', '(23, 13)', '(27, 2)', '(24, 11)', '(31, 6)', '(33, 4)', '(35, 4)', '(27, 4)', '(22, 15)']",[96 states],21,23.769728648009426,23.769728648009426
97,"(23, 7)","(24, 7)",West,"[((23, 8), 'North', 23.08679276123039), ((22, 7), 'West', 21.840329667841555)]","['(23, 13)', '(24, 11)', '(27, 2)', '(22, 15)', '(31, 6)', '(33, 4)', '(35, 4)', '(27, 4)']","['(22, 7)', '(23, 8)', '(27, 2)', '(24, 11)', '(23, 13)', '(33, 4)', '(35, 4)', '(27, 4)', '(22, 15)', '(31, 6)']",[97 states],22,22.80350850198276,22.80350850198276
98,"(22, 7)","(23, 7)",West,"[((21, 7), 'West', 20.8806130178211)]","['(23, 8)', '(23, 13)', '(27, 2)', '(24, 11)', '(31, 6)', '(33, 4)', '(35, 4)', '(27, 4)', '(22, 15)']","['(21, 7)', '(23, 8)', '(27, 2)', '(24, 11)', '(23, 13)', '(33, 4)', '(35, 4)', '(27, 4)', '(22, 15)', '(31, 6)']",[98 states],23,21.840329667841555,21.840329667841555
99,"(21, 7)","(22, 7)",West,"[((21, 8), 'North', 21.18962010041709), ((21, 6), 'South', 20.615528128088304)]","['(23, 8)', '(23, 13)', '(27, 2)', '(24, 11)', '(31, 6)', '(33, 4)', '(35, 4)', '(27, 4)', '(22, 15)']","['(21, 6)', '(21, 8)', '(27, 2)', '(24, 11)', '(23, 8)', '(33, 4)', '(35, 4)', '(27, 4)', '(22, 15)', '(31, 6)', '(23, 13)']",[99 states],24,20.8806130178211,20.8806130178211
100,"(21, 6)","(21, 7)",South,"[((21, 5), 'South', 20.396078054371138)]","['(21, 8)', '(23, 8)', '(27, 2)', '(24, 11)', '(23, 13)', '(33, 4)', '(35, 4)', '(27, 4)', '(22, 15)', '(31, 6)']","['(21, 5)', '(21, 8)', '(27, 2)', '(24, 11)', '(23, 8)', '(33, 4)', '(35, 4)', '(27, 4)', '(22, 15)', '(31, 6)', '(23, 13)']",[100 states],25,20.615528128088304,20.615528128088304
101,"(21, 5)","(21, 6)",South,[],"['(21, 8)', '(23, 8)', '(27, 2)', '(24, 11)', '(23, 13)', '(33, 4)', '(35, 4)', '(27, 4)', '(22, 15)', '(31, 6)']","['(21, 8)', '(23, 8)', '(27, 2)', '(24, 11)', '(23, 13)', '(33, 4)', '(35, 4)', '(27, 4)', '(22, 15)', '(31, 6)']",[101 states],26,20.396078054371138,20.396078054371138
102,"(21, 8)","(21, 7)",North,"[((21, 9), 'North', 21.540659228538015)]","['(23, 8)', '(23, 13)', '(27, 2)', '(24, 11)', '(31, 6)', '(33, 4)', '(35, 4)', '(27, 4)', '(22, 15)']","['(21, 9)', '(23, 8)', '(27, 2)', '(24, 11)', '(23, 13)', '(33, 4)', '(35, 4)', '(27, 4)', '(22, 15)', '(31, 6)']",[102 states],25,21.18962010041709,21.18962010041709
103,"(21, 9)","(21, 8)",North,[],"['(23, 8)', '(23, 13)', '(27, 2)', '(24, 11)', '(31, 6)', '(33, 4)', '(35, 4)', '(27, 4)', '(22, 15)']","['(23, 8)', '(23, 13)', '(27, 2)', '(24, 11)', '(31, 6)', '(33, 4)', '(35, 4)', '(27, 4)', '(22, 15)']",[103 states],26,21.540659228538015,21.540659228538015
104,"(23, 8)","(23, 7)",North,"[((23, 9), 'North', 23.40939982143925)]","['(23, 13)', '(24, 11)', '(27, 2)', '(22, 15)', '(31, 6)', '(33, 4)', '(35, 4)', '(27, 4)']","['(23, 9)', '(23, 13)', '(27, 2)', '(24, 11)', '(31, 6)', '(33, 4)', '(35, 4)', '(27, 4)', '(22, 15)']",[104 states],23,23.08679276123039,23.08679276123039
105,"(23, 9)","(23, 8)",North,"[((24, 9), 'East', 24.351591323771842)]","['(23, 13)', '(24, 11)', '(27, 2)', '(22, 15)', '(31, 6)', '(33, 4)', '(35, 4)', '(27, 4)']","['(24, 9)', '(23, 13)', '(27, 2)', '(24, 11)', '(31, 6)', '(33, 4)', '(35, 4)', '(27, 4)', '(22, 15)']",[105 states],24,23.40939982143925,23.40939982143925
106,"(24, 9)","(23, 9)",East,"[((25, 9), 'East', 25.298221281347036)]","['(23, 13)', '(24, 11)', '(27, 2)', '(22, 15)', '(31, 6)', '(33, 4)', '(35, 4)', '(27, 4)']","['(23, 13)', '(24, 11)', '(27, 2)', '(22, 15)', '(31, 6)', '(33, 4)', '(35, 4)', '(27, 4)', '(25, 9)']",[106 states],25,24.351591323771842,24.351591323771842
107,"(23, 13)","(23, 12)",North,"[((24, 13), 'East', 25.942243542145693)]","['(24, 11)', '(22, 15)', '(27, 2)', '(25, 9)', '(31, 6)', '(33, 4)', '(35, 4)', '(27, 4)']","['(24, 11)', '(22, 15)', '(27, 2)', '(25, 9)', '(31, 6)', '(33, 4)', '(35, 4)', '(27, 4)', '(24, 13)']",[107 states],52,25.059928172283335,25.059928172283335
108,"(24, 11)","(23, 11)",East,"[((25, 11), 'East', 26.0)]","['(22, 15)', '(25, 9)', '(27, 2)', '(24, 13)', '(31, 6)', '(33, 4)', '(35, 4)', '(27, 4)']","['(22, 15)', '(25, 9)', '(27, 2)', '(24, 13)', '(31, 6)', '(33, 4)', '(35, 4)', '(27, 4)', '(25, 11)']",[108 states],51,25.079872407968907,25.079872407968907
109,"(22, 15)","(21, 15)",East,"[((23, 15), 'East', 26.076809620810597)]","['(25, 9)', '(24, 13)', '(27, 2)', '(25, 11)', '(31, 6)', '(33, 4)', '(35, 4)', '(27, 4)']","['(25, 9)', '(24, 13)', '(27, 2)', '(25, 11)', '(31, 6)', '(33, 4)', '(35, 4)', '(27, 4)', '(23, 15)']",[109 states],49,25.238858928247925,25.238858928247925
110,"(25, 9)","(24, 9)",East,[],"['(24, 13)', '(25, 11)', '(27, 2)', '(23, 15)', '(31, 6)', '(33, 4)', '(35, 4)', '(27, 4)']","['(24, 13)', '(25, 11)', '(27, 2)', '(23, 15)', '(31, 6)', '(33, 4)', '(35, 4)', '(27, 4)']",[110 states],26,25.298221281347036,25.298221281347036
111,"(24, 13)","(23, 13)",East,"[((25, 13), 'East', 26.832815729997478)]","['(25, 11)', '(23, 15)', '(27, 2)', '(27, 4)', '(31, 6)', '(33, 4)', '(35, 4)']","['(25, 11)', '(23, 15)', '(27, 2)', '(27, 4)', '(31, 6)', '(33, 4)', '(35, 4)', '(25, 13)']",[111 states],53,25.942243542145693,25.942243542145693
112,"(25, 11)","(24, 11)",East,"[((26, 11), 'East', 26.92582403567252)]","['(27, 2)', '(23, 15)', '(25, 13)', '(27, 4)', '(31, 6)', '(33, 4)', '(35, 4)']","['(27, 2)', '(23, 15)', '(25, 13)', '(27, 4)', '(31, 6)', '(33, 4)', '(35, 4)', '(26, 11)']",[112 states],52,26.0,26.0
113,"(27, 2)","(27, 3)",South,"[((27, 1), 'South', 26.0)]","['(23, 15)', '(27, 4)', '(25, 13)', '(26, 11)', '(31, 6)', '(33, 4)', '(35, 4)']","['(27, 1)', '(23, 15)', '(25, 13)', '(27, 4)', '(31, 6)', '(33, 4)', '(35, 4)', '(26, 11)']",[113 states],15,26.019223662515376,26.019223662515376
114,"(27, 1)","(27, 2)",South,"[((28, 1), 'East', 27.0)]","['(23, 15)', '(27, 4)', '(25, 13)', '(26, 11)', '(31, 6)', '(33, 4)', '(35, 4)']","['(23, 15)', '(27, 4)', '(25, 13)', '(26, 11)', '(31, 6)', '(33, 4)', '(35, 4)', '(28, 1)']",[114 states],16,26.0,26.0
115,"(23, 15)","(22, 15)",East,"[((24, 15), 'East', 26.92582403567252)]","['(27, 4)', '(26, 11)', '(25, 13)', '(28, 1)', '(31, 6)', '(33, 4)', '(35, 4)']","['(27, 4)', '(26, 11)', '(25, 13)', '(24, 15)', '(31, 6)', '(33, 4)', '(35, 4)', '(28, 1)']",[115 states],50,26.076809620810597,26.076809620810597
116,"(27, 4)","(27, 3)",North,"[((27, 5), 'North', 26.30589287593181)]","['(25, 13)', '(26, 11)', '(28, 1)', '(24, 15)', '(31, 6)', '(33, 4)', '(35, 4)']","['(27, 5)', '(25, 13)', '(28, 1)', '(26, 11)', '(31, 6)', '(33, 4)', '(35, 4)', '(24, 15)']",[116 states],15,26.1725046566048,26.1725046566048
117,"(27, 5)","(27, 4)",North,"[((27, 6), 'North', 26.476404589747453)]","['(25, 13)', '(26, 11)', '(28, 1)', '(24, 15)', '(31, 6)', '(33, 4)', '(35, 4)']","['(27, 6)', '(25, 13)', '(28, 1)', '(26, 11)', '(31, 6)', '(33, 4)', '(35, 4)', '(24, 15)']",[117 states],16,26.30589287593181,26.30589287593181
118,"(27, 6)","(27, 5)",North,"[((27, 7), 'North', 26.68332812825267)]","['(25, 13)', '(26, 11)', '(28, 1)', '(24, 15)', '(31, 6)', '(33, 4)', '(35, 4)']","['(27, 7)', '(25, 13)', '(28, 1)', '(26, 11)', '(31, 6)', '(33, 4)', '(35, 4)', '(24, 15)']",[118 states],17,26.476404589747453,26.476404589747453
119,"(27, 7)","(27, 6)",North,"[((28, 7), 'East', 27.65863337187866)]","['(25, 13)', '(26, 11)', '(28, 1)', '(24, 15)', '(31, 6)', '(33, 4)', '(35, 4)']","['(25, 13)', '(26, 11)', '(28, 1)', '(24, 15)', '(31, 6)', '(33, 4)', '(35, 4)', '(28, 7)']",[119 states],18,26.68332812825267,26.68332812825267
120,"(25, 13)","(24, 13)",East,"[((26, 13), 'East', 27.730849247724095)]","['(26, 11)', '(24, 15)', '(28, 1)', '(28, 7)', '(31, 6)', '(33, 4)', '(35, 4)']","['(26, 11)', '(24, 15)', '(28, 1)', '(28, 7)', '(31, 6)', '(33, 4)', '(35, 4)', '(26, 13)']",[120 states],54,26.832815729997478,26.832815729997478
121,"(26, 11)","(25, 11)",East,"[((27, 11), 'East', 27.85677655436824)]","['(24, 15)', '(28, 7)', '(28, 1)', '(26, 13)', '(31, 6)', '(33, 4)', '(35, 4)']","['(24, 15)', '(28, 7)', '(28, 1)', '(26, 13)', '(31, 6)', '(33, 4)', '(35, 4)', '(27, 11)']",[121 states],53,26.92582403567252,26.92582403567252
122,"(24, 15)","(23, 15)",East,"[((25, 15), 'East', 27.784887978899608)]","['(28, 1)', '(28, 7)', '(27, 11)', '(26, 13)', '(31, 6)', '(33, 4)', '(35, 4)']","['(28, 1)', '(28, 7)', '(27, 11)', '(26, 13)', '(31, 6)', '(33, 4)', '(35, 4)', '(25, 15)']",[122 states],51,26.92582403567252,26.92582403567252
123,"(28, 1)","(27, 1)",East,"[((29, 1), 'East', 28.0)]","['(28, 7)', '(26, 13)', '(27, 11)', '(25, 15)', '(31, 6)', '(33, 4)', '(35, 4)']","['(28, 7)', '(26, 13)', '(27, 11)', '(25, 15)', '(31, 6)', '(33, 4)', '(35, 4)', '(29, 1)']",[123 states],17,27.0,27.0
124,"(28, 7)","(27, 7)",East,"[((29, 7), 'East', 28.635642126552707)]","['(26, 13)', '(25, 15)', '(27, 11)', '(29, 1)', '(31, 6)', '(33, 4)', '(35, 4)']","['(26, 13)', '(25, 15)', '(27, 11)', '(29, 1)', '(31, 6)', '(33, 4)', '(35, 4)', '(29, 7)']",[124 states],19,27.65863337187866,27.65863337187866
125,"(26, 13)","(25, 13)",East,"[((27, 13), 'East', 28.635642126552707)]","['(25, 15)', '(29, 1)', '(27, 11)', '(29, 7)', '(31, 6)', '(33, 4)', '(35, 4)']","['(25, 15)', '(29, 1)', '(27, 11)', '(29, 7)', '(31, 6)', '(33, 4)', '(35, 4)', '(27, 13)']",[125 states],55,27.730849247724095,27.730849247724095
126,"(25, 15)","(24, 15)",East,[],"['(27, 11)', '(29, 1)', '(27, 13)', '(29, 7)', '(31, 6)', '(33, 4)', '(35, 4)']","['(27, 11)', '(29, 1)', '(27, 13)', '(29, 7)', '(31, 6)', '(33, 4)', '(35, 4)']",[126 states],52,27.784887978899608,27.784887978899608
127,"(27, 11)","(26, 11)",East,"[((27, 10), 'South', 27.51363298439521)]","['(29, 1)', '(29, 7)', '(27, 13)', '(35, 4)', '(31, 6)', '(33, 4)']","['(27, 10)', '(29, 7)', '(29, 1)', '(35, 4)', '(31, 6)', '(33, 4)', '(27, 13)']",[127 states],54,27.85677655436824,27.85677655436824
128,"(27, 10)","(27, 11)",South,"[((27, 9), 'South', 27.202941017470888)]","['(29, 1)', '(29, 7)', '(27, 13)', '(35, 4)', '(31, 6)', '(33, 4)']","['(27, 9)', '(29, 7)', '(29, 1)', '(35, 4)', '(31, 6)', '(33, 4)', '(27, 13)']",[128 states],55,27.51363298439521,27.51363298439521
129,"(27, 9)","(27, 10)",South,[],"['(29, 1)', '(29, 7)', '(27, 13)', '(35, 4)', '(31, 6)', '(33, 4)']","['(29, 1)', '(29, 7)', '(27, 13)', '(35, 4)', '(31, 6)', '(33, 4)']",[129 states],56,27.202941017470888,27.202941017470888
130,"(29, 1)","(28, 1)",East,[],"['(29, 7)', '(31, 6)', '(27, 13)', '(35, 4)', '(33, 4)']","['(29, 7)', '(31, 6)', '(27, 13)', '(35, 4)', '(33, 4)']",[130 states],18,28.0,28.0
131,"(29, 7)","(28, 7)",East,"[((29, 8), 'North', 28.861739379323623)]","['(27, 13)', '(31, 6)', '(33, 4)', '(35, 4)']","['(27, 13)', '(29, 8)', '(33, 4)', '(35, 4)', '(31, 6)']",[131 states],20,28.635642126552707,28.635642126552707
132,"(27, 13)","(26, 13)",East,"[((27, 14), 'North', 29.068883707497267)]","['(29, 8)', '(31, 6)', '(33, 4)', '(35, 4)']","['(29, 8)', '(27, 14)', '(33, 4)', '(35, 4)', '(31, 6)']",[132 states],56,28.635642126552707,28.635642126552707
133,"(29, 8)","(29, 7)",North,"[((29, 9), 'North', 29.120439557122072)]","['(27, 14)', '(31, 6)', '(33, 4)', '(35, 4)']","['(27, 14)', '(29, 9)', '(33, 4)', '(35, 4)', '(31, 6)']",[133 states],21,28.861739379323623,28.861739379323623
134,"(27, 14)","(27, 13)",North,"[((27, 15), 'North', 29.5296461204668)]","['(29, 9)', '(31, 6)', '(33, 4)', '(35, 4)']","['(29, 9)', '(27, 15)', '(33, 4)', '(35, 4)', '(31, 6)']",[134 states],57,29.068883707497267,29.068883707497267
135,"(29, 9)","(29, 8)",North,[],"['(27, 15)', '(31, 6)', '(33, 4)', '(35, 4)']","['(27, 15)', '(31, 6)', '(33, 4)', '(35, 4)']",[135 states],22,29.120439557122072,29.120439557122072
136,"(27, 15)","(27, 14)",North,"[((28, 15), 'East', 30.4138126514911)]","['(31, 6)', '(35, 4)', '(33, 4)']","['(31, 6)', '(28, 15)', '(33, 4)', '(35, 4)']",[136 states],58,29.5296461204668,29.5296461204668
137,"(31, 6)","(31, 5)",North,"[((31, 7), 'North', 30.59411708155671)]","['(28, 15)', '(35, 4)', '(33, 4)']","['(28, 15)', '(31, 7)', '(33, 4)', '(35, 4)']",[137 states],9,30.4138126514911,30.4138126514911
138,"(28, 15)","(27, 15)",East,"[((29, 15), 'East', 31.304951684997057)]","['(31, 7)', '(35, 4)', '(33, 4)']","['(31, 7)', '(29, 15)', '(33, 4)', '(35, 4)']",[138 states],59,30.4138126514911,30.4138126514911
139,"(31, 7)","(31, 6)",North,"[((31, 8), 'North', 30.805843601498726)]","['(29, 15)', '(35, 4)', '(33, 4)']","['(31, 8)', '(29, 15)', '(33, 4)', '(35, 4)']",[139 states],10,30.59411708155671,30.59411708155671
140,"(31, 8)","(31, 7)",North,"[((31, 9), 'North', 31.04834939252005)]","['(29, 15)', '(35, 4)', '(33, 4)']","['(31, 9)', '(29, 15)', '(33, 4)', '(35, 4)']",[140 states],11,30.805843601498726,30.805843601498726
141,"(31, 9)","(31, 8)",North,"[((31, 10), 'North', 31.32091952673165), ((32, 9), 'East', 32.01562118716424)]","['(29, 15)', '(35, 4)', '(33, 4)']","['(29, 15)', '(31, 10)', '(33, 4)', '(35, 4)', '(32, 9)']",[141 states],12,31.04834939252005,31.04834939252005
142,"(29, 15)","(28, 15)",East,"[((29, 14), 'South', 30.870698080866262)]","['(31, 10)', '(32, 9)', '(33, 4)', '(35, 4)']","['(29, 14)', '(31, 10)', '(33, 4)', '(35, 4)', '(32, 9)']",[142 states],60,31.304951684997057,31.304951684997057
143,"(29, 14)","(29, 15)",South,"[((29, 13), 'South', 30.463092423455635)]","['(31, 10)', '(32, 9)', '(33, 4)', '(35, 4)']","['(29, 13)', '(31, 10)', '(33, 4)', '(35, 4)', '(32, 9)']",[143 states],61,30.870698080866262,30.870698080866262
144,"(29, 13)","(29, 14)",South,"[((30, 13), 'East', 31.38470965295043)]","['(31, 10)', '(32, 9)', '(33, 4)', '(35, 4)']","['(31, 10)', '(30, 13)', '(33, 4)', '(35, 4)', '(32, 9)']",[144 states],62,30.463092423455635,30.463092423455635
145,"(31, 10)","(31, 9)",North,"[((31, 11), 'North', 31.622776601683793)]","['(30, 13)', '(32, 9)', '(33, 4)', '(35, 4)']","['(30, 13)', '(31, 11)', '(33, 4)', '(35, 4)', '(32, 9)']",[145 states],13,31.32091952673165,31.32091952673165
146,"(30, 13)","(29, 13)",East,"[((31, 13), 'East', 32.31098884280702)]","['(31, 11)', '(32, 9)', '(33, 4)', '(35, 4)']","['(31, 11)', '(32, 9)', '(33, 4)', '(35, 4)', '(31, 13)']",[146 states],63,31.38470965295043,31.38470965295043
147,"(31, 11)","(31, 10)",North,"[((30, 11), 'West', 30.675723300355934)]","['(32, 9)', '(31, 13)', '(33, 4)', '(35, 4)']","['(30, 11)', '(32, 9)', '(33, 4)', '(35, 4)', '(31, 13)']",[147 states],14,31.622776601683793,31.622776601683793
148,"(30, 11)","(31, 11)",West,"[((29, 11), 'West', 29.732137494637012)]","['(32, 9)', '(31, 13)', '(33, 4)', '(35, 4)']","['(29, 11)', '(32, 9)', '(33, 4)', '(35, 4)', '(31, 13)']",[148 states],15,30.675723300355934,30.675723300355934
149,"(29, 11)","(30, 11)",West,[],"['(32, 9)', '(31, 13)', '(33, 4)', '(35, 4)']","['(32, 9)', '(31, 13)', '(33, 4)', '(35, 4)']",[149 states],16,29.732137494637012,29.732137494637012
150,"(32, 9)","(31, 9)",East,"[((33, 9), 'East', 32.984845004941285)]","['(33, 4)', '(31, 13)', '(35, 4)']","['(33, 4)', '(31, 13)', '(35, 4)', '(33, 9)']",[150 states],13,32.01562118716424,32.01562118716424
151,"(33, 4)","(33, 3)",North,"[((33, 5), 'North', 32.2490309931942)]","['(31, 13)', '(33, 9)', '(35, 4)']","['(33, 5)', '(31, 13)', '(35, 4)', '(33, 9)']",[151 states],5,32.14031735997639,32.14031735997639
152,"(33, 5)","(33, 4)",North,"[((33, 6), 'North', 32.38826948140329)]","['(31, 13)', '(33, 9)', '(35, 4)']","['(31, 13)', '(33, 6)', '(35, 4)', '(33, 9)']",[152 states],6,32.2490309931942,32.2490309931942
153,"(31, 13)","(30, 13)",East,"[((31, 14), 'North', 32.69556544854363), ((32, 13), 'East', 33.24154027718932)]","['(33, 6)', '(33, 9)', '(35, 4)']","['(33, 6)', '(31, 14)', '(35, 4)', '(33, 9)', '(32, 13)']",[153 states],64,32.31098884280702,32.31098884280702
154,"(33, 6)","(33, 5)",North,"[((33, 7), 'North', 32.55764119219941)]","['(31, 14)', '(33, 9)', '(35, 4)', '(32, 13)']","['(33, 7)', '(31, 14)', '(35, 4)', '(32, 13)', '(33, 9)']",[154 states],7,32.38826948140329,32.38826948140329
155,"(33, 7)","(33, 6)",North,"[((34, 7), 'East', 33.54101966249684)]","['(31, 14)', '(33, 9)', '(35, 4)', '(32, 13)']","['(31, 14)', '(33, 9)', '(35, 4)', '(32, 13)', '(34, 7)']",[155 states],8,32.55764119219941,32.55764119219941
156,"(31, 14)","(31, 13)",North,"[((31, 15), 'North', 33.1058907144937)]","['(33, 9)', '(32, 13)', '(35, 4)', '(34, 7)']","['(33, 9)', '(31, 15)', '(35, 4)', '(34, 7)', '(32, 13)']",[156 states],65,32.69556544854363,32.69556544854363
157,"(33, 9)","(32, 9)",East,"[((33, 10), 'North', 33.24154027718932), ((34, 9), 'East', 33.95585369269929)]","['(31, 15)', '(32, 13)', '(35, 4)', '(34, 7)']","['(31, 15)', '(32, 13)', '(34, 9)', '(34, 7)', '(33, 10)', '(35, 4)']",[157 states],14,32.984845004941285,32.984845004941285
158,"(31, 15)","(31, 14)",North,"[((31, 16), 'North', 33.54101966249684)]","['(32, 13)', '(33, 10)', '(34, 9)', '(34, 7)', '(35, 4)']","['(32, 13)', '(33, 10)', '(31, 16)', '(34, 7)', '(35, 4)', '(34, 9)']",[158 states],66,33.1058907144937,33.1058907144937
159,"(32, 13)","(31, 13)",East,"[((33, 13), 'East', 34.17601498127012)]","['(33, 10)', '(34, 7)', '(31, 16)', '(34, 9)', '(35, 4)']","['(33, 10)', '(34, 7)', '(31, 16)', '(34, 9)', '(35, 4)', '(33, 13)']",[159 states],65,33.24154027718932,33.24154027718932
160,"(33, 10)","(33, 9)",North,"[((33, 11), 'North', 33.52610922848042)]","['(34, 7)', '(34, 9)', '(31, 16)', '(33, 13)', '(35, 4)']","['(33, 11)', '(34, 9)', '(34, 7)', '(33, 13)', '(35, 4)', '(31, 16)']",[160 states],15,33.24154027718932,33.24154027718932
161,"(33, 11)","(33, 10)",North,[],"['(34, 7)', '(34, 9)', '(31, 16)', '(33, 13)', '(35, 4)']","['(34, 7)', '(34, 9)', '(31, 16)', '(33, 13)', '(35, 4)']",[161 states],16,33.52610922848042,33.52610922848042
162,"(34, 7)","(33, 7)",East,"[((35, 7), 'East', 34.52535300326414)]","['(31, 16)', '(34, 9)', '(35, 4)', '(33, 13)']","['(31, 16)', '(34, 9)', '(35, 4)', '(33, 13)', '(35, 7)']",[162 states],9,33.54101966249684,33.54101966249684
163,"(31, 16)","(31, 15)",North,"[((31, 17), 'North', 34.0)]","['(34, 9)', '(33, 13)', '(35, 4)', '(35, 7)']","['(34, 9)', '(31, 17)', '(35, 4)', '(35, 7)', '(33, 13)']",[163 states],67,33.54101966249684,33.54101966249684
164,"(34, 9)","(33, 9)",East,"[((35, 9), 'East', 34.92849839314596)]","['(31, 17)', '(33, 13)', '(35, 4)', '(35, 7)']","['(31, 17)', '(33, 13)', '(35, 4)', '(35, 7)', '(35, 9)']",[164 states],15,33.95585369269929,33.95585369269929
165,"(31, 17)","(31, 16)",North,"[((31, 18), 'North', 34.48187929913333)]","['(35, 4)', '(33, 13)', '(35, 9)', '(35, 7)']","['(35, 4)', '(33, 13)', '(35, 9)', '(35, 7)', '(31, 18)']",[165 states],68,34.0,34.0
166,"(35, 4)","(35, 3)",North,"[((35, 5), 'North', 34.23448553724738)]","['(33, 13)', '(31, 18)', '(35, 9)', '(35, 7)']","['(33, 13)', '(35, 5)', '(35, 9)', '(35, 7)', '(31, 18)']",[166 states],3,34.132096331752024,34.132096331752024
167,"(33, 13)","(32, 13)",East,"[((34, 13), 'East', 35.11409973215888)]","['(35, 5)', '(31, 18)', '(35, 9)', '(35, 7)']","['(35, 5)', '(31, 18)', '(35, 9)', '(35, 7)', '(34, 13)']",[167 states],66,34.17601498127012,34.17601498127012
168,"(35, 5)","(35, 4)",North,[],"['(31, 18)', '(35, 7)', '(35, 9)', '(34, 13)']","['(31, 18)', '(35, 7)', '(35, 9)', '(34, 13)']",[168 states],4,34.23448553724738,34.23448553724738
169,"(31, 18)","(31, 17)",North,"[((31, 19), 'North', 34.9857113690718)]","['(35, 7)', '(34, 13)', '(35, 9)']","['(35, 7)', '(31, 19)', '(35, 9)', '(34, 13)']",[169 states],69,34.48187929913333,34.48187929913333
170,"(35, 7)","(34, 7)",East,[],"['(35, 9)', '(31, 19)', '(34, 13)']","['(35, 9)', '(31, 19)', '(34, 13)']",[170 states],10,34.52535300326414,34.52535300326414
171,"(35, 9)","(34, 9)",East,"[((35, 10), 'North', 35.17101079013795)]","['(31, 19)', '(34, 13)']","['(31, 19)', '(34, 13)', '(35, 10)']",[171 states],16,34.92849839314596,34.92849839314596
172,"(31, 19)","(31, 18)",North,"[((31, 20), 'North', 35.510561809129406), ((32, 19), 'East', 35.84689665786984)]","['(34, 13)', '(35, 10)']","['(34, 13)', '(35, 10)', '(31, 20)', '(32, 19)']",[172 states],70,34.9857113690718,34.9857113690718
173,"(34, 13)","(33, 13)",East,"[((35, 13), 'East', 36.05551275463989)]","['(35, 10)', '(32, 19)', '(31, 20)']","['(35, 10)', '(32, 19)', '(31, 20)', '(35, 13)']",[173 states],67,35.11409973215888,35.11409973215888
174,"(35, 10)","(35, 9)",North,"[((35, 11), 'North', 35.4400902933387)]","['(31, 20)', '(32, 19)', '(35, 13)']","['(35, 11)', '(31, 20)', '(35, 13)', '(32, 19)']",[174 states],17,35.17101079013795,35.17101079013795
175,"(35, 11)","(35, 10)",North,[],"['(31, 20)', '(32, 19)', '(35, 13)']","['(31, 20)', '(32, 19)', '(35, 13)']",[175 states],18,35.4400902933387,35.4400902933387
176,"(31, 20)","(31, 19)",North,"[((31, 21), 'North', 36.05551275463989)]","['(32, 19)', '(35, 13)']","['(32, 19)', '(35, 13)', '(31, 21)']",[176 states],71,35.510561809129406,35.510561809129406
177,"(32, 19)","(31, 19)",East,"[((33, 19), 'East', 36.71511950137164)]","['(35, 13)', '(31, 21)']","['(35, 13)', '(31, 21)', '(33, 19)']",[177 states],71,35.84689665786984,35.84689665786984
178,"(35, 13)","(34, 13)",East,"[((35, 14), 'North', 36.40054944640259)]","['(31, 21)', '(33, 19)']","['(31, 21)', '(33, 19)', '(35, 14)']",[178 states],68,36.05551275463989,36.05551275463989
179,"(31, 21)","(31, 20)",North,[],"['(35, 14)', '(33, 19)']","['(35, 14)', '(33, 19)']",[179 states],72,36.05551275463989,36.05551275463989
180,"(35, 14)","(35, 13)",North,"[((35, 15), 'North', 36.76955262170047)]","['(33, 19)']","['(33, 19)', '(35, 15)']",[180 states],69,36.40054944640259,36.40054944640259
181,"(33, 19)","(32, 19)",East,"[((33, 20), 'North', 37.21558813185679), ((34, 19), 'East', 37.589892258425)]","['(35, 15)']","['(35, 15)', '(33, 20)', '(34, 19)']",[181 states],72,36.71511950137164,36.71511950137164
182,"(35, 15)","(35, 14)",North,"[((34, 15), 'West', 35.84689665786984)]","['(33, 20)', '(34, 19)']","['(34, 15)', '(34, 19)', '(33, 20)']",[182 states],70,36.76955262170047,36.76955262170047
183,"(34, 15)","(35, 15)",West,"[((33, 15), 'West', 34.92849839314596)]","['(33, 20)', '(34, 19)']","['(33, 15)', '(34, 19)', '(33, 20)']",[183 states],71,35.84689665786984,35.84689665786984
184,"(33, 15)","(34, 15)",West,"[((33, 16), 'North', 35.34119409414458)]","['(33, 20)', '(34, 19)']","['(33, 16)', '(34, 19)', '(33, 20)']",[184 states],72,34.92849839314596,34.92849839314596
185,"(33, 16)","(33, 15)",North,"[((33, 17), 'North', 35.77708763999664)]","['(33, 20)', '(34, 19)']","['(33, 17)', '(34, 19)', '(33, 20)']",[185 states],73,35.34119409414458,35.34119409414458
186,"(33, 17)","(33, 16)",North,"[((34, 17), 'East', 36.6742416417845)]","['(33, 20)', '(34, 19)']","['(34, 17)', '(34, 19)', '(33, 20)']",[186 states],74,35.77708763999664,35.77708763999664
187,"(34, 17)","(33, 17)",East,"[((35, 17), 'East', 37.57658845611187)]","['(33, 20)', '(34, 19)']","['(33, 20)', '(34, 19)', '(35, 17)']",[187 states],75,36.6742416417845,36.6742416417845
188,"(33, 20)","(33, 19)",North,"[((33, 21), 'North', 37.73592452822641)]","['(35, 17)', '(34, 19)']","['(35, 17)', '(34, 19)', '(33, 21)']",[188 states],73,37.21558813185679,37.21558813185679
189,"(35, 17)","(34, 17)",East,[],"['(34, 19)', '(33, 21)']","['(34, 19)', '(33, 21)']",[189 states],76,37.57658845611187,37.57658845611187
190,"(34, 19)","(33, 19)",East,"[((35, 19), 'East', 38.47076812334269)]","['(33, 21)']","['(33, 21)', '(35, 19)']",[190 states],73,37.589892258425,37.589892258425
191,"(33, 21)","(33, 20)",North,[],"['(35, 19)']","['(35, 19)']",[191 states],74,37.73592452822641,37.73592452822641
192,"(35, 19)","(34, 19)",East,"[((35, 20), 'North', 38.948684188300895)]",[],"['(35, 20)']",[192 states],74,38.47076812334269,38.47076812334269
193,"(35, 20)","(35, 19)",North,"[((35, 21), 'North', 39.44616584663204)]",[],"['(35, 21)']",[193 states],75,38.948684188300895,38.948684188300895
194,"(35, 21)","(35, 20)",North,"[((35, 22), 'North', 39.96248240537617)]",[],"['(35, 22)']",[194 states],76,39.44616584663204,39.44616584663204
195,"(35, 22)","(35, 21)",North,"[((35, 23), 'North', 40.496913462633174)]",[],"['(35, 23)']",[195 states],77,39.96248240537617,39.96248240537617
196,"(35, 23)","(35, 22)",North,"[((35, 24), 'North', 41.048751503547585), ((34, 23), 'West', 39.66106403010388)]",[],"['(34, 23)', '(35, 24)']",[196 states],78,40.496913462633174,40.496913462633174
197,"(34, 23)","(35, 23)",West,"[((33, 23), 'West', 38.8329756778952)]","['(35, 24)']","['(33, 23)', '(35, 24)']",[197 states],79,39.66106403010388,39.66106403010388
198,"(33, 23)","(34, 23)",West,[],"['(35, 24)']","['(35, 24)']",[198 states],80,38.8329756778952,38.8329756778952
199,"(35, 24)","(35, 23)",North,"[((35, 25), 'North', 41.617304093369626)]",[],"['(35, 25)']",[199 states],79,41.048751503547585,41.048751503547585
200,"(35, 25)","(35, 24)",North,"[((35, 26), 'North', 42.20189569201838)]",[],"['(35, 26)']",[200 states],80,41.617304093369626,41.617304093369626
201,"(35, 26)","(35, 25)",North,"[((35, 27), 'North', 42.80186911806539)]",[],"['(35, 27)']",[201 states],81,42.20189569201838,42.20189569201838
202,"(35, 27)","(35, 26)",North,"[((35, 28), 'North', 43.41658669218482)]",[],"['(35, 28)']",[202 states],82,42.80186911806539,42.80186911806539
203,"(35, 28)","(35, 27)",North,"[((35, 29), 'North', 44.04543109109048)]",[],"['(35, 29)']",[203 states],83,43.41658669218482,43.41658669218482
204,"(35, 29)","(35, 28)",North,"[((35, 30), 'North', 44.68780594300866), ((34, 29), 'West', 43.278170016764804)]",[],"['(34, 29)', '(35, 30)']",[204 states],84,44.04543109109048,44.04543109109048
205,"(34, 29)","(35, 29)",West,"[((33, 29), 'West', 42.5205832509386)]","['(35, 30)']","['(33, 29)', '(35, 30)']",[205 states],85,43.278170016764804,43.278170016764804
206,"(33, 29)","(34, 29)",West,"[((33, 28), 'South', 41.86884283091664)]","['(35, 30)']","['(33, 28)', '(35, 30)']",[206 states],86,42.5205832509386,42.5205832509386
207,"(33, 28)","(33, 29)",South,"[((33, 27), 'South', 41.23105625617661)]","['(35, 30)']","['(33, 27)', '(35, 30)']",[207 states],87,41.86884283091664,41.86884283091664
208,"(33, 27)","(33, 28)",South,"[((33, 26), 'South', 40.607881008493905), ((32, 27), 'West', 40.45985664828782)]","['(35, 30)']","['(32, 27)', '(35, 30)', '(33, 26)']",[208 states],88,41.23105625617661,41.23105625617661
209,"(32, 27)","(33, 27)",West,"[((31, 27), 'West', 39.698866482558415)]","['(33, 26)', '(35, 30)']","['(31, 27)', '(35, 30)', '(33, 26)']",[209 states],89,40.45985664828782,40.45985664828782
210,"(31, 27)","(32, 27)",West,"[((31, 28), 'North', 40.36087214122113), ((30, 27), 'West', 38.948684188300895)]","['(33, 26)', '(35, 30)']","['(30, 27)', '(31, 28)', '(33, 26)', '(35, 30)']",[210 states],90,39.698866482558415,39.698866482558415
211,"(30, 27)","(31, 27)",West,"[((29, 27), 'West', 38.2099463490856)]","['(31, 28)', '(35, 30)', '(33, 26)']","['(29, 27)', '(31, 28)', '(33, 26)', '(35, 30)']",[211 states],91,38.948684188300895,38.948684188300895
212,"(29, 27)","(30, 27)",West,"[((29, 28), 'North', 38.897300677553446), ((29, 26), 'South', 37.53664875824692)]","['(31, 28)', '(35, 30)', '(33, 26)']","['(29, 26)', '(29, 28)', '(33, 26)', '(35, 30)', '(31, 28)']",[212 states],92,38.2099463490856,38.2099463490856
213,"(29, 26)","(29, 27)",South,"[((29, 25), 'South', 36.87817782917155)]","['(29, 28)', '(31, 28)', '(33, 26)', '(35, 30)']","['(29, 25)', '(29, 28)', '(33, 26)', '(35, 30)', '(31, 28)']",[213 states],93,37.53664875824692,37.53664875824692
214,"(29, 25)","(29, 26)",South,"[((29, 24), 'South', 36.235341863986875)]","['(29, 28)', '(31, 28)', '(33, 26)', '(35, 30)']","['(29, 24)', '(29, 28)', '(33, 26)', '(35, 30)', '(31, 28)']",[214 states],94,36.87817782917155,36.87817782917155
215,"(29, 24)","(29, 25)",South,"[((29, 23), 'South', 35.608987629529715)]","['(29, 28)', '(31, 28)', '(33, 26)', '(35, 30)']","['(29, 23)', '(29, 28)', '(33, 26)', '(35, 30)', '(31, 28)']",[215 states],95,36.235341863986875,36.235341863986875
216,"(29, 23)","(29, 24)",South,"[((29, 22), 'South', 35.0), ((30, 23), 'East', 36.40054944640259)]","['(29, 28)', '(31, 28)', '(33, 26)', '(35, 30)']","['(29, 22)', '(29, 28)', '(30, 23)', '(35, 30)', '(31, 28)', '(33, 26)']",[216 states],96,35.608987629529715,35.608987629529715
217,"(29, 22)","(29, 23)",South,"[((29, 21), 'South', 34.40930106817051)]","['(30, 23)', '(29, 28)', '(33, 26)', '(35, 30)', '(31, 28)']","['(29, 21)', '(29, 28)', '(30, 23)', '(35, 30)', '(31, 28)', '(33, 26)']",[217 states],97,35.0,35.0
218,"(29, 21)","(29, 22)",South,"[((29, 20), 'South', 33.83784863137726), ((28, 21), 'West', 33.60059523282288)]","['(30, 23)', '(29, 28)', '(33, 26)', '(35, 30)', '(31, 28)']","['(28, 21)', '(29, 28)', '(29, 20)', '(35, 30)', '(31, 28)', '(33, 26)', '(30, 23)']",[218 states],98,34.40930106817051,34.40930106817051
219,"(28, 21)","(29, 21)",West,"[((27, 21), 'West', 32.802438933713454)]","['(29, 20)', '(29, 28)', '(30, 23)', '(35, 30)', '(31, 28)', '(33, 26)']","['(27, 21)', '(29, 28)', '(29, 20)', '(35, 30)', '(31, 28)', '(33, 26)', '(30, 23)']",[219 states],99,33.60059523282288,33.60059523282288
220,"(27, 21)","(28, 21)",West,"[((27, 20), 'South', 32.202484376209235)]","['(29, 20)', '(29, 28)', '(30, 23)', '(35, 30)', '(31, 28)', '(33, 26)']","['(27, 20)', '(29, 28)', '(29, 20)', '(35, 30)', '(31, 28)', '(33, 26)', '(30, 23)']",[220 states],100,32.802438933713454,32.802438933713454
221,"(27, 20)","(27, 21)",South,"[((27, 19), 'South', 31.622776601683793)]","['(29, 20)', '(29, 28)', '(30, 23)', '(35, 30)', '(31, 28)', '(33, 26)']","['(27, 19)', '(29, 28)', '(29, 20)', '(35, 30)', '(31, 28)', '(33, 26)', '(30, 23)']",[221 states],101,32.202484376209235,32.202484376209235
222,"(27, 19)","(27, 20)",South,"[((27, 18), 'South', 31.064449134018133)]","['(29, 20)', '(29, 28)', '(30, 23)', '(35, 30)', '(31, 28)', '(33, 26)']","['(27, 18)', '(29, 28)', '(29, 20)', '(35, 30)', '(31, 28)', '(33, 26)', '(30, 23)']",[222 states],102,31.622776601683793,31.622776601683793
223,"(27, 18)","(27, 19)",South,"[((27, 17), 'South', 30.528675044947494)]","['(29, 20)', '(29, 28)', '(30, 23)', '(35, 30)', '(31, 28)', '(33, 26)']","['(27, 17)', '(29, 28)', '(29, 20)', '(35, 30)', '(31, 28)', '(33, 26)', '(30, 23)']",[223 states],103,31.064449134018133,31.064449134018133
224,"(27, 17)","(27, 18)",South,"[((28, 17), 'East', 31.38470965295043), ((26, 17), 'West', 29.68164415931166)]","['(29, 20)', '(29, 28)', '(30, 23)', '(35, 30)', '(31, 28)', '(33, 26)']","['(26, 17)', '(28, 17)', '(29, 20)', '(29, 28)', '(31, 28)', '(33, 26)', '(30, 23)', '(35, 30)']",[224 states],104,30.528675044947494,30.528675044947494
225,"(26, 17)","(27, 17)",West,"[((25, 17), 'West', 28.844410203711913)]","['(28, 17)', '(29, 28)', '(29, 20)', '(35, 30)', '(31, 28)', '(33, 26)', '(30, 23)']","['(25, 17)', '(28, 17)', '(29, 20)', '(29, 28)', '(31, 28)', '(33, 26)', '(30, 23)', '(35, 30)']",[225 states],105,29.68164415931166,29.68164415931166
226,"(25, 17)","(26, 17)",West,"[((25, 18), 'North', 29.410882339705484)]","['(28, 17)', '(29, 28)', '(29, 20)', '(35, 30)', '(31, 28)', '(33, 26)', '(30, 23)']","['(25, 18)', '(28, 17)', '(29, 20)', '(29, 28)', '(31, 28)', '(33, 26)', '(30, 23)', '(35, 30)']",[226 states],106,28.844410203711913,28.844410203711913
227,"(25, 18)","(25, 17)",North,"[((25, 19), 'North', 30.0)]","['(28, 17)', '(29, 28)', '(29, 20)', '(35, 30)', '(31, 28)', '(33, 26)', '(30, 23)']","['(25, 19)', '(28, 17)', '(29, 20)', '(29, 28)', '(31, 28)', '(33, 26)', '(30, 23)', '(35, 30)']",[227 states],107,29.410882339705484,29.410882339705484
228,"(25, 19)","(25, 18)",North,"[((25, 20), 'North', 30.610455730027933), ((24, 19), 'West', 29.206163733020468)]","['(28, 17)', '(29, 28)', '(29, 20)', '(35, 30)', '(31, 28)', '(33, 26)', '(30, 23)']","['(24, 19)', '(25, 20)', '(29, 20)', '(28, 17)', '(31, 28)', '(33, 26)', '(30, 23)', '(35, 30)', '(29, 28)']",[228 states],108,30.0,30.0
229,"(24, 19)","(25, 19)",West,"[((23, 19), 'West', 28.42534080710379)]","['(25, 20)', '(28, 17)', '(29, 20)', '(29, 28)', '(31, 28)', '(33, 26)', '(30, 23)', '(35, 30)']","['(23, 19)', '(25, 20)', '(29, 20)', '(28, 17)', '(31, 28)', '(33, 26)', '(30, 23)', '(35, 30)', '(29, 28)']",[229 states],109,29.206163733020468,29.206163733020468
230,"(23, 19)","(24, 19)",West,"[((22, 19), 'West', 27.65863337187866)]","['(25, 20)', '(28, 17)', '(29, 20)', '(29, 28)', '(31, 28)', '(33, 26)', '(30, 23)', '(35, 30)']","['(22, 19)', '(25, 20)', '(29, 20)', '(28, 17)', '(31, 28)', '(33, 26)', '(30, 23)', '(35, 30)', '(29, 28)']",[230 states],110,28.42534080710379,28.42534080710379
231,"(22, 19)","(23, 19)",West,"[((21, 19), 'West', 26.90724809414742)]","['(25, 20)', '(28, 17)', '(29, 20)', '(29, 28)', '(31, 28)', '(33, 26)', '(30, 23)', '(35, 30)']","['(21, 19)', '(25, 20)', '(29, 20)', '(28, 17)', '(31, 28)', '(33, 26)', '(30, 23)', '(35, 30)', '(29, 28)']",[231 states],111,27.65863337187866,27.65863337187866
232,"(21, 19)","(22, 19)",West,"[((21, 20), 'North', 27.586228448267445), ((21, 18), 'South', 26.248809496813376), ((20, 19), 'West', 26.1725046566048)]","['(25, 20)', '(28, 17)', '(29, 20)', '(29, 28)', '(31, 28)', '(33, 26)', '(30, 23)', '(35, 30)']","['(20, 19)', '(21, 18)', '(29, 20)', '(28, 17)', '(21, 20)', '(33, 26)', '(30, 23)', '(35, 30)', '(29, 28)', '(31, 28)', '(25, 20)']",[232 states],112,26.90724809414742,26.90724809414742
233,"(20, 19)","(21, 19)",West,"[((19, 19), 'West', 25.45584412271571)]","['(21, 18)', '(21, 20)', '(29, 20)', '(28, 17)', '(25, 20)', '(33, 26)', '(30, 23)', '(35, 30)', '(29, 28)', '(31, 28)']","['(19, 19)', '(21, 18)', '(29, 20)', '(28, 17)', '(21, 20)', '(33, 26)', '(30, 23)', '(35, 30)', '(29, 28)', '(31, 28)', '(25, 20)']",[233 states],113,26.1725046566048,26.1725046566048
234,"(19, 19)","(20, 19)",West,"[((18, 19), 'West', 24.758836806279895)]","['(21, 18)', '(21, 20)', '(29, 20)', '(28, 17)', '(25, 20)', '(33, 26)', '(30, 23)', '(35, 30)', '(29, 28)', '(31, 28)']","['(18, 19)', '(21, 18)', '(29, 20)', '(28, 17)', '(21, 20)', '(33, 26)', '(30, 23)', '(35, 30)', '(29, 28)', '(31, 28)', '(25, 20)']",[234 states],114,25.45584412271571,25.45584412271571
235,"(18, 19)","(19, 19)",West,"[((17, 19), 'West', 24.08318915758459)]","['(21, 18)', '(21, 20)', '(29, 20)', '(28, 17)', '(25, 20)', '(33, 26)', '(30, 23)', '(35, 30)', '(29, 28)', '(31, 28)']","['(17, 19)', '(21, 18)', '(29, 20)', '(28, 17)', '(21, 20)', '(33, 26)', '(30, 23)', '(35, 30)', '(29, 28)', '(31, 28)', '(25, 20)']",[235 states],115,24.758836806279895,24.758836806279895
236,"(17, 19)","(18, 19)",West,"[((17, 20), 'North', 24.839484696748443), ((16, 19), 'West', 23.430749027719962)]","['(21, 18)', '(21, 20)', '(29, 20)', '(28, 17)', '(25, 20)', '(33, 26)', '(30, 23)', '(35, 30)', '(29, 28)', '(31, 28)']","['(16, 19)', '(21, 18)', '(17, 20)', '(28, 17)', '(21, 20)', '(29, 20)', '(30, 23)', '(35, 30)', '(29, 28)', '(31, 28)', '(25, 20)', '(33, 26)']",[236 states],116,24.08318915758459,24.08318915758459
237,"(16, 19)","(17, 19)",West,"[((15, 19), 'West', 22.80350850198276)]","['(17, 20)', '(21, 18)', '(29, 20)', '(28, 17)', '(21, 20)', '(33, 26)', '(30, 23)', '(35, 30)', '(29, 28)', '(31, 28)', '(25, 20)']","['(15, 19)', '(21, 18)', '(17, 20)', '(28, 17)', '(21, 20)', '(29, 20)', '(30, 23)', '(35, 30)', '(29, 28)', '(31, 28)', '(25, 20)', '(33, 26)']",[237 states],117,23.430749027719962,23.430749027719962
238,"(15, 19)","(16, 19)",West,"[((15, 18), 'South', 22.02271554554524), ((14, 19), 'West', 22.20360331117452)]","['(17, 20)', '(21, 18)', '(29, 20)', '(28, 17)', '(21, 20)', '(33, 26)', '(30, 23)', '(35, 30)', '(29, 28)', '(31, 28)', '(25, 20)']","['(15, 18)', '(21, 18)', '(14, 19)', '(28, 17)', '(21, 20)', '(17, 20)', '(30, 23)', '(35, 30)', '(29, 28)', '(31, 28)', '(25, 20)', '(33, 26)', '(29, 20)']",[238 states],118,22.80350850198276,22.80350850198276
239,"(15, 18)","(15, 19)",South,"[((15, 17), 'South', 21.2602916254693)]","['(14, 19)', '(21, 18)', '(17, 20)', '(28, 17)', '(21, 20)', '(29, 20)', '(30, 23)', '(35, 30)', '(29, 28)', '(31, 28)', '(25, 20)', '(33, 26)']","['(15, 17)', '(21, 18)', '(14, 19)', '(28, 17)', '(21, 20)', '(17, 20)', '(30, 23)', '(35, 30)', '(29, 28)', '(31, 28)', '(25, 20)', '(33, 26)', '(29, 20)']",[239 states],119,22.02271554554524,22.02271554554524
240,"(15, 17)","(15, 18)",South,"[((16, 17), 'East', 21.93171219946131)]","['(14, 19)', '(21, 18)', '(17, 20)', '(28, 17)', '(21, 20)', '(29, 20)', '(30, 23)', '(35, 30)', '(29, 28)', '(31, 28)', '(25, 20)', '(33, 26)']","['(16, 17)', '(21, 18)', '(14, 19)', '(28, 17)', '(21, 20)', '(17, 20)', '(30, 23)', '(35, 30)', '(29, 28)', '(31, 28)', '(25, 20)', '(33, 26)', '(29, 20)']",[240 states],120,21.2602916254693,21.2602916254693
241,"(16, 17)","(15, 17)",East,"[((17, 17), 'East', 22.627416997969522)]","['(14, 19)', '(21, 18)', '(17, 20)', '(28, 17)', '(21, 20)', '(29, 20)', '(30, 23)', '(35, 30)', '(29, 28)', '(31, 28)', '(25, 20)', '(33, 26)']","['(14, 19)', '(21, 18)', '(17, 17)', '(28, 17)', '(21, 20)', '(17, 20)', '(30, 23)', '(35, 30)', '(29, 28)', '(31, 28)', '(25, 20)', '(33, 26)', '(29, 20)']",[241 states],121,21.93171219946131,21.93171219946131
242,"(14, 19)","(15, 19)",West,"[((13, 19), 'West', 21.633307652783937)]","['(17, 17)', '(21, 18)', '(17, 20)', '(28, 17)', '(21, 20)', '(29, 20)', '(30, 23)', '(35, 30)', '(29, 28)', '(31, 28)', '(25, 20)', '(33, 26)']","['(13, 19)', '(21, 18)', '(17, 17)', '(28, 17)', '(21, 20)', '(17, 20)', '(30, 23)', '(35, 30)', '(29, 28)', '(31, 28)', '(25, 20)', '(33, 26)', '(29, 20)']",[242 states],119,22.20360331117452,22.20360331117452
243,"(13, 19)","(14, 19)",West,"[((13, 20), 'North', 22.47220505424423), ((13, 18), 'South', 20.808652046684813), ((12, 19), 'West', 21.095023109728988)]","['(17, 17)', '(21, 18)', '(17, 20)', '(28, 17)', '(21, 20)', '(29, 20)', '(30, 23)', '(35, 30)', '(29, 28)', '(31, 28)', '(25, 20)', '(33, 26)']","['(13, 18)', '(21, 18)', '(12, 19)', '(28, 17)', '(21, 20)', '(17, 20)', '(13, 20)', '(35, 30)', '(29, 28)', '(31, 28)', '(25, 20)', '(33, 26)', '(29, 20)', '(30, 23)', '(17, 17)']",[243 states],120,21.633307652783937,21.633307652783937
244,"(13, 18)","(13, 19)",South,"[((13, 17), 'South', 20.0)]","['(12, 19)', '(21, 18)', '(13, 20)', '(28, 17)', '(21, 20)', '(17, 20)', '(17, 17)', '(35, 30)', '(29, 28)', '(31, 28)', '(25, 20)', '(33, 26)', '(29, 20)', '(30, 23)']","['(13, 17)', '(21, 18)', '(12, 19)', '(28, 17)', '(21, 20)', '(17, 20)', '(13, 20)', '(35, 30)', '(29, 28)', '(31, 28)', '(25, 20)', '(33, 26)', '(29, 20)', '(30, 23)', '(17, 17)']",[244 states],121,20.808652046684813,20.808652046684813
245,"(13, 17)","(13, 18)",South,[],"['(12, 19)', '(21, 18)', '(13, 20)', '(28, 17)', '(21, 20)', '(17, 20)', '(17, 17)', '(35, 30)', '(29, 28)', '(31, 28)', '(25, 20)', '(33, 26)', '(29, 20)', '(30, 23)']","['(12, 19)', '(21, 18)', '(13, 20)', '(28, 17)', '(21, 20)', '(17, 20)', '(17, 17)', '(35, 30)', '(29, 28)', '(31, 28)', '(25, 20)', '(33, 26)', '(29, 20)', '(30, 23)']",[245 states],122,20.0,20.0
246,"(12, 19)","(13, 19)",West,"[((11, 19), 'West', 20.591260281974)]","['(13, 20)', '(21, 18)', '(17, 17)', '(28, 17)', '(21, 20)', '(17, 20)', '(30, 23)', '(35, 30)', '(29, 28)', '(31, 28)', '(25, 20)', '(33, 26)', '(29, 20)']","['(11, 19)', '(21, 18)', '(13, 20)', '(28, 17)', '(21, 20)', '(17, 20)', '(17, 17)', '(35, 30)', '(29, 28)', '(31, 28)', '(25, 20)', '(33, 26)', '(29, 20)', '(30, 23)']",[246 states],121,21.095023109728988,21.095023109728988
247,"(11, 19)","(12, 19)",West,"[((11, 18), 'South', 19.72308292331602), ((10, 19), 'West', 20.12461179749811)]","['(13, 20)', '(21, 18)', '(17, 17)', '(28, 17)', '(21, 20)', '(17, 20)', '(30, 23)', '(35, 30)', '(29, 28)', '(31, 28)', '(25, 20)', '(33, 26)', '(29, 20)']","['(11, 18)', '(21, 18)', '(10, 19)', '(28, 17)', '(21, 20)', '(17, 20)', '(13, 20)', '(35, 30)', '(29, 28)', '(31, 28)', '(25, 20)', '(33, 26)', '(29, 20)', '(30, 23)', '(17, 17)']",[247 states],122,20.591260281974,20.591260281974
248,"(11, 18)","(11, 19)",South,"[((11, 17), 'South', 18.867962264113206)]","['(10, 19)', '(21, 18)', '(13, 20)', '(28, 17)', '(21, 20)', '(17, 20)', '(17, 17)', '(35, 30)', '(29, 28)', '(31, 28)', '(25, 20)', '(33, 26)', '(29, 20)', '(30, 23)']","['(11, 17)', '(21, 18)', '(10, 19)', '(28, 17)', '(21, 20)', '(17, 20)', '(13, 20)', '(35, 30)', '(29, 28)', '(31, 28)', '(25, 20)', '(33, 26)', '(29, 20)', '(30, 23)', '(17, 17)']",[248 states],123,19.72308292331602,19.72308292331602
249,"(11, 17)","(11, 18)",South,[],"['(10, 19)', '(21, 18)', '(13, 20)', '(28, 17)', '(21, 20)', '(17, 20)', '(17, 17)', '(35, 30)', '(29, 28)', '(31, 28)', '(25, 20)', '(33, 26)', '(29, 20)', '(30, 23)']","['(10, 19)', '(21, 18)', '(13, 20)', '(28, 17)', '(21, 20)', '(17, 20)', '(17, 17)', '(35, 30)', '(29, 28)', '(31, 28)', '(25, 20)', '(33, 26)', '(29, 20)', '(30, 23)']",[249 states],124,18.867962264113206,18.867962264113206
250,"(10, 19)","(11, 19)",West,"[((9, 19), 'West', 19.697715603592208)]","['(13, 20)', '(21, 18)', '(17, 17)', '(28, 17)', '(21, 20)', '(17, 20)', '(30, 23)', '(35, 30)', '(29, 28)', '(31, 28)', '(25, 20)', '(33, 26)', '(29, 20)']","['(9, 19)', '(21, 18)', '(13, 20)', '(28, 17)', '(21, 20)', '(17, 20)', '(17, 17)', '(35, 30)', '(29, 28)', '(31, 28)', '(25, 20)', '(33, 26)', '(29, 20)', '(30, 23)']",[250 states],123,20.12461179749811,20.12461179749811
251,"(9, 19)","(10, 19)",West,"[((9, 20), 'North', 20.615528128088304)]","['(13, 20)', '(21, 18)', '(17, 17)', '(28, 17)', '(21, 20)', '(17, 20)', '(30, 23)', '(35, 30)', '(29, 28)', '(31, 28)', '(25, 20)', '(33, 26)', '(29, 20)']","['(9, 20)', '(21, 18)', '(13, 20)', '(28, 17)', '(21, 20)', '(17, 20)', '(17, 17)', '(35, 30)', '(29, 28)', '(31, 28)', '(25, 20)', '(33, 26)', '(29, 20)', '(30, 23)']",[251 states],124,19.697715603592208,19.697715603592208
252,"(9, 20)","(9, 19)",North,"[((9, 21), 'North', 21.540659228538015)]","['(13, 20)', '(21, 18)', '(17, 17)', '(28, 17)', '(21, 20)', '(17, 20)', '(30, 23)', '(35, 30)', '(29, 28)', '(31, 28)', '(25, 20)', '(33, 26)', '(29, 20)']","['(9, 21)', '(21, 18)', '(13, 20)', '(28, 17)', '(21, 20)', '(17, 20)', '(17, 17)', '(35, 30)', '(29, 28)', '(31, 28)', '(25, 20)', '(33, 26)', '(29, 20)', '(30, 23)']",[252 states],125,20.615528128088304,20.615528128088304
253,"(9, 21)","(9, 20)",North,"[((9, 22), 'North', 22.47220505424423)]","['(13, 20)', '(21, 18)', '(17, 17)', '(28, 17)', '(21, 20)', '(17, 20)', '(30, 23)', '(35, 30)', '(29, 28)', '(31, 28)', '(25, 20)', '(33, 26)', '(29, 20)']","['(13, 20)', '(21, 18)', '(9, 22)', '(28, 17)', '(21, 20)', '(17, 20)', '(17, 17)', '(35, 30)', '(29, 28)', '(31, 28)', '(25, 20)', '(33, 26)', '(29, 20)', '(30, 23)']",[253 states],126,21.540659228538015,21.540659228538015
254,"(13, 20)","(13, 19)",North,"[((13, 21), 'North', 23.323807579381203)]","['(9, 22)', '(21, 18)', '(17, 17)', '(28, 17)', '(21, 20)', '(17, 20)', '(30, 23)', '(35, 30)', '(29, 28)', '(31, 28)', '(25, 20)', '(33, 26)', '(29, 20)']","['(9, 22)', '(21, 18)', '(17, 17)', '(28, 17)', '(21, 20)', '(17, 20)', '(13, 21)', '(35, 30)', '(29, 28)', '(31, 28)', '(25, 20)', '(33, 26)', '(29, 20)', '(30, 23)']",[254 states],121,22.47220505424423,22.47220505424423
255,"(9, 22)","(9, 21)",North,"[((9, 23), 'North', 23.40939982143925)]","['(17, 17)', '(21, 18)', '(13, 21)', '(28, 17)', '(21, 20)', '(17, 20)', '(30, 23)', '(35, 30)', '(29, 28)', '(31, 28)', '(25, 20)', '(33, 26)', '(29, 20)']","['(17, 17)', '(21, 18)', '(13, 21)', '(28, 17)', '(21, 20)', '(17, 20)', '(9, 23)', '(35, 30)', '(29, 28)', '(31, 28)', '(25, 20)', '(33, 26)', '(29, 20)', '(30, 23)']",[255 states],127,22.47220505424423,22.47220505424423
256,"(17, 17)","(16, 17)",East,"[((18, 17), 'East', 23.345235059857504)]","['(13, 21)', '(21, 18)', '(9, 23)', '(28, 17)', '(21, 20)', '(17, 20)', '(30, 23)', '(35, 30)', '(29, 28)', '(31, 28)', '(25, 20)', '(33, 26)', '(29, 20)']","['(13, 21)', '(21, 18)', '(18, 17)', '(28, 17)', '(21, 20)', '(17, 20)', '(9, 23)', '(35, 30)', '(29, 28)', '(31, 28)', '(25, 20)', '(33, 26)', '(29, 20)', '(30, 23)']",[256 states],122,22.627416997969522,22.627416997969522
257,"(13, 21)","(13, 20)",North,"[((14, 21), 'East', 23.853720883753127), ((12, 21), 'West', 22.825424421026653)]","['(18, 17)', '(21, 18)', '(9, 23)', '(28, 17)', '(21, 20)', '(17, 20)', '(30, 23)', '(35, 30)', '(29, 28)', '(31, 28)', '(25, 20)', '(33, 26)', '(29, 20)']","['(12, 21)', '(21, 18)', '(18, 17)', '(28, 17)', '(21, 20)', '(17, 20)', '(9, 23)', '(35, 30)', '(29, 28)', '(31, 28)', '(25, 20)', '(33, 26)', '(29, 20)', '(30, 23)', '(14, 21)']",[257 states],122,23.323807579381203,23.323807579381203
258,"(12, 21)","(13, 21)",West,"[((11, 21), 'West', 22.360679774997898)]","['(18, 17)', '(21, 18)', '(9, 23)', '(28, 17)', '(21, 20)', '(17, 20)', '(14, 21)', '(35, 30)', '(29, 28)', '(31, 28)', '(25, 20)', '(33, 26)', '(29, 20)', '(30, 23)']","['(11, 21)', '(21, 18)', '(18, 17)', '(28, 17)', '(21, 20)', '(17, 20)', '(9, 23)', '(35, 30)', '(29, 28)', '(31, 28)', '(25, 20)', '(33, 26)', '(29, 20)', '(30, 23)', '(14, 21)']",[258 states],123,22.825424421026653,22.825424421026653
259,"(11, 21)","(12, 21)",West,[],"['(18, 17)', '(21, 18)', '(9, 23)', '(28, 17)', '(21, 20)', '(17, 20)', '(14, 21)', '(35, 30)', '(29, 28)', '(31, 28)', '(25, 20)', '(33, 26)', '(29, 20)', '(30, 23)']","['(18, 17)', '(21, 18)', '(9, 23)', '(28, 17)', '(21, 20)', '(17, 20)', '(14, 21)', '(35, 30)', '(29, 28)', '(31, 28)', '(25, 20)', '(33, 26)', '(29, 20)', '(30, 23)']",[259 states],124,22.360679774997898,22.360679774997898
260,"(18, 17)","(17, 17)",East,"[((19, 17), 'East', 24.08318915758459)]","['(9, 23)', '(21, 18)', '(14, 21)', '(28, 17)', '(21, 20)', '(17, 20)', '(30, 23)', '(35, 30)', '(29, 28)', '(31, 28)', '(25, 20)', '(33, 26)', '(29, 20)']","['(9, 23)', '(21, 18)', '(14, 21)', '(28, 17)', '(21, 20)', '(17, 20)', '(19, 17)', '(35, 30)', '(29, 28)', '(31, 28)', '(25, 20)', '(33, 26)', '(29, 20)', '(30, 23)']",[260 states],123,23.345235059857504,23.345235059857504
261,"(9, 23)","(9, 22)",North,"[((10, 23), 'East', 23.769728648009426), ((8, 23), 'West', 23.08679276123039)]","['(14, 21)', '(21, 18)', '(19, 17)', '(28, 17)', '(21, 20)', '(17, 20)', '(30, 23)', '(35, 30)', '(29, 28)', '(31, 28)', '(25, 20)', '(33, 26)', '(29, 20)']","['(8, 23)', '(21, 18)', '(10, 23)', '(28, 17)', '(21, 20)', '(17, 20)', '(14, 21)', '(35, 30)', '(29, 28)', '(31, 28)', '(25, 20)', '(33, 26)', '(29, 20)', '(30, 23)', '(19, 17)']",[261 states],128,23.40939982143925,23.40939982143925
262,"(8, 23)","(9, 23)",West,"[((7, 23), 'West', 22.80350850198276)]","['(10, 23)', '(21, 18)', '(14, 21)', '(28, 17)', '(21, 20)', '(17, 20)', '(19, 17)', '(35, 30)', '(29, 28)', '(31, 28)', '(25, 20)', '(33, 26)', '(29, 20)', '(30, 23)']","['(7, 23)', '(21, 18)', '(10, 23)', '(28, 17)', '(21, 20)', '(17, 20)', '(14, 21)', '(35, 30)', '(29, 28)', '(31, 28)', '(25, 20)', '(33, 26)', '(29, 20)', '(30, 23)', '(19, 17)']",[262 states],129,23.08679276123039,23.08679276123039
263,"(7, 23)","(8, 23)",West,"[((7, 22), 'South', 21.840329667841555)]","['(10, 23)', '(21, 18)', '(14, 21)', '(28, 17)', '(21, 20)', '(17, 20)', '(19, 17)', '(35, 30)', '(29, 28)', '(31, 28)', '(25, 20)', '(33, 26)', '(29, 20)', '(30, 23)']","['(7, 22)', '(21, 18)', '(10, 23)', '(28, 17)', '(21, 20)', '(17, 20)', '(14, 21)', '(35, 30)', '(29, 28)', '(31, 28)', '(25, 20)', '(33, 26)', '(29, 20)', '(30, 23)', '(19, 17)']",[263 states],130,22.80350850198276,22.80350850198276
264,"(7, 22)","(7, 23)",South,"[((7, 21), 'South', 20.8806130178211)]","['(10, 23)', '(21, 18)', '(14, 21)', '(28, 17)', '(21, 20)', '(17, 20)', '(19, 17)', '(35, 30)', '(29, 28)', '(31, 28)', '(25, 20)', '(33, 26)', '(29, 20)', '(30, 23)']","['(7, 21)', '(21, 18)', '(10, 23)', '(28, 17)', '(21, 20)', '(17, 20)', '(14, 21)', '(35, 30)', '(29, 28)', '(31, 28)', '(25, 20)', '(33, 26)', '(29, 20)', '(30, 23)', '(19, 17)']",[264 states],131,21.840329667841555,21.840329667841555
265,"(7, 21)","(7, 22)",South,"[((7, 20), 'South', 19.924858845171276)]","['(10, 23)', '(21, 18)', '(14, 21)', '(28, 17)', '(21, 20)', '(17, 20)', '(19, 17)', '(35, 30)', '(29, 28)', '(31, 28)', '(25, 20)', '(33, 26)', '(29, 20)', '(30, 23)']","['(7, 20)', '(21, 18)', '(10, 23)', '(28, 17)', '(21, 20)', '(17, 20)', '(14, 21)', '(35, 30)', '(29, 28)', '(31, 28)', '(25, 20)', '(33, 26)', '(29, 20)', '(30, 23)', '(19, 17)']",[265 states],132,20.8806130178211,20.8806130178211
266,"(7, 20)","(7, 21)",South,"[((7, 19), 'South', 18.973665961010276)]","['(10, 23)', '(21, 18)', '(14, 21)', '(28, 17)', '(21, 20)', '(17, 20)', '(19, 17)', '(35, 30)', '(29, 28)', '(31, 28)', '(25, 20)', '(33, 26)', '(29, 20)', '(30, 23)']","['(7, 19)', '(21, 18)', '(10, 23)', '(28, 17)', '(21, 20)', '(17, 20)', '(14, 21)', '(35, 30)', '(29, 28)', '(31, 28)', '(25, 20)', '(33, 26)', '(29, 20)', '(30, 23)', '(19, 17)']",[266 states],133,19.924858845171276,19.924858845171276
267,"(7, 19)","(7, 20)",South,[],"['(10, 23)', '(21, 18)', '(14, 21)', '(28, 17)', '(21, 20)', '(17, 20)', '(19, 17)', '(35, 30)', '(29, 28)', '(31, 28)', '(25, 20)', '(33, 26)', '(29, 20)', '(30, 23)']","['(10, 23)', '(21, 18)', '(14, 21)', '(28, 17)', '(21, 20)', '(17, 20)', '(19, 17)', '(35, 30)', '(29, 28)', '(31, 28)', '(25, 20)', '(33, 26)', '(29, 20)', '(30, 23)']",[267 states],134,18.973665961010276,18.973665961010276
268,"(10, 23)","(9, 23)",East,"[((11, 23), 'East', 24.166091947189145)]","['(14, 21)', '(21, 18)', '(19, 17)', '(28, 17)', '(21, 20)', '(17, 20)', '(30, 23)', '(35, 30)', '(29, 28)', '(31, 28)', '(25, 20)', '(33, 26)', '(29, 20)']","['(14, 21)', '(21, 18)', '(19, 17)', '(28, 17)', '(21, 20)', '(17, 20)', '(11, 23)', '(35, 30)', '(29, 28)', '(31, 28)', '(25, 20)', '(33, 26)', '(29, 20)', '(30, 23)']",[268 states],129,23.769728648009426,23.769728648009426
269,"(14, 21)","(13, 21)",East,"[((15, 21), 'East', 24.413111231467404)]","['(19, 17)', '(21, 18)', '(11, 23)', '(28, 17)', '(21, 20)', '(17, 20)', '(30, 23)', '(35, 30)', '(29, 28)', '(31, 28)', '(25, 20)', '(33, 26)', '(29, 20)']","['(19, 17)', '(21, 18)', '(11, 23)', '(28, 17)', '(21, 20)', '(17, 20)', '(15, 21)', '(35, 30)', '(29, 28)', '(31, 28)', '(25, 20)', '(33, 26)', '(29, 20)', '(30, 23)']",[269 states],123,23.853720883753127,23.853720883753127
270,"(19, 17)","(18, 17)",East,"[((19, 16), 'South', 23.430749027719962)]","['(11, 23)', '(21, 18)', '(15, 21)', '(28, 17)', '(21, 20)', '(17, 20)', '(30, 23)', '(35, 30)', '(29, 28)', '(31, 28)', '(25, 20)', '(33, 26)', '(29, 20)']","['(19, 16)', '(21, 18)', '(11, 23)', '(28, 17)', '(21, 20)', '(17, 20)', '(15, 21)', '(35, 30)', '(29, 28)', '(31, 28)', '(25, 20)', '(33, 26)', '(29, 20)', '(30, 23)']",[270 states],124,24.08318915758459,24.08318915758459
271,"(19, 16)","(19, 17)",South,"[((19, 15), 'South', 22.80350850198276)]","['(11, 23)', '(21, 18)', '(15, 21)', '(28, 17)', '(21, 20)', '(17, 20)', '(30, 23)', '(35, 30)', '(29, 28)', '(31, 28)', '(25, 20)', '(33, 26)', '(29, 20)']","['(19, 15)', '(21, 18)', '(11, 23)', '(28, 17)', '(21, 20)', '(17, 20)', '(15, 21)', '(35, 30)', '(29, 28)', '(31, 28)', '(25, 20)', '(33, 26)', '(29, 20)', '(30, 23)']",[271 states],125,23.430749027719962,23.430749027719962
272,"(19, 15)","(19, 16)",South,[],"['(11, 23)', '(21, 18)', '(15, 21)', '(28, 17)', '(21, 20)', '(17, 20)', '(30, 23)', '(35, 30)', '(29, 28)', '(31, 28)', '(25, 20)', '(33, 26)', '(29, 20)']","['(11, 23)', '(21, 18)', '(15, 21)', '(28, 17)', '(21, 20)', '(17, 20)', '(30, 23)', '(35, 30)', '(29, 28)', '(31, 28)', '(25, 20)', '(33, 26)', '(29, 20)']",[272 states],126,22.80350850198276,22.80350850198276
273,"(11, 23)","(10, 23)",East,[],"['(15, 21)', '(21, 18)', '(17, 20)', '(28, 17)', '(21, 20)', '(29, 20)', '(30, 23)', '(35, 30)', '(29, 28)', '(31, 28)', '(25, 20)', '(33, 26)']","['(15, 21)', '(21, 18)', '(17, 20)', '(28, 17)', '(21, 20)', '(29, 20)', '(30, 23)', '(35, 30)', '(29, 28)', '(31, 28)', '(25, 20)', '(33, 26)']",[273 states],130,24.166091947189145,24.166091947189145
274,"(15, 21)","(14, 21)",East,"[((15, 22), 'North', 25.238858928247925)]","['(17, 20)', '(21, 18)', '(29, 20)', '(28, 17)', '(21, 20)', '(33, 26)', '(30, 23)', '(35, 30)', '(29, 28)', '(31, 28)', '(25, 20)']","['(17, 20)', '(21, 18)', '(15, 22)', '(28, 17)', '(21, 20)', '(29, 20)', '(30, 23)', '(35, 30)', '(29, 28)', '(31, 28)', '(25, 20)', '(33, 26)']",[274 states],124,24.413111231467404,24.413111231467404
275,"(17, 20)","(17, 19)",North,"[((17, 21), 'North', 25.612496949731394)]","['(15, 22)', '(21, 18)', '(29, 20)', '(28, 17)', '(21, 20)', '(33, 26)', '(30, 23)', '(35, 30)', '(29, 28)', '(31, 28)', '(25, 20)']","['(15, 22)', '(21, 18)', '(17, 21)', '(28, 17)', '(21, 20)', '(29, 20)', '(30, 23)', '(35, 30)', '(29, 28)', '(31, 28)', '(25, 20)', '(33, 26)']",[275 states],117,24.839484696748443,24.839484696748443
276,"(15, 22)","(15, 21)",North,"[((15, 23), 'North', 26.076809620810597)]","['(17, 21)', '(21, 18)', '(29, 20)', '(28, 17)', '(21, 20)', '(33, 26)', '(30, 23)', '(35, 30)', '(29, 28)', '(31, 28)', '(25, 20)']","['(17, 21)', '(21, 18)', '(15, 23)', '(28, 17)', '(21, 20)', '(29, 20)', '(30, 23)', '(35, 30)', '(29, 28)', '(31, 28)', '(25, 20)', '(33, 26)']",[276 states],125,25.238858928247925,25.238858928247925
277,"(17, 21)","(17, 20)",North,[],"['(15, 23)', '(21, 18)', '(29, 20)', '(28, 17)', '(21, 20)', '(33, 26)', '(30, 23)', '(35, 30)', '(29, 28)', '(31, 28)', '(25, 20)']","['(15, 23)', '(21, 18)', '(29, 20)', '(28, 17)', '(21, 20)', '(33, 26)', '(30, 23)', '(35, 30)', '(29, 28)', '(31, 28)', '(25, 20)']",[277 states],118,25.612496949731394,25.612496949731394
278,"(15, 23)","(15, 22)",North,"[((15, 24), 'North', 26.92582403567252), ((14, 23), 'West', 25.553864678361276)]","['(21, 18)', '(21, 20)', '(29, 20)', '(28, 17)', '(25, 20)', '(33, 26)', '(30, 23)', '(35, 30)', '(29, 28)', '(31, 28)']","['(14, 23)', '(15, 24)', '(21, 18)', '(28, 17)', '(21, 20)', '(29, 20)', '(30, 23)', '(35, 30)', '(29, 28)', '(31, 28)', '(25, 20)', '(33, 26)']",[278 states],126,26.076809620810597,26.076809620810597
279,"(14, 23)","(15, 23)",West,"[((13, 23), 'West', 25.059928172283335)]","['(21, 18)', '(15, 24)', '(29, 20)', '(28, 17)', '(21, 20)', '(33, 26)', '(30, 23)', '(35, 30)', '(29, 28)', '(31, 28)', '(25, 20)']","['(13, 23)', '(15, 24)', '(21, 18)', '(28, 17)', '(21, 20)', '(29, 20)', '(30, 23)', '(35, 30)', '(29, 28)', '(31, 28)', '(25, 20)', '(33, 26)']",[279 states],127,25.553864678361276,25.553864678361276
280,"(13, 23)","(14, 23)",West,"[((13, 24), 'North', 25.942243542145693)]","['(21, 18)', '(15, 24)', '(29, 20)', '(28, 17)', '(21, 20)', '(33, 26)', '(30, 23)', '(35, 30)', '(29, 28)', '(31, 28)', '(25, 20)']","['(13, 24)', '(15, 24)', '(21, 18)', '(28, 17)', '(21, 20)', '(29, 20)', '(30, 23)', '(35, 30)', '(29, 28)', '(31, 28)', '(25, 20)', '(33, 26)']",[280 states],128,25.059928172283335,25.059928172283335
281,"(13, 24)","(13, 23)",North,"[((13, 25), 'North', 26.832815729997478)]","['(21, 18)', '(15, 24)', '(29, 20)', '(28, 17)', '(21, 20)', '(33, 26)', '(30, 23)', '(35, 30)', '(29, 28)', '(31, 28)', '(25, 20)']","['(21, 18)', '(15, 24)', '(13, 25)', '(28, 17)', '(21, 20)', '(29, 20)', '(30, 23)', '(35, 30)', '(29, 28)', '(31, 28)', '(25, 20)', '(33, 26)']",[281 states],129,25.942243542145693,25.942243542145693
282,"(21, 18)","(21, 19)",South,"[((21, 17), 'South', 25.612496949731394)]","['(13, 25)', '(15, 24)', '(29, 20)', '(28, 17)', '(21, 20)', '(33, 26)', '(30, 23)', '(35, 30)', '(29, 28)', '(31, 28)', '(25, 20)']","['(21, 17)', '(15, 24)', '(13, 25)', '(28, 17)', '(21, 20)', '(29, 20)', '(30, 23)', '(35, 30)', '(29, 28)', '(31, 28)', '(25, 20)', '(33, 26)']",[282 states],113,26.248809496813376,26.248809496813376
283,"(21, 17)","(21, 18)",South,"[((22, 17), 'East', 26.40075756488817)]","['(13, 25)', '(15, 24)', '(29, 20)', '(28, 17)', '(21, 20)', '(33, 26)', '(30, 23)', '(35, 30)', '(29, 28)', '(31, 28)', '(25, 20)']","['(22, 17)', '(15, 24)', '(13, 25)', '(28, 17)', '(21, 20)', '(29, 20)', '(30, 23)', '(35, 30)', '(29, 28)', '(31, 28)', '(25, 20)', '(33, 26)']",[283 states],114,25.612496949731394,25.612496949731394
284,"(22, 17)","(21, 17)",East,"[((23, 17), 'East', 27.202941017470888)]","['(13, 25)', '(15, 24)', '(29, 20)', '(28, 17)', '(21, 20)', '(33, 26)', '(30, 23)', '(35, 30)', '(29, 28)', '(31, 28)', '(25, 20)']","['(13, 25)', '(15, 24)', '(23, 17)', '(28, 17)', '(21, 20)', '(29, 20)', '(30, 23)', '(35, 30)', '(29, 28)', '(31, 28)', '(25, 20)', '(33, 26)']",[284 states],115,26.40075756488817,26.40075756488817
285,"(13, 25)","(13, 24)",North,[],"['(15, 24)', '(21, 20)', '(23, 17)', '(28, 17)', '(25, 20)', '(29, 20)', '(30, 23)', '(35, 30)', '(29, 28)', '(31, 28)', '(33, 26)']","['(15, 24)', '(21, 20)', '(23, 17)', '(28, 17)', '(25, 20)', '(29, 20)', '(30, 23)', '(35, 30)', '(29, 28)', '(31, 28)', '(33, 26)']",[285 states],130,26.832815729997478,26.832815729997478
286,"(15, 24)","(15, 23)",North,"[((15, 25), 'North', 27.784887978899608)]","['(23, 17)', '(21, 20)', '(29, 20)', '(28, 17)', '(25, 20)', '(33, 26)', '(30, 23)', '(35, 30)', '(29, 28)', '(31, 28)']","['(23, 17)', '(21, 20)', '(29, 20)', '(28, 17)', '(15, 25)', '(33, 26)', '(30, 23)', '(35, 30)', '(29, 28)', '(31, 28)', '(25, 20)']",[286 states],127,26.92582403567252,26.92582403567252
287,"(23, 17)","(22, 17)",East,[],"['(21, 20)', '(15, 25)', '(29, 20)', '(28, 17)', '(25, 20)', '(33, 26)', '(30, 23)', '(35, 30)', '(29, 28)', '(31, 28)']","['(21, 20)', '(15, 25)', '(29, 20)', '(28, 17)', '(25, 20)', '(33, 26)', '(30, 23)', '(35, 30)', '(29, 28)', '(31, 28)']",[287 states],116,27.202941017470888,27.202941017470888
288,"(21, 20)","(21, 19)",North,"[((21, 21), 'North', 28.284271247461902)]","['(15, 25)', '(25, 20)', '(29, 20)', '(28, 17)', '(31, 28)', '(33, 26)', '(30, 23)', '(35, 30)', '(29, 28)']","['(15, 25)', '(21, 21)', '(29, 20)', '(28, 17)', '(25, 20)', '(33, 26)', '(30, 23)', '(35, 30)', '(29, 28)', '(31, 28)']",[288 states],113,27.586228448267445,27.586228448267445
289,"(15, 25)","(15, 24)",North,"[((15, 26), 'North', 28.653097563788805)]","['(21, 21)', '(25, 20)', '(29, 20)', '(28, 17)', '(31, 28)', '(33, 26)', '(30, 23)', '(35, 30)', '(29, 28)']","['(21, 21)', '(15, 26)', '(29, 20)', '(28, 17)', '(25, 20)', '(33, 26)', '(30, 23)', '(35, 30)', '(29, 28)', '(31, 28)']",[289 states],128,27.784887978899608,27.784887978899608
290,"(21, 21)","(21, 20)",North,"[((21, 22), 'North', 29.0), ((22, 21), 'East', 29.0), ((20, 21), 'West', 27.586228448267445)]","['(15, 26)', '(25, 20)', '(29, 20)', '(28, 17)', '(31, 28)', '(33, 26)', '(30, 23)', '(35, 30)', '(29, 28)']","['(20, 21)', '(21, 22)', '(15, 26)', '(28, 17)', '(22, 21)', '(29, 20)', '(30, 23)', '(35, 30)', '(29, 28)', '(31, 28)', '(25, 20)', '(33, 26)']",[290 states],114,28.284271247461902,28.284271247461902
291,"(20, 21)","(21, 21)",West,"[((19, 21), 'West', 26.90724809414742)]","['(15, 26)', '(21, 22)', '(29, 20)', '(28, 17)', '(22, 21)', '(33, 26)', '(30, 23)', '(35, 30)', '(29, 28)', '(31, 28)', '(25, 20)']","['(19, 21)', '(21, 22)', '(15, 26)', '(28, 17)', '(22, 21)', '(29, 20)', '(30, 23)', '(35, 30)', '(29, 28)', '(31, 28)', '(25, 20)', '(33, 26)']",[291 states],115,27.586228448267445,27.586228448267445
292,"(19, 21)","(20, 21)",West,[],"['(15, 26)', '(21, 22)', '(29, 20)', '(28, 17)', '(22, 21)', '(33, 26)', '(30, 23)', '(35, 30)', '(29, 28)', '(31, 28)', '(25, 20)']","['(15, 26)', '(21, 22)', '(29, 20)', '(28, 17)', '(22, 21)', '(33, 26)', '(30, 23)', '(35, 30)', '(29, 28)', '(31, 28)', '(25, 20)']",[292 states],116,26.90724809414742,26.90724809414742
293,"(15, 26)","(15, 25)",North,"[((15, 27), 'North', 29.5296461204668)]","['(21, 22)', '(22, 21)', '(29, 20)', '(28, 17)', '(25, 20)', '(33, 26)', '(30, 23)', '(35, 30)', '(29, 28)', '(31, 28)']","['(21, 22)', '(22, 21)', '(29, 20)', '(28, 17)', '(15, 27)', '(33, 26)', '(30, 23)', '(35, 30)', '(29, 28)', '(31, 28)', '(25, 20)']",[293 states],129,28.653097563788805,28.653097563788805
294,"(21, 22)","(21, 21)",North,"[((21, 23), 'North', 29.732137494637012)]","['(22, 21)', '(15, 27)', '(29, 20)', '(28, 17)', '(25, 20)', '(33, 26)', '(30, 23)', '(35, 30)', '(29, 28)', '(31, 28)']","['(22, 21)', '(15, 27)', '(29, 20)', '(28, 17)', '(21, 23)', '(33, 26)', '(30, 23)', '(35, 30)', '(29, 28)', '(31, 28)', '(25, 20)']",[294 states],115,29.0,29.0
295,"(22, 21)","(21, 21)",East,"[((23, 21), 'East', 29.732137494637012)]","['(15, 27)', '(21, 23)', '(29, 20)', '(28, 17)', '(25, 20)', '(33, 26)', '(30, 23)', '(35, 30)', '(29, 28)', '(31, 28)']","['(15, 27)', '(21, 23)', '(29, 20)', '(28, 17)', '(23, 21)', '(33, 26)', '(30, 23)', '(35, 30)', '(29, 28)', '(31, 28)', '(25, 20)']",[295 states],115,29.0,29.0
296,"(15, 27)","(15, 26)",North,"[((16, 27), 'East', 30.01666203960727)]","['(21, 23)', '(23, 21)', '(29, 20)', '(28, 17)', '(25, 20)', '(33, 26)', '(30, 23)', '(35, 30)', '(29, 28)', '(31, 28)']","['(21, 23)', '(23, 21)', '(29, 20)', '(28, 17)', '(16, 27)', '(33, 26)', '(30, 23)', '(35, 30)', '(29, 28)', '(31, 28)', '(25, 20)']",[296 states],130,29.5296461204668,29.5296461204668
297,"(21, 23)","(21, 22)",North,"[((20, 23), 'West', 29.068883707497267)]","['(23, 21)', '(16, 27)', '(29, 20)', '(28, 17)', '(25, 20)', '(33, 26)', '(30, 23)', '(35, 30)', '(29, 28)', '(31, 28)']","['(20, 23)', '(23, 21)', '(29, 20)', '(28, 17)', '(16, 27)', '(33, 26)', '(30, 23)', '(35, 30)', '(29, 28)', '(31, 28)', '(25, 20)']",[297 states],116,29.732137494637012,29.732137494637012
298,"(20, 23)","(21, 23)",West,"[((19, 23), 'West', 28.42534080710379)]","['(23, 21)', '(16, 27)', '(29, 20)', '(28, 17)', '(25, 20)', '(33, 26)', '(30, 23)', '(35, 30)', '(29, 28)', '(31, 28)']","['(19, 23)', '(23, 21)', '(29, 20)', '(28, 17)', '(16, 27)', '(33, 26)', '(30, 23)', '(35, 30)', '(29, 28)', '(31, 28)', '(25, 20)']",[298 states],117,29.068883707497267,29.068883707497267
299,"(19, 23)","(20, 23)",West,"[((18, 23), 'West', 27.80287754891569)]","['(23, 21)', '(16, 27)', '(29, 20)', '(28, 17)', '(25, 20)', '(33, 26)', '(30, 23)', '(35, 30)', '(29, 28)', '(31, 28)']","['(18, 23)', '(23, 21)', '(29, 20)', '(28, 17)', '(16, 27)', '(33, 26)', '(30, 23)', '(35, 30)', '(29, 28)', '(31, 28)', '(25, 20)']",[299 states],118,28.42534080710379,28.42534080710379
300,"(18, 23)","(19, 23)",West,"[((17, 23), 'West', 27.202941017470888)]","['(23, 21)', '(16, 27)', '(29, 20)', '(28, 17)', '(25, 20)', '(33, 26)', '(30, 23)', '(35, 30)', '(29, 28)', '(31, 28)']","['(17, 23)', '(23, 21)', '(29, 20)', '(28, 17)', '(16, 27)', '(33, 26)', '(30, 23)', '(35, 30)', '(29, 28)', '(31, 28)', '(25, 20)']",[300 states],119,27.80287754891569,27.80287754891569
301,"(17, 23)","(18, 23)",West,[],"['(23, 21)', '(16, 27)', '(29, 20)', '(28, 17)', '(25, 20)', '(33, 26)', '(30, 23)', '(35, 30)', '(29, 28)', '(31, 28)']","['(23, 21)', '(16, 27)', '(29, 20)', '(28, 17)', '(25, 20)', '(33, 26)', '(30, 23)', '(35, 30)', '(29, 28)', '(31, 28)']",[301 states],120,27.202941017470888,27.202941017470888
302,"(23, 21)","(22, 21)",East,[],"['(16, 27)', '(25, 20)', '(29, 20)', '(28, 17)', '(31, 28)', '(33, 26)', '(30, 23)', '(35, 30)', '(29, 28)']","['(16, 27)', '(25, 20)', '(29, 20)', '(28, 17)', '(31, 28)', '(33, 26)', '(30, 23)', '(35, 30)', '(29, 28)']",[302 states],116,29.732137494637012,29.732137494637012
303,"(16, 27)","(15, 27)",East,"[((17, 27), 'East', 30.528675044947494)]","['(25, 20)', '(28, 17)', '(29, 20)', '(29, 28)', '(31, 28)', '(33, 26)', '(30, 23)', '(35, 30)']","['(17, 27)', '(25, 20)', '(29, 20)', '(28, 17)', '(31, 28)', '(33, 26)', '(30, 23)', '(35, 30)', '(29, 28)']",[303 states],131,30.01666203960727,30.01666203960727
304,"(17, 27)","(16, 27)",East,"[((17, 26), 'South', 29.68164415931166), ((18, 27), 'East', 31.064449134018133)]","['(25, 20)', '(28, 17)', '(29, 20)', '(29, 28)', '(31, 28)', '(33, 26)', '(30, 23)', '(35, 30)']","['(17, 26)', '(25, 20)', '(29, 20)', '(28, 17)', '(18, 27)', '(33, 26)', '(30, 23)', '(35, 30)', '(29, 28)', '(31, 28)']",[304 states],132,30.528675044947494,30.528675044947494
305,"(17, 26)","(17, 27)",South,"[((17, 25), 'South', 28.844410203711913)]","['(25, 20)', '(18, 27)', '(29, 20)', '(28, 17)', '(31, 28)', '(33, 26)', '(30, 23)', '(35, 30)', '(29, 28)']","['(17, 25)', '(25, 20)', '(29, 20)', '(28, 17)', '(18, 27)', '(33, 26)', '(30, 23)', '(35, 30)', '(29, 28)', '(31, 28)']",[305 states],133,29.68164415931166,29.68164415931166
306,"(17, 25)","(17, 26)",South,[],"['(25, 20)', '(18, 27)', '(29, 20)', '(28, 17)', '(31, 28)', '(33, 26)', '(30, 23)', '(35, 30)', '(29, 28)']","['(25, 20)', '(18, 27)', '(29, 20)', '(28, 17)', '(31, 28)', '(33, 26)', '(30, 23)', '(35, 30)', '(29, 28)']",[306 states],134,28.844410203711913,28.844410203711913
307,"(25, 20)","(25, 19)",North,"[((25, 21), 'North', 31.240998703626616)]","['(18, 27)', '(28, 17)', '(29, 20)', '(29, 28)', '(31, 28)', '(33, 26)', '(30, 23)', '(35, 30)']","['(18, 27)', '(25, 21)', '(29, 20)', '(28, 17)', '(31, 28)', '(33, 26)', '(30, 23)', '(35, 30)', '(29, 28)']",[307 states],109,30.610455730027933,30.610455730027933
308,"(18, 27)","(17, 27)",East,"[((19, 27), 'East', 31.622776601683793)]","['(25, 21)', '(28, 17)', '(29, 20)', '(29, 28)', '(31, 28)', '(33, 26)', '(30, 23)', '(35, 30)']","['(25, 21)', '(28, 17)', '(29, 20)', '(19, 27)', '(31, 28)', '(33, 26)', '(30, 23)', '(35, 30)', '(29, 28)']",[308 states],133,31.064449134018133,31.064449134018133
309,"(25, 21)","(25, 20)",North,"[((25, 22), 'North', 31.89043743820395)]","['(28, 17)', '(19, 27)', '(29, 20)', '(29, 28)', '(31, 28)', '(33, 26)', '(30, 23)', '(35, 30)']","['(28, 17)', '(19, 27)', '(29, 20)', '(25, 22)', '(31, 28)', '(33, 26)', '(30, 23)', '(35, 30)', '(29, 28)']",[309 states],110,31.240998703626616,31.240998703626616
310,"(28, 17)","(27, 17)",East,"[((29, 17), 'East', 32.2490309931942)]","['(19, 27)', '(25, 22)', '(29, 20)', '(29, 28)', '(31, 28)', '(33, 26)', '(30, 23)', '(35, 30)']","['(19, 27)', '(25, 22)', '(29, 20)', '(29, 17)', '(31, 28)', '(33, 26)', '(30, 23)', '(35, 30)', '(29, 28)']",[310 states],105,31.38470965295043,31.38470965295043
311,"(19, 27)","(18, 27)",East,"[((19, 26), 'South', 30.805843601498726), ((20, 27), 'East', 32.202484376209235)]","['(25, 22)', '(29, 17)', '(29, 20)', '(29, 28)', '(31, 28)', '(33, 26)', '(30, 23)', '(35, 30)']","['(19, 26)', '(25, 22)', '(29, 20)', '(29, 17)', '(20, 27)', '(33, 26)', '(30, 23)', '(35, 30)', '(29, 28)', '(31, 28)']",[311 states],134,31.622776601683793,31.622776601683793
312,"(19, 26)","(19, 27)",South,"[((19, 25), 'South', 30.0)]","['(25, 22)', '(20, 27)', '(29, 20)', '(29, 17)', '(31, 28)', '(33, 26)', '(30, 23)', '(35, 30)', '(29, 28)']","['(19, 25)', '(25, 22)', '(29, 20)', '(29, 17)', '(20, 27)', '(33, 26)', '(30, 23)', '(35, 30)', '(29, 28)', '(31, 28)']",[312 states],135,30.805843601498726,30.805843601498726
313,"(19, 25)","(19, 26)",South,"[((20, 25), 'East', 30.610455730027933)]","['(25, 22)', '(20, 27)', '(29, 20)', '(29, 17)', '(31, 28)', '(33, 26)', '(30, 23)', '(35, 30)', '(29, 28)']","['(20, 25)', '(25, 22)', '(29, 20)', '(29, 17)', '(20, 27)', '(33, 26)', '(30, 23)', '(35, 30)', '(29, 28)', '(31, 28)']",[313 states],136,30.0,30.0
314,"(20, 25)","(19, 25)",East,"[((21, 25), 'East', 31.240998703626616)]","['(25, 22)', '(20, 27)', '(29, 20)', '(29, 17)', '(31, 28)', '(33, 26)', '(30, 23)', '(35, 30)', '(29, 28)']","['(21, 25)', '(25, 22)', '(29, 20)', '(29, 17)', '(20, 27)', '(33, 26)', '(30, 23)', '(35, 30)', '(29, 28)', '(31, 28)']",[314 states],137,30.610455730027933,30.610455730027933
315,"(21, 25)","(20, 25)",East,"[((22, 25), 'East', 31.89043743820395)]","['(25, 22)', '(20, 27)', '(29, 20)', '(29, 17)', '(31, 28)', '(33, 26)', '(30, 23)', '(35, 30)', '(29, 28)']","['(25, 22)', '(22, 25)', '(29, 20)', '(29, 17)', '(20, 27)', '(33, 26)', '(30, 23)', '(35, 30)', '(29, 28)', '(31, 28)']",[315 states],138,31.240998703626616,31.240998703626616
316,"(25, 22)","(25, 21)",North,"[((25, 23), 'North', 32.55764119219941)]","['(22, 25)', '(20, 27)', '(29, 20)', '(29, 17)', '(31, 28)', '(33, 26)', '(30, 23)', '(35, 30)', '(29, 28)']","['(22, 25)', '(20, 27)', '(29, 20)', '(29, 17)', '(25, 23)', '(33, 26)', '(30, 23)', '(35, 30)', '(29, 28)', '(31, 28)']",[316 states],111,31.89043743820395,31.89043743820395
317,"(22, 25)","(21, 25)",East,"[((23, 25), 'East', 32.55764119219941)]","['(20, 27)', '(29, 17)', '(29, 20)', '(29, 28)', '(25, 23)', '(33, 26)', '(30, 23)', '(35, 30)', '(31, 28)']","['(20, 27)', '(29, 17)', '(29, 20)', '(29, 28)', '(25, 23)', '(33, 26)', '(30, 23)', '(35, 30)', '(31, 28)', '(23, 25)']",[317 states],139,31.89043743820395,31.89043743820395
318,"(20, 27)","(19, 27)",East,"[((21, 27), 'East', 32.802438933713454)]","['(29, 17)', '(25, 23)', '(29, 20)', '(29, 28)', '(23, 25)', '(33, 26)', '(30, 23)', '(35, 30)', '(31, 28)']","['(29, 17)', '(25, 23)', '(29, 20)', '(29, 28)', '(23, 25)', '(33, 26)', '(30, 23)', '(35, 30)', '(31, 28)', '(21, 27)']",[318 states],135,32.202484376209235,32.202484376209235
319,"(29, 17)","(28, 17)",East,[],"['(25, 23)', '(23, 25)', '(29, 20)', '(29, 28)', '(21, 27)', '(33, 26)', '(30, 23)', '(35, 30)', '(31, 28)']","['(25, 23)', '(23, 25)', '(29, 20)', '(29, 28)', '(21, 27)', '(33, 26)', '(30, 23)', '(35, 30)', '(31, 28)']",[319 states],106,32.2490309931942,32.2490309931942
320,"(25, 23)","(25, 22)",North,"[((25, 24), 'North', 33.24154027718932), ((26, 23), 'East', 33.301651610693426), ((24, 23), 'West', 31.827660925679098)]","['(23, 25)', '(21, 27)', '(29, 20)', '(29, 28)', '(31, 28)', '(33, 26)', '(30, 23)', '(35, 30)']","['(24, 23)', '(23, 25)', '(29, 20)', '(25, 24)', '(21, 27)', '(33, 26)', '(30, 23)', '(35, 30)', '(29, 28)', '(31, 28)', '(26, 23)']",[320 states],112,32.55764119219941,32.55764119219941
321,"(24, 23)","(25, 23)",West,"[((23, 23), 'West', 31.11269837220809)]","['(23, 25)', '(21, 27)', '(29, 20)', '(25, 24)', '(26, 23)', '(33, 26)', '(30, 23)', '(35, 30)', '(29, 28)', '(31, 28)']","['(23, 23)', '(23, 25)', '(29, 20)', '(25, 24)', '(21, 27)', '(33, 26)', '(30, 23)', '(35, 30)', '(29, 28)', '(31, 28)', '(26, 23)']",[321 states],113,31.827660925679098,31.827660925679098
322,"(23, 23)","(24, 23)",West,[],"['(23, 25)', '(21, 27)', '(29, 20)', '(25, 24)', '(26, 23)', '(33, 26)', '(30, 23)', '(35, 30)', '(29, 28)', '(31, 28)']","['(23, 25)', '(21, 27)', '(29, 20)', '(25, 24)', '(26, 23)', '(33, 26)', '(30, 23)', '(35, 30)', '(29, 28)', '(31, 28)']",[322 states],114,31.11269837220809,31.11269837220809
323,"(23, 25)","(22, 25)",East,"[((23, 26), 'North', 33.301651610693426)]","['(21, 27)', '(25, 24)', '(29, 20)', '(29, 28)', '(26, 23)', '(33, 26)', '(30, 23)', '(35, 30)', '(31, 28)']","['(21, 27)', '(25, 24)', '(29, 20)', '(29, 28)', '(26, 23)', '(33, 26)', '(30, 23)', '(35, 30)', '(31, 28)', '(23, 26)']",[323 states],140,32.55764119219941,32.55764119219941
324,"(21, 27)","(20, 27)",East,"[((21, 28), 'North', 33.60059523282288)]","['(25, 24)', '(26, 23)', '(29, 20)', '(29, 28)', '(23, 26)', '(33, 26)', '(30, 23)', '(35, 30)', '(31, 28)']","['(25, 24)', '(26, 23)', '(29, 20)', '(29, 28)', '(23, 26)', '(33, 26)', '(30, 23)', '(35, 30)', '(31, 28)', '(21, 28)']",[324 states],136,32.802438933713454,32.802438933713454
325,"(25, 24)","(25, 23)",North,"[((25, 25), 'North', 33.94112549695428)]","['(26, 23)', '(23, 26)', '(29, 20)', '(29, 28)', '(21, 28)', '(33, 26)', '(30, 23)', '(35, 30)', '(31, 28)']","['(26, 23)', '(23, 26)', '(29, 20)', '(29, 28)', '(21, 28)', '(33, 26)', '(30, 23)', '(35, 30)', '(31, 28)', '(25, 25)']",[325 states],113,33.24154027718932,33.24154027718932
326,"(26, 23)","(25, 23)",East,"[((27, 23), 'East', 34.058772731852805)]","['(23, 26)', '(21, 28)', '(29, 20)', '(29, 28)', '(25, 25)', '(33, 26)', '(30, 23)', '(35, 30)', '(31, 28)']","['(23, 26)', '(21, 28)', '(29, 20)', '(29, 28)', '(25, 25)', '(33, 26)', '(30, 23)', '(35, 30)', '(31, 28)', '(27, 23)']",[326 states],113,33.301651610693426,33.301651610693426
327,"(23, 26)","(23, 25)",North,"[((23, 27), 'North', 34.058772731852805)]","['(21, 28)', '(25, 25)', '(29, 20)', '(29, 28)', '(27, 23)', '(33, 26)', '(30, 23)', '(35, 30)', '(31, 28)']","['(21, 28)', '(25, 25)', '(29, 20)', '(29, 28)', '(27, 23)', '(33, 26)', '(30, 23)', '(35, 30)', '(31, 28)', '(23, 27)']",[327 states],141,33.301651610693426,33.301651610693426
328,"(21, 28)","(21, 27)",North,"[((21, 29), 'North', 34.40930106817051)]","['(29, 20)', '(25, 25)', '(23, 27)', '(29, 28)', '(27, 23)', '(33, 26)', '(30, 23)', '(35, 30)', '(31, 28)']","['(29, 20)', '(25, 25)', '(23, 27)', '(29, 28)', '(27, 23)', '(33, 26)', '(30, 23)', '(35, 30)', '(31, 28)', '(21, 29)']",[328 states],137,33.60059523282288,33.60059523282288
329,"(29, 20)","(29, 21)",South,"[((29, 19), 'South', 33.28663395418648)]","['(25, 25)', '(27, 23)', '(23, 27)', '(29, 28)', '(21, 29)', '(33, 26)', '(30, 23)', '(35, 30)', '(31, 28)']","['(29, 19)', '(25, 25)', '(23, 27)', '(29, 28)', '(27, 23)', '(33, 26)', '(30, 23)', '(35, 30)', '(31, 28)', '(21, 29)']",[329 states],99,33.83784863137726,33.83784863137726
330,"(29, 19)","(29, 20)",South,[],"['(25, 25)', '(27, 23)', '(23, 27)', '(29, 28)', '(21, 29)', '(33, 26)', '(30, 23)', '(35, 30)', '(31, 28)']","['(25, 25)', '(27, 23)', '(23, 27)', '(29, 28)', '(21, 29)', '(33, 26)', '(30, 23)', '(35, 30)', '(31, 28)']",[330 states],100,33.28663395418648,33.28663395418648
331,"(25, 25)","(25, 24)",North,"[((25, 26), 'North', 34.655446902326915), ((26, 25), 'East', 34.655446902326915)]","['(27, 23)', '(21, 29)', '(23, 27)', '(29, 28)', '(31, 28)', '(33, 26)', '(30, 23)', '(35, 30)']","['(27, 23)', '(21, 29)', '(23, 27)', '(25, 26)', '(26, 25)', '(33, 26)', '(30, 23)', '(35, 30)', '(29, 28)', '(31, 28)']",[331 states],114,33.94112549695428,33.94112549695428
332,"(27, 23)","(26, 23)",East,[],"['(23, 27)', '(21, 29)', '(30, 23)', '(25, 26)', '(26, 25)', '(33, 26)', '(31, 28)', '(35, 30)', '(29, 28)']","['(23, 27)', '(21, 29)', '(30, 23)', '(25, 26)', '(26, 25)', '(33, 26)', '(31, 28)', '(35, 30)', '(29, 28)']",[332 states],114,34.058772731852805,34.058772731852805
333,"(23, 27)","(23, 26)",North,[],"['(21, 29)', '(25, 26)', '(30, 23)', '(29, 28)', '(26, 25)', '(33, 26)', '(31, 28)', '(35, 30)']","['(21, 29)', '(25, 26)', '(30, 23)', '(29, 28)', '(26, 25)', '(33, 26)', '(31, 28)', '(35, 30)']",[333 states],142,34.058772731852805,34.058772731852805
334,"(21, 29)","(21, 28)",North,"[((21, 30), 'North', 35.22782990761707), ((20, 29), 'West', 33.83784863137726)]","['(25, 26)', '(26, 25)', '(30, 23)', '(29, 28)', '(35, 30)', '(33, 26)', '(31, 28)']","['(20, 29)', '(25, 26)', '(30, 23)', '(26, 25)', '(35, 30)', '(33, 26)', '(31, 28)', '(29, 28)', '(21, 30)']",[334 states],138,34.40930106817051,34.40930106817051
335,"(20, 29)","(21, 29)",West,"[((19, 29), 'West', 33.28663395418648)]","['(25, 26)', '(26, 25)', '(30, 23)', '(21, 30)', '(35, 30)', '(33, 26)', '(31, 28)', '(29, 28)']","['(19, 29)', '(25, 26)', '(30, 23)', '(26, 25)', '(35, 30)', '(33, 26)', '(31, 28)', '(29, 28)', '(21, 30)']",[335 states],139,33.83784863137726,33.83784863137726
336,"(19, 29)","(20, 29)",West,[],"['(25, 26)', '(26, 25)', '(30, 23)', '(21, 30)', '(35, 30)', '(33, 26)', '(31, 28)', '(29, 28)']","['(25, 26)', '(26, 25)', '(30, 23)', '(21, 30)', '(35, 30)', '(33, 26)', '(31, 28)', '(29, 28)']",[336 states],140,33.28663395418648,33.28663395418648
337,"(25, 26)","(25, 25)",North,"[((25, 27), 'North', 35.38361202590826)]","['(26, 25)', '(21, 30)', '(30, 23)', '(29, 28)', '(35, 30)', '(33, 26)', '(31, 28)']","['(26, 25)', '(21, 30)', '(30, 23)', '(25, 27)', '(35, 30)', '(33, 26)', '(31, 28)', '(29, 28)']",[337 states],115,34.655446902326915,34.655446902326915
338,"(26, 25)","(25, 25)",East,"[((27, 25), 'East', 35.38361202590826)]","['(21, 30)', '(25, 27)', '(30, 23)', '(29, 28)', '(35, 30)', '(33, 26)', '(31, 28)']","['(21, 30)', '(25, 27)', '(30, 23)', '(27, 25)', '(35, 30)', '(33, 26)', '(31, 28)', '(29, 28)']",[338 states],115,34.655446902326915,34.655446902326915
339,"(21, 30)","(21, 29)",North,"[((21, 31), 'North', 36.05551275463989)]","['(25, 27)', '(27, 25)', '(30, 23)', '(29, 28)', '(35, 30)', '(33, 26)', '(31, 28)']","['(25, 27)', '(27, 25)', '(30, 23)', '(21, 31)', '(35, 30)', '(33, 26)', '(31, 28)', '(29, 28)']",[339 states],139,35.22782990761707,35.22782990761707
340,"(25, 27)","(25, 26)",North,"[((25, 28), 'North', 36.124783736376884), ((26, 27), 'East', 36.069377593742864)]","['(27, 25)', '(21, 31)', '(30, 23)', '(29, 28)', '(35, 30)', '(33, 26)', '(31, 28)']","['(27, 25)', '(21, 31)', '(30, 23)', '(26, 27)', '(35, 30)', '(33, 26)', '(31, 28)', '(29, 28)', '(25, 28)']",[340 states],116,35.38361202590826,35.38361202590826
341,"(27, 25)","(26, 25)",East,[],"['(21, 31)', '(26, 27)', '(30, 23)', '(25, 28)', '(35, 30)', '(33, 26)', '(31, 28)', '(29, 28)']","['(21, 31)', '(26, 27)', '(30, 23)', '(25, 28)', '(35, 30)', '(33, 26)', '(31, 28)', '(29, 28)']",[341 states],116,35.38361202590826,35.38361202590826
342,"(21, 31)","(21, 30)",North,"[((21, 32), 'North', 36.89173349139343), ((22, 31), 'East', 36.61966684720111)]","['(26, 27)', '(25, 28)', '(30, 23)', '(29, 28)', '(35, 30)', '(33, 26)', '(31, 28)']","['(26, 27)', '(25, 28)', '(30, 23)', '(22, 31)', '(35, 30)', '(33, 26)', '(31, 28)', '(29, 28)', '(21, 32)']",[342 states],140,36.05551275463989,36.05551275463989
343,"(26, 27)","(25, 27)",East,"[((27, 27), 'East', 36.76955262170047)]","['(25, 28)', '(22, 31)', '(30, 23)', '(21, 32)', '(35, 30)', '(33, 26)', '(31, 28)', '(29, 28)']","['(25, 28)', '(22, 31)', '(30, 23)', '(27, 27)', '(35, 30)', '(33, 26)', '(31, 28)', '(29, 28)', '(21, 32)']",[343 states],117,36.069377593742864,36.069377593742864
344,"(25, 28)","(25, 27)",North,"[((25, 29), 'North', 36.87817782917155)]","['(30, 23)', '(22, 31)', '(21, 32)', '(27, 27)', '(35, 30)', '(33, 26)', '(31, 28)', '(29, 28)']","['(30, 23)', '(22, 31)', '(21, 32)', '(27, 27)', '(35, 30)', '(33, 26)', '(31, 28)', '(29, 28)', '(25, 29)']",[344 states],117,36.124783736376884,36.124783736376884
345,"(30, 23)","(29, 23)",East,"[((31, 23), 'East', 37.20215047547655)]","['(22, 31)', '(27, 27)', '(21, 32)', '(25, 29)', '(35, 30)', '(33, 26)', '(31, 28)', '(29, 28)']","['(22, 31)', '(27, 27)', '(21, 32)', '(25, 29)', '(35, 30)', '(33, 26)', '(31, 28)', '(29, 28)', '(31, 23)']",[345 states],97,36.40054944640259,36.40054944640259
346,"(22, 31)","(21, 31)",East,"[((23, 31), 'East', 37.20215047547655)]","['(27, 27)', '(25, 29)', '(21, 32)', '(31, 23)', '(35, 30)', '(33, 26)', '(31, 28)', '(29, 28)']","['(27, 27)', '(25, 29)', '(21, 32)', '(31, 23)', '(35, 30)', '(33, 26)', '(31, 28)', '(29, 28)', '(23, 31)']",[346 states],141,36.61966684720111,36.61966684720111
347,"(27, 27)","(26, 27)",East,[],"['(25, 29)', '(31, 23)', '(21, 32)', '(23, 31)', '(35, 30)', '(33, 26)', '(31, 28)', '(29, 28)']","['(25, 29)', '(31, 23)', '(21, 32)', '(23, 31)', '(35, 30)', '(33, 26)', '(31, 28)', '(29, 28)']",[347 states],118,36.76955262170047,36.76955262170047
348,"(25, 29)","(25, 28)",North,"[((25, 30), 'North', 37.64306044943742), ((26, 29), 'East', 37.53664875824692), ((24, 29), 'West', 36.235341863986875)]","['(21, 32)', '(31, 23)', '(29, 28)', '(23, 31)', '(35, 30)', '(33, 26)', '(31, 28)']","['(24, 29)', '(21, 32)', '(29, 28)', '(23, 31)', '(31, 23)', '(33, 26)', '(31, 28)', '(25, 30)', '(26, 29)', '(35, 30)']",[348 states],118,36.87817782917155,36.87817782917155
349,"(24, 29)","(25, 29)",West,"[((23, 29), 'West', 35.608987629529715)]","['(21, 32)', '(31, 23)', '(29, 28)', '(23, 31)', '(35, 30)', '(33, 26)', '(31, 28)', '(25, 30)', '(26, 29)']","['(23, 29)', '(21, 32)', '(29, 28)', '(23, 31)', '(31, 23)', '(33, 26)', '(31, 28)', '(25, 30)', '(26, 29)', '(35, 30)']",[349 states],119,36.235341863986875,36.235341863986875
350,"(23, 29)","(24, 29)",West,[],"['(21, 32)', '(31, 23)', '(29, 28)', '(23, 31)', '(35, 30)', '(33, 26)', '(31, 28)', '(25, 30)', '(26, 29)']","['(21, 32)', '(31, 23)', '(29, 28)', '(23, 31)', '(35, 30)', '(33, 26)', '(31, 28)', '(25, 30)', '(26, 29)']",[350 states],120,35.608987629529715,35.608987629529715
351,"(21, 32)","(21, 31)",North,"[((21, 33), 'North', 37.73592452822641)]","['(31, 23)', '(23, 31)', '(29, 28)', '(26, 29)', '(35, 30)', '(33, 26)', '(31, 28)', '(25, 30)']","['(31, 23)', '(23, 31)', '(29, 28)', '(26, 29)', '(35, 30)', '(33, 26)', '(31, 28)', '(25, 30)', '(21, 33)']",[351 states],141,36.89173349139343,36.89173349139343
352,"(31, 23)","(30, 23)",East,"[((31, 24), 'North', 37.8021163428716)]","['(23, 31)', '(26, 29)', '(29, 28)', '(25, 30)', '(35, 30)', '(33, 26)', '(31, 28)', '(21, 33)']","['(23, 31)', '(26, 29)', '(29, 28)', '(25, 30)', '(35, 30)', '(33, 26)', '(31, 28)', '(21, 33)', '(31, 24)']",[352 states],98,37.20215047547655,37.20215047547655
353,"(23, 31)","(22, 31)",East,[],"['(26, 29)', '(25, 30)', '(29, 28)', '(21, 33)', '(35, 30)', '(33, 26)', '(31, 28)', '(31, 24)']","['(26, 29)', '(25, 30)', '(29, 28)', '(21, 33)', '(35, 30)', '(33, 26)', '(31, 28)', '(31, 24)']",[353 states],142,37.20215047547655,37.20215047547655
354,"(26, 29)","(25, 29)",East,"[((27, 29), 'East', 38.2099463490856)]","['(25, 30)', '(21, 33)', '(29, 28)', '(31, 24)', '(35, 30)', '(33, 26)', '(31, 28)']","['(25, 30)', '(21, 33)', '(29, 28)', '(31, 24)', '(35, 30)', '(33, 26)', '(31, 28)', '(27, 29)']",[354 states],119,37.53664875824692,37.53664875824692
355,"(25, 30)","(25, 29)",North,"[((25, 31), 'North', 38.41874542459709)]","['(21, 33)', '(31, 24)', '(29, 28)', '(27, 29)', '(35, 30)', '(33, 26)', '(31, 28)']","['(21, 33)', '(31, 24)', '(29, 28)', '(27, 29)', '(35, 30)', '(33, 26)', '(31, 28)', '(25, 31)']",[355 states],119,37.64306044943742,37.64306044943742
356,"(21, 33)","(21, 32)",North,"[((21, 34), 'North', 38.58756276314948), ((22, 33), 'East', 38.27531841800928), ((20, 33), 'West', 37.21558813185679)]","['(31, 24)', '(27, 29)', '(29, 28)', '(25, 31)', '(35, 30)', '(33, 26)', '(31, 28)']","['(20, 33)', '(31, 24)', '(29, 28)', '(22, 33)', '(27, 29)', '(33, 26)', '(31, 28)', '(21, 34)', '(25, 31)', '(35, 30)']",[356 states],142,37.73592452822641,37.73592452822641
357,"(20, 33)","(21, 33)",West,"[((19, 33), 'West', 36.71511950137164)]","['(31, 24)', '(27, 29)', '(29, 28)', '(22, 33)', '(35, 30)', '(33, 26)', '(31, 28)', '(21, 34)', '(25, 31)']","['(19, 33)', '(31, 24)', '(29, 28)', '(22, 33)', '(27, 29)', '(33, 26)', '(31, 28)', '(21, 34)', '(25, 31)', '(35, 30)']",[357 states],143,37.21558813185679,37.21558813185679
358,"(19, 33)","(20, 33)",West,"[((19, 32), 'South', 35.84689665786984)]","['(31, 24)', '(27, 29)', '(29, 28)', '(22, 33)', '(35, 30)', '(33, 26)', '(31, 28)', '(21, 34)', '(25, 31)']","['(19, 32)', '(31, 24)', '(29, 28)', '(22, 33)', '(27, 29)', '(33, 26)', '(31, 28)', '(21, 34)', '(25, 31)', '(35, 30)']",[358 states],144,36.71511950137164,36.71511950137164
359,"(19, 32)","(19, 33)",South,"[((19, 31), 'South', 34.9857113690718)]","['(31, 24)', '(27, 29)', '(29, 28)', '(22, 33)', '(35, 30)', '(33, 26)', '(31, 28)', '(21, 34)', '(25, 31)']","['(19, 31)', '(31, 24)', '(29, 28)', '(22, 33)', '(27, 29)', '(33, 26)', '(31, 28)', '(21, 34)', '(25, 31)', '(35, 30)']",[359 states],145,35.84689665786984,35.84689665786984
360,"(19, 31)","(19, 32)",South,[],"['(31, 24)', '(27, 29)', '(29, 28)', '(22, 33)', '(35, 30)', '(33, 26)', '(31, 28)', '(21, 34)', '(25, 31)']","['(31, 24)', '(27, 29)', '(29, 28)', '(22, 33)', '(35, 30)', '(33, 26)', '(31, 28)', '(21, 34)', '(25, 31)']",[360 states],146,34.9857113690718,34.9857113690718
361,"(31, 24)","(31, 23)",North,"[((31, 25), 'North', 38.41874542459709)]","['(27, 29)', '(22, 33)', '(29, 28)', '(25, 31)', '(35, 30)', '(33, 26)', '(31, 28)', '(21, 34)']","['(27, 29)', '(22, 33)', '(29, 28)', '(25, 31)', '(35, 30)', '(33, 26)', '(31, 28)', '(21, 34)', '(31, 25)']",[361 states],99,37.8021163428716,37.8021163428716
362,"(27, 29)","(26, 29)",East,"[((27, 30), 'North', 38.948684188300895)]","['(22, 33)', '(25, 31)', '(29, 28)', '(31, 25)', '(35, 30)', '(33, 26)', '(31, 28)', '(21, 34)']","['(22, 33)', '(25, 31)', '(29, 28)', '(31, 25)', '(35, 30)', '(33, 26)', '(31, 28)', '(21, 34)', '(27, 30)']",[362 states],120,38.2099463490856,38.2099463490856
363,"(22, 33)","(21, 33)",East,"[((23, 33), 'East', 38.8329756778952)]","['(25, 31)', '(31, 25)', '(29, 28)', '(21, 34)', '(35, 30)', '(33, 26)', '(31, 28)', '(27, 30)']","['(25, 31)', '(31, 25)', '(29, 28)', '(21, 34)', '(35, 30)', '(33, 26)', '(31, 28)', '(27, 30)', '(23, 33)']",[363 states],143,38.27531841800928,38.27531841800928
364,"(25, 31)","(25, 30)",North,"[((25, 32), 'North', 39.20459156782532)]","['(31, 25)', '(21, 34)', '(29, 28)', '(23, 33)', '(35, 30)', '(33, 26)', '(31, 28)', '(27, 30)']","['(31, 25)', '(21, 34)', '(29, 28)', '(23, 33)', '(35, 30)', '(33, 26)', '(31, 28)', '(27, 30)', '(25, 32)']",[364 states],120,38.41874542459709,38.41874542459709
365,"(31, 25)","(31, 24)",North,[],"['(21, 34)', '(23, 33)', '(29, 28)', '(27, 30)', '(35, 30)', '(33, 26)', '(31, 28)', '(25, 32)']","['(21, 34)', '(23, 33)', '(29, 28)', '(27, 30)', '(35, 30)', '(33, 26)', '(31, 28)', '(25, 32)']",[365 states],100,38.41874542459709,38.41874542459709
366,"(21, 34)","(21, 33)",North,"[((21, 35), 'North', 39.44616584663204)]","['(23, 33)', '(27, 30)', '(29, 28)', '(25, 32)', '(35, 30)', '(33, 26)', '(31, 28)']","['(23, 33)', '(27, 30)', '(29, 28)', '(25, 32)', '(35, 30)', '(33, 26)', '(31, 28)', '(21, 35)']",[366 states],143,38.58756276314948,38.58756276314948
367,"(23, 33)","(22, 33)",East,[],"['(29, 28)', '(27, 30)', '(21, 35)', '(25, 32)', '(35, 30)', '(33, 26)', '(31, 28)']","['(29, 28)', '(27, 30)', '(21, 35)', '(25, 32)', '(35, 30)', '(33, 26)', '(31, 28)']",[367 states],144,38.8329756778952,38.8329756778952
368,"(29, 28)","(29, 27)",North,"[((29, 29), 'North', 39.59797974644666)]","['(27, 30)', '(25, 32)', '(21, 35)', '(31, 28)', '(35, 30)', '(33, 26)']","['(27, 30)', '(25, 32)', '(21, 35)', '(31, 28)', '(35, 30)', '(33, 26)', '(29, 29)']",[368 states],93,38.897300677553446,38.897300677553446
369,"(27, 30)","(27, 29)",North,"[((27, 31), 'North', 39.698866482558415)]","['(25, 32)', '(29, 29)', '(21, 35)', '(31, 28)', '(35, 30)', '(33, 26)']","['(25, 32)', '(29, 29)', '(21, 35)', '(31, 28)', '(35, 30)', '(33, 26)', '(27, 31)']",[369 states],121,38.948684188300895,38.948684188300895
370,"(25, 32)","(25, 31)",North,"[((25, 33), 'North', 40.0)]","['(21, 35)', '(29, 29)', '(27, 31)', '(31, 28)', '(35, 30)', '(33, 26)']","['(21, 35)', '(29, 29)', '(27, 31)', '(31, 28)', '(35, 30)', '(33, 26)', '(25, 33)']",[370 states],121,39.20459156782532,39.20459156782532
371,"(21, 35)","(21, 34)",North,"[((22, 35), 'East', 39.96248240537617), ((20, 35), 'West', 38.948684188300895)]","['(29, 29)', '(25, 33)', '(27, 31)', '(31, 28)', '(35, 30)', '(33, 26)']","['(20, 35)', '(29, 29)', '(27, 31)', '(25, 33)', '(35, 30)', '(33, 26)', '(22, 35)', '(31, 28)']",[371 states],144,39.44616584663204,39.44616584663204
372,"(20, 35)","(21, 35)",West,"[((19, 35), 'West', 38.47076812334269)]","['(29, 29)', '(25, 33)', '(27, 31)', '(31, 28)', '(35, 30)', '(33, 26)', '(22, 35)']","['(19, 35)', '(29, 29)', '(27, 31)', '(25, 33)', '(35, 30)', '(33, 26)', '(22, 35)', '(31, 28)']",[372 states],145,38.948684188300895,38.948684188300895
373,"(19, 35)","(20, 35)",West,"[((18, 35), 'West', 38.01315561749642)]","['(29, 29)', '(25, 33)', '(27, 31)', '(31, 28)', '(35, 30)', '(33, 26)', '(22, 35)']","['(18, 35)', '(29, 29)', '(27, 31)', '(25, 33)', '(35, 30)', '(33, 26)', '(22, 35)', '(31, 28)']",[373 states],146,38.47076812334269,38.47076812334269
374,"(18, 35)","(19, 35)",West,"[((17, 35), 'West', 37.57658845611187)]","['(29, 29)', '(25, 33)', '(27, 31)', '(31, 28)', '(35, 30)', '(33, 26)', '(22, 35)']","['(17, 35)', '(29, 29)', '(27, 31)', '(25, 33)', '(35, 30)', '(33, 26)', '(22, 35)', '(31, 28)']",[374 states],147,38.01315561749642,38.01315561749642
375,"(17, 35)","(18, 35)",West,"[((17, 34), 'South', 36.6742416417845), ((16, 35), 'West', 37.16180835212409)]","['(29, 29)', '(25, 33)', '(27, 31)', '(31, 28)', '(35, 30)', '(33, 26)', '(22, 35)']","['(17, 34)', '(16, 35)', '(27, 31)', '(29, 29)', '(35, 30)', '(33, 26)', '(22, 35)', '(31, 28)', '(25, 33)']",[375 states],148,37.57658845611187,37.57658845611187
376,"(17, 34)","(17, 35)",South,"[((17, 33), 'South', 35.77708763999664)]","['(16, 35)', '(29, 29)', '(27, 31)', '(25, 33)', '(35, 30)', '(33, 26)', '(22, 35)', '(31, 28)']","['(17, 33)', '(16, 35)', '(27, 31)', '(29, 29)', '(35, 30)', '(33, 26)', '(22, 35)', '(31, 28)', '(25, 33)']",[376 states],149,36.6742416417845,36.6742416417845
377,"(17, 33)","(17, 34)",South,"[((17, 32), 'South', 34.88552708502482)]","['(16, 35)', '(29, 29)', '(27, 31)', '(25, 33)', '(35, 30)', '(33, 26)', '(22, 35)', '(31, 28)']","['(17, 32)', '(16, 35)', '(27, 31)', '(29, 29)', '(35, 30)', '(33, 26)', '(22, 35)', '(31, 28)', '(25, 33)']",[377 states],150,35.77708763999664,35.77708763999664
378,"(17, 32)","(17, 33)",South,"[((17, 31), 'South', 34.0)]","['(16, 35)', '(29, 29)', '(27, 31)', '(25, 33)', '(35, 30)', '(33, 26)', '(22, 35)', '(31, 28)']","['(17, 31)', '(16, 35)', '(27, 31)', '(29, 29)', '(35, 30)', '(33, 26)', '(22, 35)', '(31, 28)', '(25, 33)']",[378 states],151,34.88552708502482,34.88552708502482
379,"(17, 31)","(17, 32)",South,[],"['(16, 35)', '(29, 29)', '(27, 31)', '(25, 33)', '(35, 30)', '(33, 26)', '(22, 35)', '(31, 28)']","['(16, 35)', '(29, 29)', '(27, 31)', '(25, 33)', '(35, 30)', '(33, 26)', '(22, 35)', '(31, 28)']",[379 states],152,34.0,34.0
380,"(16, 35)","(17, 35)",West,"[((15, 35), 'West', 36.76955262170047)]","['(29, 29)', '(25, 33)', '(27, 31)', '(31, 28)', '(35, 30)', '(33, 26)', '(22, 35)']","['(15, 35)', '(29, 29)', '(27, 31)', '(25, 33)', '(35, 30)', '(33, 26)', '(22, 35)', '(31, 28)']",[380 states],149,37.16180835212409,37.16180835212409
381,"(15, 35)","(16, 35)",West,"[((15, 34), 'South', 35.84689665786984), ((14, 35), 'West', 36.40054944640259)]","['(29, 29)', '(25, 33)', '(27, 31)', '(31, 28)', '(35, 30)', '(33, 26)', '(22, 35)']","['(15, 34)', '(14, 35)', '(27, 31)', '(29, 29)', '(35, 30)', '(33, 26)', '(22, 35)', '(31, 28)', '(25, 33)']",[381 states],150,36.76955262170047,36.76955262170047
382,"(15, 34)","(15, 35)",South,"[((15, 33), 'South', 34.92849839314596)]","['(14, 35)', '(29, 29)', '(27, 31)', '(25, 33)', '(35, 30)', '(33, 26)', '(22, 35)', '(31, 28)']","['(15, 33)', '(14, 35)', '(27, 31)', '(29, 29)', '(35, 30)', '(33, 26)', '(22, 35)', '(31, 28)', '(25, 33)']",[382 states],151,35.84689665786984,35.84689665786984
383,"(15, 33)","(15, 34)",South,"[((15, 32), 'South', 34.0147027033899), ((14, 33), 'West', 34.539832078341085)]","['(14, 35)', '(29, 29)', '(27, 31)', '(25, 33)', '(35, 30)', '(33, 26)', '(22, 35)', '(31, 28)']","['(15, 32)', '(14, 33)', '(27, 31)', '(29, 29)', '(14, 35)', '(33, 26)', '(22, 35)', '(31, 28)', '(25, 33)', '(35, 30)']",[383 states],152,34.92849839314596,34.92849839314596
384,"(15, 32)","(15, 33)",South,"[((15, 31), 'South', 33.1058907144937)]","['(14, 33)', '(14, 35)', '(27, 31)', '(29, 29)', '(35, 30)', '(33, 26)', '(22, 35)', '(31, 28)', '(25, 33)']","['(15, 31)', '(14, 33)', '(27, 31)', '(29, 29)', '(14, 35)', '(33, 26)', '(22, 35)', '(31, 28)', '(25, 33)', '(35, 30)']",[384 states],153,34.0147027033899,34.0147027033899
385,"(15, 31)","(15, 32)",South,"[((15, 30), 'South', 32.202484376209235)]","['(14, 33)', '(14, 35)', '(27, 31)', '(29, 29)', '(35, 30)', '(33, 26)', '(22, 35)', '(31, 28)', '(25, 33)']","['(15, 30)', '(14, 33)', '(27, 31)', '(29, 29)', '(14, 35)', '(33, 26)', '(22, 35)', '(31, 28)', '(25, 33)', '(35, 30)']",[385 states],154,33.1058907144937,33.1058907144937
386,"(15, 30)","(15, 31)",South,"[((15, 29), 'South', 31.304951684997057)]","['(14, 33)', '(14, 35)', '(27, 31)', '(29, 29)', '(35, 30)', '(33, 26)', '(22, 35)', '(31, 28)', '(25, 33)']","['(15, 29)', '(14, 33)', '(27, 31)', '(29, 29)', '(14, 35)', '(33, 26)', '(22, 35)', '(31, 28)', '(25, 33)', '(35, 30)']",[386 states],155,32.202484376209235,32.202484376209235
387,"(15, 29)","(15, 30)",South,"[((16, 29), 'East', 31.76476034853718)]","['(14, 33)', '(14, 35)', '(27, 31)', '(29, 29)', '(35, 30)', '(33, 26)', '(22, 35)', '(31, 28)', '(25, 33)']","['(16, 29)', '(14, 33)', '(27, 31)', '(29, 29)', '(14, 35)', '(33, 26)', '(22, 35)', '(31, 28)', '(25, 33)', '(35, 30)']",[387 states],156,31.304951684997057,31.304951684997057
388,"(16, 29)","(15, 29)",East,"[((17, 29), 'East', 32.2490309931942)]","['(14, 33)', '(14, 35)', '(27, 31)', '(29, 29)', '(35, 30)', '(33, 26)', '(22, 35)', '(31, 28)', '(25, 33)']","['(17, 29)', '(14, 33)', '(27, 31)', '(29, 29)', '(14, 35)', '(33, 26)', '(22, 35)', '(31, 28)', '(25, 33)', '(35, 30)']",[388 states],157,31.76476034853718,31.76476034853718
389,"(17, 29)","(16, 29)",East,[],"['(14, 33)', '(14, 35)', '(27, 31)', '(29, 29)', '(35, 30)', '(33, 26)', '(22, 35)', '(31, 28)', '(25, 33)']","['(14, 33)', '(14, 35)', '(27, 31)', '(29, 29)', '(35, 30)', '(33, 26)', '(22, 35)', '(31, 28)', '(25, 33)']",[389 states],158,32.2490309931942,32.2490309931942
390,"(14, 33)","(15, 33)",West,"[((13, 33), 'West', 34.17601498127012)]","['(14, 35)', '(29, 29)', '(27, 31)', '(25, 33)', '(35, 30)', '(33, 26)', '(22, 35)', '(31, 28)']","['(13, 33)', '(14, 35)', '(27, 31)', '(29, 29)', '(35, 30)', '(33, 26)', '(22, 35)', '(31, 28)', '(25, 33)']",[390 states],153,34.539832078341085,34.539832078341085
391,"(13, 33)","(14, 33)",West,"[((12, 33), 'West', 33.83784863137726)]","['(14, 35)', '(29, 29)', '(27, 31)', '(25, 33)', '(35, 30)', '(33, 26)', '(22, 35)', '(31, 28)']","['(12, 33)', '(14, 35)', '(27, 31)', '(29, 29)', '(35, 30)', '(33, 26)', '(22, 35)', '(31, 28)', '(25, 33)']",[391 states],154,34.17601498127012,34.17601498127012
392,"(12, 33)","(13, 33)",West,"[((11, 33), 'West', 33.52610922848042)]","['(14, 35)', '(29, 29)', '(27, 31)', '(25, 33)', '(35, 30)', '(33, 26)', '(22, 35)', '(31, 28)']","['(11, 33)', '(14, 35)', '(27, 31)', '(29, 29)', '(35, 30)', '(33, 26)', '(22, 35)', '(31, 28)', '(25, 33)']",[392 states],155,33.83784863137726,33.83784863137726
393,"(11, 33)","(12, 33)",West,"[((11, 34), 'North', 34.48187929913333), ((11, 32), 'South', 32.57299494980466), ((10, 33), 'West', 33.24154027718932)]","['(14, 35)', '(29, 29)', '(27, 31)', '(25, 33)', '(35, 30)', '(33, 26)', '(22, 35)', '(31, 28)']","['(11, 32)', '(10, 33)', '(27, 31)', '(29, 29)', '(11, 34)', '(33, 26)', '(22, 35)', '(31, 28)', '(25, 33)', '(35, 30)', '(14, 35)']",[393 states],156,33.52610922848042,33.52610922848042
394,"(11, 32)","(11, 33)",South,"[((11, 31), 'South', 31.622776601683793)]","['(10, 33)', '(11, 34)', '(27, 31)', '(29, 29)', '(14, 35)', '(33, 26)', '(22, 35)', '(31, 28)', '(25, 33)', '(35, 30)']","['(11, 31)', '(10, 33)', '(27, 31)', '(29, 29)', '(11, 34)', '(33, 26)', '(22, 35)', '(31, 28)', '(25, 33)', '(35, 30)', '(14, 35)']",[394 states],157,32.57299494980466,32.57299494980466
395,"(11, 31)","(11, 32)",South,"[((11, 30), 'South', 30.675723300355934), ((12, 31), 'East', 31.953090617340916)]","['(10, 33)', '(11, 34)', '(27, 31)', '(29, 29)', '(14, 35)', '(33, 26)', '(22, 35)', '(31, 28)', '(25, 33)', '(35, 30)']","['(11, 30)', '(10, 33)', '(12, 31)', '(29, 29)', '(11, 34)', '(27, 31)', '(22, 35)', '(31, 28)', '(25, 33)', '(35, 30)', '(14, 35)', '(33, 26)']",[395 states],158,31.622776601683793,31.622776601683793
396,"(11, 30)","(11, 31)",South,"[((11, 29), 'South', 29.732137494637012)]","['(12, 31)', '(10, 33)', '(27, 31)', '(29, 29)', '(11, 34)', '(33, 26)', '(22, 35)', '(31, 28)', '(25, 33)', '(35, 30)', '(14, 35)']","['(11, 29)', '(10, 33)', '(12, 31)', '(29, 29)', '(11, 34)', '(27, 31)', '(22, 35)', '(31, 28)', '(25, 33)', '(35, 30)', '(14, 35)', '(33, 26)']",[396 states],159,30.675723300355934,30.675723300355934
397,"(11, 29)","(11, 30)",South,"[((12, 29), 'East', 30.083217912982647), ((10, 29), 'West', 29.410882339705484)]","['(12, 31)', '(10, 33)', '(27, 31)', '(29, 29)', '(11, 34)', '(33, 26)', '(22, 35)', '(31, 28)', '(25, 33)', '(35, 30)', '(14, 35)']","['(10, 29)', '(10, 33)', '(12, 29)', '(29, 29)', '(11, 34)', '(12, 31)', '(22, 35)', '(31, 28)', '(25, 33)', '(35, 30)', '(14, 35)', '(33, 26)', '(27, 31)']",[397 states],160,29.732137494637012,29.732137494637012
398,"(10, 29)","(11, 29)",West,"[((9, 29), 'West', 29.120439557122072)]","['(12, 29)', '(10, 33)', '(12, 31)', '(29, 29)', '(11, 34)', '(27, 31)', '(22, 35)', '(31, 28)', '(25, 33)', '(35, 30)', '(14, 35)', '(33, 26)']","['(9, 29)', '(10, 33)', '(12, 29)', '(29, 29)', '(11, 34)', '(12, 31)', '(22, 35)', '(31, 28)', '(25, 33)', '(35, 30)', '(14, 35)', '(33, 26)', '(27, 31)']",[398 states],161,29.410882339705484,29.410882339705484
399,"(9, 29)","(10, 29)",West,"[((9, 30), 'North', 30.083217912982647)]","['(12, 29)', '(10, 33)', '(12, 31)', '(29, 29)', '(11, 34)', '(27, 31)', '(22, 35)', '(31, 28)', '(25, 33)', '(35, 30)', '(14, 35)', '(33, 26)']","['(12, 29)', '(10, 33)', '(9, 30)', '(29, 29)', '(11, 34)', '(12, 31)', '(22, 35)', '(31, 28)', '(25, 33)', '(35, 30)', '(14, 35)', '(33, 26)', '(27, 31)']",[399 states],162,29.120439557122072,29.120439557122072
400,"(12, 29)","(11, 29)",East,"[((13, 29), 'East', 30.463092423455635)]","['(9, 30)', '(10, 33)', '(12, 31)', '(29, 29)', '(11, 34)', '(27, 31)', '(22, 35)', '(31, 28)', '(25, 33)', '(35, 30)', '(14, 35)', '(33, 26)']","['(9, 30)', '(10, 33)', '(13, 29)', '(29, 29)', '(11, 34)', '(12, 31)', '(22, 35)', '(31, 28)', '(25, 33)', '(35, 30)', '(14, 35)', '(33, 26)', '(27, 31)']",[400 states],161,30.083217912982647,30.083217912982647
401,"(9, 30)","(9, 29)",North,"[((9, 31), 'North', 31.04834939252005)]","['(13, 29)', '(10, 33)', '(12, 31)', '(29, 29)', '(11, 34)', '(27, 31)', '(22, 35)', '(31, 28)', '(25, 33)', '(35, 30)', '(14, 35)', '(33, 26)']","['(13, 29)', '(10, 33)', '(9, 31)', '(29, 29)', '(11, 34)', '(12, 31)', '(22, 35)', '(31, 28)', '(25, 33)', '(35, 30)', '(14, 35)', '(33, 26)', '(27, 31)']",[401 states],163,30.083217912982647,30.083217912982647
402,"(13, 29)","(12, 29)",East,"[((13, 28), 'South', 29.546573405388315)]","['(9, 31)', '(10, 33)', '(12, 31)', '(29, 29)', '(11, 34)', '(27, 31)', '(22, 35)', '(31, 28)', '(25, 33)', '(35, 30)', '(14, 35)', '(33, 26)']","['(13, 28)', '(10, 33)', '(9, 31)', '(29, 29)', '(11, 34)', '(12, 31)', '(22, 35)', '(31, 28)', '(25, 33)', '(35, 30)', '(14, 35)', '(33, 26)', '(27, 31)']",[402 states],162,30.463092423455635,30.463092423455635
403,"(13, 28)","(13, 29)",South,"[((13, 27), 'South', 28.635642126552707)]","['(9, 31)', '(10, 33)', '(12, 31)', '(29, 29)', '(11, 34)', '(27, 31)', '(22, 35)', '(31, 28)', '(25, 33)', '(35, 30)', '(14, 35)', '(33, 26)']","['(13, 27)', '(10, 33)', '(9, 31)', '(29, 29)', '(11, 34)', '(12, 31)', '(22, 35)', '(31, 28)', '(25, 33)', '(35, 30)', '(14, 35)', '(33, 26)', '(27, 31)']",[403 states],163,29.546573405388315,29.546573405388315
404,"(13, 27)","(13, 28)",South,"[((12, 27), 'West', 28.231188426986208)]","['(9, 31)', '(10, 33)', '(12, 31)', '(29, 29)', '(11, 34)', '(27, 31)', '(22, 35)', '(31, 28)', '(25, 33)', '(35, 30)', '(14, 35)', '(33, 26)']","['(12, 27)', '(10, 33)', '(9, 31)', '(29, 29)', '(11, 34)', '(12, 31)', '(22, 35)', '(31, 28)', '(25, 33)', '(35, 30)', '(14, 35)', '(33, 26)', '(27, 31)']",[404 states],164,28.635642126552707,28.635642126552707
405,"(12, 27)","(13, 27)",West,"[((11, 27), 'West', 27.85677655436824)]","['(9, 31)', '(10, 33)', '(12, 31)', '(29, 29)', '(11, 34)', '(27, 31)', '(22, 35)', '(31, 28)', '(25, 33)', '(35, 30)', '(14, 35)', '(33, 26)']","['(11, 27)', '(10, 33)', '(9, 31)', '(29, 29)', '(11, 34)', '(12, 31)', '(22, 35)', '(31, 28)', '(25, 33)', '(35, 30)', '(14, 35)', '(33, 26)', '(27, 31)']",[405 states],165,28.231188426986208,28.231188426986208
406,"(11, 27)","(12, 27)",West,"[((11, 26), 'South', 26.92582403567252), ((10, 27), 'West', 27.51363298439521)]","['(9, 31)', '(10, 33)', '(12, 31)', '(29, 29)', '(11, 34)', '(27, 31)', '(22, 35)', '(31, 28)', '(25, 33)', '(35, 30)', '(14, 35)', '(33, 26)']","['(11, 26)', '(10, 33)', '(10, 27)', '(29, 29)', '(11, 34)', '(12, 31)', '(9, 31)', '(31, 28)', '(25, 33)', '(35, 30)', '(14, 35)', '(33, 26)', '(27, 31)', '(22, 35)']",[406 states],166,27.85677655436824,27.85677655436824
407,"(11, 26)","(11, 27)",South,"[((11, 25), 'South', 26.0)]","['(10, 27)', '(10, 33)', '(9, 31)', '(29, 29)', '(11, 34)', '(12, 31)', '(22, 35)', '(31, 28)', '(25, 33)', '(35, 30)', '(14, 35)', '(33, 26)', '(27, 31)']","['(11, 25)', '(10, 33)', '(10, 27)', '(29, 29)', '(11, 34)', '(12, 31)', '(9, 31)', '(31, 28)', '(25, 33)', '(35, 30)', '(14, 35)', '(33, 26)', '(27, 31)', '(22, 35)']",[407 states],167,26.92582403567252,26.92582403567252
408,"(11, 25)","(11, 26)",South,[],"['(10, 27)', '(10, 33)', '(9, 31)', '(29, 29)', '(11, 34)', '(12, 31)', '(22, 35)', '(31, 28)', '(25, 33)', '(35, 30)', '(14, 35)', '(33, 26)', '(27, 31)']","['(10, 27)', '(10, 33)', '(9, 31)', '(29, 29)', '(11, 34)', '(12, 31)', '(22, 35)', '(31, 28)', '(25, 33)', '(35, 30)', '(14, 35)', '(33, 26)', '(27, 31)']",[408 states],168,26.0,26.0
409,"(10, 27)","(11, 27)",West,"[((9, 27), 'West', 27.202941017470888)]","['(9, 31)', '(10, 33)', '(12, 31)', '(29, 29)', '(11, 34)', '(27, 31)', '(22, 35)', '(31, 28)', '(25, 33)', '(35, 30)', '(14, 35)', '(33, 26)']","['(9, 27)', '(10, 33)', '(9, 31)', '(29, 29)', '(11, 34)', '(12, 31)', '(22, 35)', '(31, 28)', '(25, 33)', '(35, 30)', '(14, 35)', '(33, 26)', '(27, 31)']",[409 states],167,27.51363298439521,27.51363298439521
410,"(9, 27)","(10, 27)",West,"[((9, 26), 'South', 26.248809496813376), ((8, 27), 'West', 26.92582403567252)]","['(9, 31)', '(10, 33)', '(12, 31)', '(29, 29)', '(11, 34)', '(27, 31)', '(22, 35)', '(31, 28)', '(25, 33)', '(35, 30)', '(14, 35)', '(33, 26)']","['(9, 26)', '(10, 33)', '(8, 27)', '(29, 29)', '(11, 34)', '(12, 31)', '(9, 31)', '(31, 28)', '(25, 33)', '(35, 30)', '(14, 35)', '(33, 26)', '(27, 31)', '(22, 35)']",[410 states],168,27.202941017470888,27.202941017470888
411,"(9, 26)","(9, 27)",South,"[((9, 25), 'South', 25.298221281347036)]","['(8, 27)', '(10, 33)', '(9, 31)', '(29, 29)', '(11, 34)', '(12, 31)', '(22, 35)', '(31, 28)', '(25, 33)', '(35, 30)', '(14, 35)', '(33, 26)', '(27, 31)']","['(9, 25)', '(10, 33)', '(8, 27)', '(29, 29)', '(11, 34)', '(12, 31)', '(9, 31)', '(31, 28)', '(25, 33)', '(35, 30)', '(14, 35)', '(33, 26)', '(27, 31)', '(22, 35)']",[411 states],169,26.248809496813376,26.248809496813376
412,"(9, 25)","(9, 26)",South,"[((8, 25), 'West', 25.0)]","['(8, 27)', '(10, 33)', '(9, 31)', '(29, 29)', '(11, 34)', '(12, 31)', '(22, 35)', '(31, 28)', '(25, 33)', '(35, 30)', '(14, 35)', '(33, 26)', '(27, 31)']","['(8, 25)', '(10, 33)', '(8, 27)', '(29, 29)', '(11, 34)', '(12, 31)', '(9, 31)', '(31, 28)', '(25, 33)', '(35, 30)', '(14, 35)', '(33, 26)', '(27, 31)', '(22, 35)']",[412 states],170,25.298221281347036,25.298221281347036
413,"(8, 25)","(9, 25)",West,"[((7, 25), 'West', 24.73863375370596)]","['(8, 27)', '(10, 33)', '(9, 31)', '(29, 29)', '(11, 34)', '(12, 31)', '(22, 35)', '(31, 28)', '(25, 33)', '(35, 30)', '(14, 35)', '(33, 26)', '(27, 31)']","['(7, 25)', '(10, 33)', '(8, 27)', '(29, 29)', '(11, 34)', '(12, 31)', '(9, 31)', '(31, 28)', '(25, 33)', '(35, 30)', '(14, 35)', '(33, 26)', '(27, 31)', '(22, 35)']",[413 states],171,25.0,25.0
414,"(7, 25)","(8, 25)",West,"[((6, 25), 'West', 24.515301344262525)]","['(8, 27)', '(10, 33)', '(9, 31)', '(29, 29)', '(11, 34)', '(12, 31)', '(22, 35)', '(31, 28)', '(25, 33)', '(35, 30)', '(14, 35)', '(33, 26)', '(27, 31)']","['(6, 25)', '(10, 33)', '(8, 27)', '(29, 29)', '(11, 34)', '(12, 31)', '(9, 31)', '(31, 28)', '(25, 33)', '(35, 30)', '(14, 35)', '(33, 26)', '(27, 31)', '(22, 35)']",[414 states],172,24.73863375370596,24.73863375370596
415,"(6, 25)","(7, 25)",West,"[((5, 25), 'West', 24.331050121192877)]","['(8, 27)', '(10, 33)', '(9, 31)', '(29, 29)', '(11, 34)', '(12, 31)', '(22, 35)', '(31, 28)', '(25, 33)', '(35, 30)', '(14, 35)', '(33, 26)', '(27, 31)']","['(5, 25)', '(10, 33)', '(8, 27)', '(29, 29)', '(11, 34)', '(12, 31)', '(9, 31)', '(31, 28)', '(25, 33)', '(35, 30)', '(14, 35)', '(33, 26)', '(27, 31)', '(22, 35)']",[415 states],173,24.515301344262525,24.515301344262525
416,"(5, 25)","(6, 25)",West,"[((5, 24), 'South', 23.345235059857504)]","['(8, 27)', '(10, 33)', '(9, 31)', '(29, 29)', '(11, 34)', '(12, 31)', '(22, 35)', '(31, 28)', '(25, 33)', '(35, 30)', '(14, 35)', '(33, 26)', '(27, 31)']","['(5, 24)', '(10, 33)', '(8, 27)', '(29, 29)', '(11, 34)', '(12, 31)', '(9, 31)', '(31, 28)', '(25, 33)', '(35, 30)', '(14, 35)', '(33, 26)', '(27, 31)', '(22, 35)']",[416 states],174,24.331050121192877,24.331050121192877
417,"(5, 24)","(5, 25)",South,"[((5, 23), 'South', 22.360679774997898)]","['(8, 27)', '(10, 33)', '(9, 31)', '(29, 29)', '(11, 34)', '(12, 31)', '(22, 35)', '(31, 28)', '(25, 33)', '(35, 30)', '(14, 35)', '(33, 26)', '(27, 31)']","['(5, 23)', '(10, 33)', '(8, 27)', '(29, 29)', '(11, 34)', '(12, 31)', '(9, 31)', '(31, 28)', '(25, 33)', '(35, 30)', '(14, 35)', '(33, 26)', '(27, 31)', '(22, 35)']",[417 states],175,23.345235059857504,23.345235059857504
418,"(5, 23)","(5, 24)",South,[],"['(8, 27)', '(10, 33)', '(9, 31)', '(29, 29)', '(11, 34)', '(12, 31)', '(22, 35)', '(31, 28)', '(25, 33)', '(35, 30)', '(14, 35)', '(33, 26)', '(27, 31)']","['(8, 27)', '(10, 33)', '(9, 31)', '(29, 29)', '(11, 34)', '(12, 31)', '(22, 35)', '(31, 28)', '(25, 33)', '(35, 30)', '(14, 35)', '(33, 26)', '(27, 31)']",[418 states],176,22.360679774997898,22.360679774997898
419,"(8, 27)","(9, 27)",West,"[((7, 27), 'West', 26.68332812825267)]","['(9, 31)', '(10, 33)', '(12, 31)', '(29, 29)', '(11, 34)', '(27, 31)', '(22, 35)', '(31, 28)', '(25, 33)', '(35, 30)', '(14, 35)', '(33, 26)']","['(7, 27)', '(10, 33)', '(9, 31)', '(29, 29)', '(11, 34)', '(12, 31)', '(22, 35)', '(31, 28)', '(25, 33)', '(35, 30)', '(14, 35)', '(33, 26)', '(27, 31)']",[419 states],169,26.92582403567252,26.92582403567252
420,"(7, 27)","(8, 27)",West,"[((6, 27), 'West', 26.476404589747453)]","['(9, 31)', '(10, 33)', '(12, 31)', '(29, 29)', '(11, 34)', '(27, 31)', '(22, 35)', '(31, 28)', '(25, 33)', '(35, 30)', '(14, 35)', '(33, 26)']","['(6, 27)', '(10, 33)', '(9, 31)', '(29, 29)', '(11, 34)', '(12, 31)', '(22, 35)', '(31, 28)', '(25, 33)', '(35, 30)', '(14, 35)', '(33, 26)', '(27, 31)']",[420 states],170,26.68332812825267,26.68332812825267
421,"(6, 27)","(7, 27)",West,"[((5, 27), 'West', 26.30589287593181)]","['(9, 31)', '(10, 33)', '(12, 31)', '(29, 29)', '(11, 34)', '(27, 31)', '(22, 35)', '(31, 28)', '(25, 33)', '(35, 30)', '(14, 35)', '(33, 26)']","['(5, 27)', '(10, 33)', '(9, 31)', '(29, 29)', '(11, 34)', '(12, 31)', '(22, 35)', '(31, 28)', '(25, 33)', '(35, 30)', '(14, 35)', '(33, 26)', '(27, 31)']",[421 states],171,26.476404589747453,26.476404589747453
422,"(5, 27)","(6, 27)",West,"[((4, 27), 'West', 26.1725046566048)]","['(9, 31)', '(10, 33)', '(12, 31)', '(29, 29)', '(11, 34)', '(27, 31)', '(22, 35)', '(31, 28)', '(25, 33)', '(35, 30)', '(14, 35)', '(33, 26)']","['(4, 27)', '(10, 33)', '(9, 31)', '(29, 29)', '(11, 34)', '(12, 31)', '(22, 35)', '(31, 28)', '(25, 33)', '(35, 30)', '(14, 35)', '(33, 26)', '(27, 31)']",[422 states],172,26.30589287593181,26.30589287593181
423,"(4, 27)","(5, 27)",West,"[((3, 27), 'West', 26.076809620810597)]","['(9, 31)', '(10, 33)', '(12, 31)', '(29, 29)', '(11, 34)', '(27, 31)', '(22, 35)', '(31, 28)', '(25, 33)', '(35, 30)', '(14, 35)', '(33, 26)']","['(3, 27)', '(10, 33)', '(9, 31)', '(29, 29)', '(11, 34)', '(12, 31)', '(22, 35)', '(31, 28)', '(25, 33)', '(35, 30)', '(14, 35)', '(33, 26)', '(27, 31)']",[423 states],173,26.1725046566048,26.1725046566048
424,"(3, 27)","(4, 27)",West,"[((3, 28), 'North', 27.073972741361768), ((3, 26), 'South', 25.079872407968907), ((2, 27), 'West', 26.019223662515376)]","['(9, 31)', '(10, 33)', '(12, 31)', '(29, 29)', '(11, 34)', '(27, 31)', '(22, 35)', '(31, 28)', '(25, 33)', '(35, 30)', '(14, 35)', '(33, 26)']","['(3, 26)', '(10, 33)', '(2, 27)', '(29, 29)', '(11, 34)', '(12, 31)', '(3, 28)', '(31, 28)', '(25, 33)', '(35, 30)', '(14, 35)', '(33, 26)', '(27, 31)', '(22, 35)', '(9, 31)']",[424 states],174,26.076809620810597,26.076809620810597
425,"(3, 26)","(3, 27)",South,"[((3, 25), 'South', 24.08318915758459)]","['(2, 27)', '(10, 33)', '(3, 28)', '(29, 29)', '(11, 34)', '(12, 31)', '(9, 31)', '(31, 28)', '(25, 33)', '(35, 30)', '(14, 35)', '(33, 26)', '(27, 31)', '(22, 35)']","['(3, 25)', '(10, 33)', '(2, 27)', '(29, 29)', '(11, 34)', '(12, 31)', '(3, 28)', '(31, 28)', '(25, 33)', '(35, 30)', '(14, 35)', '(33, 26)', '(27, 31)', '(22, 35)', '(9, 31)']",[425 states],175,25.079872407968907,25.079872407968907
426,"(3, 25)","(3, 26)",South,"[((3, 24), 'South', 23.08679276123039)]","['(2, 27)', '(10, 33)', '(3, 28)', '(29, 29)', '(11, 34)', '(12, 31)', '(9, 31)', '(31, 28)', '(25, 33)', '(35, 30)', '(14, 35)', '(33, 26)', '(27, 31)', '(22, 35)']","['(3, 24)', '(10, 33)', '(2, 27)', '(29, 29)', '(11, 34)', '(12, 31)', '(3, 28)', '(31, 28)', '(25, 33)', '(35, 30)', '(14, 35)', '(33, 26)', '(27, 31)', '(22, 35)', '(9, 31)']",[426 states],176,24.08318915758459,24.08318915758459
427,"(3, 24)","(3, 25)",South,"[((3, 23), 'South', 22.090722034374522)]","['(2, 27)', '(10, 33)', '(3, 28)', '(29, 29)', '(11, 34)', '(12, 31)', '(9, 31)', '(31, 28)', '(25, 33)', '(35, 30)', '(14, 35)', '(33, 26)', '(27, 31)', '(22, 35)']","['(3, 23)', '(10, 33)', '(2, 27)', '(29, 29)', '(11, 34)', '(12, 31)', '(3, 28)', '(31, 28)', '(25, 33)', '(35, 30)', '(14, 35)', '(33, 26)', '(27, 31)', '(22, 35)', '(9, 31)']",[427 states],177,23.08679276123039,23.08679276123039
428,"(3, 23)","(3, 24)",South,"[((3, 22), 'South', 21.095023109728988)]","['(2, 27)', '(10, 33)', '(3, 28)', '(29, 29)', '(11, 34)', '(12, 31)', '(9, 31)', '(31, 28)', '(25, 33)', '(35, 30)', '(14, 35)', '(33, 26)', '(27, 31)', '(22, 35)']","['(3, 22)', '(10, 33)', '(2, 27)', '(29, 29)', '(11, 34)', '(12, 31)', '(3, 28)', '(31, 28)', '(25, 33)', '(35, 30)', '(14, 35)', '(33, 26)', '(27, 31)', '(22, 35)', '(9, 31)']",[428 states],178,22.090722034374522,22.090722034374522
429,"(3, 22)","(3, 23)",South,"[((3, 21), 'South', 20.09975124224178)]","['(2, 27)', '(10, 33)', '(3, 28)', '(29, 29)', '(11, 34)', '(12, 31)', '(9, 31)', '(31, 28)', '(25, 33)', '(35, 30)', '(14, 35)', '(33, 26)', '(27, 31)', '(22, 35)']","['(3, 21)', '(10, 33)', '(2, 27)', '(29, 29)', '(11, 34)', '(12, 31)', '(3, 28)', '(31, 28)', '(25, 33)', '(35, 30)', '(14, 35)', '(33, 26)', '(27, 31)', '(22, 35)', '(9, 31)']",[429 states],179,21.095023109728988,21.095023109728988
430,"(3, 21)","(3, 22)",South,"[((3, 20), 'South', 19.1049731745428), ((4, 21), 'East', 20.223748416156685), ((2, 21), 'West', 20.024984394500787)]","['(2, 27)', '(10, 33)', '(3, 28)', '(29, 29)', '(11, 34)', '(12, 31)', '(9, 31)', '(31, 28)', '(25, 33)', '(35, 30)', '(14, 35)', '(33, 26)', '(27, 31)', '(22, 35)']","['(3, 20)', '(2, 21)', '(2, 27)', '(4, 21)', '(11, 34)', '(12, 31)', '(3, 28)', '(10, 33)', '(25, 33)', '(35, 30)', '(14, 35)', '(33, 26)', '(27, 31)', '(22, 35)', '(9, 31)', '(31, 28)', '(29, 29)']",[430 states],180,20.09975124224178,20.09975124224178
431,"(3, 20)","(3, 21)",South,"[((3, 19), 'South', 18.110770276274835)]","['(2, 21)', '(4, 21)', '(2, 27)', '(10, 33)', '(11, 34)', '(12, 31)', '(3, 28)', '(29, 29)', '(25, 33)', '(35, 30)', '(14, 35)', '(33, 26)', '(27, 31)', '(22, 35)', '(9, 31)', '(31, 28)']","['(3, 19)', '(2, 21)', '(2, 27)', '(4, 21)', '(11, 34)', '(12, 31)', '(3, 28)', '(10, 33)', '(25, 33)', '(35, 30)', '(14, 35)', '(33, 26)', '(27, 31)', '(22, 35)', '(9, 31)', '(31, 28)', '(29, 29)']",[431 states],181,19.1049731745428,19.1049731745428
432,"(3, 19)","(3, 20)",South,"[((3, 18), 'South', 17.11724276862369)]","['(2, 21)', '(4, 21)', '(2, 27)', '(10, 33)', '(11, 34)', '(12, 31)', '(3, 28)', '(29, 29)', '(25, 33)', '(35, 30)', '(14, 35)', '(33, 26)', '(27, 31)', '(22, 35)', '(9, 31)', '(31, 28)']","['(3, 18)', '(2, 21)', '(2, 27)', '(4, 21)', '(11, 34)', '(12, 31)', '(3, 28)', '(10, 33)', '(25, 33)', '(35, 30)', '(14, 35)', '(33, 26)', '(27, 31)', '(22, 35)', '(9, 31)', '(31, 28)', '(29, 29)']",[432 states],182,18.110770276274835,18.110770276274835
433,"(3, 18)","(3, 19)",South,"[((3, 17), 'South', 16.1245154965971)]","['(2, 21)', '(4, 21)', '(2, 27)', '(10, 33)', '(11, 34)', '(12, 31)', '(3, 28)', '(29, 29)', '(25, 33)', '(35, 30)', '(14, 35)', '(33, 26)', '(27, 31)', '(22, 35)', '(9, 31)', '(31, 28)']","['(3, 17)', '(2, 21)', '(2, 27)', '(4, 21)', '(11, 34)', '(12, 31)', '(3, 28)', '(10, 33)', '(25, 33)', '(35, 30)', '(14, 35)', '(33, 26)', '(27, 31)', '(22, 35)', '(9, 31)', '(31, 28)', '(29, 29)']",[433 states],183,17.11724276862369,17.11724276862369
434,"(3, 17)","(3, 18)",South,"[((4, 17), 'East', 16.278820596099706), ((2, 17), 'West', 16.0312195418814)]","['(2, 21)', '(4, 21)', '(2, 27)', '(10, 33)', '(11, 34)', '(12, 31)', '(3, 28)', '(29, 29)', '(25, 33)', '(35, 30)', '(14, 35)', '(33, 26)', '(27, 31)', '(22, 35)', '(9, 31)', '(31, 28)']","['(2, 17)', '(4, 17)', '(2, 27)', '(2, 21)', '(11, 34)', '(12, 31)', '(3, 28)', '(10, 33)', '(4, 21)', '(35, 30)', '(14, 35)', '(33, 26)', '(27, 31)', '(22, 35)', '(9, 31)', '(31, 28)', '(29, 29)', '(25, 33)']",[434 states],184,16.1245154965971,16.1245154965971
435,"(2, 17)","(3, 17)",West,"[((1, 17), 'West', 16.0)]","['(4, 17)', '(2, 21)', '(2, 27)', '(4, 21)', '(11, 34)', '(12, 31)', '(3, 28)', '(10, 33)', '(25, 33)', '(35, 30)', '(14, 35)', '(33, 26)', '(27, 31)', '(22, 35)', '(9, 31)', '(31, 28)', '(29, 29)']","['(1, 17)', '(4, 17)', '(2, 27)', '(2, 21)', '(11, 34)', '(12, 31)', '(3, 28)', '(10, 33)', '(4, 21)', '(35, 30)', '(14, 35)', '(33, 26)', '(27, 31)', '(22, 35)', '(9, 31)', '(31, 28)', '(29, 29)', '(25, 33)']",[435 states],185,16.0312195418814,16.0312195418814
436,"(1, 17)","(2, 17)",West,[],"['(4, 17)', '(2, 21)', '(2, 27)', '(4, 21)', '(11, 34)', '(12, 31)', '(3, 28)', '(10, 33)', '(25, 33)', '(35, 30)', '(14, 35)', '(33, 26)', '(27, 31)', '(22, 35)', '(9, 31)', '(31, 28)', '(29, 29)']","['(4, 17)', '(2, 21)', '(2, 27)', '(4, 21)', '(11, 34)', '(12, 31)', '(3, 28)', '(10, 33)', '(25, 33)', '(35, 30)', '(14, 35)', '(33, 26)', '(27, 31)', '(22, 35)', '(9, 31)', '(31, 28)', '(29, 29)']",[436 states],186,16.0,16.0
437,"(4, 17)","(3, 17)",East,"[((5, 17), 'East', 16.492422502470642)]","['(2, 21)', '(4, 21)', '(2, 27)', '(10, 33)', '(11, 34)', '(12, 31)', '(3, 28)', '(29, 29)', '(25, 33)', '(35, 30)', '(14, 35)', '(33, 26)', '(27, 31)', '(22, 35)', '(9, 31)', '(31, 28)']","['(5, 17)', '(2, 21)', '(2, 27)', '(4, 21)', '(11, 34)', '(12, 31)', '(3, 28)', '(10, 33)', '(25, 33)', '(35, 30)', '(14, 35)', '(33, 26)', '(27, 31)', '(22, 35)', '(9, 31)', '(31, 28)', '(29, 29)']",[437 states],185,16.278820596099706,16.278820596099706
438,"(5, 17)","(4, 17)",East,"[((5, 16), 'South', 15.524174696260024), ((6, 17), 'East', 16.76305461424021)]","['(2, 21)', '(4, 21)', '(2, 27)', '(10, 33)', '(11, 34)', '(12, 31)', '(3, 28)', '(29, 29)', '(25, 33)', '(35, 30)', '(14, 35)', '(33, 26)', '(27, 31)', '(22, 35)', '(9, 31)', '(31, 28)']","['(5, 16)', '(6, 17)', '(2, 27)', '(2, 21)', '(11, 34)', '(12, 31)', '(3, 28)', '(10, 33)', '(4, 21)', '(35, 30)', '(14, 35)', '(33, 26)', '(27, 31)', '(22, 35)', '(9, 31)', '(31, 28)', '(29, 29)', '(25, 33)']",[438 states],186,16.492422502470642,16.492422502470642
439,"(5, 16)","(5, 17)",South,"[((5, 15), 'South', 14.560219778561036)]","['(6, 17)', '(2, 21)', '(2, 27)', '(4, 21)', '(11, 34)', '(12, 31)', '(3, 28)', '(10, 33)', '(25, 33)', '(35, 30)', '(14, 35)', '(33, 26)', '(27, 31)', '(22, 35)', '(9, 31)', '(31, 28)', '(29, 29)']","['(5, 15)', '(6, 17)', '(2, 27)', '(2, 21)', '(11, 34)', '(12, 31)', '(3, 28)', '(10, 33)', '(4, 21)', '(35, 30)', '(14, 35)', '(33, 26)', '(27, 31)', '(22, 35)', '(9, 31)', '(31, 28)', '(29, 29)', '(25, 33)']",[439 states],187,15.524174696260024,15.524174696260024
440,"(5, 15)","(5, 16)",South,"[((5, 14), 'South', 13.601470508735444)]","['(6, 17)', '(2, 21)', '(2, 27)', '(4, 21)', '(11, 34)', '(12, 31)', '(3, 28)', '(10, 33)', '(25, 33)', '(35, 30)', '(14, 35)', '(33, 26)', '(27, 31)', '(22, 35)', '(9, 31)', '(31, 28)', '(29, 29)']","['(5, 14)', '(6, 17)', '(2, 27)', '(2, 21)', '(11, 34)', '(12, 31)', '(3, 28)', '(10, 33)', '(4, 21)', '(35, 30)', '(14, 35)', '(33, 26)', '(27, 31)', '(22, 35)', '(9, 31)', '(31, 28)', '(29, 29)', '(25, 33)']",[440 states],188,14.560219778561036,14.560219778561036
441,"(5, 14)","(5, 15)",South,"[((5, 13), 'South', 12.649110640673518)]","['(6, 17)', '(2, 21)', '(2, 27)', '(4, 21)', '(11, 34)', '(12, 31)', '(3, 28)', '(10, 33)', '(25, 33)', '(35, 30)', '(14, 35)', '(33, 26)', '(27, 31)', '(22, 35)', '(9, 31)', '(31, 28)', '(29, 29)']","['(5, 13)', '(6, 17)', '(2, 27)', '(2, 21)', '(11, 34)', '(12, 31)', '(3, 28)', '(10, 33)', '(4, 21)', '(35, 30)', '(14, 35)', '(33, 26)', '(27, 31)', '(22, 35)', '(9, 31)', '(31, 28)', '(29, 29)', '(25, 33)']",[441 states],189,13.601470508735444,13.601470508735444
442,"(5, 13)","(5, 14)",South,"[((5, 12), 'South', 11.704699910719626), ((4, 13), 'West', 12.36931687685298)]","['(6, 17)', '(2, 21)', '(2, 27)', '(4, 21)', '(11, 34)', '(12, 31)', '(3, 28)', '(10, 33)', '(25, 33)', '(35, 30)', '(14, 35)', '(33, 26)', '(27, 31)', '(22, 35)', '(9, 31)', '(31, 28)', '(29, 29)']","['(5, 12)', '(4, 13)', '(2, 27)', '(6, 17)', '(11, 34)', '(12, 31)', '(3, 28)', '(10, 33)', '(2, 21)', '(35, 30)', '(14, 35)', '(33, 26)', '(27, 31)', '(22, 35)', '(9, 31)', '(31, 28)', '(29, 29)', '(25, 33)', '(4, 21)']",[442 states],190,12.649110640673518,12.649110640673518
443,"(5, 12)","(5, 13)",South,"[((5, 11), 'South', 10.770329614269007)]","['(4, 13)', '(6, 17)', '(2, 27)', '(2, 21)', '(11, 34)', '(12, 31)', '(3, 28)', '(10, 33)', '(4, 21)', '(35, 30)', '(14, 35)', '(33, 26)', '(27, 31)', '(22, 35)', '(9, 31)', '(31, 28)', '(29, 29)', '(25, 33)']","['(5, 11)', '(4, 13)', '(2, 27)', '(6, 17)', '(11, 34)', '(12, 31)', '(3, 28)', '(10, 33)', '(2, 21)', '(35, 30)', '(14, 35)', '(33, 26)', '(27, 31)', '(22, 35)', '(9, 31)', '(31, 28)', '(29, 29)', '(25, 33)', '(4, 21)']",[443 states],191,11.704699910719626,11.704699910719626
444,"(5, 11)","(5, 12)",South,"[((6, 11), 'East', 11.180339887498949)]","['(4, 13)', '(6, 17)', '(2, 27)', '(2, 21)', '(11, 34)', '(12, 31)', '(3, 28)', '(10, 33)', '(4, 21)', '(35, 30)', '(14, 35)', '(33, 26)', '(27, 31)', '(22, 35)', '(9, 31)', '(31, 28)', '(29, 29)', '(25, 33)']","['(6, 11)', '(4, 13)', '(2, 27)', '(6, 17)', '(11, 34)', '(12, 31)', '(3, 28)', '(10, 33)', '(2, 21)', '(35, 30)', '(14, 35)', '(33, 26)', '(27, 31)', '(22, 35)', '(9, 31)', '(31, 28)', '(29, 29)', '(25, 33)', '(4, 21)']",[444 states],192,10.770329614269007,10.770329614269007
445,"(6, 11)","(5, 11)",East,"[((7, 11), 'East', 11.661903789690601)]","['(4, 13)', '(6, 17)', '(2, 27)', '(2, 21)', '(11, 34)', '(12, 31)', '(3, 28)', '(10, 33)', '(4, 21)', '(35, 30)', '(14, 35)', '(33, 26)', '(27, 31)', '(22, 35)', '(9, 31)', '(31, 28)', '(29, 29)', '(25, 33)']","['(7, 11)', '(4, 13)', '(2, 27)', '(6, 17)', '(11, 34)', '(12, 31)', '(3, 28)', '(10, 33)', '(2, 21)', '(35, 30)', '(14, 35)', '(33, 26)', '(27, 31)', '(22, 35)', '(9, 31)', '(31, 28)', '(29, 29)', '(25, 33)', '(4, 21)']",[445 states],193,11.180339887498949,11.180339887498949
446,"(7, 11)","(6, 11)",East,"[((7, 10), 'South', 10.816653826391969)]","['(4, 13)', '(6, 17)', '(2, 27)', '(2, 21)', '(11, 34)', '(12, 31)', '(3, 28)', '(10, 33)', '(4, 21)', '(35, 30)', '(14, 35)', '(33, 26)', '(27, 31)', '(22, 35)', '(9, 31)', '(31, 28)', '(29, 29)', '(25, 33)']","['(7, 10)', '(4, 13)', '(2, 27)', '(6, 17)', '(11, 34)', '(12, 31)', '(3, 28)', '(10, 33)', '(2, 21)', '(35, 30)', '(14, 35)', '(33, 26)', '(27, 31)', '(22, 35)', '(9, 31)', '(31, 28)', '(29, 29)', '(25, 33)', '(4, 21)']",[446 states],194,11.661903789690601,11.661903789690601
447,"(7, 10)","(7, 11)",South,"[((7, 9), 'South', 10.0)]","['(4, 13)', '(6, 17)', '(2, 27)', '(2, 21)', '(11, 34)', '(12, 31)', '(3, 28)', '(10, 33)', '(4, 21)', '(35, 30)', '(14, 35)', '(33, 26)', '(27, 31)', '(22, 35)', '(9, 31)', '(31, 28)', '(29, 29)', '(25, 33)']","['(7, 9)', '(4, 13)', '(2, 27)', '(6, 17)', '(11, 34)', '(12, 31)', '(3, 28)', '(10, 33)', '(2, 21)', '(35, 30)', '(14, 35)', '(33, 26)', '(27, 31)', '(22, 35)', '(9, 31)', '(31, 28)', '(29, 29)', '(25, 33)', '(4, 21)']",[447 states],195,10.816653826391969,10.816653826391969
448,"(7, 9)","(7, 10)",South,[],"['(4, 13)', '(6, 17)', '(2, 27)', '(2, 21)', '(11, 34)', '(12, 31)', '(3, 28)', '(10, 33)', '(4, 21)', '(35, 30)', '(14, 35)', '(33, 26)', '(27, 31)', '(22, 35)', '(9, 31)', '(31, 28)', '(29, 29)', '(25, 33)']","['(4, 13)', '(6, 17)', '(2, 27)', '(2, 21)', '(11, 34)', '(12, 31)', '(3, 28)', '(10, 33)', '(4, 21)', '(35, 30)', '(14, 35)', '(33, 26)', '(27, 31)', '(22, 35)', '(9, 31)', '(31, 28)', '(29, 29)', '(25, 33)']",[448 states],196,10.0,10.0
449,"(4, 13)","(5, 13)",West,"[((3, 13), 'West', 12.165525060596439)]","['(6, 17)', '(2, 21)', '(2, 27)', '(4, 21)', '(11, 34)', '(12, 31)', '(3, 28)', '(10, 33)', '(25, 33)', '(35, 30)', '(14, 35)', '(33, 26)', '(27, 31)', '(22, 35)', '(9, 31)', '(31, 28)', '(29, 29)']","['(3, 13)', '(6, 17)', '(2, 27)', '(2, 21)', '(11, 34)', '(12, 31)', '(3, 28)', '(10, 33)', '(4, 21)', '(35, 30)', '(14, 35)', '(33, 26)', '(27, 31)', '(22, 35)', '(9, 31)', '(31, 28)', '(29, 29)', '(25, 33)']",[449 states],191,12.36931687685298,12.36931687685298
450,"(3, 13)","(4, 13)",West,"[((3, 12), 'South', 11.180339887498949)]","['(6, 17)', '(2, 21)', '(2, 27)', '(4, 21)', '(11, 34)', '(12, 31)', '(3, 28)', '(10, 33)', '(25, 33)', '(35, 30)', '(14, 35)', '(33, 26)', '(27, 31)', '(22, 35)', '(9, 31)', '(31, 28)', '(29, 29)']","['(3, 12)', '(6, 17)', '(2, 27)', '(2, 21)', '(11, 34)', '(12, 31)', '(3, 28)', '(10, 33)', '(4, 21)', '(35, 30)', '(14, 35)', '(33, 26)', '(27, 31)', '(22, 35)', '(9, 31)', '(31, 28)', '(29, 29)', '(25, 33)']",[450 states],192,12.165525060596439,12.165525060596439
451,"(3, 12)","(3, 13)",South,"[((3, 11), 'South', 10.198039027185569)]","['(6, 17)', '(2, 21)', '(2, 27)', '(4, 21)', '(11, 34)', '(12, 31)', '(3, 28)', '(10, 33)', '(25, 33)', '(35, 30)', '(14, 35)', '(33, 26)', '(27, 31)', '(22, 35)', '(9, 31)', '(31, 28)', '(29, 29)']","['(3, 11)', '(6, 17)', '(2, 27)', '(2, 21)', '(11, 34)', '(12, 31)', '(3, 28)', '(10, 33)', '(4, 21)', '(35, 30)', '(14, 35)', '(33, 26)', '(27, 31)', '(22, 35)', '(9, 31)', '(31, 28)', '(29, 29)', '(25, 33)']",[451 states],193,11.180339887498949,11.180339887498949
452,"(3, 11)","(3, 12)",South,"[((3, 10), 'South', 9.219544457292887)]","['(6, 17)', '(2, 21)', '(2, 27)', '(4, 21)', '(11, 34)', '(12, 31)', '(3, 28)', '(10, 33)', '(25, 33)', '(35, 30)', '(14, 35)', '(33, 26)', '(27, 31)', '(22, 35)', '(9, 31)', '(31, 28)', '(29, 29)']","['(3, 10)', '(6, 17)', '(2, 27)', '(2, 21)', '(11, 34)', '(12, 31)', '(3, 28)', '(10, 33)', '(4, 21)', '(35, 30)', '(14, 35)', '(33, 26)', '(27, 31)', '(22, 35)', '(9, 31)', '(31, 28)', '(29, 29)', '(25, 33)']",[452 states],194,10.198039027185569,10.198039027185569
453,"(3, 10)","(3, 11)",South,"[((3, 9), 'South', 8.246211251235321)]","['(6, 17)', '(2, 21)', '(2, 27)', '(4, 21)', '(11, 34)', '(12, 31)', '(3, 28)', '(10, 33)', '(25, 33)', '(35, 30)', '(14, 35)', '(33, 26)', '(27, 31)', '(22, 35)', '(9, 31)', '(31, 28)', '(29, 29)']","['(3, 9)', '(6, 17)', '(2, 27)', '(2, 21)', '(11, 34)', '(12, 31)', '(3, 28)', '(10, 33)', '(4, 21)', '(35, 30)', '(14, 35)', '(33, 26)', '(27, 31)', '(22, 35)', '(9, 31)', '(31, 28)', '(29, 29)', '(25, 33)']",[453 states],195,9.219544457292887,9.219544457292887
454,"(3, 9)","(3, 10)",South,"[((4, 9), 'East', 8.54400374531753)]","['(6, 17)', '(2, 21)', '(2, 27)', '(4, 21)', '(11, 34)', '(12, 31)', '(3, 28)', '(10, 33)', '(25, 33)', '(35, 30)', '(14, 35)', '(33, 26)', '(27, 31)', '(22, 35)', '(9, 31)', '(31, 28)', '(29, 29)']","['(4, 9)', '(6, 17)', '(2, 27)', '(2, 21)', '(11, 34)', '(12, 31)', '(3, 28)', '(10, 33)', '(4, 21)', '(35, 30)', '(14, 35)', '(33, 26)', '(27, 31)', '(22, 35)', '(9, 31)', '(31, 28)', '(29, 29)', '(25, 33)']",[454 states],196,8.246211251235321,8.246211251235321
455,"(4, 9)","(3, 9)",East,"[((5, 9), 'East', 8.94427190999916)]","['(6, 17)', '(2, 21)', '(2, 27)', '(4, 21)', '(11, 34)', '(12, 31)', '(3, 28)', '(10, 33)', '(25, 33)', '(35, 30)', '(14, 35)', '(33, 26)', '(27, 31)', '(22, 35)', '(9, 31)', '(31, 28)', '(29, 29)']","['(5, 9)', '(6, 17)', '(2, 27)', '(2, 21)', '(11, 34)', '(12, 31)', '(3, 28)', '(10, 33)', '(4, 21)', '(35, 30)', '(14, 35)', '(33, 26)', '(27, 31)', '(22, 35)', '(9, 31)', '(31, 28)', '(29, 29)', '(25, 33)']",[455 states],197,8.54400374531753,8.54400374531753
456,"(5, 9)","(4, 9)",East,"[((5, 8), 'South', 8.06225774829855)]","['(6, 17)', '(2, 21)', '(2, 27)', '(4, 21)', '(11, 34)', '(12, 31)', '(3, 28)', '(10, 33)', '(25, 33)', '(35, 30)', '(14, 35)', '(33, 26)', '(27, 31)', '(22, 35)', '(9, 31)', '(31, 28)', '(29, 29)']","['(5, 8)', '(6, 17)', '(2, 27)', '(2, 21)', '(11, 34)', '(12, 31)', '(3, 28)', '(10, 33)', '(4, 21)', '(35, 30)', '(14, 35)', '(33, 26)', '(27, 31)', '(22, 35)', '(9, 31)', '(31, 28)', '(29, 29)', '(25, 33)']",[456 states],198,8.94427190999916,8.94427190999916
457,"(5, 8)","(5, 9)",South,"[((5, 7), 'South', 7.211102550927978)]","['(6, 17)', '(2, 21)', '(2, 27)', '(4, 21)', '(11, 34)', '(12, 31)', '(3, 28)', '(10, 33)', '(25, 33)', '(35, 30)', '(14, 35)', '(33, 26)', '(27, 31)', '(22, 35)', '(9, 31)', '(31, 28)', '(29, 29)']","['(5, 7)', '(6, 17)', '(2, 27)', '(2, 21)', '(11, 34)', '(12, 31)', '(3, 28)', '(10, 33)', '(4, 21)', '(35, 30)', '(14, 35)', '(33, 26)', '(27, 31)', '(22, 35)', '(9, 31)', '(31, 28)', '(29, 29)', '(25, 33)']",[457 states],199,8.06225774829855,8.06225774829855
458,"(5, 7)","(5, 8)",South,"[((5, 6), 'South', 6.4031242374328485), ((6, 7), 'East', 7.810249675906654), ((4, 7), 'West', 6.708203932499369)]","['(6, 17)', '(2, 21)', '(2, 27)', '(4, 21)', '(11, 34)', '(12, 31)', '(3, 28)', '(10, 33)', '(25, 33)', '(35, 30)', '(14, 35)', '(33, 26)', '(27, 31)', '(22, 35)', '(9, 31)', '(31, 28)', '(29, 29)']","['(5, 6)', '(4, 7)', '(2, 27)', '(6, 17)', '(6, 7)', '(12, 31)', '(3, 28)', '(10, 33)', '(2, 21)', '(11, 34)', '(14, 35)', '(33, 26)', '(27, 31)', '(22, 35)', '(9, 31)', '(31, 28)', '(29, 29)', '(25, 33)', '(4, 21)', '(35, 30)']",[458 states],200,7.211102550927978,7.211102550927978
459,"(5, 6)","(5, 7)",South,"[((5, 5), 'South', 5.656854249492381)]","['(4, 7)', '(6, 7)', '(2, 27)', '(6, 17)', '(11, 34)', '(12, 31)', '(3, 28)', '(10, 33)', '(2, 21)', '(35, 30)', '(14, 35)', '(33, 26)', '(27, 31)', '(22, 35)', '(9, 31)', '(31, 28)', '(29, 29)', '(25, 33)', '(4, 21)']","['(5, 5)', '(4, 7)', '(2, 27)', '(6, 17)', '(6, 7)', '(12, 31)', '(3, 28)', '(10, 33)', '(2, 21)', '(11, 34)', '(14, 35)', '(33, 26)', '(27, 31)', '(22, 35)', '(9, 31)', '(31, 28)', '(29, 29)', '(25, 33)', '(4, 21)', '(35, 30)']",[459 states],201,6.4031242374328485,6.4031242374328485
460,"(5, 5)","(5, 6)",South,[],"['(4, 7)', '(6, 7)', '(2, 27)', '(6, 17)', '(11, 34)', '(12, 31)', '(3, 28)', '(10, 33)', '(2, 21)', '(35, 30)', '(14, 35)', '(33, 26)', '(27, 31)', '(22, 35)', '(9, 31)', '(31, 28)', '(29, 29)', '(25, 33)', '(4, 21)']","['(4, 7)', '(6, 7)', '(2, 27)', '(6, 17)', '(11, 34)', '(12, 31)', '(3, 28)', '(10, 33)', '(2, 21)', '(35, 30)', '(14, 35)', '(33, 26)', '(27, 31)', '(22, 35)', '(9, 31)', '(31, 28)', '(29, 29)', '(25, 33)', '(4, 21)']",[460 states],202,5.656854249492381,5.656854249492381
461,"(4, 7)","(5, 7)",West,"[((3, 7), 'West', 6.324555320336759)]","['(6, 7)', '(6, 17)', '(2, 27)', '(2, 21)', '(11, 34)', '(12, 31)', '(3, 28)', '(10, 33)', '(4, 21)', '(35, 30)', '(14, 35)', '(33, 26)', '(27, 31)', '(22, 35)', '(9, 31)', '(31, 28)', '(29, 29)', '(25, 33)']","['(3, 7)', '(6, 7)', '(2, 27)', '(6, 17)', '(11, 34)', '(12, 31)', '(3, 28)', '(10, 33)', '(2, 21)', '(35, 30)', '(14, 35)', '(33, 26)', '(27, 31)', '(22, 35)', '(9, 31)', '(31, 28)', '(29, 29)', '(25, 33)', '(4, 21)']",[461 states],201,6.708203932499369,6.708203932499369
462,"(3, 7)","(4, 7)",West,"[((3, 6), 'South', 5.385164807134504), ((2, 7), 'West', 6.082762530298219)]","['(6, 7)', '(6, 17)', '(2, 27)', '(2, 21)', '(11, 34)', '(12, 31)', '(3, 28)', '(10, 33)', '(4, 21)', '(35, 30)', '(14, 35)', '(33, 26)', '(27, 31)', '(22, 35)', '(9, 31)', '(31, 28)', '(29, 29)', '(25, 33)']","['(3, 6)', '(2, 7)', '(2, 27)', '(6, 17)', '(6, 7)', '(12, 31)', '(3, 28)', '(10, 33)', '(2, 21)', '(11, 34)', '(14, 35)', '(33, 26)', '(27, 31)', '(22, 35)', '(9, 31)', '(31, 28)', '(29, 29)', '(25, 33)', '(4, 21)', '(35, 30)']",[462 states],202,6.324555320336759,6.324555320336759
463,"(3, 6)","(3, 7)",South,"[((3, 5), 'South', 4.47213595499958)]","['(2, 7)', '(6, 7)', '(2, 27)', '(6, 17)', '(11, 34)', '(12, 31)', '(3, 28)', '(10, 33)', '(2, 21)', '(35, 30)', '(14, 35)', '(33, 26)', '(27, 31)', '(22, 35)', '(9, 31)', '(31, 28)', '(29, 29)', '(25, 33)', '(4, 21)']","['(3, 5)', '(2, 7)', '(2, 27)', '(6, 17)', '(6, 7)', '(12, 31)', '(3, 28)', '(10, 33)', '(2, 21)', '(11, 34)', '(14, 35)', '(33, 26)', '(27, 31)', '(22, 35)', '(9, 31)', '(31, 28)', '(29, 29)', '(25, 33)', '(4, 21)', '(35, 30)']",[463 states],203,5.385164807134504,5.385164807134504
464,"(3, 5)","(3, 6)",South,"[((3, 4), 'South', 3.605551275463989)]","['(2, 7)', '(6, 7)', '(2, 27)', '(6, 17)', '(11, 34)', '(12, 31)', '(3, 28)', '(10, 33)', '(2, 21)', '(35, 30)', '(14, 35)', '(33, 26)', '(27, 31)', '(22, 35)', '(9, 31)', '(31, 28)', '(29, 29)', '(25, 33)', '(4, 21)']","['(3, 4)', '(2, 7)', '(2, 27)', '(6, 17)', '(6, 7)', '(12, 31)', '(3, 28)', '(10, 33)', '(2, 21)', '(11, 34)', '(14, 35)', '(33, 26)', '(27, 31)', '(22, 35)', '(9, 31)', '(31, 28)', '(29, 29)', '(25, 33)', '(4, 21)', '(35, 30)']",[464 states],204,4.47213595499958,4.47213595499958
465,"(3, 4)","(3, 5)",South,"[((3, 3), 'South', 2.8284271247461903)]","['(2, 7)', '(6, 7)', '(2, 27)', '(6, 17)', '(11, 34)', '(12, 31)', '(3, 28)', '(10, 33)', '(2, 21)', '(35, 30)', '(14, 35)', '(33, 26)', '(27, 31)', '(22, 35)', '(9, 31)', '(31, 28)', '(29, 29)', '(25, 33)', '(4, 21)']","['(3, 3)', '(2, 7)', '(2, 27)', '(6, 17)', '(6, 7)', '(12, 31)', '(3, 28)', '(10, 33)', '(2, 21)', '(11, 34)', '(14, 35)', '(33, 26)', '(27, 31)', '(22, 35)', '(9, 31)', '(31, 28)', '(29, 29)', '(25, 33)', '(4, 21)', '(35, 30)']",[465 states],205,3.605551275463989,3.605551275463989
466,"(3, 3)","(3, 4)",South,"[((3, 2), 'South', 2.23606797749979), ((2, 3), 'West', 2.23606797749979)]","['(2, 7)', '(6, 7)', '(2, 27)', '(6, 17)', '(11, 34)', '(12, 31)', '(3, 28)', '(10, 33)', '(2, 21)', '(35, 30)', '(14, 35)', '(33, 26)', '(27, 31)', '(22, 35)', '(9, 31)', '(31, 28)', '(29, 29)', '(25, 33)', '(4, 21)']","['(3, 2)', '(2, 3)', '(2, 27)', '(6, 17)', '(2, 7)', '(12, 31)', '(3, 28)', '(10, 33)', '(2, 21)', '(6, 7)', '(14, 35)', '(33, 26)', '(27, 31)', '(22, 35)', '(9, 31)', '(31, 28)', '(29, 29)', '(25, 33)', '(4, 21)', '(35, 30)', '(11, 34)']",[466 states],206,2.8284271247461903,2.8284271247461903
467,"(3, 2)","(3, 3)",South,"[((3, 1), 'South', 2.0)]","['(2, 3)', '(2, 7)', '(2, 27)', '(6, 17)', '(6, 7)', '(12, 31)', '(3, 28)', '(10, 33)', '(2, 21)', '(11, 34)', '(14, 35)', '(33, 26)', '(27, 31)', '(22, 35)', '(9, 31)', '(31, 28)', '(29, 29)', '(25, 33)', '(4, 21)', '(35, 30)']","['(3, 1)', '(2, 3)', '(2, 27)', '(6, 17)', '(2, 7)', '(12, 31)', '(3, 28)', '(10, 33)', '(2, 21)', '(6, 7)', '(14, 35)', '(33, 26)', '(27, 31)', '(22, 35)', '(9, 31)', '(31, 28)', '(29, 29)', '(25, 33)', '(4, 21)', '(35, 30)', '(11, 34)']",[467 states],207,2.23606797749979,2.23606797749979
468,"(3, 1)","(3, 2)",South,[],"['(2, 3)', '(2, 7)', '(2, 27)', '(6, 17)', '(6, 7)', '(12, 31)', '(3, 28)', '(10, 33)', '(2, 21)', '(11, 34)', '(14, 35)', '(33, 26)', '(27, 31)', '(22, 35)', '(9, 31)', '(31, 28)', '(29, 29)', '(25, 33)', '(4, 21)', '(35, 30)']","['(2, 3)', '(2, 7)', '(2, 27)', '(6, 17)', '(6, 7)', '(12, 31)', '(3, 28)', '(10, 33)', '(2, 21)', '(11, 34)', '(14, 35)', '(33, 26)', '(27, 31)', '(22, 35)', '(9, 31)', '(31, 28)', '(29, 29)', '(25, 33)', '(4, 21)', '(35, 30)']",[468 states],208,2.0,2.0
469,"(2, 3)","(3, 3)",West,"[((1, 3), 'West', 2.0)]","['(2, 7)', '(6, 7)', '(2, 27)', '(6, 17)', '(11, 34)', '(12, 31)', '(3, 28)', '(10, 33)', '(2, 21)', '(35, 30)', '(14, 35)', '(33, 26)', '(27, 31)', '(22, 35)', '(9, 31)', '(31, 28)', '(29, 29)', '(25, 33)', '(4, 21)']","['(1, 3)', '(2, 7)', '(2, 27)', '(6, 17)', '(6, 7)', '(12, 31)', '(3, 28)', '(10, 33)', '(2, 21)', '(11, 34)', '(14, 35)', '(33, 26)', '(27, 31)', '(22, 35)', '(9, 31)', '(31, 28)', '(29, 29)', '(25, 33)', '(4, 21)', '(35, 30)']",[469 states],207,2.23606797749979,2.23606797749979
470,"(1, 3)","(2, 3)",West,"[((1, 4), 'North', 3.0), ((1, 2), 'South', 1.0)]","['(2, 7)', '(6, 7)', '(2, 27)', '(6, 17)', '(11, 34)', '(12, 31)', '(3, 28)', '(10, 33)', '(2, 21)', '(35, 30)', '(14, 35)', '(33, 26)', '(27, 31)', '(22, 35)', '(9, 31)', '(31, 28)', '(29, 29)', '(25, 33)', '(4, 21)']","['(1, 2)', '(1, 4)', '(2, 27)', '(6, 17)', '(2, 7)', '(12, 31)', '(3, 28)', '(10, 33)', '(2, 21)', '(6, 7)', '(14, 35)', '(33, 26)', '(27, 31)', '(22, 35)', '(9, 31)', '(31, 28)', '(29, 29)', '(25, 33)', '(4, 21)', '(35, 30)', '(11, 34)']",[470 states],208,2.0,2.0
471,"(1, 2)","(1, 3)",South,"[((1, 1), 'South', 0.0)]","['(1, 4)', '(2, 7)', '(2, 27)', '(6, 17)', '(6, 7)', '(12, 31)', '(3, 28)', '(10, 33)', '(2, 21)', '(11, 34)', '(14, 35)', '(33, 26)', '(27, 31)', '(22, 35)', '(9, 31)', '(31, 28)', '(29, 29)', '(25, 33)', '(4, 21)', '(35, 30)']","['(1, 1)', '(1, 4)', '(2, 27)', '(6, 17)', '(2, 7)', '(12, 31)', '(3, 28)', '(10, 33)', '(2, 21)', '(6, 7)', '(14, 35)', '(33, 26)', '(27, 31)', '(22, 35)', '(9, 31)', '(31, 28)', '(29, 29)', '(25, 33)', '(4, 21)', '(35, 30)', '(11, 34)']",[471 states],209,1.0,1.0
472,"(1, 1)","(1, 2)",South,[],"['(1, 4)', '(2, 7)', '(2, 27)', '(6, 17)', '(6, 7)', '(12, 31)', '(3, 28)', '(10, 33)', '(2, 21)', '(11, 34)', '(14, 35)', '(33, 26)', '(27, 31)', '(22, 35)', '(9, 31)', '(31, 28)', '(29, 29)', '(25, 33)', '(4, 21)', '(35, 30)']","['(1, 4)', '(2, 7)', '(2, 27)', '(6, 17)', '(6, 7)', '(12, 31)', '(3, 28)', '(10, 33)', '(2, 21)', '(11, 34)', '(14, 35)', '(33, 26)', '(27, 31)', '(22, 35)', '(9, 31)', '(31, 28)', '(29, 29)', '(25, 33)', '(4, 21)', '(35, 30)']",[472 states],210,0.0,0.0
