iteration,expanded_state,parent,action,generated_successors,frontier_before,frontier_after,explored,g,h,f
1,"(35, 1)",None,Start,"[((35, 2), 'North', 35), ((34, 1), 'West', 33)]",[],"['(34, 1)', '(35, 2)']","[(35, 1)]",0,34,34
2,"(34, 1)","(35, 1)",West,"[((33, 1), 'West', 32)]","['(35, 2)']","['(33, 1)', '(35, 2)']","[(34, 1), (35, 1)]",1,33,33
3,"(33, 1)","(34, 1)",West,[],"['(35, 2)']","['(35, 2)']","[(33, 1), (34, 1), (35, 1)]",2,32,32
4,"(35, 2)","(35, 1)",North,"[((35, 3), 'North', 36)]",[],"['(35, 3)']","[(35, 2), (33, 1), (34, 1), (35, 1)]",1,35,35
5,"(35, 3)","(35, 2)",North,"[((35, 4), 'North', 37), ((34, 3), 'West', 35)]",[],"['(34, 3)', '(35, 4)']","[(33, 1), (34, 1), (35, 1), (35, 3), (35, 2)]",2,36,36
6,"(34, 3)","(35, 3)",West,"[((33, 3), 'West', 34)]","['(35, 4)']","['(33, 3)', '(35, 4)']","[(33, 1), (34, 1), (35, 1), (34, 3), (35, 3), (35, 2)]",3,35,35
7,"(33, 3)","(34, 3)",West,"[((33, 4), 'North', 35), ((32, 3), 'West', 33)]","['(35, 4)']","['(32, 3)', '(35, 4)', '(33, 4)']","[(33, 1), (34, 1), (35, 1), (33, 3), (34, 3), (35, 3), (35, 2)]",4,34,34
8,"(32, 3)","(33, 3)",West,"[((31, 3), 'West', 32)]","['(33, 4)', '(35, 4)']","['(31, 3)', '(35, 4)', '(33, 4)']","[(33, 1), (34, 1), (35, 1), (32, 3), (33, 3), (34, 3), (35, 3), (35, 2)]",5,33,33
9,"(31, 3)","(32, 3)",West,"[((31, 4), 'North', 33), ((31, 2), 'South', 31)]","['(33, 4)', '(35, 4)']","['(31, 2)', '(31, 4)', '(33, 4)', '(35, 4)']","[(33, 1), (34, 1), (35, 1), (32, 3), (33, 3), (34, 3), (35, 3), (31, 3), (35, 2)]",6,32,32
10,"(31, 2)","(31, 3)",South,"[((31, 1), 'South', 30)]","['(31, 4)', '(35, 4)', '(33, 4)']","['(31, 1)', '(31, 4)', '(33, 4)', '(35, 4)']","[(33, 1), (34, 1), (35, 1), (32, 3), (33, 3), (34, 3), (35, 3), (31, 3), (35, 2), (31, 2)]",7,31,31
11,"(31, 1)","(31, 2)",South,[],"['(31, 4)', '(35, 4)', '(33, 4)']","['(31, 4)', '(35, 4)', '(33, 4)']","[(33, 1), (34, 1), (35, 1), (32, 3), (31, 1), (33, 3), (34, 3), (35, 3), (31, 3), (35, 2), (31, 2)]",8,30,30
12,"(31, 4)","(31, 3)",North,"[((31, 5), 'North', 34)]","['(33, 4)', '(35, 4)']","['(31, 5)', '(35, 4)', '(33, 4)']","[(33, 1), (34, 1), (35, 1), (31, 4), (32, 3), (31, 1), (33, 3), (34, 3), (35, 3), (31, 3), (35, 2), (31, 2)]",7,33,33
13,"(31, 5)","(31, 4)",North,"[((31, 6), 'North', 35), ((30, 5), 'West', 33)]","['(33, 4)', '(35, 4)']","['(30, 5)', '(33, 4)', '(31, 6)', '(35, 4)']","[(31, 5), (33, 1), (34, 1), (35, 1), (31, 4), (32, 3), (31, 1), (33, 3), (34, 3), (35, 3), (31, 3), (35, 2), (31, 2)]",8,34,34
14,"(30, 5)","(31, 5)",West,"[((29, 5), 'West', 32)]","['(33, 4)', '(35, 4)', '(31, 6)']","['(29, 5)', '(33, 4)', '(31, 6)', '(35, 4)']","[(31, 5), (33, 1), (34, 1), (35, 1), (31, 4), (32, 3), (31, 1), (33, 3), (34, 3), (35, 3), (31, 3), (35, 2), (31, 2), (30, 5)]",9,33,33
15,"(29, 5)","(30, 5)",West,"[((29, 4), 'South', 31)]","['(33, 4)', '(35, 4)', '(31, 6)']","['(29, 4)', '(33, 4)', '(31, 6)', '(35, 4)']","[(31, 5), (33, 1), (34, 1), (35, 1), (31, 4), (32, 3), (31, 1), (33, 3), (34, 3), (35, 3), (31, 3), (35, 2), (29, 5), (31, 2), (30, 5)]",10,32,32
16,"(29, 4)","(29, 5)",South,"[((29, 3), 'South', 30)]","['(33, 4)', '(35, 4)', '(31, 6)']","['(29, 3)', '(33, 4)', '(31, 6)', '(35, 4)']","[(31, 5), (33, 1), (29, 4), (34, 1), (35, 1), (31, 4), (32, 3), (31, 1), (33, 3), (34, 3), (35, 3), (31, 3), (35, 2), (29, 5), (31, 2), (30, 5)]",11,31,31
17,"(29, 3)","(29, 4)",South,"[((28, 3), 'West', 29)]","['(33, 4)', '(35, 4)', '(31, 6)']","['(28, 3)', '(33, 4)', '(31, 6)', '(35, 4)']","[(31, 5), (33, 1), (29, 4), (34, 1), (35, 1), (31, 4), (32, 3), (31, 1), (33, 3), (34, 3), (29, 3), (35, 3), (31, 3), (35, 2), (29, 5), (31, 2), (30, 5)]",12,30,30
18,"(28, 3)","(29, 3)",West,"[((27, 3), 'West', 28)]","['(33, 4)', '(35, 4)', '(31, 6)']","['(27, 3)', '(33, 4)', '(31, 6)', '(35, 4)']","[(31, 5), (33, 1), (29, 4), (34, 1), (35, 1), (31, 4), (32, 3), (31, 1), (33, 3), (28, 3), (34, 3), (29, 3), (35, 3), (31, 3), (35, 2), (29, 5), (31, 2), (30, 5)]",13,29,29
19,"(27, 3)","(28, 3)",West,"[((27, 4), 'North', 29), ((27, 2), 'South', 27), ((26, 3), 'West', 27)]","['(33, 4)', '(35, 4)', '(31, 6)']","['(27, 2)', '(27, 4)', '(26, 3)', '(35, 4)', '(33, 4)', '(31, 6)']","[(31, 5), (34, 1), (28, 3), (32, 3), (35, 2), (29, 4), (31, 4), (31, 1), (34, 3), (27, 3), (30, 5), (33, 1), (35, 1), (29, 3), (31, 3), (33, 3), (35, 3), (29, 5), (31, 2)]",14,28,28
20,"(27, 2)","(27, 3)",South,"[((27, 1), 'South', 26)]","['(26, 3)', '(27, 4)', '(31, 6)', '(35, 4)', '(33, 4)']","['(27, 1)', '(27, 4)', '(26, 3)', '(35, 4)', '(33, 4)', '(31, 6)']","[(31, 5), (34, 1), (28, 3), (32, 3), (35, 2), (29, 4), (31, 4), (31, 1), (34, 3), (27, 3), (30, 5), (33, 1), (35, 1), (29, 3), (31, 3), (27, 2), (33, 3), (35, 3), (29, 5), (31, 2)]",15,27,27
21,"(27, 1)","(27, 2)",South,"[((28, 1), 'East', 27)]","['(26, 3)', '(27, 4)', '(31, 6)', '(35, 4)', '(33, 4)']","['(26, 3)', '(27, 4)', '(28, 1)', '(35, 4)', '(33, 4)', '(31, 6)']","[(31, 5), (34, 1), (27, 1), (28, 3), (32, 3), (35, 2), (29, 4), (31, 4), (31, 1), (34, 3), (27, 3), (30, 5), (33, 1), (35, 1), (29, 3), (31, 3), (27, 2), (33, 3), (35, 3), (29, 5), (31, 2)]",16,26,26
22,"(26, 3)","(27, 3)",West,"[((25, 3), 'West', 26)]","['(28, 1)', '(27, 4)', '(31, 6)', '(35, 4)', '(33, 4)']","['(25, 3)', '(27, 4)', '(28, 1)', '(35, 4)', '(33, 4)', '(31, 6)']","[(31, 5), (34, 1), (27, 1), (28, 3), (32, 3), (35, 2), (29, 4), (31, 4), (31, 1), (34, 3), (27, 3), (30, 5), (33, 1), (35, 1), (29, 3), (31, 3), (27, 2), (33, 3), (35, 3), (26, 3), (29, 5), (31, 2)]",15,27,27
23,"(25, 3)","(26, 3)",West,"[((25, 4), 'North', 27), ((24, 3), 'West', 25)]","['(28, 1)', '(27, 4)', '(31, 6)', '(35, 4)', '(33, 4)']","['(24, 3)', '(27, 4)', '(28, 1)', '(35, 4)', '(33, 4)', '(31, 6)', '(25, 4)']","[(31, 5), (34, 1), (27, 1), (28, 3), (32, 3), (35, 2), (29, 4), (31, 4), (31, 1), (34, 3), (27, 3), (30, 5), (33, 1), (25, 3), (35, 1), (29, 3), (31, 3), (27, 2), (33, 3), (35, 3), (26, 3), (29, 5), (31, 2)]",16,26,26
24,"(24, 3)","(25, 3)",West,"[((23, 3), 'West', 24)]","['(28, 1)', '(27, 4)', '(25, 4)', '(35, 4)', '(33, 4)', '(31, 6)']","['(23, 3)', '(27, 4)', '(28, 1)', '(35, 4)', '(33, 4)', '(31, 6)', '(25, 4)']","[(31, 5), (34, 1), (27, 1), (28, 3), (32, 3), (35, 2), (29, 4), (31, 4), (31, 1), (34, 3), (27, 3), (30, 5), (33, 1), (25, 3), (35, 1), (29, 3), (31, 3), (27, 2), (33, 3), (35, 3), (24, 3), (26, 3), (29, 5), (31, 2)]",17,25,25
25,"(23, 3)","(24, 3)",West,"[((23, 2), 'South', 23), ((22, 3), 'West', 23)]","['(28, 1)', '(27, 4)', '(25, 4)', '(35, 4)', '(33, 4)', '(31, 6)']","['(23, 2)', '(22, 3)', '(28, 1)', '(27, 4)', '(33, 4)', '(31, 6)', '(25, 4)', '(35, 4)']","[(31, 5), (34, 1), (27, 1), (28, 3), (32, 3), (35, 2), (29, 4), (31, 4), (31, 1), (23, 3), (34, 3), (27, 3), (30, 5), (33, 1), (25, 3), (35, 1), (29, 3), (31, 3), (27, 2), (33, 3), (35, 3), (24, 3), (26, 3), (29, 5), (31, 2)]",18,24,24
26,"(23, 2)","(23, 3)",South,"[((23, 1), 'South', 22)]","['(22, 3)', '(27, 4)', '(28, 1)', '(35, 4)', '(33, 4)', '(31, 6)', '(25, 4)']","['(23, 1)', '(22, 3)', '(28, 1)', '(27, 4)', '(33, 4)', '(31, 6)', '(25, 4)', '(35, 4)']","[(31, 5), (34, 1), (27, 1), (28, 3), (32, 3), (35, 2), (29, 4), (31, 4), (31, 1), (23, 3), (34, 3), (27, 3), (30, 5), (33, 1), (25, 3), (35, 1), (29, 3), (31, 3), (23, 2), (27, 2), (33, 3), (35, 3), (24, 3), (26, 3), (29, 5), (31, 2)]",19,23,23
27,"(23, 1)","(23, 2)",South,"[((24, 1), 'East', 23), ((22, 1), 'West', 21)]","['(22, 3)', '(27, 4)', '(28, 1)', '(35, 4)', '(33, 4)', '(31, 6)', '(25, 4)']","['(22, 1)', '(22, 3)', '(28, 1)', '(24, 1)', '(33, 4)', '(31, 6)', '(25, 4)', '(35, 4)', '(27, 4)']","[(31, 5), (23, 1), (34, 1), (27, 1), (28, 3), (32, 3), (35, 2), (29, 4), (31, 4), (31, 1), (23, 3), (34, 3), (27, 3), (30, 5), (33, 1), (25, 3), (35, 1), (29, 3), (31, 3), (23, 2), (27, 2), (33, 3), (35, 3), (24, 3), (26, 3), (29, 5), (31, 2)]",20,22,22
28,"(22, 1)","(23, 1)",West,"[((21, 1), 'West', 20)]","['(22, 3)', '(24, 1)', '(28, 1)', '(27, 4)', '(33, 4)', '(31, 6)', '(25, 4)', '(35, 4)']","['(21, 1)', '(22, 3)', '(28, 1)', '(24, 1)', '(33, 4)', '(31, 6)', '(25, 4)', '(35, 4)', '(27, 4)']","[(31, 5), (23, 1), (34, 1), (27, 1), (28, 3), (32, 3), (35, 2), (29, 4), (31, 4), (22, 1), (31, 1), (23, 3), (34, 3), (27, 3), (30, 5), (33, 1), (25, 3), (35, 1), (29, 3), (31, 3), (23, 2), (27, 2), (33, 3), (35, 3), (24, 3), (26, 3), (29, 5), (31, 2)]",21,21,21
29,"(21, 1)","(22, 1)",West,"[((20, 1), 'West', 19)]","['(22, 3)', '(24, 1)', '(28, 1)', '(27, 4)', '(33, 4)', '(31, 6)', '(25, 4)', '(35, 4)']","['(20, 1)', '(22, 3)', '(28, 1)', '(24, 1)', '(33, 4)', '(31, 6)', '(25, 4)', '(35, 4)', '(27, 4)']","[(31, 5), (23, 1), (34, 1), (27, 1), (28, 3), (32, 3), (35, 2), (29, 4), (31, 4), (22, 1), (31, 1), (23, 3), (34, 3), (27, 3), (30, 5), (33, 1), (25, 3), (35, 1), (29, 3), (31, 3), (23, 2), (27, 2), (33, 3), (35, 3), (24, 3), (26, 3), (29, 5), (31, 2), (21, 1)]",22,20,20
30,"(20, 1)","(21, 1)",West,"[((19, 1), 'West', 18)]","['(22, 3)', '(24, 1)', '(28, 1)', '(27, 4)', '(33, 4)', '(31, 6)', '(25, 4)', '(35, 4)']","['(19, 1)', '(22, 3)', '(28, 1)', '(24, 1)', '(33, 4)', '(31, 6)', '(25, 4)', '(35, 4)', '(27, 4)']","[(31, 5), (23, 1), (34, 1), (27, 1), (28, 3), (32, 3), (35, 2), (29, 4), (31, 4), (22, 1), (31, 1), (20, 1), (23, 3), (34, 3), (27, 3), (30, 5), (33, 1), (25, 3), (35, 1), (29, 3), (31, 3), (23, 2), (27, 2), (33, 3), (35, 3), (24, 3), (26, 3), (29, 5), (31, 2), (21, 1)]",23,19,19
31,"(19, 1)","(20, 1)",West,[],"['(22, 3)', '(24, 1)', '(28, 1)', '(27, 4)', '(33, 4)', '(31, 6)', '(25, 4)', '(35, 4)']","['(22, 3)', '(24, 1)', '(28, 1)', '(27, 4)', '(33, 4)', '(31, 6)', '(25, 4)', '(35, 4)']","[(31, 5), (23, 1), (34, 1), (27, 1), (28, 3), (32, 3), (35, 2), (29, 4), (31, 4), (22, 1), (31, 1), (20, 1), (23, 3), (34, 3), (27, 3), (30, 5), (33, 1), (25, 3), (35, 1), (29, 3), (31, 3), (23, 2), (27, 2), (19, 1), (33, 3), (35, 3), (24, 3), (26, 3), (29, 5), (31, 2), (21, 1)]",24,18,18
32,"(22, 3)","(23, 3)",West,"[((21, 3), 'West', 22)]","['(24, 1)', '(27, 4)', '(28, 1)', '(35, 4)', '(33, 4)', '(31, 6)', '(25, 4)']","['(21, 3)', '(24, 1)', '(28, 1)', '(27, 4)', '(33, 4)', '(31, 6)', '(25, 4)', '(35, 4)']","[(31, 5), (23, 1), (34, 1), (27, 1), (28, 3), (32, 3), (35, 2), (29, 4), (31, 4), (22, 1), (31, 1), (20, 1), (23, 3), (34, 3), (27, 3), (30, 5), (33, 1), (25, 3), (35, 1), (29, 3), (31, 3), (23, 2), (22, 3), (27, 2), (19, 1), (33, 3), (35, 3), (24, 3), (26, 3), (29, 5), (31, 2), (21, 1)]",19,23,23
33,"(21, 3)","(22, 3)",West,"[((20, 3), 'West', 21)]","['(24, 1)', '(27, 4)', '(28, 1)', '(35, 4)', '(33, 4)', '(31, 6)', '(25, 4)']","['(20, 3)', '(24, 1)', '(28, 1)', '(27, 4)', '(33, 4)', '(31, 6)', '(25, 4)', '(35, 4)']","[(31, 5), (23, 1), (34, 1), (27, 1), (28, 3), (32, 3), (35, 2), (29, 4), (31, 4), (22, 1), (21, 3), (31, 1), (20, 1), (23, 3), (34, 3), (27, 3), (30, 5), (33, 1), (25, 3), (35, 1), (29, 3), (31, 3), (23, 2), (22, 3), (27, 2), (19, 1), (33, 3), (35, 3), (24, 3), (26, 3), (29, 5), (31, 2), (21, 1)]",20,22,22
34,"(20, 3)","(21, 3)",West,"[((19, 3), 'West', 20)]","['(24, 1)', '(27, 4)', '(28, 1)', '(35, 4)', '(33, 4)', '(31, 6)', '(25, 4)']","['(19, 3)', '(24, 1)', '(28, 1)', '(27, 4)', '(33, 4)', '(31, 6)', '(25, 4)', '(35, 4)']","[(31, 5), (23, 1), (34, 1), (27, 1), (28, 3), (32, 3), (35, 2), (29, 4), (31, 4), (22, 1), (21, 3), (31, 1), (20, 1), (23, 3), (34, 3), (27, 3), (30, 5), (33, 1), (25, 3), (35, 1), (29, 3), (31, 3), (23, 2), (20, 3), (22, 3), (27, 2), (19, 1), (33, 3), (35, 3), (24, 3), (26, 3), (29, 5), (31, 2), (21, 1)]",21,21,21
35,"(19, 3)","(20, 3)",West,"[((18, 3), 'West', 19)]","['(24, 1)', '(27, 4)', '(28, 1)', '(35, 4)', '(33, 4)', '(31, 6)', '(25, 4)']","['(18, 3)', '(24, 1)', '(28, 1)', '(27, 4)', '(33, 4)', '(31, 6)', '(25, 4)', '(35, 4)']","[(31, 5), (23, 1), (34, 1), (27, 1), (28, 3), (19, 3), (32, 3), (35, 2), (29, 4), (31, 4), (22, 1), (21, 3), (31, 1), (20, 1), (23, 3), (34, 3), (27, 3), (30, 5), (33, 1), (25, 3), (35, 1), (29, 3), (31, 3), (23, 2), (20, 3), (22, 3), (27, 2), (19, 1), (33, 3), (35, 3), (24, 3), (26, 3), (29, 5), (31, 2), (21, 1)]",22,20,20
36,"(18, 3)","(19, 3)",West,"[((17, 3), 'West', 18)]","['(24, 1)', '(27, 4)', '(28, 1)', '(35, 4)', '(33, 4)', '(31, 6)', '(25, 4)']","['(17, 3)', '(24, 1)', '(28, 1)', '(27, 4)', '(33, 4)', '(31, 6)', '(25, 4)', '(35, 4)']","[(31, 5), (23, 1), (34, 1), (27, 1), (28, 3), (19, 3), (32, 3), (35, 2), (29, 4), (31, 4), (22, 1), (21, 3), (31, 1), (20, 1), (23, 3), (34, 3), (27, 3), (30, 5), (33, 1), (25, 3), (35, 1), (18, 3), (29, 3), (31, 3), (23, 2), (20, 3), (22, 3), (27, 2), (19, 1), (33, 3), (35, 3), (24, 3), (26, 3), (29, 5), (31, 2), (21, 1)]",23,19,19
37,"(17, 3)","(18, 3)",West,"[((16, 3), 'West', 17)]","['(24, 1)', '(27, 4)', '(28, 1)', '(35, 4)', '(33, 4)', '(31, 6)', '(25, 4)']","['(16, 3)', '(24, 1)', '(28, 1)', '(27, 4)', '(33, 4)', '(31, 6)', '(25, 4)', '(35, 4)']","[(31, 5), (23, 1), (34, 1), (27, 1), (28, 3), (17, 3), (19, 3), (32, 3), (35, 2), (29, 4), (31, 4), (22, 1), (21, 3), (31, 1), (20, 1), (23, 3), (34, 3), (27, 3), (30, 5), (33, 1), (25, 3), (35, 1), (18, 3), (29, 3), (31, 3), (23, 2), (20, 3), (22, 3), (27, 2), (19, 1), (33, 3), (35, 3), (24, 3), (26, 3), (29, 5), (31, 2), (21, 1)]",24,18,18
38,"(16, 3)","(17, 3)",West,"[((15, 3), 'West', 16)]","['(24, 1)', '(27, 4)', '(28, 1)', '(35, 4)', '(33, 4)', '(31, 6)', '(25, 4)']","['(15, 3)', '(24, 1)', '(28, 1)', '(27, 4)', '(33, 4)', '(31, 6)', '(25, 4)', '(35, 4)']","[(31, 5), (23, 1), (34, 1), (27, 1), (28, 3), (17, 3), (19, 3), (32, 3), (35, 2), (29, 4), (31, 4), (22, 1), (21, 3), (31, 1), (20, 1), (23, 3), (34, 3), (27, 3), (30, 5), (33, 1), (25, 3), (35, 1), (16, 3), (18, 3), (29, 3), (31, 3), (23, 2), (20, 3), (22, 3), (27, 2), (19, 1), (33, 3), (35, 3), (24, 3), (26, 3), (29, 5), (31, 2), (21, 1)]",25,17,17
39,"(15, 3)","(16, 3)",West,"[((15, 4), 'North', 17), ((15, 2), 'South', 15), ((14, 3), 'West', 15)]","['(24, 1)', '(27, 4)', '(28, 1)', '(35, 4)', '(33, 4)', '(31, 6)', '(25, 4)']","['(15, 2)', '(14, 3)', '(28, 1)', '(24, 1)', '(15, 4)', '(31, 6)', '(25, 4)', '(35, 4)', '(27, 4)', '(33, 4)']","[(31, 5), (23, 1), (34, 1), (27, 1), (28, 3), (17, 3), (19, 3), (32, 3), (35, 2), (29, 4), (31, 4), (22, 1), (21, 3), (31, 1), (20, 1), (23, 3), (34, 3), (27, 3), (30, 5), (33, 1), (25, 3), (35, 1), (16, 3), (18, 3), (29, 3), (31, 3), (23, 2), (20, 3), (22, 3), (27, 2), (19, 1), (33, 3), (35, 3), (24, 3), (26, 3), (15, 3), (29, 5), (31, 2), (21, 1)]",26,16,16
40,"(15, 2)","(15, 3)",South,"[((15, 1), 'South', 14)]","['(14, 3)', '(15, 4)', '(28, 1)', '(24, 1)', '(33, 4)', '(31, 6)', '(25, 4)', '(35, 4)', '(27, 4)']","['(15, 1)', '(14, 3)', '(28, 1)', '(24, 1)', '(15, 4)', '(31, 6)', '(25, 4)', '(35, 4)', '(27, 4)', '(33, 4)']","[(31, 5), (23, 1), (34, 1), (27, 1), (28, 3), (17, 3), (19, 3), (32, 3), (35, 2), (15, 2), (29, 4), (31, 4), (22, 1), (21, 3), (31, 1), (20, 1), (23, 3), (34, 3), (27, 3), (30, 5), (33, 1), (25, 3), (35, 1), (16, 3), (18, 3), (29, 3), (31, 3), (23, 2), (20, 3), (22, 3), (27, 2), (19, 1), (33, 3), (35, 3), (24, 3), (26, 3), (15, 3), (29, 5), (31, 2), (21, 1)]",27,15,15
41,"(15, 1)","(15, 2)",South,"[((16, 1), 'East', 15)]","['(14, 3)', '(15, 4)', '(28, 1)', '(24, 1)', '(33, 4)', '(31, 6)', '(25, 4)', '(35, 4)', '(27, 4)']","['(14, 3)', '(16, 1)', '(28, 1)', '(24, 1)', '(15, 4)', '(31, 6)', '(25, 4)', '(35, 4)', '(27, 4)', '(33, 4)']","[(31, 5), (23, 1), (34, 1), (27, 1), (28, 3), (17, 3), (19, 3), (32, 3), (35, 2), (15, 2), (29, 4), (31, 4), (22, 1), (21, 3), (31, 1), (20, 1), (23, 3), (34, 3), (27, 3), (30, 5), (33, 1), (25, 3), (35, 1), (16, 3), (15, 1), (18, 3), (29, 3), (31, 3), (23, 2), (20, 3), (22, 3), (27, 2), (19, 1), (33, 3), (35, 3), (24, 3), (26, 3), (15, 3), (29, 5), (31, 2), (21, 1)]",28,14,14
42,"(14, 3)","(15, 3)",West,"[((13, 3), 'West', 14)]","['(16, 1)', '(15, 4)', '(28, 1)', '(24, 1)', '(33, 4)', '(31, 6)', '(25, 4)', '(35, 4)', '(27, 4)']","['(13, 3)', '(16, 1)', '(28, 1)', '(24, 1)', '(15, 4)', '(31, 6)', '(25, 4)', '(35, 4)', '(27, 4)', '(33, 4)']","[(31, 5), (23, 1), (34, 1), (27, 1), (28, 3), (17, 3), (19, 3), (32, 3), (35, 2), (15, 2), (29, 4), (31, 4), (22, 1), (21, 3), (31, 1), (20, 1), (23, 3), (34, 3), (14, 3), (27, 3), (30, 5), (33, 1), (25, 3), (35, 1), (16, 3), (15, 1), (18, 3), (29, 3), (31, 3), (23, 2), (20, 3), (22, 3), (27, 2), (19, 1), (33, 3), (35, 3), (24, 3), (26, 3), (15, 3), (29, 5), (31, 2), (21, 1)]",27,15,15
43,"(13, 3)","(14, 3)",West,"[((13, 4), 'North', 15)]","['(16, 1)', '(15, 4)', '(28, 1)', '(24, 1)', '(33, 4)', '(31, 6)', '(25, 4)', '(35, 4)', '(27, 4)']","['(16, 1)', '(13, 4)', '(28, 1)', '(24, 1)', '(15, 4)', '(31, 6)', '(25, 4)', '(35, 4)', '(27, 4)', '(33, 4)']","[(31, 5), (23, 1), (34, 1), (27, 1), (28, 3), (17, 3), (19, 3), (32, 3), (35, 2), (15, 2), (29, 4), (31, 4), (22, 1), (21, 3), (31, 1), (20, 1), (23, 3), (34, 3), (14, 3), (27, 3), (30, 5), (33, 1), (25, 3), (35, 1), (16, 3), (15, 1), (18, 3), (29, 3), (31, 3), (23, 2), (20, 3), (22, 3), (27, 2), (19, 1), (33, 3), (35, 3), (24, 3), (13, 3), (26, 3), (15, 3), (29, 5), (31, 2), (21, 1)]",28,14,14
44,"(16, 1)","(15, 1)",East,"[((17, 1), 'East', 16)]","['(13, 4)', '(15, 4)', '(28, 1)', '(24, 1)', '(33, 4)', '(31, 6)', '(25, 4)', '(35, 4)', '(27, 4)']","['(13, 4)', '(17, 1)', '(28, 1)', '(24, 1)', '(15, 4)', '(31, 6)', '(25, 4)', '(35, 4)', '(27, 4)', '(33, 4)']","[(31, 5), (23, 1), (34, 1), (27, 1), (28, 3), (17, 3), (19, 3), (32, 3), (35, 2), (15, 2), (16, 1), (29, 4), (31, 4), (22, 1), (21, 3), (31, 1), (20, 1), (23, 3), (34, 3), (14, 3), (27, 3), (30, 5), (33, 1), (25, 3), (35, 1), (16, 3), (15, 1), (18, 3), (29, 3), (31, 3), (23, 2), (20, 3), (22, 3), (27, 2), (19, 1), (33, 3), (35, 3), (24, 3), (13, 3), (26, 3), (15, 3), (29, 5), (31, 2), (21, 1)]",29,15,15
45,"(13, 4)","(13, 3)",North,"[((13, 5), 'North', 16)]","['(17, 1)', '(15, 4)', '(28, 1)', '(24, 1)', '(33, 4)', '(31, 6)', '(25, 4)', '(35, 4)', '(27, 4)']","['(17, 1)', '(13, 5)', '(28, 1)', '(24, 1)', '(15, 4)', '(31, 6)', '(25, 4)', '(35, 4)', '(27, 4)', '(33, 4)']","[(31, 5), (23, 1), (34, 1), (27, 1), (28, 3), (17, 3), (19, 3), (32, 3), (35, 2), (15, 2), (16, 1), (29, 4), (31, 4), (22, 1), (21, 3), (31, 1), (20, 1), (23, 3), (34, 3), (14, 3), (27, 3), (30, 5), (33, 1), (13, 4), (25, 3), (35, 1), (16, 3), (15, 1), (18, 3), (29, 3), (31, 3), (23, 2), (20, 3), (22, 3), (27, 2), (19, 1), (33, 3), (35, 3), (24, 3), (13, 3), (26, 3), (15, 3), (29, 5), (31, 2), (21, 1)]",29,15,15
46,"(17, 1)","(16, 1)",East,[],"['(13, 5)', '(15, 4)', '(28, 1)', '(24, 1)', '(33, 4)', '(31, 6)', '(25, 4)', '(35, 4)', '(27, 4)']","['(13, 5)', '(15, 4)', '(28, 1)', '(24, 1)', '(33, 4)', '(31, 6)', '(25, 4)', '(35, 4)', '(27, 4)']","[(31, 5), (23, 1), (34, 1), (27, 1), (28, 3), (17, 3), (19, 3), (32, 3), (35, 2), (15, 2), (16, 1), (29, 4), (31, 4), (22, 1), (21, 3), (31, 1), (20, 1), (23, 3), (34, 3), (14, 3), (27, 3), (30, 5), (33, 1), (13, 4), (25, 3), (35, 1), (16, 3), (15, 1), (18, 3), (29, 3), (31, 3), (23, 2), (20, 3), (22, 3), (27, 2), (17, 1), (19, 1), (33, 3), (35, 3), (24, 3), (13, 3), (26, 3), (15, 3), (29, 5), (31, 2), (21, 1)]",30,16,16
47,"(13, 5)","(13, 4)",North,[],"['(15, 4)', '(24, 1)', '(28, 1)', '(27, 4)', '(33, 4)', '(31, 6)', '(25, 4)', '(35, 4)']","['(15, 4)', '(24, 1)', '(28, 1)', '(27, 4)', '(33, 4)', '(31, 6)', '(25, 4)', '(35, 4)']","[(31, 5), (23, 1), (34, 1), (27, 1), (28, 3), (17, 3), (19, 3), (32, 3), (35, 2), (13, 5), (15, 2), (16, 1), (29, 4), (31, 4), (22, 1), (21, 3), (31, 1), (20, 1), (23, 3), (34, 3), (14, 3), (27, 3), (30, 5), (33, 1), (13, 4), (25, 3), (35, 1), (16, 3), (15, 1), (18, 3), (29, 3), (31, 3), (23, 2), (20, 3), (22, 3), (27, 2), (17, 1), (19, 1), (33, 3), (35, 3), (24, 3), (13, 3), (26, 3), (15, 3), (29, 5), (31, 2), (21, 1)]",30,16,16
48,"(15, 4)","(15, 3)",North,"[((15, 5), 'North', 18)]","['(24, 1)', '(27, 4)', '(28, 1)', '(35, 4)', '(33, 4)', '(31, 6)', '(25, 4)']","['(15, 5)', '(24, 1)', '(28, 1)', '(27, 4)', '(33, 4)', '(31, 6)', '(25, 4)', '(35, 4)']","[(31, 5), (23, 1), (34, 1), (27, 1), (28, 3), (17, 3), (19, 3), (32, 3), (35, 2), (13, 5), (15, 2), (16, 1), (29, 4), (31, 4), (22, 1), (21, 3), (31, 1), (20, 1), (23, 3), (34, 3), (14, 3), (27, 3), (30, 5), (33, 1), (13, 4), (25, 3), (35, 1), (15, 4), (16, 3), (15, 1), (18, 3), (29, 3), (31, 3), (23, 2), (20, 3), (22, 3), (27, 2), (17, 1), (19, 1), (33, 3), (35, 3), (24, 3), (13, 3), (26, 3), (15, 3), (29, 5), (31, 2), (21, 1)]",27,17,17
49,"(15, 5)","(15, 4)",North,"[((16, 5), 'East', 19)]","['(24, 1)', '(27, 4)', '(28, 1)', '(35, 4)', '(33, 4)', '(31, 6)', '(25, 4)']","['(16, 5)', '(24, 1)', '(28, 1)', '(27, 4)', '(33, 4)', '(31, 6)', '(25, 4)', '(35, 4)']","[(31, 5), (23, 1), (34, 1), (27, 1), (28, 3), (17, 3), (19, 3), (32, 3), (35, 2), (13, 5), (15, 2), (16, 1), (15, 5), (29, 4), (31, 4), (22, 1), (21, 3), (31, 1), (20, 1), (23, 3), (34, 3), (14, 3), (27, 3), (30, 5), (33, 1), (13, 4), (25, 3), (35, 1), (15, 4), (16, 3), (15, 1), (18, 3), (29, 3), (31, 3), (23, 2), (20, 3), (22, 3), (27, 2), (17, 1), (19, 1), (33, 3), (35, 3), (24, 3), (13, 3), (26, 3), (15, 3), (29, 5), (31, 2), (21, 1)]",28,18,18
50,"(16, 5)","(15, 5)",East,"[((17, 5), 'East', 20)]","['(24, 1)', '(27, 4)', '(28, 1)', '(35, 4)', '(33, 4)', '(31, 6)', '(25, 4)']","['(17, 5)', '(24, 1)', '(28, 1)', '(27, 4)', '(33, 4)', '(31, 6)', '(25, 4)', '(35, 4)']","[(31, 5), (23, 1), (34, 1), (27, 1), (28, 3), (17, 3), (19, 3), (32, 3), (35, 2), (13, 5), (15, 2), (16, 1), (15, 5), (29, 4), (31, 4), (22, 1), (21, 3), (31, 1), (20, 1), (23, 3), (34, 3), (14, 3), (27, 3), (30, 5), (33, 1), (13, 4), (25, 3), (35, 1), (15, 4), (16, 3), (15, 1), (18, 3), (29, 3), (31, 3), (23, 2), (20, 3), (22, 3), (27, 2), (17, 1), (19, 1), (33, 3), (35, 3), (24, 3), (13, 3), (16, 5), (26, 3), (15, 3), (29, 5), (31, 2), (21, 1)]",29,19,19
51,"(17, 5)","(16, 5)",East,"[((17, 6), 'North', 21), ((18, 5), 'East', 21)]","['(24, 1)', '(27, 4)', '(28, 1)', '(35, 4)', '(33, 4)', '(31, 6)', '(25, 4)']","['(17, 6)', '(18, 5)', '(28, 1)', '(24, 1)', '(33, 4)', '(31, 6)', '(25, 4)', '(35, 4)', '(27, 4)']",[51 states],30,20,20
52,"(17, 6)","(17, 5)",North,"[((17, 7), 'North', 22)]","['(18, 5)', '(24, 1)', '(28, 1)', '(27, 4)', '(33, 4)', '(31, 6)', '(25, 4)', '(35, 4)']","['(18, 5)', '(17, 7)', '(28, 1)', '(24, 1)', '(33, 4)', '(31, 6)', '(25, 4)', '(35, 4)', '(27, 4)']",[52 states],31,21,21
53,"(18, 5)","(17, 5)",East,"[((19, 5), 'East', 22)]","['(17, 7)', '(24, 1)', '(28, 1)', '(27, 4)', '(33, 4)', '(31, 6)', '(25, 4)', '(35, 4)']","['(17, 7)', '(19, 5)', '(28, 1)', '(24, 1)', '(33, 4)', '(31, 6)', '(25, 4)', '(35, 4)', '(27, 4)']",[53 states],31,21,21
54,"(17, 7)","(17, 6)",North,"[((16, 7), 'West', 21)]","['(19, 5)', '(24, 1)', '(28, 1)', '(27, 4)', '(33, 4)', '(31, 6)', '(25, 4)', '(35, 4)']","['(16, 7)', '(19, 5)', '(28, 1)', '(24, 1)', '(33, 4)', '(31, 6)', '(25, 4)', '(35, 4)', '(27, 4)']",[54 states],32,22,22
55,"(16, 7)","(17, 7)",West,"[((15, 7), 'West', 20)]","['(19, 5)', '(24, 1)', '(28, 1)', '(27, 4)', '(33, 4)', '(31, 6)', '(25, 4)', '(35, 4)']","['(15, 7)', '(19, 5)', '(28, 1)', '(24, 1)', '(33, 4)', '(31, 6)', '(25, 4)', '(35, 4)', '(27, 4)']",[55 states],33,21,21
56,"(15, 7)","(16, 7)",West,"[((15, 8), 'North', 21), ((14, 7), 'West', 19)]","['(19, 5)', '(24, 1)', '(28, 1)', '(27, 4)', '(33, 4)', '(31, 6)', '(25, 4)', '(35, 4)']","['(14, 7)', '(15, 8)', '(28, 1)', '(24, 1)', '(19, 5)', '(31, 6)', '(25, 4)', '(35, 4)', '(27, 4)', '(33, 4)']",[56 states],34,20,20
57,"(14, 7)","(15, 7)",West,"[((13, 7), 'West', 18)]","['(15, 8)', '(19, 5)', '(28, 1)', '(24, 1)', '(33, 4)', '(31, 6)', '(25, 4)', '(35, 4)', '(27, 4)']","['(13, 7)', '(15, 8)', '(28, 1)', '(24, 1)', '(19, 5)', '(31, 6)', '(25, 4)', '(35, 4)', '(27, 4)', '(33, 4)']",[57 states],35,19,19
58,"(13, 7)","(14, 7)",West,[],"['(15, 8)', '(19, 5)', '(28, 1)', '(24, 1)', '(33, 4)', '(31, 6)', '(25, 4)', '(35, 4)', '(27, 4)']","['(15, 8)', '(19, 5)', '(28, 1)', '(24, 1)', '(33, 4)', '(31, 6)', '(25, 4)', '(35, 4)', '(27, 4)']",[58 states],36,18,18
59,"(15, 8)","(15, 7)",North,"[((15, 9), 'North', 22)]","['(19, 5)', '(24, 1)', '(28, 1)', '(27, 4)', '(33, 4)', '(31, 6)', '(25, 4)', '(35, 4)']","['(19, 5)', '(15, 9)', '(28, 1)', '(24, 1)', '(33, 4)', '(31, 6)', '(25, 4)', '(35, 4)', '(27, 4)']",[59 states],35,21,21
60,"(19, 5)","(18, 5)",East,[],"['(15, 9)', '(24, 1)', '(28, 1)', '(27, 4)', '(33, 4)', '(31, 6)', '(25, 4)', '(35, 4)']","['(15, 9)', '(24, 1)', '(28, 1)', '(27, 4)', '(33, 4)', '(31, 6)', '(25, 4)', '(35, 4)']",[60 states],32,22,22
61,"(15, 9)","(15, 8)",North,"[((15, 10), 'North', 23)]","['(24, 1)', '(27, 4)', '(28, 1)', '(35, 4)', '(33, 4)', '(31, 6)', '(25, 4)']","['(24, 1)', '(15, 10)', '(28, 1)', '(27, 4)', '(33, 4)', '(31, 6)', '(25, 4)', '(35, 4)']",[61 states],36,22,22
62,"(24, 1)","(23, 1)",East,"[((25, 1), 'East', 24)]","['(15, 10)', '(27, 4)', '(28, 1)', '(35, 4)', '(33, 4)', '(31, 6)', '(25, 4)']","['(15, 10)', '(25, 1)', '(28, 1)', '(27, 4)', '(33, 4)', '(31, 6)', '(25, 4)', '(35, 4)']",[62 states],21,23,23
63,"(15, 10)","(15, 9)",North,"[((15, 11), 'North', 24)]","['(25, 1)', '(27, 4)', '(28, 1)', '(35, 4)', '(33, 4)', '(31, 6)', '(25, 4)']","['(25, 1)', '(15, 11)', '(28, 1)', '(27, 4)', '(33, 4)', '(31, 6)', '(25, 4)', '(35, 4)']",[63 states],37,23,23
64,"(25, 1)","(24, 1)",East,[],"['(15, 11)', '(27, 4)', '(28, 1)', '(35, 4)', '(33, 4)', '(31, 6)', '(25, 4)']","['(15, 11)', '(27, 4)', '(28, 1)', '(35, 4)', '(33, 4)', '(31, 6)', '(25, 4)']",[64 states],22,24,24
65,"(15, 11)","(15, 10)",North,"[((15, 12), 'North', 25)]","['(28, 1)', '(27, 4)', '(25, 4)', '(35, 4)', '(33, 4)', '(31, 6)']","['(15, 12)', '(27, 4)', '(28, 1)', '(35, 4)', '(33, 4)', '(31, 6)', '(25, 4)']",[65 states],38,24,24
66,"(15, 12)","(15, 11)",North,"[((15, 13), 'North', 26)]","['(28, 1)', '(27, 4)', '(25, 4)', '(35, 4)', '(33, 4)', '(31, 6)']","['(15, 13)', '(27, 4)', '(28, 1)', '(35, 4)', '(33, 4)', '(31, 6)', '(25, 4)']",[66 states],39,25,25
67,"(15, 13)","(15, 12)",North,"[((16, 13), 'East', 27), ((14, 13), 'West', 25)]","['(28, 1)', '(27, 4)', '(25, 4)', '(35, 4)', '(33, 4)', '(31, 6)']","['(14, 13)', '(28, 1)', '(25, 4)', '(27, 4)', '(33, 4)', '(31, 6)', '(16, 13)', '(35, 4)']",[67 states],40,26,26
68,"(14, 13)","(15, 13)",West,[],"['(28, 1)', '(27, 4)', '(25, 4)', '(35, 4)', '(33, 4)', '(31, 6)', '(16, 13)']","['(28, 1)', '(27, 4)', '(25, 4)', '(35, 4)', '(33, 4)', '(31, 6)', '(16, 13)']",[68 states],41,25,25
69,"(28, 1)","(27, 1)",East,"[((29, 1), 'East', 28)]","['(25, 4)', '(27, 4)', '(16, 13)', '(35, 4)', '(33, 4)', '(31, 6)']","['(25, 4)', '(27, 4)', '(16, 13)', '(35, 4)', '(33, 4)', '(31, 6)', '(29, 1)']",[69 states],17,27,27
70,"(25, 4)","(25, 3)",North,"[((25, 5), 'North', 28)]","['(16, 13)', '(27, 4)', '(29, 1)', '(35, 4)', '(33, 4)', '(31, 6)']","['(16, 13)', '(27, 4)', '(29, 1)', '(35, 4)', '(33, 4)', '(31, 6)', '(25, 5)']",[70 states],17,27,27
71,"(16, 13)","(15, 13)",East,"[((17, 13), 'East', 28)]","['(29, 1)', '(27, 4)', '(25, 5)', '(35, 4)', '(33, 4)', '(31, 6)']","['(29, 1)', '(27, 4)', '(25, 5)', '(35, 4)', '(33, 4)', '(31, 6)', '(17, 13)']",[71 states],41,27,27
72,"(29, 1)","(28, 1)",East,[],"['(25, 5)', '(27, 4)', '(17, 13)', '(35, 4)', '(33, 4)', '(31, 6)']","['(25, 5)', '(27, 4)', '(17, 13)', '(35, 4)', '(33, 4)', '(31, 6)']",[72 states],18,28,28
73,"(25, 5)","(25, 4)",North,"[((25, 6), 'North', 29), ((24, 5), 'West', 27)]","['(17, 13)', '(27, 4)', '(31, 6)', '(35, 4)', '(33, 4)']","['(24, 5)', '(27, 4)', '(17, 13)', '(35, 4)', '(33, 4)', '(31, 6)', '(25, 6)']",[73 states],18,28,28
74,"(24, 5)","(25, 5)",West,"[((23, 5), 'West', 26)]","['(17, 13)', '(27, 4)', '(25, 6)', '(35, 4)', '(33, 4)', '(31, 6)']","['(23, 5)', '(27, 4)', '(17, 13)', '(35, 4)', '(33, 4)', '(31, 6)', '(25, 6)']",[74 states],19,27,27
75,"(23, 5)","(24, 5)",West,[],"['(17, 13)', '(27, 4)', '(25, 6)', '(35, 4)', '(33, 4)', '(31, 6)']","['(17, 13)', '(27, 4)', '(25, 6)', '(35, 4)', '(33, 4)', '(31, 6)']",[75 states],20,26,26
76,"(17, 13)","(16, 13)",East,"[((17, 12), 'South', 27), ((18, 13), 'East', 29)]","['(27, 4)', '(33, 4)', '(25, 6)', '(35, 4)', '(31, 6)']","['(17, 12)', '(33, 4)', '(27, 4)', '(35, 4)', '(31, 6)', '(25, 6)', '(18, 13)']",[76 states],42,28,28
77,"(17, 12)","(17, 13)",South,"[((17, 11), 'South', 26)]","['(27, 4)', '(33, 4)', '(25, 6)', '(35, 4)', '(31, 6)', '(18, 13)']","['(17, 11)', '(33, 4)', '(27, 4)', '(35, 4)', '(31, 6)', '(18, 13)', '(25, 6)']",[77 states],43,27,27
78,"(17, 11)","(17, 12)",South,"[((17, 10), 'South', 25)]","['(27, 4)', '(33, 4)', '(25, 6)', '(35, 4)', '(31, 6)', '(18, 13)']","['(17, 10)', '(33, 4)', '(27, 4)', '(35, 4)', '(31, 6)', '(18, 13)', '(25, 6)']",[78 states],44,26,26
79,"(17, 10)","(17, 11)",South,"[((17, 9), 'South', 24)]","['(27, 4)', '(33, 4)', '(25, 6)', '(35, 4)', '(31, 6)', '(18, 13)']","['(17, 9)', '(33, 4)', '(27, 4)', '(35, 4)', '(31, 6)', '(18, 13)', '(25, 6)']",[79 states],45,25,25
80,"(17, 9)","(17, 10)",South,"[((18, 9), 'East', 25)]","['(27, 4)', '(33, 4)', '(25, 6)', '(35, 4)', '(31, 6)', '(18, 13)']","['(18, 9)', '(33, 4)', '(27, 4)', '(35, 4)', '(31, 6)', '(18, 13)', '(25, 6)']",[80 states],46,24,24
81,"(18, 9)","(17, 9)",East,"[((19, 9), 'East', 26)]","['(27, 4)', '(33, 4)', '(25, 6)', '(35, 4)', '(31, 6)', '(18, 13)']","['(19, 9)', '(33, 4)', '(27, 4)', '(35, 4)', '(31, 6)', '(18, 13)', '(25, 6)']",[81 states],47,25,25
82,"(19, 9)","(18, 9)",East,"[((19, 8), 'South', 25)]","['(27, 4)', '(33, 4)', '(25, 6)', '(35, 4)', '(31, 6)', '(18, 13)']","['(19, 8)', '(33, 4)', '(27, 4)', '(35, 4)', '(31, 6)', '(18, 13)', '(25, 6)']",[82 states],48,26,26
83,"(19, 8)","(19, 9)",South,"[((19, 7), 'South', 24)]","['(27, 4)', '(33, 4)', '(25, 6)', '(35, 4)', '(31, 6)', '(18, 13)']","['(19, 7)', '(33, 4)', '(27, 4)', '(35, 4)', '(31, 6)', '(18, 13)', '(25, 6)']",[83 states],49,25,25
84,"(19, 7)","(19, 8)",South,[],"['(27, 4)', '(33, 4)', '(25, 6)', '(35, 4)', '(31, 6)', '(18, 13)']","['(27, 4)', '(33, 4)', '(25, 6)', '(35, 4)', '(31, 6)', '(18, 13)']",[84 states],50,24,24
85,"(27, 4)","(27, 3)",North,"[((27, 5), 'North', 30)]","['(25, 6)', '(33, 4)', '(18, 13)', '(35, 4)', '(31, 6)']","['(25, 6)', '(33, 4)', '(18, 13)', '(35, 4)', '(31, 6)', '(27, 5)']",[85 states],15,29,29
86,"(25, 6)","(25, 5)",North,"[((25, 7), 'North', 30)]","['(18, 13)', '(33, 4)', '(27, 5)', '(35, 4)', '(31, 6)']","['(18, 13)', '(33, 4)', '(27, 5)', '(35, 4)', '(31, 6)', '(25, 7)']",[86 states],19,29,29
87,"(18, 13)","(17, 13)",East,"[((19, 13), 'East', 30)]","['(27, 5)', '(33, 4)', '(25, 7)', '(35, 4)', '(31, 6)']","['(27, 5)', '(33, 4)', '(25, 7)', '(35, 4)', '(31, 6)', '(19, 13)']",[87 states],43,29,29
88,"(27, 5)","(27, 4)",North,"[((27, 6), 'North', 31)]","['(25, 7)', '(33, 4)', '(19, 13)', '(35, 4)', '(31, 6)']","['(25, 7)', '(33, 4)', '(19, 13)', '(35, 4)', '(31, 6)', '(27, 6)']",[88 states],16,30,30
89,"(25, 7)","(25, 6)",North,"[((24, 7), 'West', 29)]","['(19, 13)', '(33, 4)', '(27, 6)', '(35, 4)', '(31, 6)']","['(24, 7)', '(33, 4)', '(19, 13)', '(35, 4)', '(31, 6)', '(27, 6)']",[89 states],20,30,30
90,"(24, 7)","(25, 7)",West,"[((23, 7), 'West', 28)]","['(19, 13)', '(33, 4)', '(27, 6)', '(35, 4)', '(31, 6)']","['(23, 7)', '(33, 4)', '(19, 13)', '(35, 4)', '(31, 6)', '(27, 6)']",[90 states],21,29,29
91,"(23, 7)","(24, 7)",West,"[((23, 8), 'North', 29), ((22, 7), 'West', 27)]","['(19, 13)', '(33, 4)', '(27, 6)', '(35, 4)', '(31, 6)']","['(22, 7)', '(33, 4)', '(23, 8)', '(35, 4)', '(31, 6)', '(27, 6)', '(19, 13)']",[91 states],22,28,28
92,"(22, 7)","(23, 7)",West,"[((21, 7), 'West', 26)]","['(23, 8)', '(33, 4)', '(19, 13)', '(35, 4)', '(31, 6)', '(27, 6)']","['(21, 7)', '(33, 4)', '(23, 8)', '(35, 4)', '(31, 6)', '(27, 6)', '(19, 13)']",[92 states],23,27,27
93,"(21, 7)","(22, 7)",West,"[((21, 8), 'North', 27), ((21, 6), 'South', 25)]","['(23, 8)', '(33, 4)', '(19, 13)', '(35, 4)', '(31, 6)', '(27, 6)']","['(21, 6)', '(21, 8)', '(23, 8)', '(33, 4)', '(31, 6)', '(27, 6)', '(19, 13)', '(35, 4)']",[93 states],24,26,26
94,"(21, 6)","(21, 7)",South,"[((21, 5), 'South', 24)]","['(21, 8)', '(33, 4)', '(23, 8)', '(35, 4)', '(31, 6)', '(27, 6)', '(19, 13)']","['(21, 5)', '(21, 8)', '(23, 8)', '(33, 4)', '(31, 6)', '(27, 6)', '(19, 13)', '(35, 4)']",[94 states],25,25,25
95,"(21, 5)","(21, 6)",South,[],"['(21, 8)', '(33, 4)', '(23, 8)', '(35, 4)', '(31, 6)', '(27, 6)', '(19, 13)']","['(21, 8)', '(33, 4)', '(23, 8)', '(35, 4)', '(31, 6)', '(27, 6)', '(19, 13)']",[95 states],26,24,24
96,"(21, 8)","(21, 7)",North,"[((21, 9), 'North', 28)]","['(23, 8)', '(33, 4)', '(19, 13)', '(35, 4)', '(31, 6)', '(27, 6)']","['(21, 9)', '(33, 4)', '(23, 8)', '(35, 4)', '(31, 6)', '(27, 6)', '(19, 13)']",[96 states],25,27,27
97,"(21, 9)","(21, 8)",North,[],"['(23, 8)', '(33, 4)', '(19, 13)', '(35, 4)', '(31, 6)', '(27, 6)']","['(23, 8)', '(33, 4)', '(19, 13)', '(35, 4)', '(31, 6)', '(27, 6)']",[97 states],26,28,28
98,"(23, 8)","(23, 7)",North,"[((23, 9), 'North', 30)]","['(19, 13)', '(33, 4)', '(27, 6)', '(35, 4)', '(31, 6)']","['(19, 13)', '(33, 4)', '(23, 9)', '(35, 4)', '(31, 6)', '(27, 6)']",[98 states],23,29,29
99,"(19, 13)","(18, 13)",East,"[((19, 12), 'South', 29), ((20, 13), 'East', 31)]","['(23, 9)', '(33, 4)', '(27, 6)', '(35, 4)', '(31, 6)']","['(19, 12)', '(33, 4)', '(23, 9)', '(35, 4)', '(31, 6)', '(27, 6)', '(20, 13)']",[99 states],44,30,30
100,"(19, 12)","(19, 13)",South,"[((19, 11), 'South', 28)]","['(23, 9)', '(33, 4)', '(27, 6)', '(35, 4)', '(31, 6)', '(20, 13)']","['(19, 11)', '(33, 4)', '(23, 9)', '(35, 4)', '(31, 6)', '(20, 13)', '(27, 6)']",[100 states],45,29,29
101,"(19, 11)","(19, 12)",South,[],"['(23, 9)', '(33, 4)', '(27, 6)', '(35, 4)', '(31, 6)', '(20, 13)']","['(23, 9)', '(33, 4)', '(27, 6)', '(35, 4)', '(31, 6)', '(20, 13)']",[101 states],46,28,28
102,"(23, 9)","(23, 8)",North,"[((24, 9), 'East', 31)]","['(27, 6)', '(33, 4)', '(20, 13)', '(35, 4)', '(31, 6)']","['(27, 6)', '(33, 4)', '(20, 13)', '(35, 4)', '(31, 6)', '(24, 9)']",[102 states],24,30,30
103,"(27, 6)","(27, 5)",North,"[((27, 7), 'North', 32)]","['(20, 13)', '(33, 4)', '(24, 9)', '(35, 4)', '(31, 6)']","['(20, 13)', '(33, 4)', '(24, 9)', '(35, 4)', '(31, 6)', '(27, 7)']",[103 states],17,31,31
104,"(20, 13)","(19, 13)",East,"[((21, 13), 'East', 32)]","['(24, 9)', '(33, 4)', '(27, 7)', '(35, 4)', '(31, 6)']","['(24, 9)', '(33, 4)', '(27, 7)', '(35, 4)', '(31, 6)', '(21, 13)']",[104 states],45,31,31
105,"(24, 9)","(23, 9)",East,"[((25, 9), 'East', 32)]","['(27, 7)', '(33, 4)', '(21, 13)', '(35, 4)', '(31, 6)']","['(27, 7)', '(33, 4)', '(21, 13)', '(35, 4)', '(31, 6)', '(25, 9)']",[105 states],25,31,31
106,"(27, 7)","(27, 6)",North,"[((28, 7), 'East', 33)]","['(21, 13)', '(33, 4)', '(25, 9)', '(35, 4)', '(31, 6)']","['(21, 13)', '(33, 4)', '(25, 9)', '(35, 4)', '(31, 6)', '(28, 7)']",[106 states],18,32,32
107,"(21, 13)","(20, 13)",East,"[((21, 14), 'North', 33), ((21, 12), 'South', 31)]","['(25, 9)', '(33, 4)', '(28, 7)', '(35, 4)', '(31, 6)']","['(21, 12)', '(33, 4)', '(25, 9)', '(35, 4)', '(31, 6)', '(21, 14)', '(28, 7)']",[107 states],46,32,32
108,"(21, 12)","(21, 13)",South,"[((21, 11), 'South', 30)]","['(25, 9)', '(33, 4)', '(28, 7)', '(35, 4)', '(31, 6)', '(21, 14)']","['(21, 11)', '(33, 4)', '(25, 9)', '(35, 4)', '(31, 6)', '(21, 14)', '(28, 7)']",[108 states],47,31,31
109,"(21, 11)","(21, 12)",South,"[((22, 11), 'East', 31)]","['(25, 9)', '(33, 4)', '(28, 7)', '(35, 4)', '(31, 6)', '(21, 14)']","['(22, 11)', '(33, 4)', '(25, 9)', '(35, 4)', '(31, 6)', '(21, 14)', '(28, 7)']",[109 states],48,30,30
110,"(22, 11)","(21, 11)",East,"[((23, 11), 'East', 32)]","['(25, 9)', '(33, 4)', '(28, 7)', '(35, 4)', '(31, 6)', '(21, 14)']","['(25, 9)', '(33, 4)', '(23, 11)', '(35, 4)', '(31, 6)', '(21, 14)', '(28, 7)']",[110 states],49,31,31
111,"(25, 9)","(24, 9)",East,[],"['(23, 11)', '(33, 4)', '(28, 7)', '(35, 4)', '(31, 6)', '(21, 14)']","['(23, 11)', '(33, 4)', '(28, 7)', '(35, 4)', '(31, 6)', '(21, 14)']",[111 states],26,32,32
112,"(23, 11)","(22, 11)",East,"[((23, 12), 'North', 33), ((24, 11), 'East', 33)]","['(28, 7)', '(33, 4)', '(21, 14)', '(35, 4)', '(31, 6)']","['(28, 7)', '(33, 4)', '(21, 14)', '(35, 4)', '(31, 6)', '(23, 12)', '(24, 11)']",[112 states],50,32,32
113,"(28, 7)","(27, 7)",East,"[((29, 7), 'East', 34)]","['(21, 14)', '(33, 4)', '(23, 12)', '(35, 4)', '(31, 6)', '(24, 11)']","['(21, 14)', '(33, 4)', '(23, 12)', '(35, 4)', '(31, 6)', '(24, 11)', '(29, 7)']",[113 states],19,33,33
114,"(21, 14)","(21, 13)",North,"[((21, 15), 'North', 34)]","['(23, 12)', '(33, 4)', '(24, 11)', '(35, 4)', '(31, 6)', '(29, 7)']","['(23, 12)', '(33, 4)', '(24, 11)', '(35, 4)', '(31, 6)', '(29, 7)', '(21, 15)']",[114 states],47,33,33
115,"(23, 12)","(23, 11)",North,"[((23, 13), 'North', 34)]","['(24, 11)', '(33, 4)', '(29, 7)', '(35, 4)', '(31, 6)', '(21, 15)']","['(24, 11)', '(33, 4)', '(29, 7)', '(35, 4)', '(31, 6)', '(21, 15)', '(23, 13)']",[115 states],51,33,33
116,"(24, 11)","(23, 11)",East,"[((25, 11), 'East', 34)]","['(29, 7)', '(33, 4)', '(21, 15)', '(35, 4)', '(31, 6)', '(23, 13)']","['(29, 7)', '(33, 4)', '(21, 15)', '(35, 4)', '(31, 6)', '(23, 13)', '(25, 11)']",[116 states],51,33,33
117,"(29, 7)","(28, 7)",East,"[((29, 8), 'North', 35)]","['(21, 15)', '(33, 4)', '(23, 13)', '(35, 4)', '(31, 6)', '(25, 11)']","['(21, 15)', '(33, 4)', '(23, 13)', '(35, 4)', '(31, 6)', '(25, 11)', '(29, 8)']",[117 states],20,34,34
118,"(21, 15)","(21, 14)",North,"[((22, 15), 'East', 35)]","['(23, 13)', '(33, 4)', '(25, 11)', '(35, 4)', '(31, 6)', '(29, 8)']","['(23, 13)', '(33, 4)', '(25, 11)', '(35, 4)', '(31, 6)', '(29, 8)', '(22, 15)']",[118 states],48,34,34
119,"(23, 13)","(23, 12)",North,"[((24, 13), 'East', 35)]","['(25, 11)', '(33, 4)', '(29, 8)', '(35, 4)', '(31, 6)', '(22, 15)']","['(25, 11)', '(33, 4)', '(29, 8)', '(35, 4)', '(31, 6)', '(22, 15)', '(24, 13)']",[119 states],52,34,34
120,"(25, 11)","(24, 11)",East,"[((26, 11), 'East', 35)]","['(33, 4)', '(31, 6)', '(29, 8)', '(35, 4)', '(24, 13)', '(22, 15)']","['(33, 4)', '(31, 6)', '(29, 8)', '(35, 4)', '(24, 13)', '(22, 15)', '(26, 11)']",[120 states],52,34,34
121,"(33, 4)","(33, 3)",North,"[((33, 5), 'North', 36)]","['(31, 6)', '(24, 13)', '(29, 8)', '(35, 4)', '(26, 11)', '(22, 15)']","['(31, 6)', '(24, 13)', '(29, 8)', '(35, 4)', '(26, 11)', '(22, 15)', '(33, 5)']",[121 states],5,35,35
122,"(31, 6)","(31, 5)",North,"[((31, 7), 'North', 36)]","['(29, 8)', '(24, 13)', '(22, 15)', '(35, 4)', '(26, 11)', '(33, 5)']","['(29, 8)', '(24, 13)', '(22, 15)', '(35, 4)', '(26, 11)', '(33, 5)', '(31, 7)']",[122 states],9,35,35
123,"(29, 8)","(29, 7)",North,"[((29, 9), 'North', 36)]","['(22, 15)', '(24, 13)', '(33, 5)', '(35, 4)', '(26, 11)', '(31, 7)']","['(22, 15)', '(24, 13)', '(33, 5)', '(35, 4)', '(26, 11)', '(31, 7)', '(29, 9)']",[123 states],21,35,35
124,"(22, 15)","(21, 15)",East,"[((23, 15), 'East', 36)]","['(24, 13)', '(26, 11)', '(33, 5)', '(35, 4)', '(29, 9)', '(31, 7)']","['(24, 13)', '(26, 11)', '(33, 5)', '(35, 4)', '(29, 9)', '(31, 7)', '(23, 15)']",[124 states],49,35,35
125,"(24, 13)","(23, 13)",East,"[((25, 13), 'East', 36)]","['(26, 11)', '(29, 9)', '(33, 5)', '(35, 4)', '(23, 15)', '(31, 7)']","['(26, 11)', '(29, 9)', '(33, 5)', '(35, 4)', '(23, 15)', '(31, 7)', '(25, 13)']",[125 states],53,35,35
126,"(26, 11)","(25, 11)",East,"[((27, 11), 'East', 36)]","['(33, 5)', '(29, 9)', '(31, 7)', '(35, 4)', '(23, 15)', '(25, 13)']","['(33, 5)', '(29, 9)', '(31, 7)', '(35, 4)', '(23, 15)', '(25, 13)', '(27, 11)']",[126 states],53,35,35
127,"(33, 5)","(33, 4)",North,"[((33, 6), 'North', 37)]","['(31, 7)', '(29, 9)', '(25, 13)', '(35, 4)', '(23, 15)', '(27, 11)']","['(31, 7)', '(29, 9)', '(25, 13)', '(35, 4)', '(23, 15)', '(27, 11)', '(33, 6)']",[127 states],6,36,36
128,"(31, 7)","(31, 6)",North,"[((31, 8), 'North', 37)]","['(29, 9)', '(23, 15)', '(25, 13)', '(35, 4)', '(33, 6)', '(27, 11)']","['(29, 9)', '(23, 15)', '(25, 13)', '(35, 4)', '(33, 6)', '(27, 11)', '(31, 8)']",[128 states],10,36,36
129,"(29, 9)","(29, 8)",North,[],"['(23, 15)', '(35, 4)', '(25, 13)', '(31, 8)', '(33, 6)', '(27, 11)']","['(23, 15)', '(35, 4)', '(25, 13)', '(31, 8)', '(33, 6)', '(27, 11)']",[129 states],22,36,36
130,"(23, 15)","(22, 15)",East,"[((24, 15), 'East', 37)]","['(25, 13)', '(35, 4)', '(27, 11)', '(31, 8)', '(33, 6)']","['(25, 13)', '(35, 4)', '(27, 11)', '(31, 8)', '(33, 6)', '(24, 15)']",[130 states],50,36,36
131,"(25, 13)","(24, 13)",East,"[((26, 13), 'East', 37)]","['(27, 11)', '(35, 4)', '(24, 15)', '(31, 8)', '(33, 6)']","['(27, 11)', '(35, 4)', '(24, 15)', '(31, 8)', '(33, 6)', '(26, 13)']",[131 states],54,36,36
132,"(27, 11)","(26, 11)",East,"[((27, 10), 'South', 35)]","['(35, 4)', '(33, 6)', '(24, 15)', '(31, 8)', '(26, 13)']","['(27, 10)', '(33, 6)', '(35, 4)', '(31, 8)', '(26, 13)', '(24, 15)']",[132 states],54,36,36
133,"(27, 10)","(27, 11)",South,"[((27, 9), 'South', 34)]","['(35, 4)', '(33, 6)', '(24, 15)', '(31, 8)', '(26, 13)']","['(27, 9)', '(33, 6)', '(35, 4)', '(31, 8)', '(26, 13)', '(24, 15)']",[133 states],55,35,35
134,"(27, 9)","(27, 10)",South,[],"['(35, 4)', '(33, 6)', '(24, 15)', '(31, 8)', '(26, 13)']","['(35, 4)', '(33, 6)', '(24, 15)', '(31, 8)', '(26, 13)']",[134 states],56,34,34
135,"(35, 4)","(35, 3)",North,"[((35, 5), 'North', 38)]","['(33, 6)', '(31, 8)', '(24, 15)', '(26, 13)']","['(33, 6)', '(31, 8)', '(24, 15)', '(26, 13)', '(35, 5)']",[135 states],3,37,37
136,"(33, 6)","(33, 5)",North,"[((33, 7), 'North', 38)]","['(31, 8)', '(26, 13)', '(24, 15)', '(35, 5)']","['(31, 8)', '(26, 13)', '(24, 15)', '(35, 5)', '(33, 7)']",[136 states],7,37,37
137,"(31, 8)","(31, 7)",North,"[((31, 9), 'North', 38)]","['(24, 15)', '(26, 13)', '(33, 7)', '(35, 5)']","['(24, 15)', '(26, 13)', '(33, 7)', '(35, 5)', '(31, 9)']",[137 states],11,37,37
138,"(24, 15)","(23, 15)",East,"[((25, 15), 'East', 38)]","['(26, 13)', '(35, 5)', '(33, 7)', '(31, 9)']","['(26, 13)', '(35, 5)', '(33, 7)', '(31, 9)', '(25, 15)']",[138 states],51,37,37
139,"(26, 13)","(25, 13)",East,"[((27, 13), 'East', 38)]","['(35, 5)', '(31, 9)', '(33, 7)', '(25, 15)']","['(35, 5)', '(31, 9)', '(33, 7)', '(25, 15)', '(27, 13)']",[139 states],55,37,37
140,"(35, 5)","(35, 4)",North,[],"['(33, 7)', '(31, 9)', '(27, 13)', '(25, 15)']","['(33, 7)', '(31, 9)', '(27, 13)', '(25, 15)']",[140 states],4,38,38
141,"(33, 7)","(33, 6)",North,"[((34, 7), 'East', 39)]","['(31, 9)', '(25, 15)', '(27, 13)']","['(31, 9)', '(25, 15)', '(27, 13)', '(34, 7)']",[141 states],8,38,38
142,"(31, 9)","(31, 8)",North,"[((31, 10), 'North', 39), ((32, 9), 'East', 39)]","['(25, 15)', '(34, 7)', '(27, 13)']","['(25, 15)', '(34, 7)', '(27, 13)', '(31, 10)', '(32, 9)']",[142 states],12,38,38
143,"(25, 15)","(24, 15)",East,[],"['(27, 13)', '(34, 7)', '(32, 9)', '(31, 10)']","['(27, 13)', '(34, 7)', '(32, 9)', '(31, 10)']",[143 states],52,38,38
144,"(27, 13)","(26, 13)",East,"[((27, 14), 'North', 39)]","['(34, 7)', '(31, 10)', '(32, 9)']","['(34, 7)', '(31, 10)', '(32, 9)', '(27, 14)']",[144 states],56,38,38
145,"(34, 7)","(33, 7)",East,"[((35, 7), 'East', 40)]","['(31, 10)', '(27, 14)', '(32, 9)']","['(31, 10)', '(27, 14)', '(32, 9)', '(35, 7)']",[145 states],9,39,39
146,"(31, 10)","(31, 9)",North,"[((31, 11), 'North', 40)]","['(32, 9)', '(27, 14)', '(35, 7)']","['(32, 9)', '(27, 14)', '(35, 7)', '(31, 11)']",[146 states],13,39,39
147,"(32, 9)","(31, 9)",East,"[((33, 9), 'East', 40)]","['(27, 14)', '(31, 11)', '(35, 7)']","['(27, 14)', '(31, 11)', '(35, 7)', '(33, 9)']",[147 states],13,39,39
148,"(27, 14)","(27, 13)",North,"[((27, 15), 'North', 40)]","['(35, 7)', '(31, 11)', '(33, 9)']","['(35, 7)', '(31, 11)', '(33, 9)', '(27, 15)']",[148 states],57,39,39
149,"(35, 7)","(34, 7)",East,[],"['(31, 11)', '(27, 15)', '(33, 9)']","['(31, 11)', '(27, 15)', '(33, 9)']",[149 states],10,40,40
150,"(31, 11)","(31, 10)",North,"[((30, 11), 'West', 39)]","['(33, 9)', '(27, 15)']","['(30, 11)', '(27, 15)', '(33, 9)']",[150 states],14,40,40
151,"(30, 11)","(31, 11)",West,"[((29, 11), 'West', 38)]","['(33, 9)', '(27, 15)']","['(29, 11)', '(27, 15)', '(33, 9)']",[151 states],15,39,39
152,"(29, 11)","(30, 11)",West,[],"['(33, 9)', '(27, 15)']","['(33, 9)', '(27, 15)']",[152 states],16,38,38
153,"(33, 9)","(32, 9)",East,"[((33, 10), 'North', 41), ((34, 9), 'East', 41)]","['(27, 15)']","['(27, 15)', '(33, 10)', '(34, 9)']",[153 states],14,40,40
154,"(27, 15)","(27, 14)",North,"[((28, 15), 'East', 41)]","['(33, 10)', '(34, 9)']","['(33, 10)', '(34, 9)', '(28, 15)']",[154 states],58,40,40
155,"(33, 10)","(33, 9)",North,"[((33, 11), 'North', 42)]","['(34, 9)', '(28, 15)']","['(34, 9)', '(28, 15)', '(33, 11)']",[155 states],15,41,41
156,"(34, 9)","(33, 9)",East,"[((35, 9), 'East', 42)]","['(28, 15)', '(33, 11)']","['(28, 15)', '(33, 11)', '(35, 9)']",[156 states],15,41,41
157,"(28, 15)","(27, 15)",East,"[((29, 15), 'East', 42)]","['(33, 11)', '(35, 9)']","['(33, 11)', '(35, 9)', '(29, 15)']",[157 states],59,41,41
158,"(33, 11)","(33, 10)",North,[],"['(35, 9)', '(29, 15)']","['(35, 9)', '(29, 15)']",[158 states],16,42,42
159,"(35, 9)","(34, 9)",East,"[((35, 10), 'North', 43)]","['(29, 15)']","['(29, 15)', '(35, 10)']",[159 states],16,42,42
160,"(29, 15)","(28, 15)",East,"[((29, 14), 'South', 41)]","['(35, 10)']","['(29, 14)', '(35, 10)']",[160 states],60,42,42
161,"(29, 14)","(29, 15)",South,"[((29, 13), 'South', 40)]","['(35, 10)']","['(29, 13)', '(35, 10)']",[161 states],61,41,41
162,"(29, 13)","(29, 14)",South,"[((30, 13), 'East', 41)]","['(35, 10)']","['(30, 13)', '(35, 10)']",[162 states],62,40,40
163,"(30, 13)","(29, 13)",East,"[((31, 13), 'East', 42)]","['(35, 10)']","['(31, 13)', '(35, 10)']",[163 states],63,41,41
164,"(31, 13)","(30, 13)",East,"[((31, 14), 'North', 43), ((32, 13), 'East', 43)]","['(35, 10)']","['(35, 10)', '(31, 14)', '(32, 13)']",[164 states],64,42,42
165,"(35, 10)","(35, 9)",North,"[((35, 11), 'North', 44)]","['(31, 14)', '(32, 13)']","['(31, 14)', '(32, 13)', '(35, 11)']",[165 states],17,43,43
166,"(31, 14)","(31, 13)",North,"[((31, 15), 'North', 44)]","['(32, 13)', '(35, 11)']","['(32, 13)', '(35, 11)', '(31, 15)']",[166 states],65,43,43
167,"(32, 13)","(31, 13)",East,"[((33, 13), 'East', 44)]","['(35, 11)', '(31, 15)']","['(35, 11)', '(31, 15)', '(33, 13)']",[167 states],65,43,43
168,"(35, 11)","(35, 10)",North,[],"['(31, 15)', '(33, 13)']","['(31, 15)', '(33, 13)']",[168 states],18,44,44
169,"(31, 15)","(31, 14)",North,"[((31, 16), 'North', 45)]","['(33, 13)']","['(33, 13)', '(31, 16)']",[169 states],66,44,44
170,"(33, 13)","(32, 13)",East,"[((34, 13), 'East', 45)]","['(31, 16)']","['(31, 16)', '(34, 13)']",[170 states],66,44,44
171,"(31, 16)","(31, 15)",North,"[((31, 17), 'North', 46)]","['(34, 13)']","['(34, 13)', '(31, 17)']",[171 states],67,45,45
172,"(34, 13)","(33, 13)",East,"[((35, 13), 'East', 46)]","['(31, 17)']","['(31, 17)', '(35, 13)']",[172 states],67,45,45
173,"(31, 17)","(31, 16)",North,"[((31, 18), 'North', 47)]","['(35, 13)']","['(35, 13)', '(31, 18)']",[173 states],68,46,46
174,"(35, 13)","(34, 13)",East,"[((35, 14), 'North', 47)]","['(31, 18)']","['(31, 18)', '(35, 14)']",[174 states],68,46,46
175,"(31, 18)","(31, 17)",North,"[((31, 19), 'North', 48)]","['(35, 14)']","['(35, 14)', '(31, 19)']",[175 states],69,47,47
176,"(35, 14)","(35, 13)",North,"[((35, 15), 'North', 48)]","['(31, 19)']","['(31, 19)', '(35, 15)']",[176 states],69,47,47
177,"(31, 19)","(31, 18)",North,"[((31, 20), 'North', 49), ((32, 19), 'East', 49)]","['(35, 15)']","['(35, 15)', '(31, 20)', '(32, 19)']",[177 states],70,48,48
178,"(35, 15)","(35, 14)",North,"[((34, 15), 'West', 47)]","['(31, 20)', '(32, 19)']","['(34, 15)', '(32, 19)', '(31, 20)']",[178 states],70,48,48
179,"(34, 15)","(35, 15)",West,"[((33, 15), 'West', 46)]","['(31, 20)', '(32, 19)']","['(33, 15)', '(32, 19)', '(31, 20)']",[179 states],71,47,47
180,"(33, 15)","(34, 15)",West,"[((33, 16), 'North', 47)]","['(31, 20)', '(32, 19)']","['(33, 16)', '(32, 19)', '(31, 20)']",[180 states],72,46,46
181,"(33, 16)","(33, 15)",North,"[((33, 17), 'North', 48)]","['(31, 20)', '(32, 19)']","['(33, 17)', '(32, 19)', '(31, 20)']",[181 states],73,47,47
182,"(33, 17)","(33, 16)",North,"[((34, 17), 'East', 49)]","['(31, 20)', '(32, 19)']","['(31, 20)', '(32, 19)', '(34, 17)']",[182 states],74,48,48
183,"(31, 20)","(31, 19)",North,"[((31, 21), 'North', 50)]","['(32, 19)', '(34, 17)']","['(32, 19)', '(34, 17)', '(31, 21)']",[183 states],71,49,49
184,"(32, 19)","(31, 19)",East,"[((33, 19), 'East', 50)]","['(34, 17)', '(31, 21)']","['(34, 17)', '(31, 21)', '(33, 19)']",[184 states],71,49,49
185,"(34, 17)","(33, 17)",East,"[((35, 17), 'East', 50)]","['(31, 21)', '(33, 19)']","['(31, 21)', '(33, 19)', '(35, 17)']",[185 states],75,49,49
186,"(31, 21)","(31, 20)",North,[],"['(33, 19)', '(35, 17)']","['(33, 19)', '(35, 17)']",[186 states],72,50,50
187,"(33, 19)","(32, 19)",East,"[((33, 20), 'North', 51), ((34, 19), 'East', 51)]","['(35, 17)']","['(35, 17)', '(33, 20)', '(34, 19)']",[187 states],72,50,50
188,"(35, 17)","(34, 17)",East,[],"['(33, 20)', '(34, 19)']","['(33, 20)', '(34, 19)']",[188 states],76,50,50
189,"(33, 20)","(33, 19)",North,"[((33, 21), 'North', 52)]","['(34, 19)']","['(34, 19)', '(33, 21)']",[189 states],73,51,51
190,"(34, 19)","(33, 19)",East,"[((35, 19), 'East', 52)]","['(33, 21)']","['(33, 21)', '(35, 19)']",[190 states],73,51,51
191,"(33, 21)","(33, 20)",North,[],"['(35, 19)']","['(35, 19)']",[191 states],74,52,52
192,"(35, 19)","(34, 19)",East,"[((35, 20), 'North', 53)]",[],"['(35, 20)']",[192 states],74,52,52
193,"(35, 20)","(35, 19)",North,"[((35, 21), 'North', 54)]",[],"['(35, 21)']",[193 states],75,53,53
194,"(35, 21)","(35, 20)",North,"[((35, 22), 'North', 55)]",[],"['(35, 22)']",[194 states],76,54,54
195,"(35, 22)","(35, 21)",North,"[((35, 23), 'North', 56)]",[],"['(35, 23)']",[195 states],77,55,55
196,"(35, 23)","(35, 22)",North,"[((35, 24), 'North', 57), ((34, 23), 'West', 55)]",[],"['(34, 23)', '(35, 24)']",[196 states],78,56,56
197,"(34, 23)","(35, 23)",West,"[((33, 23), 'West', 54)]","['(35, 24)']","['(33, 23)', '(35, 24)']",[197 states],79,55,55
198,"(33, 23)","(34, 23)",West,[],"['(35, 24)']","['(35, 24)']",[198 states],80,54,54
199,"(35, 24)","(35, 23)",North,"[((35, 25), 'North', 58)]",[],"['(35, 25)']",[199 states],79,57,57
200,"(35, 25)","(35, 24)",North,"[((35, 26), 'North', 59)]",[],"['(35, 26)']",[200 states],80,58,58
201,"(35, 26)","(35, 25)",North,"[((35, 27), 'North', 60)]",[],"['(35, 27)']",[201 states],81,59,59
202,"(35, 27)","(35, 26)",North,"[((35, 28), 'North', 61)]",[],"['(35, 28)']",[202 states],82,60,60
203,"(35, 28)","(35, 27)",North,"[((35, 29), 'North', 62)]",[],"['(35, 29)']",[203 states],83,61,61
204,"(35, 29)","(35, 28)",North,"[((35, 30), 'North', 63), ((34, 29), 'West', 61)]",[],"['(34, 29)', '(35, 30)']",[204 states],84,62,62
205,"(34, 29)","(35, 29)",West,"[((33, 29), 'West', 60)]","['(35, 30)']","['(33, 29)', '(35, 30)']",[205 states],85,61,61
206,"(33, 29)","(34, 29)",West,"[((33, 28), 'South', 59)]","['(35, 30)']","['(33, 28)', '(35, 30)']",[206 states],86,60,60
207,"(33, 28)","(33, 29)",South,"[((33, 27), 'South', 58)]","['(35, 30)']","['(33, 27)', '(35, 30)']",[207 states],87,59,59
208,"(33, 27)","(33, 28)",South,"[((33, 26), 'South', 57), ((32, 27), 'West', 57)]","['(35, 30)']","['(33, 26)', '(35, 30)', '(32, 27)']",[208 states],88,58,58
209,"(33, 26)","(33, 27)",South,"[((33, 25), 'South', 56)]","['(32, 27)', '(35, 30)']","['(33, 25)', '(35, 30)', '(32, 27)']",[209 states],89,57,57
210,"(33, 25)","(33, 26)",South,[],"['(32, 27)', '(35, 30)']","['(32, 27)', '(35, 30)']",[210 states],90,56,56
211,"(32, 27)","(33, 27)",West,"[((31, 27), 'West', 56)]","['(35, 30)']","['(31, 27)', '(35, 30)']",[211 states],89,57,57
212,"(31, 27)","(32, 27)",West,"[((31, 28), 'North', 57), ((30, 27), 'West', 55)]","['(35, 30)']","['(30, 27)', '(35, 30)', '(31, 28)']",[212 states],90,56,56
213,"(30, 27)","(31, 27)",West,"[((29, 27), 'West', 54)]","['(31, 28)', '(35, 30)']","['(29, 27)', '(35, 30)', '(31, 28)']",[213 states],91,55,55
214,"(29, 27)","(30, 27)",West,"[((29, 28), 'North', 55), ((29, 26), 'South', 53)]","['(31, 28)', '(35, 30)']","['(29, 26)', '(29, 28)', '(31, 28)', '(35, 30)']",[214 states],92,54,54
215,"(29, 26)","(29, 27)",South,"[((29, 25), 'South', 52)]","['(29, 28)', '(35, 30)', '(31, 28)']","['(29, 25)', '(29, 28)', '(31, 28)', '(35, 30)']",[215 states],93,53,53
216,"(29, 25)","(29, 26)",South,"[((29, 24), 'South', 51)]","['(29, 28)', '(35, 30)', '(31, 28)']","['(29, 24)', '(29, 28)', '(31, 28)', '(35, 30)']",[216 states],94,52,52
217,"(29, 24)","(29, 25)",South,"[((29, 23), 'South', 50)]","['(29, 28)', '(35, 30)', '(31, 28)']","['(29, 23)', '(29, 28)', '(31, 28)', '(35, 30)']",[217 states],95,51,51
218,"(29, 23)","(29, 24)",South,"[((29, 22), 'South', 49), ((30, 23), 'East', 51)]","['(29, 28)', '(35, 30)', '(31, 28)']","['(29, 22)', '(30, 23)', '(31, 28)', '(35, 30)', '(29, 28)']",[218 states],96,50,50
219,"(29, 22)","(29, 23)",South,"[((29, 21), 'South', 48)]","['(30, 23)', '(29, 28)', '(31, 28)', '(35, 30)']","['(29, 21)', '(30, 23)', '(31, 28)', '(35, 30)', '(29, 28)']",[219 states],97,49,49
220,"(29, 21)","(29, 22)",South,"[((29, 20), 'South', 47), ((28, 21), 'West', 47)]","['(30, 23)', '(29, 28)', '(31, 28)', '(35, 30)']","['(29, 20)', '(30, 23)', '(28, 21)', '(35, 30)', '(29, 28)', '(31, 28)']",[220 states],98,48,48
221,"(29, 20)","(29, 21)",South,"[((29, 19), 'South', 46)]","['(28, 21)', '(30, 23)', '(31, 28)', '(35, 30)', '(29, 28)']","['(29, 19)', '(30, 23)', '(28, 21)', '(35, 30)', '(29, 28)', '(31, 28)']",[221 states],99,47,47
222,"(29, 19)","(29, 20)",South,[],"['(28, 21)', '(30, 23)', '(31, 28)', '(35, 30)', '(29, 28)']","['(28, 21)', '(30, 23)', '(31, 28)', '(35, 30)', '(29, 28)']",[222 states],100,46,46
223,"(28, 21)","(29, 21)",West,"[((27, 21), 'West', 46)]","['(30, 23)', '(29, 28)', '(31, 28)', '(35, 30)']","['(27, 21)', '(30, 23)', '(31, 28)', '(35, 30)', '(29, 28)']",[223 states],99,47,47
224,"(27, 21)","(28, 21)",West,"[((27, 20), 'South', 45)]","['(30, 23)', '(29, 28)', '(31, 28)', '(35, 30)']","['(27, 20)', '(30, 23)', '(31, 28)', '(35, 30)', '(29, 28)']",[224 states],100,46,46
225,"(27, 20)","(27, 21)",South,"[((27, 19), 'South', 44)]","['(30, 23)', '(29, 28)', '(31, 28)', '(35, 30)']","['(27, 19)', '(30, 23)', '(31, 28)', '(35, 30)', '(29, 28)']",[225 states],101,45,45
226,"(27, 19)","(27, 20)",South,"[((27, 18), 'South', 43)]","['(30, 23)', '(29, 28)', '(31, 28)', '(35, 30)']","['(27, 18)', '(30, 23)', '(31, 28)', '(35, 30)', '(29, 28)']",[226 states],102,44,44
227,"(27, 18)","(27, 19)",South,"[((27, 17), 'South', 42)]","['(30, 23)', '(29, 28)', '(31, 28)', '(35, 30)']","['(27, 17)', '(30, 23)', '(31, 28)', '(35, 30)', '(29, 28)']",[227 states],103,43,43
228,"(27, 17)","(27, 18)",South,"[((28, 17), 'East', 43), ((26, 17), 'West', 41)]","['(30, 23)', '(29, 28)', '(31, 28)', '(35, 30)']","['(26, 17)', '(30, 23)', '(28, 17)', '(35, 30)', '(29, 28)', '(31, 28)']",[228 states],104,42,42
229,"(26, 17)","(27, 17)",West,"[((25, 17), 'West', 40)]","['(28, 17)', '(30, 23)', '(31, 28)', '(35, 30)', '(29, 28)']","['(25, 17)', '(30, 23)', '(28, 17)', '(35, 30)', '(29, 28)', '(31, 28)']",[229 states],105,41,41
230,"(25, 17)","(26, 17)",West,"[((25, 18), 'North', 41)]","['(28, 17)', '(30, 23)', '(31, 28)', '(35, 30)', '(29, 28)']","['(25, 18)', '(30, 23)', '(28, 17)', '(35, 30)', '(29, 28)', '(31, 28)']",[230 states],106,40,40
231,"(25, 18)","(25, 17)",North,"[((25, 19), 'North', 42)]","['(28, 17)', '(30, 23)', '(31, 28)', '(35, 30)', '(29, 28)']","['(25, 19)', '(30, 23)', '(28, 17)', '(35, 30)', '(29, 28)', '(31, 28)']",[231 states],107,41,41
232,"(25, 19)","(25, 18)",North,"[((25, 20), 'North', 43), ((24, 19), 'West', 41)]","['(28, 17)', '(30, 23)', '(31, 28)', '(35, 30)', '(29, 28)']","['(24, 19)', '(30, 23)', '(28, 17)', '(35, 30)', '(29, 28)', '(31, 28)', '(25, 20)']",[232 states],108,42,42
233,"(24, 19)","(25, 19)",West,"[((23, 19), 'West', 40)]","['(28, 17)', '(30, 23)', '(25, 20)', '(35, 30)', '(29, 28)', '(31, 28)']","['(23, 19)', '(30, 23)', '(28, 17)', '(35, 30)', '(29, 28)', '(31, 28)', '(25, 20)']",[233 states],109,41,41
234,"(23, 19)","(24, 19)",West,"[((22, 19), 'West', 39)]","['(28, 17)', '(30, 23)', '(25, 20)', '(35, 30)', '(29, 28)', '(31, 28)']","['(22, 19)', '(30, 23)', '(28, 17)', '(35, 30)', '(29, 28)', '(31, 28)', '(25, 20)']",[234 states],110,40,40
235,"(22, 19)","(23, 19)",West,"[((21, 19), 'West', 38)]","['(28, 17)', '(30, 23)', '(25, 20)', '(35, 30)', '(29, 28)', '(31, 28)']","['(21, 19)', '(30, 23)', '(28, 17)', '(35, 30)', '(29, 28)', '(31, 28)', '(25, 20)']",[235 states],111,39,39
236,"(21, 19)","(22, 19)",West,"[((21, 20), 'North', 39), ((21, 18), 'South', 37), ((20, 19), 'West', 37)]","['(28, 17)', '(30, 23)', '(25, 20)', '(35, 30)', '(29, 28)', '(31, 28)']","['(21, 18)', '(20, 19)', '(28, 17)', '(21, 20)', '(29, 28)', '(31, 28)', '(25, 20)', '(35, 30)', '(30, 23)']",[236 states],112,38,38
237,"(21, 18)","(21, 19)",South,"[((21, 17), 'South', 36)]","['(20, 19)', '(21, 20)', '(28, 17)', '(30, 23)', '(29, 28)', '(31, 28)', '(25, 20)', '(35, 30)']","['(21, 17)', '(20, 19)', '(28, 17)', '(21, 20)', '(29, 28)', '(31, 28)', '(25, 20)', '(35, 30)', '(30, 23)']",[237 states],113,37,37
238,"(21, 17)","(21, 18)",South,"[((22, 17), 'East', 37)]","['(20, 19)', '(21, 20)', '(28, 17)', '(30, 23)', '(29, 28)', '(31, 28)', '(25, 20)', '(35, 30)']","['(20, 19)', '(22, 17)', '(28, 17)', '(21, 20)', '(29, 28)', '(31, 28)', '(25, 20)', '(35, 30)', '(30, 23)']",[238 states],114,36,36
239,"(20, 19)","(21, 19)",West,"[((19, 19), 'West', 36)]","['(22, 17)', '(21, 20)', '(28, 17)', '(30, 23)', '(29, 28)', '(31, 28)', '(25, 20)', '(35, 30)']","['(19, 19)', '(22, 17)', '(28, 17)', '(21, 20)', '(29, 28)', '(31, 28)', '(25, 20)', '(35, 30)', '(30, 23)']",[239 states],113,37,37
240,"(19, 19)","(20, 19)",West,"[((18, 19), 'West', 35)]","['(22, 17)', '(21, 20)', '(28, 17)', '(30, 23)', '(29, 28)', '(31, 28)', '(25, 20)', '(35, 30)']","['(18, 19)', '(22, 17)', '(28, 17)', '(21, 20)', '(29, 28)', '(31, 28)', '(25, 20)', '(35, 30)', '(30, 23)']",[240 states],114,36,36
241,"(18, 19)","(19, 19)",West,"[((17, 19), 'West', 34)]","['(22, 17)', '(21, 20)', '(28, 17)', '(30, 23)', '(29, 28)', '(31, 28)', '(25, 20)', '(35, 30)']","['(17, 19)', '(22, 17)', '(28, 17)', '(21, 20)', '(29, 28)', '(31, 28)', '(25, 20)', '(35, 30)', '(30, 23)']",[241 states],115,35,35
242,"(17, 19)","(18, 19)",West,"[((17, 20), 'North', 35), ((16, 19), 'West', 33)]","['(22, 17)', '(21, 20)', '(28, 17)', '(30, 23)', '(29, 28)', '(31, 28)', '(25, 20)', '(35, 30)']","['(16, 19)', '(17, 20)', '(28, 17)', '(21, 20)', '(22, 17)', '(31, 28)', '(25, 20)', '(35, 30)', '(30, 23)', '(29, 28)']",[242 states],116,34,34
243,"(16, 19)","(17, 19)",West,"[((15, 19), 'West', 32)]","['(17, 20)', '(22, 17)', '(28, 17)', '(21, 20)', '(29, 28)', '(31, 28)', '(25, 20)', '(35, 30)', '(30, 23)']","['(15, 19)', '(17, 20)', '(28, 17)', '(21, 20)', '(22, 17)', '(31, 28)', '(25, 20)', '(35, 30)', '(30, 23)', '(29, 28)']",[243 states],117,33,33
244,"(15, 19)","(16, 19)",West,"[((15, 18), 'South', 31), ((14, 19), 'West', 31)]","['(17, 20)', '(22, 17)', '(28, 17)', '(21, 20)', '(29, 28)', '(31, 28)', '(25, 20)', '(35, 30)', '(30, 23)']","['(15, 18)', '(14, 19)', '(28, 17)', '(21, 20)', '(17, 20)', '(31, 28)', '(25, 20)', '(35, 30)', '(30, 23)', '(29, 28)', '(22, 17)']",[244 states],118,32,32
245,"(15, 18)","(15, 19)",South,"[((15, 17), 'South', 30)]","['(14, 19)', '(17, 20)', '(28, 17)', '(21, 20)', '(22, 17)', '(31, 28)', '(25, 20)', '(35, 30)', '(30, 23)', '(29, 28)']","['(15, 17)', '(14, 19)', '(28, 17)', '(21, 20)', '(17, 20)', '(31, 28)', '(25, 20)', '(35, 30)', '(30, 23)', '(29, 28)', '(22, 17)']",[245 states],119,31,31
246,"(15, 17)","(15, 18)",South,"[((16, 17), 'East', 31)]","['(14, 19)', '(17, 20)', '(28, 17)', '(21, 20)', '(22, 17)', '(31, 28)', '(25, 20)', '(35, 30)', '(30, 23)', '(29, 28)']","['(14, 19)', '(16, 17)', '(28, 17)', '(21, 20)', '(17, 20)', '(31, 28)', '(25, 20)', '(35, 30)', '(30, 23)', '(29, 28)', '(22, 17)']",[246 states],120,30,30
247,"(14, 19)","(15, 19)",West,"[((13, 19), 'West', 30)]","['(16, 17)', '(17, 20)', '(28, 17)', '(21, 20)', '(22, 17)', '(31, 28)', '(25, 20)', '(35, 30)', '(30, 23)', '(29, 28)']","['(13, 19)', '(16, 17)', '(28, 17)', '(21, 20)', '(17, 20)', '(31, 28)', '(25, 20)', '(35, 30)', '(30, 23)', '(29, 28)', '(22, 17)']",[247 states],119,31,31
248,"(13, 19)","(14, 19)",West,"[((13, 20), 'North', 31), ((13, 18), 'South', 29), ((12, 19), 'West', 29)]","['(16, 17)', '(17, 20)', '(28, 17)', '(21, 20)', '(22, 17)', '(31, 28)', '(25, 20)', '(35, 30)', '(30, 23)', '(29, 28)']","['(13, 18)', '(13, 20)', '(12, 19)', '(21, 20)', '(17, 20)', '(16, 17)', '(25, 20)', '(35, 30)', '(30, 23)', '(29, 28)', '(22, 17)', '(31, 28)', '(28, 17)']",[248 states],120,30,30
249,"(13, 18)","(13, 19)",South,"[((13, 17), 'South', 28)]","['(12, 19)', '(13, 20)', '(16, 17)', '(21, 20)', '(17, 20)', '(28, 17)', '(25, 20)', '(35, 30)', '(30, 23)', '(29, 28)', '(22, 17)', '(31, 28)']","['(13, 17)', '(13, 20)', '(12, 19)', '(21, 20)', '(17, 20)', '(16, 17)', '(25, 20)', '(35, 30)', '(30, 23)', '(29, 28)', '(22, 17)', '(31, 28)', '(28, 17)']",[249 states],121,29,29
250,"(13, 17)","(13, 18)",South,[],"['(12, 19)', '(13, 20)', '(16, 17)', '(21, 20)', '(17, 20)', '(28, 17)', '(25, 20)', '(35, 30)', '(30, 23)', '(29, 28)', '(22, 17)', '(31, 28)']","['(12, 19)', '(13, 20)', '(16, 17)', '(21, 20)', '(17, 20)', '(28, 17)', '(25, 20)', '(35, 30)', '(30, 23)', '(29, 28)', '(22, 17)', '(31, 28)']",[250 states],122,28,28
251,"(12, 19)","(13, 19)",West,"[((11, 19), 'West', 28)]","['(16, 17)', '(13, 20)', '(28, 17)', '(21, 20)', '(17, 20)', '(31, 28)', '(25, 20)', '(35, 30)', '(30, 23)', '(29, 28)', '(22, 17)']","['(11, 19)', '(13, 20)', '(16, 17)', '(21, 20)', '(17, 20)', '(28, 17)', '(25, 20)', '(35, 30)', '(30, 23)', '(29, 28)', '(22, 17)', '(31, 28)']",[251 states],121,29,29
252,"(11, 19)","(12, 19)",West,"[((11, 18), 'South', 27), ((10, 19), 'West', 27)]","['(16, 17)', '(13, 20)', '(28, 17)', '(21, 20)', '(17, 20)', '(31, 28)', '(25, 20)', '(35, 30)', '(30, 23)', '(29, 28)', '(22, 17)']","['(11, 18)', '(13, 20)', '(10, 19)', '(21, 20)', '(17, 20)', '(16, 17)', '(25, 20)', '(35, 30)', '(30, 23)', '(29, 28)', '(22, 17)', '(31, 28)', '(28, 17)']",[252 states],122,28,28
253,"(11, 18)","(11, 19)",South,"[((11, 17), 'South', 26)]","['(10, 19)', '(13, 20)', '(16, 17)', '(21, 20)', '(17, 20)', '(28, 17)', '(25, 20)', '(35, 30)', '(30, 23)', '(29, 28)', '(22, 17)', '(31, 28)']","['(11, 17)', '(13, 20)', '(10, 19)', '(21, 20)', '(17, 20)', '(16, 17)', '(25, 20)', '(35, 30)', '(30, 23)', '(29, 28)', '(22, 17)', '(31, 28)', '(28, 17)']",[253 states],123,27,27
254,"(11, 17)","(11, 18)",South,[],"['(10, 19)', '(13, 20)', '(16, 17)', '(21, 20)', '(17, 20)', '(28, 17)', '(25, 20)', '(35, 30)', '(30, 23)', '(29, 28)', '(22, 17)', '(31, 28)']","['(10, 19)', '(13, 20)', '(16, 17)', '(21, 20)', '(17, 20)', '(28, 17)', '(25, 20)', '(35, 30)', '(30, 23)', '(29, 28)', '(22, 17)', '(31, 28)']",[254 states],124,26,26
255,"(10, 19)","(11, 19)",West,"[((9, 19), 'West', 26)]","['(16, 17)', '(13, 20)', '(28, 17)', '(21, 20)', '(17, 20)', '(31, 28)', '(25, 20)', '(35, 30)', '(30, 23)', '(29, 28)', '(22, 17)']","['(9, 19)', '(13, 20)', '(16, 17)', '(21, 20)', '(17, 20)', '(28, 17)', '(25, 20)', '(35, 30)', '(30, 23)', '(29, 28)', '(22, 17)', '(31, 28)']",[255 states],123,27,27
256,"(9, 19)","(10, 19)",West,"[((9, 20), 'North', 27)]","['(16, 17)', '(13, 20)', '(28, 17)', '(21, 20)', '(17, 20)', '(31, 28)', '(25, 20)', '(35, 30)', '(30, 23)', '(29, 28)', '(22, 17)']","['(9, 20)', '(13, 20)', '(16, 17)', '(21, 20)', '(17, 20)', '(28, 17)', '(25, 20)', '(35, 30)', '(30, 23)', '(29, 28)', '(22, 17)', '(31, 28)']",[256 states],124,26,26
257,"(9, 20)","(9, 19)",North,"[((9, 21), 'North', 28)]","['(16, 17)', '(13, 20)', '(28, 17)', '(21, 20)', '(17, 20)', '(31, 28)', '(25, 20)', '(35, 30)', '(30, 23)', '(29, 28)', '(22, 17)']","['(9, 21)', '(13, 20)', '(16, 17)', '(21, 20)', '(17, 20)', '(28, 17)', '(25, 20)', '(35, 30)', '(30, 23)', '(29, 28)', '(22, 17)', '(31, 28)']",[257 states],125,27,27
258,"(9, 21)","(9, 20)",North,"[((9, 22), 'North', 29)]","['(16, 17)', '(13, 20)', '(28, 17)', '(21, 20)', '(17, 20)', '(31, 28)', '(25, 20)', '(35, 30)', '(30, 23)', '(29, 28)', '(22, 17)']","['(9, 22)', '(13, 20)', '(16, 17)', '(21, 20)', '(17, 20)', '(28, 17)', '(25, 20)', '(35, 30)', '(30, 23)', '(29, 28)', '(22, 17)', '(31, 28)']",[258 states],126,28,28
259,"(9, 22)","(9, 21)",North,"[((9, 23), 'North', 30)]","['(16, 17)', '(13, 20)', '(28, 17)', '(21, 20)', '(17, 20)', '(31, 28)', '(25, 20)', '(35, 30)', '(30, 23)', '(29, 28)', '(22, 17)']","['(9, 23)', '(13, 20)', '(16, 17)', '(21, 20)', '(17, 20)', '(28, 17)', '(25, 20)', '(35, 30)', '(30, 23)', '(29, 28)', '(22, 17)', '(31, 28)']",[259 states],127,29,29
260,"(9, 23)","(9, 22)",North,"[((10, 23), 'East', 31), ((8, 23), 'West', 29)]","['(16, 17)', '(13, 20)', '(28, 17)', '(21, 20)', '(17, 20)', '(31, 28)', '(25, 20)', '(35, 30)', '(30, 23)', '(29, 28)', '(22, 17)']","['(8, 23)', '(13, 20)', '(16, 17)', '(21, 20)', '(17, 20)', '(10, 23)', '(25, 20)', '(35, 30)', '(30, 23)', '(29, 28)', '(22, 17)', '(31, 28)', '(28, 17)']",[260 states],128,30,30
261,"(8, 23)","(9, 23)",West,"[((7, 23), 'West', 28)]","['(16, 17)', '(13, 20)', '(10, 23)', '(21, 20)', '(17, 20)', '(28, 17)', '(25, 20)', '(35, 30)', '(30, 23)', '(29, 28)', '(22, 17)', '(31, 28)']","['(7, 23)', '(13, 20)', '(16, 17)', '(21, 20)', '(17, 20)', '(10, 23)', '(25, 20)', '(35, 30)', '(30, 23)', '(29, 28)', '(22, 17)', '(31, 28)', '(28, 17)']",[261 states],129,29,29
262,"(7, 23)","(8, 23)",West,"[((7, 22), 'South', 27)]","['(16, 17)', '(13, 20)', '(10, 23)', '(21, 20)', '(17, 20)', '(28, 17)', '(25, 20)', '(35, 30)', '(30, 23)', '(29, 28)', '(22, 17)', '(31, 28)']","['(7, 22)', '(13, 20)', '(16, 17)', '(21, 20)', '(17, 20)', '(10, 23)', '(25, 20)', '(35, 30)', '(30, 23)', '(29, 28)', '(22, 17)', '(31, 28)', '(28, 17)']",[262 states],130,28,28
263,"(7, 22)","(7, 23)",South,"[((7, 21), 'South', 26)]","['(16, 17)', '(13, 20)', '(10, 23)', '(21, 20)', '(17, 20)', '(28, 17)', '(25, 20)', '(35, 30)', '(30, 23)', '(29, 28)', '(22, 17)', '(31, 28)']","['(7, 21)', '(13, 20)', '(16, 17)', '(21, 20)', '(17, 20)', '(10, 23)', '(25, 20)', '(35, 30)', '(30, 23)', '(29, 28)', '(22, 17)', '(31, 28)', '(28, 17)']",[263 states],131,27,27
264,"(7, 21)","(7, 22)",South,"[((7, 20), 'South', 25)]","['(16, 17)', '(13, 20)', '(10, 23)', '(21, 20)', '(17, 20)', '(28, 17)', '(25, 20)', '(35, 30)', '(30, 23)', '(29, 28)', '(22, 17)', '(31, 28)']","['(7, 20)', '(13, 20)', '(16, 17)', '(21, 20)', '(17, 20)', '(10, 23)', '(25, 20)', '(35, 30)', '(30, 23)', '(29, 28)', '(22, 17)', '(31, 28)', '(28, 17)']",[264 states],132,26,26
265,"(7, 20)","(7, 21)",South,"[((7, 19), 'South', 24)]","['(16, 17)', '(13, 20)', '(10, 23)', '(21, 20)', '(17, 20)', '(28, 17)', '(25, 20)', '(35, 30)', '(30, 23)', '(29, 28)', '(22, 17)', '(31, 28)']","['(7, 19)', '(13, 20)', '(16, 17)', '(21, 20)', '(17, 20)', '(10, 23)', '(25, 20)', '(35, 30)', '(30, 23)', '(29, 28)', '(22, 17)', '(31, 28)', '(28, 17)']",[265 states],133,25,25
266,"(7, 19)","(7, 20)",South,[],"['(16, 17)', '(13, 20)', '(10, 23)', '(21, 20)', '(17, 20)', '(28, 17)', '(25, 20)', '(35, 30)', '(30, 23)', '(29, 28)', '(22, 17)', '(31, 28)']","['(16, 17)', '(13, 20)', '(10, 23)', '(21, 20)', '(17, 20)', '(28, 17)', '(25, 20)', '(35, 30)', '(30, 23)', '(29, 28)', '(22, 17)', '(31, 28)']",[266 states],134,24,24
267,"(16, 17)","(15, 17)",East,"[((17, 17), 'East', 32)]","['(13, 20)', '(17, 20)', '(10, 23)', '(21, 20)', '(22, 17)', '(28, 17)', '(25, 20)', '(35, 30)', '(30, 23)', '(29, 28)', '(31, 28)']","['(13, 20)', '(17, 20)', '(10, 23)', '(21, 20)', '(22, 17)', '(17, 17)', '(25, 20)', '(35, 30)', '(30, 23)', '(29, 28)', '(31, 28)', '(28, 17)']",[267 states],121,31,31
268,"(13, 20)","(13, 19)",North,"[((13, 21), 'North', 32)]","['(10, 23)', '(17, 20)', '(17, 17)', '(21, 20)', '(22, 17)', '(28, 17)', '(25, 20)', '(35, 30)', '(30, 23)', '(29, 28)', '(31, 28)']","['(10, 23)', '(17, 20)', '(17, 17)', '(21, 20)', '(22, 17)', '(13, 21)', '(25, 20)', '(35, 30)', '(30, 23)', '(29, 28)', '(31, 28)', '(28, 17)']",[268 states],121,31,31
269,"(10, 23)","(9, 23)",East,"[((11, 23), 'East', 32)]","['(17, 17)', '(17, 20)', '(13, 21)', '(21, 20)', '(22, 17)', '(28, 17)', '(25, 20)', '(35, 30)', '(30, 23)', '(29, 28)', '(31, 28)']","['(17, 17)', '(17, 20)', '(13, 21)', '(21, 20)', '(22, 17)', '(11, 23)', '(25, 20)', '(35, 30)', '(30, 23)', '(29, 28)', '(31, 28)', '(28, 17)']",[269 states],129,31,31
270,"(17, 17)","(16, 17)",East,"[((18, 17), 'East', 33)]","['(13, 21)', '(17, 20)', '(11, 23)', '(21, 20)', '(22, 17)', '(28, 17)', '(25, 20)', '(35, 30)', '(30, 23)', '(29, 28)', '(31, 28)']","['(13, 21)', '(17, 20)', '(11, 23)', '(21, 20)', '(22, 17)', '(18, 17)', '(25, 20)', '(35, 30)', '(30, 23)', '(29, 28)', '(31, 28)', '(28, 17)']",[270 states],122,32,32
271,"(13, 21)","(13, 20)",North,"[((14, 21), 'East', 33), ((12, 21), 'West', 31)]","['(11, 23)', '(17, 20)', '(18, 17)', '(21, 20)', '(22, 17)', '(28, 17)', '(25, 20)', '(35, 30)', '(30, 23)', '(29, 28)', '(31, 28)']","['(12, 21)', '(17, 20)', '(11, 23)', '(21, 20)', '(22, 17)', '(18, 17)', '(25, 20)', '(35, 30)', '(30, 23)', '(29, 28)', '(31, 28)', '(28, 17)', '(14, 21)']",[271 states],122,32,32
272,"(12, 21)","(13, 21)",West,"[((11, 21), 'West', 30)]","['(11, 23)', '(17, 20)', '(18, 17)', '(21, 20)', '(22, 17)', '(14, 21)', '(25, 20)', '(35, 30)', '(30, 23)', '(29, 28)', '(31, 28)', '(28, 17)']","['(11, 21)', '(17, 20)', '(11, 23)', '(21, 20)', '(22, 17)', '(18, 17)', '(25, 20)', '(35, 30)', '(30, 23)', '(29, 28)', '(31, 28)', '(28, 17)', '(14, 21)']",[272 states],123,31,31
273,"(11, 21)","(12, 21)",West,[],"['(11, 23)', '(17, 20)', '(18, 17)', '(21, 20)', '(22, 17)', '(14, 21)', '(25, 20)', '(35, 30)', '(30, 23)', '(29, 28)', '(31, 28)', '(28, 17)']","['(11, 23)', '(17, 20)', '(18, 17)', '(21, 20)', '(22, 17)', '(14, 21)', '(25, 20)', '(35, 30)', '(30, 23)', '(29, 28)', '(31, 28)', '(28, 17)']",[273 states],124,30,30
274,"(11, 23)","(10, 23)",East,[],"['(18, 17)', '(17, 20)', '(14, 21)', '(21, 20)', '(22, 17)', '(28, 17)', '(25, 20)', '(35, 30)', '(30, 23)', '(29, 28)', '(31, 28)']","['(18, 17)', '(17, 20)', '(14, 21)', '(21, 20)', '(22, 17)', '(28, 17)', '(25, 20)', '(35, 30)', '(30, 23)', '(29, 28)', '(31, 28)']",[274 states],130,32,32
275,"(18, 17)","(17, 17)",East,"[((19, 17), 'East', 34)]","['(14, 21)', '(17, 20)', '(28, 17)', '(21, 20)', '(22, 17)', '(31, 28)', '(25, 20)', '(35, 30)', '(30, 23)', '(29, 28)']","['(14, 21)', '(19, 17)', '(28, 17)', '(21, 20)', '(17, 20)', '(31, 28)', '(25, 20)', '(35, 30)', '(30, 23)', '(29, 28)', '(22, 17)']",[275 states],123,33,33
276,"(14, 21)","(13, 21)",East,"[((15, 21), 'East', 34)]","['(19, 17)', '(17, 20)', '(28, 17)', '(21, 20)', '(22, 17)', '(31, 28)', '(25, 20)', '(35, 30)', '(30, 23)', '(29, 28)']","['(19, 17)', '(15, 21)', '(28, 17)', '(21, 20)', '(17, 20)', '(31, 28)', '(25, 20)', '(35, 30)', '(30, 23)', '(29, 28)', '(22, 17)']",[276 states],123,33,33
277,"(19, 17)","(18, 17)",East,"[((19, 16), 'South', 33)]","['(15, 21)', '(17, 20)', '(28, 17)', '(21, 20)', '(22, 17)', '(31, 28)', '(25, 20)', '(35, 30)', '(30, 23)', '(29, 28)']","['(19, 16)', '(15, 21)', '(28, 17)', '(21, 20)', '(17, 20)', '(31, 28)', '(25, 20)', '(35, 30)', '(30, 23)', '(29, 28)', '(22, 17)']",[277 states],124,34,34
278,"(19, 16)","(19, 17)",South,"[((19, 15), 'South', 32)]","['(15, 21)', '(17, 20)', '(28, 17)', '(21, 20)', '(22, 17)', '(31, 28)', '(25, 20)', '(35, 30)', '(30, 23)', '(29, 28)']","['(19, 15)', '(15, 21)', '(28, 17)', '(21, 20)', '(17, 20)', '(31, 28)', '(25, 20)', '(35, 30)', '(30, 23)', '(29, 28)', '(22, 17)']",[278 states],125,33,33
279,"(19, 15)","(19, 16)",South,[],"['(15, 21)', '(17, 20)', '(28, 17)', '(21, 20)', '(22, 17)', '(31, 28)', '(25, 20)', '(35, 30)', '(30, 23)', '(29, 28)']","['(15, 21)', '(17, 20)', '(28, 17)', '(21, 20)', '(22, 17)', '(31, 28)', '(25, 20)', '(35, 30)', '(30, 23)', '(29, 28)']",[279 states],126,32,32
280,"(15, 21)","(14, 21)",East,"[((15, 22), 'North', 35)]","['(17, 20)', '(22, 17)', '(28, 17)', '(21, 20)', '(29, 28)', '(31, 28)', '(25, 20)', '(35, 30)', '(30, 23)']","['(17, 20)', '(15, 22)', '(28, 17)', '(21, 20)', '(22, 17)', '(31, 28)', '(25, 20)', '(35, 30)', '(30, 23)', '(29, 28)']",[280 states],124,34,34
281,"(17, 20)","(17, 19)",North,"[((17, 21), 'North', 36)]","['(15, 22)', '(22, 17)', '(28, 17)', '(21, 20)', '(29, 28)', '(31, 28)', '(25, 20)', '(35, 30)', '(30, 23)']","['(15, 22)', '(17, 21)', '(28, 17)', '(21, 20)', '(22, 17)', '(31, 28)', '(25, 20)', '(35, 30)', '(30, 23)', '(29, 28)']",[281 states],117,35,35
282,"(15, 22)","(15, 21)",North,"[((15, 23), 'North', 36)]","['(17, 21)', '(22, 17)', '(28, 17)', '(21, 20)', '(29, 28)', '(31, 28)', '(25, 20)', '(35, 30)', '(30, 23)']","['(17, 21)', '(15, 23)', '(28, 17)', '(21, 20)', '(22, 17)', '(31, 28)', '(25, 20)', '(35, 30)', '(30, 23)', '(29, 28)']",[282 states],125,35,35
283,"(17, 21)","(17, 20)",North,[],"['(15, 23)', '(22, 17)', '(28, 17)', '(21, 20)', '(29, 28)', '(31, 28)', '(25, 20)', '(35, 30)', '(30, 23)']","['(15, 23)', '(22, 17)', '(28, 17)', '(21, 20)', '(29, 28)', '(31, 28)', '(25, 20)', '(35, 30)', '(30, 23)']",[283 states],118,36,36
284,"(15, 23)","(15, 22)",North,"[((15, 24), 'North', 37), ((14, 23), 'West', 35)]","['(22, 17)', '(21, 20)', '(28, 17)', '(30, 23)', '(29, 28)', '(31, 28)', '(25, 20)', '(35, 30)']","['(14, 23)', '(22, 17)', '(28, 17)', '(21, 20)', '(15, 24)', '(31, 28)', '(25, 20)', '(35, 30)', '(30, 23)', '(29, 28)']",[284 states],126,36,36
285,"(14, 23)","(15, 23)",West,"[((13, 23), 'West', 34)]","['(22, 17)', '(15, 24)', '(28, 17)', '(21, 20)', '(29, 28)', '(31, 28)', '(25, 20)', '(35, 30)', '(30, 23)']","['(13, 23)', '(22, 17)', '(28, 17)', '(21, 20)', '(15, 24)', '(31, 28)', '(25, 20)', '(35, 30)', '(30, 23)', '(29, 28)']",[285 states],127,35,35
286,"(13, 23)","(14, 23)",West,"[((13, 24), 'North', 35)]","['(22, 17)', '(15, 24)', '(28, 17)', '(21, 20)', '(29, 28)', '(31, 28)', '(25, 20)', '(35, 30)', '(30, 23)']","['(13, 24)', '(22, 17)', '(28, 17)', '(21, 20)', '(15, 24)', '(31, 28)', '(25, 20)', '(35, 30)', '(30, 23)', '(29, 28)']",[286 states],128,34,34
287,"(13, 24)","(13, 23)",North,"[((13, 25), 'North', 36)]","['(22, 17)', '(15, 24)', '(28, 17)', '(21, 20)', '(29, 28)', '(31, 28)', '(25, 20)', '(35, 30)', '(30, 23)']","['(13, 25)', '(22, 17)', '(28, 17)', '(21, 20)', '(15, 24)', '(31, 28)', '(25, 20)', '(35, 30)', '(30, 23)', '(29, 28)']",[287 states],129,35,35
288,"(13, 25)","(13, 24)",North,[],"['(22, 17)', '(15, 24)', '(28, 17)', '(21, 20)', '(29, 28)', '(31, 28)', '(25, 20)', '(35, 30)', '(30, 23)']","['(22, 17)', '(15, 24)', '(28, 17)', '(21, 20)', '(29, 28)', '(31, 28)', '(25, 20)', '(35, 30)', '(30, 23)']",[288 states],130,36,36
289,"(22, 17)","(21, 17)",East,"[((23, 17), 'East', 38)]","['(15, 24)', '(21, 20)', '(28, 17)', '(30, 23)', '(29, 28)', '(31, 28)', '(25, 20)', '(35, 30)']","['(15, 24)', '(23, 17)', '(28, 17)', '(21, 20)', '(29, 28)', '(31, 28)', '(25, 20)', '(35, 30)', '(30, 23)']",[289 states],115,37,37
290,"(15, 24)","(15, 23)",North,"[((15, 25), 'North', 38)]","['(23, 17)', '(21, 20)', '(28, 17)', '(30, 23)', '(29, 28)', '(31, 28)', '(25, 20)', '(35, 30)']","['(23, 17)', '(15, 25)', '(28, 17)', '(21, 20)', '(29, 28)', '(31, 28)', '(25, 20)', '(35, 30)', '(30, 23)']",[290 states],127,37,37
291,"(23, 17)","(22, 17)",East,[],"['(15, 25)', '(21, 20)', '(28, 17)', '(30, 23)', '(29, 28)', '(31, 28)', '(25, 20)', '(35, 30)']","['(15, 25)', '(21, 20)', '(28, 17)', '(30, 23)', '(29, 28)', '(31, 28)', '(25, 20)', '(35, 30)']",[291 states],116,38,38
292,"(15, 25)","(15, 24)",North,"[((15, 26), 'North', 39)]","['(21, 20)', '(30, 23)', '(28, 17)', '(35, 30)', '(29, 28)', '(31, 28)', '(25, 20)']","['(21, 20)', '(15, 26)', '(28, 17)', '(30, 23)', '(29, 28)', '(31, 28)', '(25, 20)', '(35, 30)']",[292 states],128,38,38
293,"(21, 20)","(21, 19)",North,"[((21, 21), 'North', 40)]","['(15, 26)', '(30, 23)', '(28, 17)', '(35, 30)', '(29, 28)', '(31, 28)', '(25, 20)']","['(15, 26)', '(21, 21)', '(28, 17)', '(30, 23)', '(29, 28)', '(31, 28)', '(25, 20)', '(35, 30)']",[293 states],113,39,39
294,"(15, 26)","(15, 25)",North,"[((15, 27), 'North', 40)]","['(21, 21)', '(30, 23)', '(28, 17)', '(35, 30)', '(29, 28)', '(31, 28)', '(25, 20)']","['(21, 21)', '(15, 27)', '(28, 17)', '(30, 23)', '(29, 28)', '(31, 28)', '(25, 20)', '(35, 30)']",[294 states],129,39,39
295,"(21, 21)","(21, 20)",North,"[((21, 22), 'North', 41), ((22, 21), 'East', 41), ((20, 21), 'West', 39)]","['(15, 27)', '(30, 23)', '(28, 17)', '(35, 30)', '(29, 28)', '(31, 28)', '(25, 20)']","['(20, 21)', '(15, 27)', '(28, 17)', '(22, 21)', '(21, 22)', '(31, 28)', '(25, 20)', '(35, 30)', '(30, 23)', '(29, 28)']",[295 states],114,40,40
296,"(20, 21)","(21, 21)",West,"[((19, 21), 'West', 38)]","['(15, 27)', '(21, 22)', '(28, 17)', '(22, 21)', '(29, 28)', '(31, 28)', '(25, 20)', '(35, 30)', '(30, 23)']","['(19, 21)', '(15, 27)', '(28, 17)', '(22, 21)', '(21, 22)', '(31, 28)', '(25, 20)', '(35, 30)', '(30, 23)', '(29, 28)']",[296 states],115,39,39
297,"(19, 21)","(20, 21)",West,[],"['(15, 27)', '(21, 22)', '(28, 17)', '(22, 21)', '(29, 28)', '(31, 28)', '(25, 20)', '(35, 30)', '(30, 23)']","['(15, 27)', '(21, 22)', '(28, 17)', '(22, 21)', '(29, 28)', '(31, 28)', '(25, 20)', '(35, 30)', '(30, 23)']",[297 states],116,38,38
298,"(15, 27)","(15, 26)",North,"[((16, 27), 'East', 41)]","['(21, 22)', '(22, 21)', '(28, 17)', '(30, 23)', '(29, 28)', '(31, 28)', '(25, 20)', '(35, 30)']","['(21, 22)', '(22, 21)', '(28, 17)', '(16, 27)', '(29, 28)', '(31, 28)', '(25, 20)', '(35, 30)', '(30, 23)']",[298 states],130,40,40
299,"(21, 22)","(21, 21)",North,"[((21, 23), 'North', 42)]","['(22, 21)', '(16, 27)', '(28, 17)', '(30, 23)', '(29, 28)', '(31, 28)', '(25, 20)', '(35, 30)']","['(22, 21)', '(16, 27)', '(28, 17)', '(21, 23)', '(29, 28)', '(31, 28)', '(25, 20)', '(35, 30)', '(30, 23)']",[299 states],115,41,41
300,"(22, 21)","(21, 21)",East,"[((23, 21), 'East', 42)]","['(16, 27)', '(21, 23)', '(28, 17)', '(30, 23)', '(29, 28)', '(31, 28)', '(25, 20)', '(35, 30)']","['(16, 27)', '(21, 23)', '(28, 17)', '(23, 21)', '(29, 28)', '(31, 28)', '(25, 20)', '(35, 30)', '(30, 23)']",[300 states],115,41,41
301,"(16, 27)","(15, 27)",East,"[((17, 27), 'East', 42)]","['(21, 23)', '(23, 21)', '(28, 17)', '(30, 23)', '(29, 28)', '(31, 28)', '(25, 20)', '(35, 30)']","['(21, 23)', '(23, 21)', '(28, 17)', '(17, 27)', '(29, 28)', '(31, 28)', '(25, 20)', '(35, 30)', '(30, 23)']",[301 states],131,41,41
302,"(21, 23)","(21, 22)",North,"[((20, 23), 'West', 41)]","['(23, 21)', '(17, 27)', '(28, 17)', '(30, 23)', '(29, 28)', '(31, 28)', '(25, 20)', '(35, 30)']","['(20, 23)', '(23, 21)', '(28, 17)', '(17, 27)', '(29, 28)', '(31, 28)', '(25, 20)', '(35, 30)', '(30, 23)']",[302 states],116,42,42
303,"(20, 23)","(21, 23)",West,"[((19, 23), 'West', 40)]","['(23, 21)', '(17, 27)', '(28, 17)', '(30, 23)', '(29, 28)', '(31, 28)', '(25, 20)', '(35, 30)']","['(19, 23)', '(23, 21)', '(28, 17)', '(17, 27)', '(29, 28)', '(31, 28)', '(25, 20)', '(35, 30)', '(30, 23)']",[303 states],117,41,41
304,"(19, 23)","(20, 23)",West,"[((18, 23), 'West', 39)]","['(23, 21)', '(17, 27)', '(28, 17)', '(30, 23)', '(29, 28)', '(31, 28)', '(25, 20)', '(35, 30)']","['(18, 23)', '(23, 21)', '(28, 17)', '(17, 27)', '(29, 28)', '(31, 28)', '(25, 20)', '(35, 30)', '(30, 23)']",[304 states],118,40,40
305,"(18, 23)","(19, 23)",West,"[((17, 23), 'West', 38)]","['(23, 21)', '(17, 27)', '(28, 17)', '(30, 23)', '(29, 28)', '(31, 28)', '(25, 20)', '(35, 30)']","['(17, 23)', '(23, 21)', '(28, 17)', '(17, 27)', '(29, 28)', '(31, 28)', '(25, 20)', '(35, 30)', '(30, 23)']",[305 states],119,39,39
306,"(17, 23)","(18, 23)",West,[],"['(23, 21)', '(17, 27)', '(28, 17)', '(30, 23)', '(29, 28)', '(31, 28)', '(25, 20)', '(35, 30)']","['(23, 21)', '(17, 27)', '(28, 17)', '(30, 23)', '(29, 28)', '(31, 28)', '(25, 20)', '(35, 30)']",[306 states],120,38,38
307,"(23, 21)","(22, 21)",East,[],"['(17, 27)', '(30, 23)', '(28, 17)', '(35, 30)', '(29, 28)', '(31, 28)', '(25, 20)']","['(17, 27)', '(30, 23)', '(28, 17)', '(35, 30)', '(29, 28)', '(31, 28)', '(25, 20)']",[307 states],116,42,42
308,"(17, 27)","(16, 27)",East,"[((17, 26), 'South', 41), ((18, 27), 'East', 43)]","['(28, 17)', '(30, 23)', '(25, 20)', '(35, 30)', '(29, 28)', '(31, 28)']","['(17, 26)', '(18, 27)', '(28, 17)', '(30, 23)', '(29, 28)', '(31, 28)', '(25, 20)', '(35, 30)']",[308 states],132,42,42
309,"(17, 26)","(17, 27)",South,"[((17, 25), 'South', 40)]","['(28, 17)', '(18, 27)', '(25, 20)', '(30, 23)', '(29, 28)', '(31, 28)', '(35, 30)']","['(17, 25)', '(28, 17)', '(25, 20)', '(18, 27)', '(29, 28)', '(31, 28)', '(35, 30)', '(30, 23)']",[309 states],133,41,41
310,"(17, 25)","(17, 26)",South,[],"['(28, 17)', '(18, 27)', '(25, 20)', '(30, 23)', '(29, 28)', '(31, 28)', '(35, 30)']","['(28, 17)', '(18, 27)', '(25, 20)', '(30, 23)', '(29, 28)', '(31, 28)', '(35, 30)']",[310 states],134,40,40
311,"(28, 17)","(27, 17)",East,"[((29, 17), 'East', 44)]","['(25, 20)', '(18, 27)', '(31, 28)', '(30, 23)', '(29, 28)', '(35, 30)']","['(25, 20)', '(18, 27)', '(29, 17)', '(30, 23)', '(29, 28)', '(35, 30)', '(31, 28)']",[311 states],105,43,43
312,"(25, 20)","(25, 19)",North,"[((25, 21), 'North', 44)]","['(18, 27)', '(30, 23)', '(29, 17)', '(31, 28)', '(29, 28)', '(35, 30)']","['(18, 27)', '(30, 23)', '(29, 17)', '(31, 28)', '(29, 28)', '(35, 30)', '(25, 21)']",[312 states],109,43,43
313,"(18, 27)","(17, 27)",East,"[((19, 27), 'East', 44)]","['(29, 17)', '(30, 23)', '(25, 21)', '(31, 28)', '(29, 28)', '(35, 30)']","['(29, 17)', '(30, 23)', '(25, 21)', '(31, 28)', '(29, 28)', '(35, 30)', '(19, 27)']",[313 states],133,43,43
314,"(29, 17)","(28, 17)",East,[],"['(25, 21)', '(30, 23)', '(19, 27)', '(31, 28)', '(29, 28)', '(35, 30)']","['(25, 21)', '(30, 23)', '(19, 27)', '(31, 28)', '(29, 28)', '(35, 30)']",[314 states],106,44,44
315,"(25, 21)","(25, 20)",North,"[((25, 22), 'North', 45)]","['(19, 27)', '(30, 23)', '(35, 30)', '(31, 28)', '(29, 28)']","['(19, 27)', '(30, 23)', '(25, 22)', '(31, 28)', '(29, 28)', '(35, 30)']",[315 states],110,44,44
316,"(19, 27)","(18, 27)",East,"[((19, 26), 'South', 43), ((20, 27), 'East', 45)]","['(25, 22)', '(30, 23)', '(35, 30)', '(31, 28)', '(29, 28)']","['(19, 26)', '(30, 23)', '(25, 22)', '(31, 28)', '(29, 28)', '(35, 30)', '(20, 27)']",[316 states],134,44,44
317,"(19, 26)","(19, 27)",South,"[((19, 25), 'South', 42)]","['(25, 22)', '(30, 23)', '(20, 27)', '(31, 28)', '(29, 28)', '(35, 30)']","['(19, 25)', '(30, 23)', '(25, 22)', '(31, 28)', '(29, 28)', '(35, 30)', '(20, 27)']",[317 states],135,43,43
318,"(19, 25)","(19, 26)",South,"[((20, 25), 'East', 43)]","['(25, 22)', '(30, 23)', '(20, 27)', '(31, 28)', '(29, 28)', '(35, 30)']","['(20, 25)', '(30, 23)', '(25, 22)', '(31, 28)', '(29, 28)', '(35, 30)', '(20, 27)']",[318 states],136,42,42
319,"(20, 25)","(19, 25)",East,"[((21, 25), 'East', 44)]","['(25, 22)', '(30, 23)', '(20, 27)', '(31, 28)', '(29, 28)', '(35, 30)']","['(21, 25)', '(30, 23)', '(25, 22)', '(31, 28)', '(29, 28)', '(35, 30)', '(20, 27)']",[319 states],137,43,43
320,"(21, 25)","(20, 25)",East,"[((22, 25), 'East', 45)]","['(25, 22)', '(30, 23)', '(20, 27)', '(31, 28)', '(29, 28)', '(35, 30)']","['(25, 22)', '(30, 23)', '(20, 27)', '(31, 28)', '(29, 28)', '(35, 30)', '(22, 25)']",[320 states],138,44,44
321,"(25, 22)","(25, 21)",North,"[((25, 23), 'North', 46)]","['(20, 27)', '(30, 23)', '(22, 25)', '(31, 28)', '(29, 28)', '(35, 30)']","['(20, 27)', '(30, 23)', '(22, 25)', '(31, 28)', '(29, 28)', '(35, 30)', '(25, 23)']",[321 states],111,45,45
322,"(20, 27)","(19, 27)",East,"[((21, 27), 'East', 46)]","['(22, 25)', '(30, 23)', '(25, 23)', '(31, 28)', '(29, 28)', '(35, 30)']","['(22, 25)', '(30, 23)', '(25, 23)', '(31, 28)', '(29, 28)', '(35, 30)', '(21, 27)']",[322 states],135,45,45
323,"(22, 25)","(21, 25)",East,"[((23, 25), 'East', 46)]","['(25, 23)', '(30, 23)', '(21, 27)', '(31, 28)', '(29, 28)', '(35, 30)']","['(25, 23)', '(30, 23)', '(21, 27)', '(31, 28)', '(29, 28)', '(35, 30)', '(23, 25)']",[323 states],139,45,45
324,"(25, 23)","(25, 22)",North,"[((25, 24), 'North', 47), ((26, 23), 'East', 47), ((24, 23), 'West', 45)]","['(21, 27)', '(30, 23)', '(23, 25)', '(31, 28)', '(29, 28)', '(35, 30)']","['(24, 23)', '(21, 27)', '(23, 25)', '(26, 23)', '(29, 28)', '(35, 30)', '(25, 24)', '(31, 28)', '(30, 23)']",[324 states],112,46,46
325,"(24, 23)","(25, 23)",West,"[((23, 23), 'West', 44)]","['(21, 27)', '(26, 23)', '(23, 25)', '(30, 23)', '(29, 28)', '(35, 30)', '(25, 24)', '(31, 28)']","['(23, 23)', '(21, 27)', '(23, 25)', '(26, 23)', '(29, 28)', '(35, 30)', '(25, 24)', '(31, 28)', '(30, 23)']",[325 states],113,45,45
326,"(23, 23)","(24, 23)",West,[],"['(21, 27)', '(26, 23)', '(23, 25)', '(30, 23)', '(29, 28)', '(35, 30)', '(25, 24)', '(31, 28)']","['(21, 27)', '(26, 23)', '(23, 25)', '(30, 23)', '(29, 28)', '(35, 30)', '(25, 24)', '(31, 28)']",[326 states],114,44,44
327,"(21, 27)","(20, 27)",East,"[((21, 28), 'North', 47)]","['(23, 25)', '(26, 23)', '(25, 24)', '(30, 23)', '(29, 28)', '(35, 30)', '(31, 28)']","['(23, 25)', '(26, 23)', '(25, 24)', '(21, 28)', '(29, 28)', '(35, 30)', '(31, 28)', '(30, 23)']",[327 states],136,46,46
328,"(23, 25)","(22, 25)",East,"[((23, 26), 'North', 47)]","['(25, 24)', '(26, 23)', '(30, 23)', '(21, 28)', '(29, 28)', '(35, 30)', '(31, 28)']","['(25, 24)', '(26, 23)', '(30, 23)', '(21, 28)', '(29, 28)', '(35, 30)', '(31, 28)', '(23, 26)']",[328 states],140,46,46
329,"(25, 24)","(25, 23)",North,"[((25, 25), 'North', 48)]","['(26, 23)', '(21, 28)', '(30, 23)', '(23, 26)', '(29, 28)', '(35, 30)', '(31, 28)']","['(26, 23)', '(21, 28)', '(30, 23)', '(23, 26)', '(29, 28)', '(35, 30)', '(31, 28)', '(25, 25)']",[329 states],113,47,47
330,"(26, 23)","(25, 23)",East,"[((27, 23), 'East', 48)]","['(21, 28)', '(23, 26)', '(30, 23)', '(25, 25)', '(29, 28)', '(35, 30)', '(31, 28)']","['(21, 28)', '(23, 26)', '(30, 23)', '(25, 25)', '(29, 28)', '(35, 30)', '(31, 28)', '(27, 23)']",[330 states],113,47,47
331,"(21, 28)","(21, 27)",North,"[((21, 29), 'North', 48)]","['(23, 26)', '(25, 25)', '(30, 23)', '(27, 23)', '(29, 28)', '(35, 30)', '(31, 28)']","['(23, 26)', '(25, 25)', '(30, 23)', '(27, 23)', '(29, 28)', '(35, 30)', '(31, 28)', '(21, 29)']",[331 states],137,47,47
332,"(23, 26)","(23, 25)",North,"[((23, 27), 'North', 48)]","['(25, 25)', '(27, 23)', '(30, 23)', '(21, 29)', '(29, 28)', '(35, 30)', '(31, 28)']","['(25, 25)', '(27, 23)', '(30, 23)', '(21, 29)', '(29, 28)', '(35, 30)', '(31, 28)', '(23, 27)']",[332 states],141,47,47
333,"(25, 25)","(25, 24)",North,"[((25, 26), 'North', 49), ((26, 25), 'East', 49)]","['(27, 23)', '(21, 29)', '(30, 23)', '(23, 27)', '(29, 28)', '(35, 30)', '(31, 28)']","['(27, 23)', '(21, 29)', '(30, 23)', '(23, 27)', '(29, 28)', '(35, 30)', '(31, 28)', '(25, 26)', '(26, 25)']",[333 states],114,48,48
334,"(27, 23)","(26, 23)",East,[],"['(21, 29)', '(23, 27)', '(30, 23)', '(25, 26)', '(29, 28)', '(35, 30)', '(31, 28)', '(26, 25)']","['(21, 29)', '(23, 27)', '(30, 23)', '(25, 26)', '(29, 28)', '(35, 30)', '(31, 28)', '(26, 25)']",[334 states],114,48,48
335,"(21, 29)","(21, 28)",North,"[((21, 30), 'North', 49), ((20, 29), 'West', 47)]","['(23, 27)', '(25, 26)', '(30, 23)', '(26, 25)', '(29, 28)', '(35, 30)', '(31, 28)']","['(20, 29)', '(23, 27)', '(30, 23)', '(25, 26)', '(29, 28)', '(35, 30)', '(31, 28)', '(21, 30)', '(26, 25)']",[335 states],138,48,48
336,"(20, 29)","(21, 29)",West,"[((19, 29), 'West', 46)]","['(23, 27)', '(25, 26)', '(30, 23)', '(26, 25)', '(29, 28)', '(35, 30)', '(31, 28)', '(21, 30)']","['(19, 29)', '(23, 27)', '(30, 23)', '(25, 26)', '(29, 28)', '(35, 30)', '(31, 28)', '(21, 30)', '(26, 25)']",[336 states],139,47,47
337,"(19, 29)","(20, 29)",West,[],"['(23, 27)', '(25, 26)', '(30, 23)', '(26, 25)', '(29, 28)', '(35, 30)', '(31, 28)', '(21, 30)']","['(23, 27)', '(25, 26)', '(30, 23)', '(26, 25)', '(29, 28)', '(35, 30)', '(31, 28)', '(21, 30)']",[337 states],140,46,46
338,"(23, 27)","(23, 26)",North,[],"['(25, 26)', '(26, 25)', '(30, 23)', '(21, 30)', '(29, 28)', '(35, 30)', '(31, 28)']","['(25, 26)', '(26, 25)', '(30, 23)', '(21, 30)', '(29, 28)', '(35, 30)', '(31, 28)']",[338 states],142,48,48
339,"(25, 26)","(25, 25)",North,"[((25, 27), 'North', 50)]","['(26, 25)', '(21, 30)', '(30, 23)', '(31, 28)', '(29, 28)', '(35, 30)']","['(26, 25)', '(21, 30)', '(25, 27)', '(31, 28)', '(29, 28)', '(35, 30)', '(30, 23)']",[339 states],115,49,49
340,"(26, 25)","(25, 25)",East,"[((27, 25), 'East', 50)]","['(21, 30)', '(30, 23)', '(25, 27)', '(31, 28)', '(29, 28)', '(35, 30)']","['(21, 30)', '(30, 23)', '(25, 27)', '(31, 28)', '(29, 28)', '(35, 30)', '(27, 25)']",[340 states],115,49,49
341,"(21, 30)","(21, 29)",North,"[((21, 31), 'North', 50)]","['(25, 27)', '(30, 23)', '(27, 25)', '(31, 28)', '(29, 28)', '(35, 30)']","['(25, 27)', '(30, 23)', '(27, 25)', '(31, 28)', '(29, 28)', '(35, 30)', '(21, 31)']",[341 states],139,49,49
342,"(25, 27)","(25, 26)",North,"[((25, 28), 'North', 51), ((26, 27), 'East', 51)]","['(27, 25)', '(30, 23)', '(21, 31)', '(31, 28)', '(29, 28)', '(35, 30)']","['(27, 25)', '(30, 23)', '(21, 31)', '(26, 27)', '(29, 28)', '(35, 30)', '(25, 28)', '(31, 28)']",[342 states],116,50,50
343,"(27, 25)","(26, 25)",East,[],"['(21, 31)', '(30, 23)', '(25, 28)', '(26, 27)', '(29, 28)', '(35, 30)', '(31, 28)']","['(21, 31)', '(30, 23)', '(25, 28)', '(26, 27)', '(29, 28)', '(35, 30)', '(31, 28)']",[343 states],116,50,50
344,"(21, 31)","(21, 30)",North,"[((21, 32), 'North', 51), ((22, 31), 'East', 51)]","['(30, 23)', '(26, 27)', '(25, 28)', '(31, 28)', '(29, 28)', '(35, 30)']","['(30, 23)', '(26, 27)', '(25, 28)', '(22, 31)', '(29, 28)', '(35, 30)', '(21, 32)', '(31, 28)']",[344 states],140,50,50
345,"(30, 23)","(29, 23)",East,"[((31, 23), 'East', 52)]","['(25, 28)', '(26, 27)', '(21, 32)', '(22, 31)', '(29, 28)', '(35, 30)', '(31, 28)']","['(25, 28)', '(26, 27)', '(21, 32)', '(22, 31)', '(29, 28)', '(35, 30)', '(31, 28)', '(31, 23)']",[345 states],97,51,51
346,"(25, 28)","(25, 27)",North,"[((25, 29), 'North', 52)]","['(26, 27)', '(22, 31)', '(21, 32)', '(31, 23)', '(29, 28)', '(35, 30)', '(31, 28)']","['(26, 27)', '(22, 31)', '(21, 32)', '(31, 23)', '(29, 28)', '(35, 30)', '(31, 28)', '(25, 29)']",[346 states],117,51,51
347,"(26, 27)","(25, 27)",East,"[((27, 27), 'East', 52)]","['(21, 32)', '(22, 31)', '(25, 29)', '(31, 23)', '(29, 28)', '(35, 30)', '(31, 28)']","['(21, 32)', '(22, 31)', '(25, 29)', '(31, 23)', '(29, 28)', '(35, 30)', '(31, 28)', '(27, 27)']",[347 states],117,51,51
348,"(21, 32)","(21, 31)",North,"[((21, 33), 'North', 52)]","['(22, 31)', '(31, 23)', '(25, 29)', '(27, 27)', '(29, 28)', '(35, 30)', '(31, 28)']","['(22, 31)', '(31, 23)', '(25, 29)', '(27, 27)', '(29, 28)', '(35, 30)', '(31, 28)', '(21, 33)']",[348 states],141,51,51
349,"(22, 31)","(21, 31)",East,"[((23, 31), 'East', 52)]","['(31, 23)', '(27, 27)', '(25, 29)', '(21, 33)', '(29, 28)', '(35, 30)', '(31, 28)']","['(31, 23)', '(27, 27)', '(25, 29)', '(21, 33)', '(29, 28)', '(35, 30)', '(31, 28)', '(23, 31)']",[349 states],141,51,51
350,"(31, 23)","(30, 23)",East,"[((31, 24), 'North', 53)]","['(25, 29)', '(27, 27)', '(23, 31)', '(21, 33)', '(29, 28)', '(35, 30)', '(31, 28)']","['(25, 29)', '(27, 27)', '(23, 31)', '(21, 33)', '(29, 28)', '(35, 30)', '(31, 28)', '(31, 24)']",[350 states],98,52,52
351,"(25, 29)","(25, 28)",North,"[((25, 30), 'North', 53), ((26, 29), 'East', 53), ((24, 29), 'West', 51)]","['(27, 27)', '(21, 33)', '(23, 31)', '(31, 24)', '(29, 28)', '(35, 30)', '(31, 28)']","['(24, 29)', '(27, 27)', '(23, 31)', '(31, 24)', '(21, 33)', '(35, 30)', '(31, 28)', '(25, 30)', '(26, 29)', '(29, 28)']",[351 states],118,52,52
352,"(24, 29)","(25, 29)",West,"[((23, 29), 'West', 50)]","['(27, 27)', '(21, 33)', '(23, 31)', '(31, 24)', '(29, 28)', '(35, 30)', '(31, 28)', '(25, 30)', '(26, 29)']","['(23, 29)', '(27, 27)', '(23, 31)', '(31, 24)', '(21, 33)', '(35, 30)', '(31, 28)', '(25, 30)', '(26, 29)', '(29, 28)']",[352 states],119,51,51
353,"(23, 29)","(24, 29)",West,[],"['(27, 27)', '(21, 33)', '(23, 31)', '(31, 24)', '(29, 28)', '(35, 30)', '(31, 28)', '(25, 30)', '(26, 29)']","['(27, 27)', '(21, 33)', '(23, 31)', '(31, 24)', '(29, 28)', '(35, 30)', '(31, 28)', '(25, 30)', '(26, 29)']",[353 states],120,50,50
354,"(27, 27)","(26, 27)",East,[],"['(21, 33)', '(31, 24)', '(23, 31)', '(25, 30)', '(29, 28)', '(35, 30)', '(31, 28)', '(26, 29)']","['(21, 33)', '(31, 24)', '(23, 31)', '(25, 30)', '(29, 28)', '(35, 30)', '(31, 28)', '(26, 29)']",[354 states],118,52,52
355,"(21, 33)","(21, 32)",North,"[((21, 34), 'North', 53), ((22, 33), 'East', 53), ((20, 33), 'West', 51)]","['(23, 31)', '(31, 24)', '(26, 29)', '(25, 30)', '(29, 28)', '(35, 30)', '(31, 28)']","['(20, 33)', '(23, 31)', '(26, 29)', '(25, 30)', '(31, 24)', '(35, 30)', '(31, 28)', '(21, 34)', '(22, 33)', '(29, 28)']",[355 states],142,52,52
356,"(20, 33)","(21, 33)",West,"[((19, 33), 'West', 50)]","['(23, 31)', '(31, 24)', '(26, 29)', '(25, 30)', '(29, 28)', '(35, 30)', '(31, 28)', '(21, 34)', '(22, 33)']","['(19, 33)', '(23, 31)', '(26, 29)', '(25, 30)', '(31, 24)', '(35, 30)', '(31, 28)', '(21, 34)', '(22, 33)', '(29, 28)']",[356 states],143,51,51
357,"(19, 33)","(20, 33)",West,"[((19, 32), 'South', 49)]","['(23, 31)', '(31, 24)', '(26, 29)', '(25, 30)', '(29, 28)', '(35, 30)', '(31, 28)', '(21, 34)', '(22, 33)']","['(19, 32)', '(23, 31)', '(26, 29)', '(25, 30)', '(31, 24)', '(35, 30)', '(31, 28)', '(21, 34)', '(22, 33)', '(29, 28)']",[357 states],144,50,50
358,"(19, 32)","(19, 33)",South,"[((19, 31), 'South', 48)]","['(23, 31)', '(31, 24)', '(26, 29)', '(25, 30)', '(29, 28)', '(35, 30)', '(31, 28)', '(21, 34)', '(22, 33)']","['(19, 31)', '(23, 31)', '(26, 29)', '(25, 30)', '(31, 24)', '(35, 30)', '(31, 28)', '(21, 34)', '(22, 33)', '(29, 28)']",[358 states],145,49,49
359,"(19, 31)","(19, 32)",South,[],"['(23, 31)', '(31, 24)', '(26, 29)', '(25, 30)', '(29, 28)', '(35, 30)', '(31, 28)', '(21, 34)', '(22, 33)']","['(23, 31)', '(31, 24)', '(26, 29)', '(25, 30)', '(29, 28)', '(35, 30)', '(31, 28)', '(21, 34)', '(22, 33)']",[359 states],146,48,48
360,"(23, 31)","(22, 31)",East,[],"['(31, 24)', '(25, 30)', '(26, 29)', '(21, 34)', '(29, 28)', '(35, 30)', '(31, 28)', '(22, 33)']","['(31, 24)', '(25, 30)', '(26, 29)', '(21, 34)', '(29, 28)', '(35, 30)', '(31, 28)', '(22, 33)']",[360 states],142,52,52
361,"(31, 24)","(31, 23)",North,"[((31, 25), 'North', 54)]","['(25, 30)', '(21, 34)', '(26, 29)', '(22, 33)', '(29, 28)', '(35, 30)', '(31, 28)']","['(25, 30)', '(21, 34)', '(26, 29)', '(22, 33)', '(29, 28)', '(35, 30)', '(31, 28)', '(31, 25)']",[361 states],99,53,53
362,"(25, 30)","(25, 29)",North,"[((25, 31), 'North', 54)]","['(26, 29)', '(21, 34)', '(31, 25)', '(22, 33)', '(29, 28)', '(35, 30)', '(31, 28)']","['(26, 29)', '(21, 34)', '(31, 25)', '(22, 33)', '(29, 28)', '(35, 30)', '(31, 28)', '(25, 31)']",[362 states],119,53,53
363,"(26, 29)","(25, 29)",East,"[((27, 29), 'East', 54)]","['(21, 34)', '(22, 33)', '(31, 25)', '(25, 31)', '(29, 28)', '(35, 30)', '(31, 28)']","['(21, 34)', '(22, 33)', '(31, 25)', '(25, 31)', '(29, 28)', '(35, 30)', '(31, 28)', '(27, 29)']",[363 states],119,53,53
364,"(21, 34)","(21, 33)",North,"[((21, 35), 'North', 54)]","['(22, 33)', '(25, 31)', '(31, 25)', '(27, 29)', '(29, 28)', '(35, 30)', '(31, 28)']","['(22, 33)', '(25, 31)', '(31, 25)', '(27, 29)', '(29, 28)', '(35, 30)', '(31, 28)', '(21, 35)']",[364 states],143,53,53
365,"(22, 33)","(21, 33)",East,"[((23, 33), 'East', 54)]","['(31, 25)', '(25, 31)', '(21, 35)', '(27, 29)', '(29, 28)', '(35, 30)', '(31, 28)']","['(31, 25)', '(25, 31)', '(21, 35)', '(27, 29)', '(29, 28)', '(35, 30)', '(31, 28)', '(23, 33)']",[365 states],143,53,53
366,"(31, 25)","(31, 24)",North,[],"['(25, 31)', '(27, 29)', '(21, 35)', '(23, 33)', '(29, 28)', '(35, 30)', '(31, 28)']","['(25, 31)', '(27, 29)', '(21, 35)', '(23, 33)', '(29, 28)', '(35, 30)', '(31, 28)']",[366 states],100,54,54
367,"(25, 31)","(25, 30)",North,"[((25, 32), 'North', 55)]","['(27, 29)', '(23, 33)', '(21, 35)', '(31, 28)', '(29, 28)', '(35, 30)']","['(27, 29)', '(23, 33)', '(21, 35)', '(31, 28)', '(29, 28)', '(35, 30)', '(25, 32)']",[367 states],120,54,54
368,"(27, 29)","(26, 29)",East,"[((27, 30), 'North', 55)]","['(21, 35)', '(23, 33)', '(25, 32)', '(31, 28)', '(29, 28)', '(35, 30)']","['(21, 35)', '(23, 33)', '(25, 32)', '(31, 28)', '(29, 28)', '(35, 30)', '(27, 30)']",[368 states],120,54,54
369,"(21, 35)","(21, 34)",North,"[((22, 35), 'East', 55), ((20, 35), 'West', 53)]","['(23, 33)', '(29, 28)', '(25, 32)', '(31, 28)', '(27, 30)', '(35, 30)']","['(20, 35)', '(23, 33)', '(25, 32)', '(29, 28)', '(27, 30)', '(35, 30)', '(22, 35)', '(31, 28)']",[369 states],144,54,54
370,"(20, 35)","(21, 35)",West,"[((19, 35), 'West', 52)]","['(23, 33)', '(29, 28)', '(25, 32)', '(31, 28)', '(27, 30)', '(35, 30)', '(22, 35)']","['(19, 35)', '(23, 33)', '(25, 32)', '(29, 28)', '(27, 30)', '(35, 30)', '(22, 35)', '(31, 28)']",[370 states],145,53,53
371,"(19, 35)","(20, 35)",West,"[((18, 35), 'West', 51)]","['(23, 33)', '(29, 28)', '(25, 32)', '(31, 28)', '(27, 30)', '(35, 30)', '(22, 35)']","['(18, 35)', '(23, 33)', '(25, 32)', '(29, 28)', '(27, 30)', '(35, 30)', '(22, 35)', '(31, 28)']",[371 states],146,52,52
372,"(18, 35)","(19, 35)",West,"[((17, 35), 'West', 50)]","['(23, 33)', '(29, 28)', '(25, 32)', '(31, 28)', '(27, 30)', '(35, 30)', '(22, 35)']","['(17, 35)', '(23, 33)', '(25, 32)', '(29, 28)', '(27, 30)', '(35, 30)', '(22, 35)', '(31, 28)']",[372 states],147,51,51
373,"(17, 35)","(18, 35)",West,"[((17, 34), 'South', 49), ((16, 35), 'West', 49)]","['(23, 33)', '(29, 28)', '(25, 32)', '(31, 28)', '(27, 30)', '(35, 30)', '(22, 35)']","['(17, 34)', '(16, 35)', '(25, 32)', '(23, 33)', '(27, 30)', '(35, 30)', '(22, 35)', '(31, 28)', '(29, 28)']",[373 states],148,50,50
374,"(17, 34)","(17, 35)",South,"[((17, 33), 'South', 48)]","['(16, 35)', '(23, 33)', '(25, 32)', '(29, 28)', '(27, 30)', '(35, 30)', '(22, 35)', '(31, 28)']","['(17, 33)', '(16, 35)', '(25, 32)', '(23, 33)', '(27, 30)', '(35, 30)', '(22, 35)', '(31, 28)', '(29, 28)']",[374 states],149,49,49
375,"(17, 33)","(17, 34)",South,"[((17, 32), 'South', 47)]","['(16, 35)', '(23, 33)', '(25, 32)', '(29, 28)', '(27, 30)', '(35, 30)', '(22, 35)', '(31, 28)']","['(17, 32)', '(16, 35)', '(25, 32)', '(23, 33)', '(27, 30)', '(35, 30)', '(22, 35)', '(31, 28)', '(29, 28)']",[375 states],150,48,48
376,"(17, 32)","(17, 33)",South,"[((17, 31), 'South', 46)]","['(16, 35)', '(23, 33)', '(25, 32)', '(29, 28)', '(27, 30)', '(35, 30)', '(22, 35)', '(31, 28)']","['(17, 31)', '(16, 35)', '(25, 32)', '(23, 33)', '(27, 30)', '(35, 30)', '(22, 35)', '(31, 28)', '(29, 28)']",[376 states],151,47,47
377,"(17, 31)","(17, 32)",South,[],"['(16, 35)', '(23, 33)', '(25, 32)', '(29, 28)', '(27, 30)', '(35, 30)', '(22, 35)', '(31, 28)']","['(16, 35)', '(23, 33)', '(25, 32)', '(29, 28)', '(27, 30)', '(35, 30)', '(22, 35)', '(31, 28)']",[377 states],152,46,46
378,"(16, 35)","(17, 35)",West,"[((15, 35), 'West', 48)]","['(23, 33)', '(29, 28)', '(25, 32)', '(31, 28)', '(27, 30)', '(35, 30)', '(22, 35)']","['(15, 35)', '(23, 33)', '(25, 32)', '(29, 28)', '(27, 30)', '(35, 30)', '(22, 35)', '(31, 28)']",[378 states],149,49,49
379,"(15, 35)","(16, 35)",West,"[((15, 34), 'South', 47), ((14, 35), 'West', 47)]","['(23, 33)', '(29, 28)', '(25, 32)', '(31, 28)', '(27, 30)', '(35, 30)', '(22, 35)']","['(15, 34)', '(14, 35)', '(25, 32)', '(23, 33)', '(27, 30)', '(35, 30)', '(22, 35)', '(31, 28)', '(29, 28)']",[379 states],150,48,48
380,"(15, 34)","(15, 35)",South,"[((15, 33), 'South', 46)]","['(14, 35)', '(23, 33)', '(25, 32)', '(29, 28)', '(27, 30)', '(35, 30)', '(22, 35)', '(31, 28)']","['(15, 33)', '(14, 35)', '(25, 32)', '(23, 33)', '(27, 30)', '(35, 30)', '(22, 35)', '(31, 28)', '(29, 28)']",[380 states],151,47,47
381,"(15, 33)","(15, 34)",South,"[((15, 32), 'South', 45), ((14, 33), 'West', 45)]","['(14, 35)', '(23, 33)', '(25, 32)', '(29, 28)', '(27, 30)', '(35, 30)', '(22, 35)', '(31, 28)']","['(15, 32)', '(14, 33)', '(25, 32)', '(23, 33)', '(14, 35)', '(35, 30)', '(22, 35)', '(31, 28)', '(29, 28)', '(27, 30)']",[381 states],152,46,46
382,"(15, 32)","(15, 33)",South,"[((15, 31), 'South', 44)]","['(14, 33)', '(14, 35)', '(25, 32)', '(23, 33)', '(27, 30)', '(35, 30)', '(22, 35)', '(31, 28)', '(29, 28)']","['(15, 31)', '(14, 33)', '(25, 32)', '(23, 33)', '(14, 35)', '(35, 30)', '(22, 35)', '(31, 28)', '(29, 28)', '(27, 30)']",[382 states],153,45,45
383,"(15, 31)","(15, 32)",South,"[((15, 30), 'South', 43)]","['(14, 33)', '(14, 35)', '(25, 32)', '(23, 33)', '(27, 30)', '(35, 30)', '(22, 35)', '(31, 28)', '(29, 28)']","['(15, 30)', '(14, 33)', '(25, 32)', '(23, 33)', '(14, 35)', '(35, 30)', '(22, 35)', '(31, 28)', '(29, 28)', '(27, 30)']",[383 states],154,44,44
384,"(15, 30)","(15, 31)",South,"[((15, 29), 'South', 42)]","['(14, 33)', '(14, 35)', '(25, 32)', '(23, 33)', '(27, 30)', '(35, 30)', '(22, 35)', '(31, 28)', '(29, 28)']","['(15, 29)', '(14, 33)', '(25, 32)', '(23, 33)', '(14, 35)', '(35, 30)', '(22, 35)', '(31, 28)', '(29, 28)', '(27, 30)']",[384 states],155,43,43
385,"(15, 29)","(15, 30)",South,"[((16, 29), 'East', 43)]","['(14, 33)', '(14, 35)', '(25, 32)', '(23, 33)', '(27, 30)', '(35, 30)', '(22, 35)', '(31, 28)', '(29, 28)']","['(16, 29)', '(14, 33)', '(25, 32)', '(23, 33)', '(14, 35)', '(35, 30)', '(22, 35)', '(31, 28)', '(29, 28)', '(27, 30)']",[385 states],156,42,42
386,"(16, 29)","(15, 29)",East,"[((17, 29), 'East', 44)]","['(14, 33)', '(14, 35)', '(25, 32)', '(23, 33)', '(27, 30)', '(35, 30)', '(22, 35)', '(31, 28)', '(29, 28)']","['(17, 29)', '(14, 33)', '(25, 32)', '(23, 33)', '(14, 35)', '(35, 30)', '(22, 35)', '(31, 28)', '(29, 28)', '(27, 30)']",[386 states],157,43,43
387,"(17, 29)","(16, 29)",East,[],"['(14, 33)', '(14, 35)', '(25, 32)', '(23, 33)', '(27, 30)', '(35, 30)', '(22, 35)', '(31, 28)', '(29, 28)']","['(14, 33)', '(14, 35)', '(25, 32)', '(23, 33)', '(27, 30)', '(35, 30)', '(22, 35)', '(31, 28)', '(29, 28)']",[387 states],158,44,44
388,"(14, 33)","(15, 33)",West,"[((13, 33), 'West', 44)]","['(14, 35)', '(23, 33)', '(25, 32)', '(29, 28)', '(27, 30)', '(35, 30)', '(22, 35)', '(31, 28)']","['(13, 33)', '(14, 35)', '(25, 32)', '(23, 33)', '(27, 30)', '(35, 30)', '(22, 35)', '(31, 28)', '(29, 28)']",[388 states],153,45,45
389,"(13, 33)","(14, 33)",West,"[((12, 33), 'West', 43)]","['(14, 35)', '(23, 33)', '(25, 32)', '(29, 28)', '(27, 30)', '(35, 30)', '(22, 35)', '(31, 28)']","['(12, 33)', '(14, 35)', '(25, 32)', '(23, 33)', '(27, 30)', '(35, 30)', '(22, 35)', '(31, 28)', '(29, 28)']",[389 states],154,44,44
390,"(12, 33)","(13, 33)",West,"[((11, 33), 'West', 42)]","['(14, 35)', '(23, 33)', '(25, 32)', '(29, 28)', '(27, 30)', '(35, 30)', '(22, 35)', '(31, 28)']","['(11, 33)', '(14, 35)', '(25, 32)', '(23, 33)', '(27, 30)', '(35, 30)', '(22, 35)', '(31, 28)', '(29, 28)']",[390 states],155,43,43
391,"(11, 33)","(12, 33)",West,"[((11, 34), 'North', 43), ((11, 32), 'South', 41), ((10, 33), 'West', 41)]","['(14, 35)', '(23, 33)', '(25, 32)', '(29, 28)', '(27, 30)', '(35, 30)', '(22, 35)', '(31, 28)']","['(11, 32)', '(10, 33)', '(25, 32)', '(23, 33)', '(11, 34)', '(35, 30)', '(22, 35)', '(31, 28)', '(29, 28)', '(27, 30)', '(14, 35)']",[391 states],156,42,42
392,"(11, 32)","(11, 33)",South,"[((11, 31), 'South', 40)]","['(10, 33)', '(11, 34)', '(25, 32)', '(23, 33)', '(14, 35)', '(35, 30)', '(22, 35)', '(31, 28)', '(29, 28)', '(27, 30)']","['(11, 31)', '(10, 33)', '(25, 32)', '(23, 33)', '(11, 34)', '(35, 30)', '(22, 35)', '(31, 28)', '(29, 28)', '(27, 30)', '(14, 35)']",[392 states],157,41,41
393,"(11, 31)","(11, 32)",South,"[((11, 30), 'South', 39), ((12, 31), 'East', 41)]","['(10, 33)', '(11, 34)', '(25, 32)', '(23, 33)', '(14, 35)', '(35, 30)', '(22, 35)', '(31, 28)', '(29, 28)', '(27, 30)']","['(11, 30)', '(10, 33)', '(12, 31)', '(23, 33)', '(11, 34)', '(25, 32)', '(22, 35)', '(31, 28)', '(29, 28)', '(27, 30)', '(14, 35)', '(35, 30)']",[393 states],158,40,40
394,"(11, 30)","(11, 31)",South,"[((11, 29), 'South', 38)]","['(10, 33)', '(11, 34)', '(12, 31)', '(23, 33)', '(14, 35)', '(25, 32)', '(22, 35)', '(31, 28)', '(29, 28)', '(27, 30)', '(35, 30)']","['(11, 29)', '(11, 34)', '(10, 33)', '(23, 33)', '(14, 35)', '(12, 31)', '(22, 35)', '(31, 28)', '(29, 28)', '(27, 30)', '(35, 30)', '(25, 32)']",[394 states],159,39,39
395,"(11, 29)","(11, 30)",South,"[((12, 29), 'East', 39), ((10, 29), 'West', 37)]","['(10, 33)', '(11, 34)', '(12, 31)', '(23, 33)', '(14, 35)', '(25, 32)', '(22, 35)', '(31, 28)', '(29, 28)', '(27, 30)', '(35, 30)']","['(10, 29)', '(11, 34)', '(12, 29)', '(23, 33)', '(14, 35)', '(10, 33)', '(22, 35)', '(31, 28)', '(29, 28)', '(27, 30)', '(35, 30)', '(25, 32)', '(12, 31)']",[395 states],160,38,38
396,"(10, 29)","(11, 29)",West,"[((9, 29), 'West', 36)]","['(12, 29)', '(11, 34)', '(10, 33)', '(23, 33)', '(14, 35)', '(12, 31)', '(22, 35)', '(31, 28)', '(29, 28)', '(27, 30)', '(35, 30)', '(25, 32)']","['(9, 29)', '(11, 34)', '(12, 29)', '(23, 33)', '(14, 35)', '(10, 33)', '(22, 35)', '(31, 28)', '(29, 28)', '(27, 30)', '(35, 30)', '(25, 32)', '(12, 31)']",[396 states],161,37,37
397,"(9, 29)","(10, 29)",West,"[((9, 30), 'North', 37)]","['(12, 29)', '(11, 34)', '(10, 33)', '(23, 33)', '(14, 35)', '(12, 31)', '(22, 35)', '(31, 28)', '(29, 28)', '(27, 30)', '(35, 30)', '(25, 32)']","['(9, 30)', '(11, 34)', '(12, 29)', '(23, 33)', '(14, 35)', '(10, 33)', '(22, 35)', '(31, 28)', '(29, 28)', '(27, 30)', '(35, 30)', '(25, 32)', '(12, 31)']",[397 states],162,36,36
398,"(9, 30)","(9, 29)",North,"[((9, 31), 'North', 38)]","['(12, 29)', '(11, 34)', '(10, 33)', '(23, 33)', '(14, 35)', '(12, 31)', '(22, 35)', '(31, 28)', '(29, 28)', '(27, 30)', '(35, 30)', '(25, 32)']","['(9, 31)', '(11, 34)', '(12, 29)', '(23, 33)', '(14, 35)', '(10, 33)', '(22, 35)', '(31, 28)', '(29, 28)', '(27, 30)', '(35, 30)', '(25, 32)', '(12, 31)']",[398 states],163,37,37
399,"(9, 31)","(9, 30)",North,[],"['(12, 29)', '(11, 34)', '(10, 33)', '(23, 33)', '(14, 35)', '(12, 31)', '(22, 35)', '(31, 28)', '(29, 28)', '(27, 30)', '(35, 30)', '(25, 32)']","['(12, 29)', '(11, 34)', '(10, 33)', '(23, 33)', '(14, 35)', '(12, 31)', '(22, 35)', '(31, 28)', '(29, 28)', '(27, 30)', '(35, 30)', '(25, 32)']",[399 states],164,38,38
400,"(12, 29)","(11, 29)",East,"[((13, 29), 'East', 40)]","['(10, 33)', '(11, 34)', '(12, 31)', '(23, 33)', '(14, 35)', '(25, 32)', '(22, 35)', '(31, 28)', '(29, 28)', '(27, 30)', '(35, 30)']","['(13, 29)', '(11, 34)', '(10, 33)', '(23, 33)', '(14, 35)', '(12, 31)', '(22, 35)', '(31, 28)', '(29, 28)', '(27, 30)', '(35, 30)', '(25, 32)']",[400 states],161,39,39
401,"(13, 29)","(12, 29)",East,"[((13, 28), 'South', 39)]","['(10, 33)', '(11, 34)', '(12, 31)', '(23, 33)', '(14, 35)', '(25, 32)', '(22, 35)', '(31, 28)', '(29, 28)', '(27, 30)', '(35, 30)']","['(13, 28)', '(11, 34)', '(10, 33)', '(23, 33)', '(14, 35)', '(12, 31)', '(22, 35)', '(31, 28)', '(29, 28)', '(27, 30)', '(35, 30)', '(25, 32)']",[401 states],162,40,40
402,"(13, 28)","(13, 29)",South,"[((13, 27), 'South', 38)]","['(10, 33)', '(11, 34)', '(12, 31)', '(23, 33)', '(14, 35)', '(25, 32)', '(22, 35)', '(31, 28)', '(29, 28)', '(27, 30)', '(35, 30)']","['(13, 27)', '(11, 34)', '(10, 33)', '(23, 33)', '(14, 35)', '(12, 31)', '(22, 35)', '(31, 28)', '(29, 28)', '(27, 30)', '(35, 30)', '(25, 32)']",[402 states],163,39,39
403,"(13, 27)","(13, 28)",South,"[((12, 27), 'West', 37)]","['(10, 33)', '(11, 34)', '(12, 31)', '(23, 33)', '(14, 35)', '(25, 32)', '(22, 35)', '(31, 28)', '(29, 28)', '(27, 30)', '(35, 30)']","['(12, 27)', '(11, 34)', '(10, 33)', '(23, 33)', '(14, 35)', '(12, 31)', '(22, 35)', '(31, 28)', '(29, 28)', '(27, 30)', '(35, 30)', '(25, 32)']",[403 states],164,38,38
404,"(12, 27)","(13, 27)",West,"[((11, 27), 'West', 36)]","['(10, 33)', '(11, 34)', '(12, 31)', '(23, 33)', '(14, 35)', '(25, 32)', '(22, 35)', '(31, 28)', '(29, 28)', '(27, 30)', '(35, 30)']","['(11, 27)', '(11, 34)', '(10, 33)', '(23, 33)', '(14, 35)', '(12, 31)', '(22, 35)', '(31, 28)', '(29, 28)', '(27, 30)', '(35, 30)', '(25, 32)']",[404 states],165,37,37
405,"(11, 27)","(12, 27)",West,"[((11, 26), 'South', 35), ((10, 27), 'West', 35)]","['(10, 33)', '(11, 34)', '(12, 31)', '(23, 33)', '(14, 35)', '(25, 32)', '(22, 35)', '(31, 28)', '(29, 28)', '(27, 30)', '(35, 30)']","['(11, 26)', '(11, 34)', '(10, 27)', '(23, 33)', '(14, 35)', '(10, 33)', '(22, 35)', '(31, 28)', '(29, 28)', '(27, 30)', '(35, 30)', '(25, 32)', '(12, 31)']",[405 states],166,36,36
406,"(11, 26)","(11, 27)",South,"[((11, 25), 'South', 34)]","['(10, 27)', '(11, 34)', '(10, 33)', '(23, 33)', '(14, 35)', '(12, 31)', '(22, 35)', '(31, 28)', '(29, 28)', '(27, 30)', '(35, 30)', '(25, 32)']","['(11, 25)', '(11, 34)', '(10, 27)', '(23, 33)', '(14, 35)', '(10, 33)', '(22, 35)', '(31, 28)', '(29, 28)', '(27, 30)', '(35, 30)', '(25, 32)', '(12, 31)']",[406 states],167,35,35
407,"(11, 25)","(11, 26)",South,[],"['(10, 27)', '(11, 34)', '(10, 33)', '(23, 33)', '(14, 35)', '(12, 31)', '(22, 35)', '(31, 28)', '(29, 28)', '(27, 30)', '(35, 30)', '(25, 32)']","['(10, 27)', '(11, 34)', '(10, 33)', '(23, 33)', '(14, 35)', '(12, 31)', '(22, 35)', '(31, 28)', '(29, 28)', '(27, 30)', '(35, 30)', '(25, 32)']",[407 states],168,34,34
408,"(10, 27)","(11, 27)",West,"[((9, 27), 'West', 34)]","['(10, 33)', '(11, 34)', '(12, 31)', '(23, 33)', '(14, 35)', '(25, 32)', '(22, 35)', '(31, 28)', '(29, 28)', '(27, 30)', '(35, 30)']","['(9, 27)', '(11, 34)', '(10, 33)', '(23, 33)', '(14, 35)', '(12, 31)', '(22, 35)', '(31, 28)', '(29, 28)', '(27, 30)', '(35, 30)', '(25, 32)']",[408 states],167,35,35
409,"(9, 27)","(10, 27)",West,"[((9, 26), 'South', 33), ((8, 27), 'West', 33)]","['(10, 33)', '(11, 34)', '(12, 31)', '(23, 33)', '(14, 35)', '(25, 32)', '(22, 35)', '(31, 28)', '(29, 28)', '(27, 30)', '(35, 30)']","['(9, 26)', '(11, 34)', '(8, 27)', '(23, 33)', '(14, 35)', '(10, 33)', '(22, 35)', '(31, 28)', '(29, 28)', '(27, 30)', '(35, 30)', '(25, 32)', '(12, 31)']",[409 states],168,34,34
410,"(9, 26)","(9, 27)",South,"[((9, 25), 'South', 32)]","['(8, 27)', '(11, 34)', '(10, 33)', '(23, 33)', '(14, 35)', '(12, 31)', '(22, 35)', '(31, 28)', '(29, 28)', '(27, 30)', '(35, 30)', '(25, 32)']","['(9, 25)', '(11, 34)', '(8, 27)', '(23, 33)', '(14, 35)', '(10, 33)', '(22, 35)', '(31, 28)', '(29, 28)', '(27, 30)', '(35, 30)', '(25, 32)', '(12, 31)']",[410 states],169,33,33
411,"(9, 25)","(9, 26)",South,"[((8, 25), 'West', 31)]","['(8, 27)', '(11, 34)', '(10, 33)', '(23, 33)', '(14, 35)', '(12, 31)', '(22, 35)', '(31, 28)', '(29, 28)', '(27, 30)', '(35, 30)', '(25, 32)']","['(8, 25)', '(11, 34)', '(8, 27)', '(23, 33)', '(14, 35)', '(10, 33)', '(22, 35)', '(31, 28)', '(29, 28)', '(27, 30)', '(35, 30)', '(25, 32)', '(12, 31)']",[411 states],170,32,32
412,"(8, 25)","(9, 25)",West,"[((7, 25), 'West', 30)]","['(8, 27)', '(11, 34)', '(10, 33)', '(23, 33)', '(14, 35)', '(12, 31)', '(22, 35)', '(31, 28)', '(29, 28)', '(27, 30)', '(35, 30)', '(25, 32)']","['(7, 25)', '(11, 34)', '(8, 27)', '(23, 33)', '(14, 35)', '(10, 33)', '(22, 35)', '(31, 28)', '(29, 28)', '(27, 30)', '(35, 30)', '(25, 32)', '(12, 31)']",[412 states],171,31,31
413,"(7, 25)","(8, 25)",West,"[((6, 25), 'West', 29)]","['(8, 27)', '(11, 34)', '(10, 33)', '(23, 33)', '(14, 35)', '(12, 31)', '(22, 35)', '(31, 28)', '(29, 28)', '(27, 30)', '(35, 30)', '(25, 32)']","['(6, 25)', '(11, 34)', '(8, 27)', '(23, 33)', '(14, 35)', '(10, 33)', '(22, 35)', '(31, 28)', '(29, 28)', '(27, 30)', '(35, 30)', '(25, 32)', '(12, 31)']",[413 states],172,30,30
414,"(6, 25)","(7, 25)",West,"[((5, 25), 'West', 28)]","['(8, 27)', '(11, 34)', '(10, 33)', '(23, 33)', '(14, 35)', '(12, 31)', '(22, 35)', '(31, 28)', '(29, 28)', '(27, 30)', '(35, 30)', '(25, 32)']","['(5, 25)', '(11, 34)', '(8, 27)', '(23, 33)', '(14, 35)', '(10, 33)', '(22, 35)', '(31, 28)', '(29, 28)', '(27, 30)', '(35, 30)', '(25, 32)', '(12, 31)']",[414 states],173,29,29
415,"(5, 25)","(6, 25)",West,"[((5, 24), 'South', 27)]","['(8, 27)', '(11, 34)', '(10, 33)', '(23, 33)', '(14, 35)', '(12, 31)', '(22, 35)', '(31, 28)', '(29, 28)', '(27, 30)', '(35, 30)', '(25, 32)']","['(5, 24)', '(11, 34)', '(8, 27)', '(23, 33)', '(14, 35)', '(10, 33)', '(22, 35)', '(31, 28)', '(29, 28)', '(27, 30)', '(35, 30)', '(25, 32)', '(12, 31)']",[415 states],174,28,28
416,"(5, 24)","(5, 25)",South,"[((5, 23), 'South', 26)]","['(8, 27)', '(11, 34)', '(10, 33)', '(23, 33)', '(14, 35)', '(12, 31)', '(22, 35)', '(31, 28)', '(29, 28)', '(27, 30)', '(35, 30)', '(25, 32)']","['(5, 23)', '(11, 34)', '(8, 27)', '(23, 33)', '(14, 35)', '(10, 33)', '(22, 35)', '(31, 28)', '(29, 28)', '(27, 30)', '(35, 30)', '(25, 32)', '(12, 31)']",[416 states],175,27,27
417,"(5, 23)","(5, 24)",South,[],"['(8, 27)', '(11, 34)', '(10, 33)', '(23, 33)', '(14, 35)', '(12, 31)', '(22, 35)', '(31, 28)', '(29, 28)', '(27, 30)', '(35, 30)', '(25, 32)']","['(8, 27)', '(11, 34)', '(10, 33)', '(23, 33)', '(14, 35)', '(12, 31)', '(22, 35)', '(31, 28)', '(29, 28)', '(27, 30)', '(35, 30)', '(25, 32)']",[417 states],176,26,26
418,"(8, 27)","(9, 27)",West,"[((7, 27), 'West', 32)]","['(10, 33)', '(11, 34)', '(12, 31)', '(23, 33)', '(14, 35)', '(25, 32)', '(22, 35)', '(31, 28)', '(29, 28)', '(27, 30)', '(35, 30)']","['(7, 27)', '(11, 34)', '(10, 33)', '(23, 33)', '(14, 35)', '(12, 31)', '(22, 35)', '(31, 28)', '(29, 28)', '(27, 30)', '(35, 30)', '(25, 32)']",[418 states],169,33,33
419,"(7, 27)","(8, 27)",West,"[((6, 27), 'West', 31)]","['(10, 33)', '(11, 34)', '(12, 31)', '(23, 33)', '(14, 35)', '(25, 32)', '(22, 35)', '(31, 28)', '(29, 28)', '(27, 30)', '(35, 30)']","['(6, 27)', '(11, 34)', '(10, 33)', '(23, 33)', '(14, 35)', '(12, 31)', '(22, 35)', '(31, 28)', '(29, 28)', '(27, 30)', '(35, 30)', '(25, 32)']",[419 states],170,32,32
420,"(6, 27)","(7, 27)",West,"[((5, 27), 'West', 30)]","['(10, 33)', '(11, 34)', '(12, 31)', '(23, 33)', '(14, 35)', '(25, 32)', '(22, 35)', '(31, 28)', '(29, 28)', '(27, 30)', '(35, 30)']","['(5, 27)', '(11, 34)', '(10, 33)', '(23, 33)', '(14, 35)', '(12, 31)', '(22, 35)', '(31, 28)', '(29, 28)', '(27, 30)', '(35, 30)', '(25, 32)']",[420 states],171,31,31
421,"(5, 27)","(6, 27)",West,"[((4, 27), 'West', 29)]","['(10, 33)', '(11, 34)', '(12, 31)', '(23, 33)', '(14, 35)', '(25, 32)', '(22, 35)', '(31, 28)', '(29, 28)', '(27, 30)', '(35, 30)']","['(4, 27)', '(11, 34)', '(10, 33)', '(23, 33)', '(14, 35)', '(12, 31)', '(22, 35)', '(31, 28)', '(29, 28)', '(27, 30)', '(35, 30)', '(25, 32)']",[421 states],172,30,30
422,"(4, 27)","(5, 27)",West,"[((3, 27), 'West', 28)]","['(10, 33)', '(11, 34)', '(12, 31)', '(23, 33)', '(14, 35)', '(25, 32)', '(22, 35)', '(31, 28)', '(29, 28)', '(27, 30)', '(35, 30)']","['(3, 27)', '(11, 34)', '(10, 33)', '(23, 33)', '(14, 35)', '(12, 31)', '(22, 35)', '(31, 28)', '(29, 28)', '(27, 30)', '(35, 30)', '(25, 32)']",[422 states],173,29,29
423,"(3, 27)","(4, 27)",West,"[((3, 28), 'North', 29), ((3, 26), 'South', 27), ((2, 27), 'West', 27)]","['(10, 33)', '(11, 34)', '(12, 31)', '(23, 33)', '(14, 35)', '(25, 32)', '(22, 35)', '(31, 28)', '(29, 28)', '(27, 30)', '(35, 30)']","['(3, 26)', '(11, 34)', '(2, 27)', '(23, 33)', '(14, 35)', '(10, 33)', '(3, 28)', '(31, 28)', '(29, 28)', '(27, 30)', '(35, 30)', '(25, 32)', '(12, 31)', '(22, 35)']",[423 states],174,28,28
424,"(3, 26)","(3, 27)",South,"[((3, 25), 'South', 26)]","['(2, 27)', '(11, 34)', '(3, 28)', '(23, 33)', '(14, 35)', '(10, 33)', '(22, 35)', '(31, 28)', '(29, 28)', '(27, 30)', '(35, 30)', '(25, 32)', '(12, 31)']","['(3, 25)', '(11, 34)', '(2, 27)', '(23, 33)', '(14, 35)', '(10, 33)', '(3, 28)', '(31, 28)', '(29, 28)', '(27, 30)', '(35, 30)', '(25, 32)', '(12, 31)', '(22, 35)']",[424 states],175,27,27
425,"(3, 25)","(3, 26)",South,"[((3, 24), 'South', 25)]","['(2, 27)', '(11, 34)', '(3, 28)', '(23, 33)', '(14, 35)', '(10, 33)', '(22, 35)', '(31, 28)', '(29, 28)', '(27, 30)', '(35, 30)', '(25, 32)', '(12, 31)']","['(3, 24)', '(11, 34)', '(2, 27)', '(23, 33)', '(14, 35)', '(10, 33)', '(3, 28)', '(31, 28)', '(29, 28)', '(27, 30)', '(35, 30)', '(25, 32)', '(12, 31)', '(22, 35)']",[425 states],176,26,26
426,"(3, 24)","(3, 25)",South,"[((3, 23), 'South', 24)]","['(2, 27)', '(11, 34)', '(3, 28)', '(23, 33)', '(14, 35)', '(10, 33)', '(22, 35)', '(31, 28)', '(29, 28)', '(27, 30)', '(35, 30)', '(25, 32)', '(12, 31)']","['(3, 23)', '(11, 34)', '(2, 27)', '(23, 33)', '(14, 35)', '(10, 33)', '(3, 28)', '(31, 28)', '(29, 28)', '(27, 30)', '(35, 30)', '(25, 32)', '(12, 31)', '(22, 35)']",[426 states],177,25,25
427,"(3, 23)","(3, 24)",South,"[((3, 22), 'South', 23)]","['(2, 27)', '(11, 34)', '(3, 28)', '(23, 33)', '(14, 35)', '(10, 33)', '(22, 35)', '(31, 28)', '(29, 28)', '(27, 30)', '(35, 30)', '(25, 32)', '(12, 31)']","['(3, 22)', '(11, 34)', '(2, 27)', '(23, 33)', '(14, 35)', '(10, 33)', '(3, 28)', '(31, 28)', '(29, 28)', '(27, 30)', '(35, 30)', '(25, 32)', '(12, 31)', '(22, 35)']",[427 states],178,24,24
428,"(3, 22)","(3, 23)",South,"[((3, 21), 'South', 22)]","['(2, 27)', '(11, 34)', '(3, 28)', '(23, 33)', '(14, 35)', '(10, 33)', '(22, 35)', '(31, 28)', '(29, 28)', '(27, 30)', '(35, 30)', '(25, 32)', '(12, 31)']","['(3, 21)', '(11, 34)', '(2, 27)', '(23, 33)', '(14, 35)', '(10, 33)', '(3, 28)', '(31, 28)', '(29, 28)', '(27, 30)', '(35, 30)', '(25, 32)', '(12, 31)', '(22, 35)']",[428 states],179,23,23
429,"(3, 21)","(3, 22)",South,"[((3, 20), 'South', 21), ((4, 21), 'East', 23), ((2, 21), 'West', 21)]","['(2, 27)', '(11, 34)', '(3, 28)', '(23, 33)', '(14, 35)', '(10, 33)', '(22, 35)', '(31, 28)', '(29, 28)', '(27, 30)', '(35, 30)', '(25, 32)', '(12, 31)']","['(3, 20)', '(2, 21)', '(4, 21)', '(11, 34)', '(14, 35)', '(10, 33)', '(2, 27)', '(23, 33)', '(29, 28)', '(27, 30)', '(35, 30)', '(25, 32)', '(12, 31)', '(22, 35)', '(3, 28)', '(31, 28)']",[429 states],180,22,22
430,"(3, 20)","(3, 21)",South,"[((3, 19), 'South', 20)]","['(2, 21)', '(11, 34)', '(4, 21)', '(23, 33)', '(14, 35)', '(10, 33)', '(2, 27)', '(31, 28)', '(29, 28)', '(27, 30)', '(35, 30)', '(25, 32)', '(12, 31)', '(22, 35)', '(3, 28)']","['(3, 19)', '(2, 21)', '(4, 21)', '(11, 34)', '(14, 35)', '(10, 33)', '(2, 27)', '(23, 33)', '(29, 28)', '(27, 30)', '(35, 30)', '(25, 32)', '(12, 31)', '(22, 35)', '(3, 28)', '(31, 28)']",[430 states],181,21,21
431,"(3, 19)","(3, 20)",South,"[((3, 18), 'South', 19)]","['(2, 21)', '(11, 34)', '(4, 21)', '(23, 33)', '(14, 35)', '(10, 33)', '(2, 27)', '(31, 28)', '(29, 28)', '(27, 30)', '(35, 30)', '(25, 32)', '(12, 31)', '(22, 35)', '(3, 28)']","['(3, 18)', '(2, 21)', '(4, 21)', '(11, 34)', '(14, 35)', '(10, 33)', '(2, 27)', '(23, 33)', '(29, 28)', '(27, 30)', '(35, 30)', '(25, 32)', '(12, 31)', '(22, 35)', '(3, 28)', '(31, 28)']",[431 states],182,20,20
432,"(3, 18)","(3, 19)",South,"[((3, 17), 'South', 18)]","['(2, 21)', '(11, 34)', '(4, 21)', '(23, 33)', '(14, 35)', '(10, 33)', '(2, 27)', '(31, 28)', '(29, 28)', '(27, 30)', '(35, 30)', '(25, 32)', '(12, 31)', '(22, 35)', '(3, 28)']","['(3, 17)', '(2, 21)', '(4, 21)', '(11, 34)', '(14, 35)', '(10, 33)', '(2, 27)', '(23, 33)', '(29, 28)', '(27, 30)', '(35, 30)', '(25, 32)', '(12, 31)', '(22, 35)', '(3, 28)', '(31, 28)']",[432 states],183,19,19
433,"(3, 17)","(3, 18)",South,"[((4, 17), 'East', 19), ((2, 17), 'West', 17)]","['(2, 21)', '(11, 34)', '(4, 21)', '(23, 33)', '(14, 35)', '(10, 33)', '(2, 27)', '(31, 28)', '(29, 28)', '(27, 30)', '(35, 30)', '(25, 32)', '(12, 31)', '(22, 35)', '(3, 28)']","['(2, 17)', '(4, 17)', '(4, 21)', '(2, 21)', '(14, 35)', '(10, 33)', '(2, 27)', '(11, 34)', '(29, 28)', '(27, 30)', '(35, 30)', '(25, 32)', '(12, 31)', '(22, 35)', '(3, 28)', '(31, 28)', '(23, 33)']",[433 states],184,18,18
434,"(2, 17)","(3, 17)",West,"[((1, 17), 'West', 16)]","['(4, 17)', '(2, 21)', '(4, 21)', '(11, 34)', '(14, 35)', '(10, 33)', '(2, 27)', '(23, 33)', '(29, 28)', '(27, 30)', '(35, 30)', '(25, 32)', '(12, 31)', '(22, 35)', '(3, 28)', '(31, 28)']","['(1, 17)', '(4, 17)', '(4, 21)', '(2, 21)', '(14, 35)', '(10, 33)', '(2, 27)', '(11, 34)', '(29, 28)', '(27, 30)', '(35, 30)', '(25, 32)', '(12, 31)', '(22, 35)', '(3, 28)', '(31, 28)', '(23, 33)']",[434 states],185,17,17
435,"(1, 17)","(2, 17)",West,[],"['(4, 17)', '(2, 21)', '(4, 21)', '(11, 34)', '(14, 35)', '(10, 33)', '(2, 27)', '(23, 33)', '(29, 28)', '(27, 30)', '(35, 30)', '(25, 32)', '(12, 31)', '(22, 35)', '(3, 28)', '(31, 28)']","['(4, 17)', '(2, 21)', '(4, 21)', '(11, 34)', '(14, 35)', '(10, 33)', '(2, 27)', '(23, 33)', '(29, 28)', '(27, 30)', '(35, 30)', '(25, 32)', '(12, 31)', '(22, 35)', '(3, 28)', '(31, 28)']",[435 states],186,16,16
436,"(4, 17)","(3, 17)",East,"[((5, 17), 'East', 20)]","['(2, 21)', '(11, 34)', '(4, 21)', '(23, 33)', '(14, 35)', '(10, 33)', '(2, 27)', '(31, 28)', '(29, 28)', '(27, 30)', '(35, 30)', '(25, 32)', '(12, 31)', '(22, 35)', '(3, 28)']","['(5, 17)', '(2, 21)', '(4, 21)', '(11, 34)', '(14, 35)', '(10, 33)', '(2, 27)', '(23, 33)', '(29, 28)', '(27, 30)', '(35, 30)', '(25, 32)', '(12, 31)', '(22, 35)', '(3, 28)', '(31, 28)']",[436 states],185,19,19
437,"(5, 17)","(4, 17)",East,"[((5, 16), 'South', 19), ((6, 17), 'East', 21)]","['(2, 21)', '(11, 34)', '(4, 21)', '(23, 33)', '(14, 35)', '(10, 33)', '(2, 27)', '(31, 28)', '(29, 28)', '(27, 30)', '(35, 30)', '(25, 32)', '(12, 31)', '(22, 35)', '(3, 28)']","['(5, 16)', '(2, 21)', '(4, 21)', '(6, 17)', '(14, 35)', '(10, 33)', '(2, 27)', '(11, 34)', '(29, 28)', '(27, 30)', '(35, 30)', '(25, 32)', '(12, 31)', '(22, 35)', '(3, 28)', '(31, 28)', '(23, 33)']",[437 states],186,20,20
438,"(5, 16)","(5, 17)",South,"[((5, 15), 'South', 18)]","['(2, 21)', '(6, 17)', '(4, 21)', '(11, 34)', '(14, 35)', '(10, 33)', '(2, 27)', '(23, 33)', '(29, 28)', '(27, 30)', '(35, 30)', '(25, 32)', '(12, 31)', '(22, 35)', '(3, 28)', '(31, 28)']","['(5, 15)', '(2, 21)', '(4, 21)', '(6, 17)', '(14, 35)', '(10, 33)', '(2, 27)', '(11, 34)', '(29, 28)', '(27, 30)', '(35, 30)', '(25, 32)', '(12, 31)', '(22, 35)', '(3, 28)', '(31, 28)', '(23, 33)']",[438 states],187,19,19
439,"(5, 15)","(5, 16)",South,"[((5, 14), 'South', 17)]","['(2, 21)', '(6, 17)', '(4, 21)', '(11, 34)', '(14, 35)', '(10, 33)', '(2, 27)', '(23, 33)', '(29, 28)', '(27, 30)', '(35, 30)', '(25, 32)', '(12, 31)', '(22, 35)', '(3, 28)', '(31, 28)']","['(5, 14)', '(2, 21)', '(4, 21)', '(6, 17)', '(14, 35)', '(10, 33)', '(2, 27)', '(11, 34)', '(29, 28)', '(27, 30)', '(35, 30)', '(25, 32)', '(12, 31)', '(22, 35)', '(3, 28)', '(31, 28)', '(23, 33)']",[439 states],188,18,18
440,"(5, 14)","(5, 15)",South,"[((5, 13), 'South', 16)]","['(2, 21)', '(6, 17)', '(4, 21)', '(11, 34)', '(14, 35)', '(10, 33)', '(2, 27)', '(23, 33)', '(29, 28)', '(27, 30)', '(35, 30)', '(25, 32)', '(12, 31)', '(22, 35)', '(3, 28)', '(31, 28)']","['(5, 13)', '(2, 21)', '(4, 21)', '(6, 17)', '(14, 35)', '(10, 33)', '(2, 27)', '(11, 34)', '(29, 28)', '(27, 30)', '(35, 30)', '(25, 32)', '(12, 31)', '(22, 35)', '(3, 28)', '(31, 28)', '(23, 33)']",[440 states],189,17,17
441,"(5, 13)","(5, 14)",South,"[((5, 12), 'South', 15), ((4, 13), 'West', 15)]","['(2, 21)', '(6, 17)', '(4, 21)', '(11, 34)', '(14, 35)', '(10, 33)', '(2, 27)', '(23, 33)', '(29, 28)', '(27, 30)', '(35, 30)', '(25, 32)', '(12, 31)', '(22, 35)', '(3, 28)', '(31, 28)']","['(5, 12)', '(4, 13)', '(4, 21)', '(2, 21)', '(14, 35)', '(10, 33)', '(2, 27)', '(11, 34)', '(6, 17)', '(27, 30)', '(35, 30)', '(25, 32)', '(12, 31)', '(22, 35)', '(3, 28)', '(31, 28)', '(23, 33)', '(29, 28)']",[441 states],190,16,16
442,"(5, 12)","(5, 13)",South,"[((5, 11), 'South', 14)]","['(4, 13)', '(2, 21)', '(4, 21)', '(6, 17)', '(14, 35)', '(10, 33)', '(2, 27)', '(11, 34)', '(29, 28)', '(27, 30)', '(35, 30)', '(25, 32)', '(12, 31)', '(22, 35)', '(3, 28)', '(31, 28)', '(23, 33)']","['(5, 11)', '(4, 13)', '(4, 21)', '(2, 21)', '(14, 35)', '(10, 33)', '(2, 27)', '(11, 34)', '(6, 17)', '(27, 30)', '(35, 30)', '(25, 32)', '(12, 31)', '(22, 35)', '(3, 28)', '(31, 28)', '(23, 33)', '(29, 28)']",[442 states],191,15,15
443,"(5, 11)","(5, 12)",South,"[((6, 11), 'East', 15)]","['(4, 13)', '(2, 21)', '(4, 21)', '(6, 17)', '(14, 35)', '(10, 33)', '(2, 27)', '(11, 34)', '(29, 28)', '(27, 30)', '(35, 30)', '(25, 32)', '(12, 31)', '(22, 35)', '(3, 28)', '(31, 28)', '(23, 33)']","['(4, 13)', '(6, 11)', '(4, 21)', '(2, 21)', '(14, 35)', '(10, 33)', '(2, 27)', '(11, 34)', '(6, 17)', '(27, 30)', '(35, 30)', '(25, 32)', '(12, 31)', '(22, 35)', '(3, 28)', '(31, 28)', '(23, 33)', '(29, 28)']",[443 states],192,14,14
444,"(4, 13)","(5, 13)",West,"[((3, 13), 'West', 14)]","['(6, 11)', '(2, 21)', '(4, 21)', '(6, 17)', '(14, 35)', '(10, 33)', '(2, 27)', '(11, 34)', '(29, 28)', '(27, 30)', '(35, 30)', '(25, 32)', '(12, 31)', '(22, 35)', '(3, 28)', '(31, 28)', '(23, 33)']","['(3, 13)', '(6, 11)', '(4, 21)', '(2, 21)', '(14, 35)', '(10, 33)', '(2, 27)', '(11, 34)', '(6, 17)', '(27, 30)', '(35, 30)', '(25, 32)', '(12, 31)', '(22, 35)', '(3, 28)', '(31, 28)', '(23, 33)', '(29, 28)']",[444 states],191,15,15
445,"(3, 13)","(4, 13)",West,"[((3, 12), 'South', 13)]","['(6, 11)', '(2, 21)', '(4, 21)', '(6, 17)', '(14, 35)', '(10, 33)', '(2, 27)', '(11, 34)', '(29, 28)', '(27, 30)', '(35, 30)', '(25, 32)', '(12, 31)', '(22, 35)', '(3, 28)', '(31, 28)', '(23, 33)']","['(3, 12)', '(6, 11)', '(4, 21)', '(2, 21)', '(14, 35)', '(10, 33)', '(2, 27)', '(11, 34)', '(6, 17)', '(27, 30)', '(35, 30)', '(25, 32)', '(12, 31)', '(22, 35)', '(3, 28)', '(31, 28)', '(23, 33)', '(29, 28)']",[445 states],192,14,14
446,"(3, 12)","(3, 13)",South,"[((3, 11), 'South', 12)]","['(6, 11)', '(2, 21)', '(4, 21)', '(6, 17)', '(14, 35)', '(10, 33)', '(2, 27)', '(11, 34)', '(29, 28)', '(27, 30)', '(35, 30)', '(25, 32)', '(12, 31)', '(22, 35)', '(3, 28)', '(31, 28)', '(23, 33)']","['(3, 11)', '(6, 11)', '(4, 21)', '(2, 21)', '(14, 35)', '(10, 33)', '(2, 27)', '(11, 34)', '(6, 17)', '(27, 30)', '(35, 30)', '(25, 32)', '(12, 31)', '(22, 35)', '(3, 28)', '(31, 28)', '(23, 33)', '(29, 28)']",[446 states],193,13,13
447,"(3, 11)","(3, 12)",South,"[((3, 10), 'South', 11)]","['(6, 11)', '(2, 21)', '(4, 21)', '(6, 17)', '(14, 35)', '(10, 33)', '(2, 27)', '(11, 34)', '(29, 28)', '(27, 30)', '(35, 30)', '(25, 32)', '(12, 31)', '(22, 35)', '(3, 28)', '(31, 28)', '(23, 33)']","['(3, 10)', '(6, 11)', '(4, 21)', '(2, 21)', '(14, 35)', '(10, 33)', '(2, 27)', '(11, 34)', '(6, 17)', '(27, 30)', '(35, 30)', '(25, 32)', '(12, 31)', '(22, 35)', '(3, 28)', '(31, 28)', '(23, 33)', '(29, 28)']",[447 states],194,12,12
448,"(3, 10)","(3, 11)",South,"[((3, 9), 'South', 10)]","['(6, 11)', '(2, 21)', '(4, 21)', '(6, 17)', '(14, 35)', '(10, 33)', '(2, 27)', '(11, 34)', '(29, 28)', '(27, 30)', '(35, 30)', '(25, 32)', '(12, 31)', '(22, 35)', '(3, 28)', '(31, 28)', '(23, 33)']","['(3, 9)', '(6, 11)', '(4, 21)', '(2, 21)', '(14, 35)', '(10, 33)', '(2, 27)', '(11, 34)', '(6, 17)', '(27, 30)', '(35, 30)', '(25, 32)', '(12, 31)', '(22, 35)', '(3, 28)', '(31, 28)', '(23, 33)', '(29, 28)']",[448 states],195,11,11
449,"(3, 9)","(3, 10)",South,"[((4, 9), 'East', 11)]","['(6, 11)', '(2, 21)', '(4, 21)', '(6, 17)', '(14, 35)', '(10, 33)', '(2, 27)', '(11, 34)', '(29, 28)', '(27, 30)', '(35, 30)', '(25, 32)', '(12, 31)', '(22, 35)', '(3, 28)', '(31, 28)', '(23, 33)']","['(4, 9)', '(6, 11)', '(4, 21)', '(2, 21)', '(14, 35)', '(10, 33)', '(2, 27)', '(11, 34)', '(6, 17)', '(27, 30)', '(35, 30)', '(25, 32)', '(12, 31)', '(22, 35)', '(3, 28)', '(31, 28)', '(23, 33)', '(29, 28)']",[449 states],196,10,10
450,"(4, 9)","(3, 9)",East,"[((5, 9), 'East', 12)]","['(6, 11)', '(2, 21)', '(4, 21)', '(6, 17)', '(14, 35)', '(10, 33)', '(2, 27)', '(11, 34)', '(29, 28)', '(27, 30)', '(35, 30)', '(25, 32)', '(12, 31)', '(22, 35)', '(3, 28)', '(31, 28)', '(23, 33)']","['(5, 9)', '(6, 11)', '(4, 21)', '(2, 21)', '(14, 35)', '(10, 33)', '(2, 27)', '(11, 34)', '(6, 17)', '(27, 30)', '(35, 30)', '(25, 32)', '(12, 31)', '(22, 35)', '(3, 28)', '(31, 28)', '(23, 33)', '(29, 28)']",[450 states],197,11,11
451,"(5, 9)","(4, 9)",East,"[((5, 8), 'South', 11)]","['(6, 11)', '(2, 21)', '(4, 21)', '(6, 17)', '(14, 35)', '(10, 33)', '(2, 27)', '(11, 34)', '(29, 28)', '(27, 30)', '(35, 30)', '(25, 32)', '(12, 31)', '(22, 35)', '(3, 28)', '(31, 28)', '(23, 33)']","['(5, 8)', '(6, 11)', '(4, 21)', '(2, 21)', '(14, 35)', '(10, 33)', '(2, 27)', '(11, 34)', '(6, 17)', '(27, 30)', '(35, 30)', '(25, 32)', '(12, 31)', '(22, 35)', '(3, 28)', '(31, 28)', '(23, 33)', '(29, 28)']",[451 states],198,12,12
452,"(5, 8)","(5, 9)",South,"[((5, 7), 'South', 10)]","['(6, 11)', '(2, 21)', '(4, 21)', '(6, 17)', '(14, 35)', '(10, 33)', '(2, 27)', '(11, 34)', '(29, 28)', '(27, 30)', '(35, 30)', '(25, 32)', '(12, 31)', '(22, 35)', '(3, 28)', '(31, 28)', '(23, 33)']","['(5, 7)', '(6, 11)', '(4, 21)', '(2, 21)', '(14, 35)', '(10, 33)', '(2, 27)', '(11, 34)', '(6, 17)', '(27, 30)', '(35, 30)', '(25, 32)', '(12, 31)', '(22, 35)', '(3, 28)', '(31, 28)', '(23, 33)', '(29, 28)']",[452 states],199,11,11
453,"(5, 7)","(5, 8)",South,"[((5, 6), 'South', 9), ((6, 7), 'East', 11), ((4, 7), 'West', 9)]","['(6, 11)', '(2, 21)', '(4, 21)', '(6, 17)', '(14, 35)', '(10, 33)', '(2, 27)', '(11, 34)', '(29, 28)', '(27, 30)', '(35, 30)', '(25, 32)', '(12, 31)', '(22, 35)', '(3, 28)', '(31, 28)', '(23, 33)']","['(5, 6)', '(4, 7)', '(4, 21)', '(6, 11)', '(6, 7)', '(10, 33)', '(2, 27)', '(11, 34)', '(2, 21)', '(14, 35)', '(35, 30)', '(25, 32)', '(12, 31)', '(22, 35)', '(3, 28)', '(31, 28)', '(23, 33)', '(29, 28)', '(6, 17)', '(27, 30)']",[453 states],200,10,10
454,"(5, 6)","(5, 7)",South,"[((5, 5), 'South', 8)]","['(4, 7)', '(6, 7)', '(4, 21)', '(6, 11)', '(14, 35)', '(10, 33)', '(2, 27)', '(11, 34)', '(2, 21)', '(27, 30)', '(35, 30)', '(25, 32)', '(12, 31)', '(22, 35)', '(3, 28)', '(31, 28)', '(23, 33)', '(29, 28)', '(6, 17)']","['(5, 5)', '(4, 7)', '(4, 21)', '(6, 11)', '(6, 7)', '(10, 33)', '(2, 27)', '(11, 34)', '(2, 21)', '(14, 35)', '(35, 30)', '(25, 32)', '(12, 31)', '(22, 35)', '(3, 28)', '(31, 28)', '(23, 33)', '(29, 28)', '(6, 17)', '(27, 30)']",[454 states],201,9,9
455,"(5, 5)","(5, 6)",South,[],"['(4, 7)', '(6, 7)', '(4, 21)', '(6, 11)', '(14, 35)', '(10, 33)', '(2, 27)', '(11, 34)', '(2, 21)', '(27, 30)', '(35, 30)', '(25, 32)', '(12, 31)', '(22, 35)', '(3, 28)', '(31, 28)', '(23, 33)', '(29, 28)', '(6, 17)']","['(4, 7)', '(6, 7)', '(4, 21)', '(6, 11)', '(14, 35)', '(10, 33)', '(2, 27)', '(11, 34)', '(2, 21)', '(27, 30)', '(35, 30)', '(25, 32)', '(12, 31)', '(22, 35)', '(3, 28)', '(31, 28)', '(23, 33)', '(29, 28)', '(6, 17)']",[455 states],202,8,8
456,"(4, 7)","(5, 7)",West,"[((3, 7), 'West', 8)]","['(6, 7)', '(6, 11)', '(4, 21)', '(2, 21)', '(14, 35)', '(10, 33)', '(2, 27)', '(11, 34)', '(6, 17)', '(27, 30)', '(35, 30)', '(25, 32)', '(12, 31)', '(22, 35)', '(3, 28)', '(31, 28)', '(23, 33)', '(29, 28)']","['(3, 7)', '(6, 7)', '(4, 21)', '(6, 11)', '(14, 35)', '(10, 33)', '(2, 27)', '(11, 34)', '(2, 21)', '(27, 30)', '(35, 30)', '(25, 32)', '(12, 31)', '(22, 35)', '(3, 28)', '(31, 28)', '(23, 33)', '(29, 28)', '(6, 17)']",[456 states],201,9,9
457,"(3, 7)","(4, 7)",West,"[((3, 6), 'South', 7), ((2, 7), 'West', 7)]","['(6, 7)', '(6, 11)', '(4, 21)', '(2, 21)', '(14, 35)', '(10, 33)', '(2, 27)', '(11, 34)', '(6, 17)', '(27, 30)', '(35, 30)', '(25, 32)', '(12, 31)', '(22, 35)', '(3, 28)', '(31, 28)', '(23, 33)', '(29, 28)']","['(3, 6)', '(2, 7)', '(4, 21)', '(6, 11)', '(6, 7)', '(10, 33)', '(2, 27)', '(11, 34)', '(2, 21)', '(14, 35)', '(35, 30)', '(25, 32)', '(12, 31)', '(22, 35)', '(3, 28)', '(31, 28)', '(23, 33)', '(29, 28)', '(6, 17)', '(27, 30)']",[457 states],202,8,8
458,"(3, 6)","(3, 7)",South,"[((3, 5), 'South', 6)]","['(2, 7)', '(6, 7)', '(4, 21)', '(6, 11)', '(14, 35)', '(10, 33)', '(2, 27)', '(11, 34)', '(2, 21)', '(27, 30)', '(35, 30)', '(25, 32)', '(12, 31)', '(22, 35)', '(3, 28)', '(31, 28)', '(23, 33)', '(29, 28)', '(6, 17)']","['(3, 5)', '(2, 7)', '(4, 21)', '(6, 11)', '(6, 7)', '(10, 33)', '(2, 27)', '(11, 34)', '(2, 21)', '(14, 35)', '(35, 30)', '(25, 32)', '(12, 31)', '(22, 35)', '(3, 28)', '(31, 28)', '(23, 33)', '(29, 28)', '(6, 17)', '(27, 30)']",[458 states],203,7,7
459,"(3, 5)","(3, 6)",South,"[((3, 4), 'South', 5)]","['(2, 7)', '(6, 7)', '(4, 21)', '(6, 11)', '(14, 35)', '(10, 33)', '(2, 27)', '(11, 34)', '(2, 21)', '(27, 30)', '(35, 30)', '(25, 32)', '(12, 31)', '(22, 35)', '(3, 28)', '(31, 28)', '(23, 33)', '(29, 28)', '(6, 17)']","['(3, 4)', '(2, 7)', '(4, 21)', '(6, 11)', '(6, 7)', '(10, 33)', '(2, 27)', '(11, 34)', '(2, 21)', '(14, 35)', '(35, 30)', '(25, 32)', '(12, 31)', '(22, 35)', '(3, 28)', '(31, 28)', '(23, 33)', '(29, 28)', '(6, 17)', '(27, 30)']",[459 states],204,6,6
460,"(3, 4)","(3, 5)",South,"[((3, 3), 'South', 4)]","['(2, 7)', '(6, 7)', '(4, 21)', '(6, 11)', '(14, 35)', '(10, 33)', '(2, 27)', '(11, 34)', '(2, 21)', '(27, 30)', '(35, 30)', '(25, 32)', '(12, 31)', '(22, 35)', '(3, 28)', '(31, 28)', '(23, 33)', '(29, 28)', '(6, 17)']","['(3, 3)', '(2, 7)', '(4, 21)', '(6, 11)', '(6, 7)', '(10, 33)', '(2, 27)', '(11, 34)', '(2, 21)', '(14, 35)', '(35, 30)', '(25, 32)', '(12, 31)', '(22, 35)', '(3, 28)', '(31, 28)', '(23, 33)', '(29, 28)', '(6, 17)', '(27, 30)']",[460 states],205,5,5
461,"(3, 3)","(3, 4)",South,"[((3, 2), 'South', 3), ((2, 3), 'West', 3)]","['(2, 7)', '(6, 7)', '(4, 21)', '(6, 11)', '(14, 35)', '(10, 33)', '(2, 27)', '(11, 34)', '(2, 21)', '(27, 30)', '(35, 30)', '(25, 32)', '(12, 31)', '(22, 35)', '(3, 28)', '(31, 28)', '(23, 33)', '(29, 28)', '(6, 17)']","['(3, 2)', '(2, 3)', '(4, 21)', '(6, 11)', '(2, 7)', '(10, 33)', '(2, 27)', '(11, 34)', '(2, 21)', '(6, 7)', '(35, 30)', '(25, 32)', '(12, 31)', '(22, 35)', '(3, 28)', '(31, 28)', '(23, 33)', '(29, 28)', '(6, 17)', '(27, 30)', '(14, 35)']",[461 states],206,4,4
462,"(3, 2)","(3, 3)",South,"[((3, 1), 'South', 2)]","['(2, 3)', '(2, 7)', '(4, 21)', '(6, 11)', '(6, 7)', '(10, 33)', '(2, 27)', '(11, 34)', '(2, 21)', '(14, 35)', '(35, 30)', '(25, 32)', '(12, 31)', '(22, 35)', '(3, 28)', '(31, 28)', '(23, 33)', '(29, 28)', '(6, 17)', '(27, 30)']","['(3, 1)', '(2, 3)', '(4, 21)', '(6, 11)', '(2, 7)', '(10, 33)', '(2, 27)', '(11, 34)', '(2, 21)', '(6, 7)', '(35, 30)', '(25, 32)', '(12, 31)', '(22, 35)', '(3, 28)', '(31, 28)', '(23, 33)', '(29, 28)', '(6, 17)', '(27, 30)', '(14, 35)']",[462 states],207,3,3
463,"(3, 1)","(3, 2)",South,[],"['(2, 3)', '(2, 7)', '(4, 21)', '(6, 11)', '(6, 7)', '(10, 33)', '(2, 27)', '(11, 34)', '(2, 21)', '(14, 35)', '(35, 30)', '(25, 32)', '(12, 31)', '(22, 35)', '(3, 28)', '(31, 28)', '(23, 33)', '(29, 28)', '(6, 17)', '(27, 30)']","['(2, 3)', '(2, 7)', '(4, 21)', '(6, 11)', '(6, 7)', '(10, 33)', '(2, 27)', '(11, 34)', '(2, 21)', '(14, 35)', '(35, 30)', '(25, 32)', '(12, 31)', '(22, 35)', '(3, 28)', '(31, 28)', '(23, 33)', '(29, 28)', '(6, 17)', '(27, 30)']",[463 states],208,2,2
464,"(2, 3)","(3, 3)",West,"[((1, 3), 'West', 2)]","['(2, 7)', '(6, 7)', '(4, 21)', '(6, 11)', '(14, 35)', '(10, 33)', '(2, 27)', '(11, 34)', '(2, 21)', '(27, 30)', '(35, 30)', '(25, 32)', '(12, 31)', '(22, 35)', '(3, 28)', '(31, 28)', '(23, 33)', '(29, 28)', '(6, 17)']","['(1, 3)', '(2, 7)', '(4, 21)', '(6, 11)', '(6, 7)', '(10, 33)', '(2, 27)', '(11, 34)', '(2, 21)', '(14, 35)', '(35, 30)', '(25, 32)', '(12, 31)', '(22, 35)', '(3, 28)', '(31, 28)', '(23, 33)', '(29, 28)', '(6, 17)', '(27, 30)']",[464 states],207,3,3
465,"(1, 3)","(2, 3)",West,"[((1, 4), 'North', 3), ((1, 2), 'South', 1)]","['(2, 7)', '(6, 7)', '(4, 21)', '(6, 11)', '(14, 35)', '(10, 33)', '(2, 27)', '(11, 34)', '(2, 21)', '(27, 30)', '(35, 30)', '(25, 32)', '(12, 31)', '(22, 35)', '(3, 28)', '(31, 28)', '(23, 33)', '(29, 28)', '(6, 17)']","['(1, 2)', '(1, 4)', '(4, 21)', '(6, 11)', '(2, 7)', '(10, 33)', '(2, 27)', '(11, 34)', '(2, 21)', '(6, 7)', '(35, 30)', '(25, 32)', '(12, 31)', '(22, 35)', '(3, 28)', '(31, 28)', '(23, 33)', '(29, 28)', '(6, 17)', '(27, 30)', '(14, 35)']",[465 states],208,2,2
466,"(1, 2)","(1, 3)",South,"[((1, 1), 'South', 0)]","['(1, 4)', '(2, 7)', '(4, 21)', '(6, 11)', '(6, 7)', '(10, 33)', '(2, 27)', '(11, 34)', '(2, 21)', '(14, 35)', '(35, 30)', '(25, 32)', '(12, 31)', '(22, 35)', '(3, 28)', '(31, 28)', '(23, 33)', '(29, 28)', '(6, 17)', '(27, 30)']","['(1, 1)', '(1, 4)', '(4, 21)', '(6, 11)', '(2, 7)', '(10, 33)', '(2, 27)', '(11, 34)', '(2, 21)', '(6, 7)', '(35, 30)', '(25, 32)', '(12, 31)', '(22, 35)', '(3, 28)', '(31, 28)', '(23, 33)', '(29, 28)', '(6, 17)', '(27, 30)', '(14, 35)']",[466 states],209,1,1
467,"(1, 1)","(1, 2)",South,[],"['(1, 4)', '(2, 7)', '(4, 21)', '(6, 11)', '(6, 7)', '(10, 33)', '(2, 27)', '(11, 34)', '(2, 21)', '(14, 35)', '(35, 30)', '(25, 32)', '(12, 31)', '(22, 35)', '(3, 28)', '(31, 28)', '(23, 33)', '(29, 28)', '(6, 17)', '(27, 30)']","['(1, 4)', '(2, 7)', '(4, 21)', '(6, 11)', '(6, 7)', '(10, 33)', '(2, 27)', '(11, 34)', '(2, 21)', '(14, 35)', '(35, 30)', '(25, 32)', '(12, 31)', '(22, 35)', '(3, 28)', '(31, 28)', '(23, 33)', '(29, 28)', '(6, 17)', '(27, 30)']",[467 states],210,0,0
